Protein ID,Protein Name,FungalRV Score,GPI-anchor,Signal Peptide
P00830,ATPB_YEAST,-1.5518963,FALSE,0
P02406,RL28_YEAST,-2.4745461,FALSE,0
P04806,HXKA_YEAST,-1.4278455,FALSE,0
P06786,TOP2_YEAST,-1.1406966,FALSE,0
P07263,SYH_YEAST,-1.0592866,FALSE,0
P08679,CISY2_YEAST,-1.0421316,FALSE,0
P09798,CDC16_YEAST,-1.3041391,FALSE,0.004424
P0C5P3,YK145_YEAST,-3.2193415,FALSE,0.000001
P0CY11,HMRA1_YEAST,-2.3768413,FALSE,0
P10849,MITF2_YEAST,-1.181016,FALSE,0
P18544,ARGD_YEAST,-0.94305424,FALSE,0.000002
P18888,SNF6_YEAST,-1.2991387,FALSE,0.000024
P24031,PPA3_YEAST,-1.0210166,FALSE,0.999711
P24309,DBR1_YEAST,-1.5596811,FALSE,0
P25038,IF2M_YEAST,-1.4508638,FALSE,0
P25350,YCP6_YEAST,-2.2924071,FALSE,0
P25358,ELO2_YEAST,-1.0474078,FALSE,0.000867
P25368,RRP7_YEAST,-1.0085135,FALSE,0
P25568,ATG22_YEAST,-1.1544821,FALSE,0.000237
P25646,PDP2_YEAST,-1.6936605,FALSE,0.000001
P25846,MSH1_YEAST,-1.6004205,FALSE,0
P27705,MIG1_YEAST,-1.7525348,FALSE,0
P30777,GPI10_YEAST,-1.5969364,FALSE,0.000001
P32472,FKBP2_YEAST,-1.2544802,FALSE,0.99954
P32609,PEP7_YEAST,-1.760073,FALSE,0
P32618,YEF3_YEAST,-0.75318515,FALSE,0.001706
P33748,MSN2_YEAST,-0.21476041,FALSE,0.000002
P33890,TIR2_YEAST,0.074104255,TRUE,0.999773
P36010,NDK_YEAST,-1.5599486,FALSE,0
P36075,CUE2_YEAST,-0.95775362,FALSE,0
P36107,AUR1_YEAST,-0.78728224,FALSE,0.000047
P37298,DHSD_YEAST,-1.227336,FALSE,0
P38042,CDC27_YEAST,-1.1914167,FALSE,0
P38113,ADH5_YEAST,-0.1181695,FALSE,0
P38177,YBI6_YEAST,-0.70443842,FALSE,0
P38254,TTL_YEAST,-0.92687386,FALSE,0
P38292,PEX32_YEAST,-1.5708393,FALSE,0.000029
P38310,FTH1_YEAST,-1.0432186,FALSE,0.000001
P38343,SLM6_YEAST,-0.3386938,FALSE,0.000003
P38428,CUE1_YEAST,-2.3722501,FALSE,0.000007
P38969,PNT1_YEAST,-1.5699883,FALSE,0
P38994,ITS3_YEAST,-1.3887831,FALSE,0
P40079,LCP5_YEAST,-1.154237,FALSE,0.000009
P40106,GPP2_YEAST,-0.69954701,FALSE,0
P40166,YNT8_YEAST,-1.1362362,FALSE,0.000021
P40202,CCS1_YEAST,-0.78698953,FALSE,0
P40454,PTPA1_YEAST,-1.6989676,FALSE,0.000001
P40513,MAM33_YEAST,-1.3399553,FALSE,0
P40559,INP51_YEAST,-1.0631441,FALSE,0.000001
P40583,YPS6_YEAST,-0.20361724,TRUE,0.804801
P41821,MID1_YEAST,0.17810906,FALSE,0.999746
P42073,REF2_YEAST,-0.97346059,FALSE,0
P43587,YPI1_YEAST,-1.5746247,FALSE,0
P47001,CIS3_YEAST,-0.1094306,FALSE,0.999762
P47122,GPN1_YEAST,-0.3549233,FALSE,0
P52923,AIF1_YEAST,-0.83503873,FALSE,0.000002
P53011,SEH1_YEAST,-0.97381877,FALSE,0
P53063,DXO_YEAST,-2.0110275,FALSE,0.000001
P53168,DUO1_YEAST,-1.8984213,FALSE,0
P53280,CF130_YEAST,-1.5237823,FALSE,0
P53287,YG3N_YEAST,-3.2612238,FALSE,0
P53550,DCP2_YEAST,-0.8136221,FALSE,0
P53840,TOF1_YEAST,-1.5127721,FALSE,0.000014
P53918,ESBP6_YEAST,-0.83082733,FALSE,0
P53921,RN35_YEAST,-2.8749266,FALSE,0
Q00578,RAD25_YEAST,-1.7322169,FALSE,0
Q01454,CTF4_YEAST,-0.79108701,FALSE,0.000006
Q02197,NAA35_YEAST,-1.4411676,FALSE,0
Q02203,YKY5_YEAST,-0.64469782,FALSE,0.999711
Q02606,CIP1_YEAST,-1.148218,FALSE,0.000003
Q03063,DIG1_YEAST,-0.6958589,FALSE,0.000003
Q03067,SGF11_YEAST,-0.45711754,FALSE,0.000001
Q03558,OYE2_YEAST,-0.59968413,FALSE,0
Q03759,YMK8_YEAST,-2.4597751,FALSE,0
Q03768,GIR2_YEAST,-1.3620116,FALSE,0
Q03976,RT24_YEAST,-1.5899243,FALSE,0
Q04053,SNX41_YEAST,-0.54156413,FALSE,0
Q04430,PANK_YEAST,-0.74368244,FALSE,0
Q04781,LTN1_YEAST,-1.1140206,FALSE,0
Q04868,ELP6_YEAST,-1.156716,FALSE,0
Q05785,ENT2_YEAST,-1.7142747,FALSE,0
Q05902,ECM38_YEAST,-1.4564886,FALSE,0.999612
Q06537,YP153_YEAST,-1.2376804,FALSE,0.000059
Q07551,KAR_YEAST,-0.9042164,FALSE,0
Q07651,FMP45_YEAST,-1.0744655,FALSE,0.000002
Q07987,PAU23_YEAST,-0.92804816,FALSE,0.999662
Q08187,YO029_YEAST,0.31789739,FALSE,0.000003
Q08226,CRT10_YEAST,-0.99232682,FALSE,0.000001
Q08457,SLD7_YEAST,-1.3534165,FALSE,0
Q12010,YPQ1_YEAST,-1.4511897,FALSE,0
Q12169,YO015_YEAST,-1.7811003,FALSE,0.000001
Q12196,RIO1_YEAST,-1.4337586,FALSE,0.000001
Q12251,YP011_YEAST,-1.0849191,FALSE,0.000001
Q12366,NDJ1_YEAST,-1.2020107,FALSE,0.000166
Q12445,POM34_YEAST,-1.7873655,FALSE,0.000001
Q12459,PRM7_YEAST,1.7069401,FALSE,0.000016
Q12504,RKM4_YEAST,-1.7137904,FALSE,0.000001
Q6Q595,SCS22_YEAST,-1.4230784,TRUE,0
Q99207,NOP14_YEAST,-1.3070551,FALSE,0
Q99393,IZH4_YEAST,-0.8096596,FALSE,0.000288
I2HB70,YM16A_YEAST,-0.98524432,FALSE,0.000983
O13549,VPS63_YEAST,-2.4558106,FALSE,0.00002
P00330,ADH1_YEAST,0.351114,FALSE,0
P03962,PYRF_YEAST,-1.8275428,FALSE,0
P04387,GAL80_YEAST,-1.4007118,FALSE,0.000002
P06787,CALM_YEAST,-1.0026388,FALSE,0
P09007,SRD1_YEAST,-0.18772304,FALSE,0
P0C5P6,YL163_YEAST,-0.34544464,FALSE,0.00006
P0CD98,YLL53_YEAST,-2.0415253,FALSE,0
P0CX64,YG22B_YEAST,-0.4349029,FALSE,0
P11938,RAP1_YEAST,-0.55428893,FALSE,0
P16664,RGP1_YEAST,-0.9970836,FALSE,0
P20053,PRP4_YEAST,-2.1368311,FALSE,0
P21827,RCC1_YEAST,-1.4512883,FALSE,0.000004
P23493,MBR1_YEAST,-0.19670816,FALSE,0
P24521,ERG8_YEAST,-0.87596735,FALSE,0
P24783,DBP2_YEAST,-1.7352351,FALSE,0
P25087,ERG6_YEAST,-1.7084652,FALSE,0
P25565,YCA2_YEAST,-1.7886214,FALSE,0
P25694,CDC48_YEAST,-1.4023723,FALSE,0
P27895,CIN8_YEAST,-1.2365011,FALSE,0.000003
P28007,GAR1_YEAST,-1.5141697,FALSE,0.000002
P32288,GLNA_YEAST,-1.5920439,FALSE,0
P32332,OAC1_YEAST,-1.623403,FALSE,0.000168
P32486,KRE6_YEAST,-0.28611896,FALSE,0.000001
P32580,SUV3_YEAST,-1.2415772,FALSE,0
P32791,FRE1_YEAST,-1.6014397,FALSE,0.999732
P33304,AFR1_YEAST,-0.82780764,FALSE,0.000001
P34072,MKS1_YEAST,-1.2207483,FALSE,0
P35210,SPT23_YEAST,-1.2584266,FALSE,0
P36973,APT2_YEAST,-1.71628,FALSE,0
P37292,GLYM_YEAST,-1.3650395,FALSE,0
P38228,TCM62_YEAST,-1.3869224,FALSE,0
P38256,YBU6_YEAST,-0.38201497,FALSE,0.005253
P38315,YBP1_YEAST,-0.97795724,FALSE,0
P38784,VMA22_YEAST,-1.5565226,FALSE,0.000001
P38899,YH18_YEAST,-1.670925,FALSE,0
P38961,RRP8_YEAST,-1.746187,FALSE,0
P39523,YM11_YEAST,-1.2279553,FALSE,0
P39926,SSO2_YEAST,-2.0349717,FALSE,0
P40217,EIF3I_YEAST,-0.31579098,FALSE,0.000001
P40344,ATG3_YEAST,-0.99548473,FALSE,0.000003
P40446,YIQ5_YEAST,-2.191391,FALSE,0.201276
P40538,YIC9_YEAST,-1.8420824,FALSE,0.002017
P40557,EPS1_YEAST,-1.0868366,FALSE,0.999794
P41812,POP1_YEAST,-1.5178673,FALSE,0
P43550,DAK2_YEAST,-0.70155405,FALSE,0
P43575,PAU5_YEAST,-0.71568552,FALSE,0.999428
P43579,IES1_YEAST,-1.0402045,FALSE,0
P43604,ULI1_YEAST,0.52396332,FALSE,0.999752
P43639,CSK2B_YEAST,-1.3222954,FALSE,0.000003
P47104,RAV1_YEAST,-0.96598809,FALSE,0.00144
P47140,AIM25_YEAST,-0.73949258,FALSE,0
P47141,RT26_YEAST,-1.1286508,FALSE,0.000002
P47142,VPS25_YEAST,-1.0326179,FALSE,0
P47153,TDA4_YEAST,-0.70986964,FALSE,0.000003
P48564,MRX6_YEAST,-1.506676,FALSE,0
P51401,RL9B_YEAST,-0.786109,FALSE,0
P51996,YPT32_YEAST,0.14561113,FALSE,0
P52893,ALAT1_YEAST,-1.2535868,FALSE,0.000001
P53071,YGY5_YEAST,-1.1565304,FALSE,0.001132
P53086,KIP3_YEAST,-1.5294437,FALSE,0.000002
P53104,ATG1_YEAST,-1.4800497,FALSE,0
P53127,SNT2_YEAST,-0.89917582,FALSE,0
P53128,MTHR2_YEAST,-1.0353193,FALSE,0
P53309,AP18B_YEAST,-1.1999103,FALSE,0
P53721,RCF2_YEAST,-1.705585,FALSE,0.000002
P53752,YN95_YEAST,-0.89276693,FALSE,0.995925
P53973,HDA1_YEAST,-1.3538825,FALSE,0
P54964,ORN_YEAST,-1.9943008,FALSE,0
P60010,ACT_YEAST,-0.79219931,FALSE,0
Q00539,NAM8_YEAST,-0.52170455,FALSE,0.000004
Q00582,RAGAB_YEAST,-1.8352324,FALSE,0
Q00723,PRP38_YEAST,-1.5844128,FALSE,0.000001
Q03212,EAR1_YEAST,-0.63974634,FALSE,0.510401
Q03407,PKH1_YEAST,-1.0466519,FALSE,0.000233
Q03435,NHP10_YEAST,-2.4096835,FALSE,0
Q03465,RPN4_YEAST,-0.55901751,FALSE,0
Q03496,THADA_YEAST,-1.56101,FALSE,0
Q04081,LCMT1_YEAST,-1.7260276,FALSE,0
Q04304,YMY0_YEAST,0.20600311,FALSE,0
Q04689,AIM32_YEAST,-1.6063331,FALSE,0
Q04773,YMW4_YEAST,-1.1899162,FALSE,0
Q06510,TAZ_YEAST,-1.3613356,FALSE,0.000012
Q06551,ERFB_YEAST,-1.0748208,FALSE,0.000013
Q06677,SWA2_YEAST,-0.40353948,FALSE,0
Q06683,IRC3_YEAST,-1.4557402,FALSE,0.000002
Q07732,ADY3_YEAST,-1.4962035,FALSE,0
Q07951,POC3_YEAST,-1.4385018,FALSE,0.000469
Q08562,ULS1_YEAST,-1.2873402,FALSE,0.000001
Q08650,DGAT2_YEAST,-0.95674906,FALSE,0
Q12021,RAD28_YEAST,-1.4083646,FALSE,0
Q12060,HFI1_YEAST,-1.6114548,FALSE,0.000006
Q12266,YB11A_YEAST,-0.52344553,FALSE,0.000001
Q12301,YD180_YEAST,-1.2759039,FALSE,0.000003
Q12390,GST2_YEAST,-1.3495357,FALSE,0
Q2V2P0,YP145_YEAST,-3.3736874,FALSE,0
Q3E825,YL307_YEAST,0.7747888,FALSE,0
Q6B0V8,IRC16_YEAST,-1.4241075,FALSE,0.001757
Q99299,AIM44_YEAST,-0.47593799,FALSE,0
P00937,TRPG_YEAST,-1.2360191,FALSE,0.000009
P04650,RL39_YEAST,-3.5275789,FALSE,0
P08019,AMYG_YEAST,-0.86497661,FALSE,0.937862
P0C5K9,YB39A_YEAST,-1.6211338,FALSE,0.003674
P0CS90,HSP77_YEAST,-1.022841,FALSE,0
P0CX80,MTCU1_YEAST,-0.22671735,FALSE,0.000074
P0CX99,YFG8_YEAST,-1.6365727,FALSE,0.00001
P15202,CATA_YEAST,-0.3306614,FALSE,0
P15732,UBC5_YEAST,-0.71448386,FALSE,0.000001
P20484,MAK11_YEAST,-1.6361681,FALSE,0.000001
P20604,PP11_YEAST,-1.4331185,FALSE,0
P23641,MPCP_YEAST,-1.5111872,FALSE,0.000008
P24868,CG21_YEAST,-1.4168306,FALSE,0.000047
P25046,MED19_YEAST,-1.0275854,FALSE,0
P25607,YCZ1_YEAST,-0.62238683,FALSE,0.999754
P25610,PAU3_YEAST,-0.92325542,FALSE,0.998805
P25612,AAD3_YEAST,-1.3948907,FALSE,0
P25808,SPB4_YEAST,-1.745898,FALSE,0
P29461,PTP2_YEAST,-1.0522429,FALSE,0
P29496,MCM5_YEAST,-0.79101893,FALSE,0
P30606,ITR2_YEAST,-1.0252407,FALSE,0
P32339,HMX1_YEAST,-1.0801699,FALSE,0
P32559,MSS1_YEAST,-0.97667539,FALSE,0
P32590,HSP79_YEAST,-1.3209933,FALSE,0
P32804,ZRT1_YEAST,-1.2568795,FALSE,0.00007
P32873,BEM3_YEAST,-0.69860992,FALSE,0
P36167,SRL3_YEAST,-1.109439,FALSE,0
P38129,TAF5_YEAST,-1.1941268,FALSE,0
P38182,ATG8_YEAST,-1.0986533,FALSE,0
P38207,APN2_YEAST,-1.3499489,FALSE,0
P38759,VPS29_YEAST,-0.42005173,FALSE,0.109129
P38786,RPP1_YEAST,-1.336572,FALSE,0.000001
P38801,LRP1_YEAST,-0.94119929,FALSE,0
P38833,YHS7_YEAST,-1.7279589,FALSE,0
P39529,YJU6_YEAST,-1.0270091,FALSE,0
P39939,RS26B_YEAST,-0.89716474,FALSE,0
P39996,GTT3_YEAST,-0.44725526,FALSE,0
P40011,RRAAH_YEAST,-1.115352,FALSE,0.00006
P40155,PEX17_YEAST,-1.5495779,FALSE,0.000007
P40188,RGI2_YEAST,-1.1053923,FALSE,0
P40260,MEP1_YEAST,-1.4536212,FALSE,0
P40484,MOB1_YEAST,-1.5652021,FALSE,0.000001
P40511,SPO22_YEAST,-1.1589376,FALSE,0
P40529,AGE2_YEAST,-0.61916918,FALSE,0
P40578,MGA2_YEAST,-1.1939549,FALSE,0
P42941,SERB_YEAST,-1.3967347,FALSE,0.000001
P43123,UAP1_YEAST,-1.2215373,FALSE,0
P43558,OTU1_YEAST,-1.1510021,FALSE,0
P46984,GON7_YEAST,-0.60227126,FALSE,0.000039
P47050,CUL8_YEAST,-1.4934923,FALSE,0
P47081,COX16_YEAST,-2.3386807,FALSE,0.000056
P47087,YJY2_YEAST,-1.3602593,FALSE,0
P47131,YJ55_YEAST,-2.1330293,FALSE,0
P47139,YJ68_YEAST,-0.75360632,FALSE,0.000001
P47152,YJ85_YEAST,-1.4341302,FALSE,0.000021
P53045,ERG25_YEAST,-1.2659953,FALSE,0.000023
P53058,VEL1_YEAST,-0.83214391,FALSE,0.999784
P53059,MNT2_YEAST,-1.1383279,FALSE,0.067311
P53109,AIM14_YEAST,-1.499361,FALSE,0.000003
P53152,MMS2_YEAST,-0.79210934,FALSE,0
P53294,PUS6_YEAST,-1.4417177,FALSE,0
P53330,RT102_YEAST,-0.038420512,FALSE,0
P53583,MPA43_YEAST,-1.1038434,FALSE,0.000001
P53723,YN8B_YEAST,-1.3109504,FALSE,0.000036
P53857,YNX4_YEAST,-0.798473,FALSE,0
P53925,YNL5_YEAST,-1.4826741,FALSE,0.000004
P53939,NIS1_YEAST,-1.1636839,FALSE,0.000004
P53963,YND4_YEAST,-0.70917137,FALSE,0
Q01722,GCR2_YEAST,-0.95645577,FALSE,0.000001
Q02749,YP068_YEAST,-2.0456961,FALSE,0
Q03205,YD042_YEAST,-1.7117327,FALSE,0.000131
Q03210,NGL3_YEAST,-1.8039137,FALSE,0
Q03219,YM44_YEAST,-0.94407079,FALSE,0.000002
Q03533,TDA1_YEAST,-0.49550692,FALSE,0
Q03691,ROT1_YEAST,-0.98185611,TRUE,0.005814
Q03786,GNTK_YEAST,-1.1069727,FALSE,0
Q03833,GIS1_YEAST,-0.94912058,FALSE,0
Q04083,THI74_YEAST,-1.1000656,FALSE,0
Q04338,VTI1_YEAST,-2.0157695,FALSE,0.000001
Q04930,CRF1_YEAST,-0.068379334,FALSE,0.000003
Q05164,HPF1_YEAST,1.6688728,TRUE,0.998891
Q07478,SUB2_YEAST,-1.7317922,FALSE,0
Q07746,YD242_YEAST,-1.9740097,FALSE,0.000002
Q07747,AAD4_YEAST,-1.1539971,FALSE,0
Q07895,YL001_YEAST,-1.3756054,FALSE,0.992926
Q07979,RSC58_YEAST,-1.4499103,FALSE,0
Q08486,YOR72_YEAST,-0.82627829,FALSE,0.003907
Q08749,TIM18_YEAST,-0.99691522,FALSE,0.000009
Q08956,YIG1_YEAST,-0.88098977,FALSE,0
Q08969,GRE1_YEAST,-1.1037819,FALSE,0
Q12121,YD211_YEAST,0.27725767,FALSE,0.000637
Q12152,YP150_YEAST,-1.1477867,FALSE,0
Q12235,YCT1_YEAST,-1.3365572,FALSE,0.00006
Q12318,PSY3_YEAST,-1.5370959,FALSE,0
Q12454,OCA6_YEAST,-1.1188796,FALSE,0
Q12508,RMD5_YEAST,-0.83530006,FALSE,0
Q3E737,YJ047_YEAST,-1.435615,FALSE,0.000011
Q3E7Z0,YN227_YEAST,-2.0212191,FALSE,0.000045
Q3E823,COA2_YEAST,-2.0733563,FALSE,0.975391
Q99222,AFI1_YEAST,-1.2918596,FALSE,0.000006
O14455,RL36B_YEAST,-2.2102061,FALSE,0
P03881,YMRF1_YEAST,-1.7752505,FALSE,0.50645
P05739,RL6B_YEAST,-1.4776854,FALSE,0
P07260,IF4E_YEAST,-1.2589532,FALSE,0
P0C5N0,YF010_YEAST,-0.85401022,FALSE,0
P0CE85,PAU19_YEAST,-0.88234012,FALSE,0.999553
P0CF19,YO162_YEAST,-1.451865,FALSE,0
P0CH08,RL40A_YEAST,-1.9765378,FALSE,0.000004
P10662,RT01_YEAST,-1.4144998,FALSE,0
P12904,AAKG_YEAST,-1.8128161,FALSE,0
P13188,SYQ_YEAST,-0.73395991,FALSE,0
P13298,PYRE_YEAST,-1.6495888,FALSE,0
P14907,NSP1_YEAST,-0.14427131,FALSE,0
P15790,CSK21_YEAST,-1.5054419,FALSE,0.000042
P16965,STF2_YEAST,-0.87681405,FALSE,0
P17255,VATA_YEAST,-1.1551359,FALSE,0
P17695,GLRX2_YEAST,-1.0470666,FALSE,0.000956
P20485,KICH_YEAST,-1.1725893,FALSE,0
P25390,SSK22_YEAST,-1.7456697,FALSE,0
P25637,YIH1_YEAST,-1.2524663,FALSE,0
P26343,DAL80_YEAST,-1.6203921,FALSE,0
P28004,PRP45_YEAST,-0.85338809,FALSE,0
P28519,RAD14_YEAST,-1.625616,FALSE,0
P30402,PYRX_YEAST,-1.6132845,FALSE,0
P32343,SSH4_YEAST,-1.1665117,FALSE,0.000114
P32476,ERG1_YEAST,-1.7726889,FALSE,0.000328
P32908,SMC1_YEAST,-1.3707223,FALSE,0.000004
P33417,IXR1_YEAST,-0.80545627,FALSE,0
P34761,WHI3_YEAST,0.15839351,FALSE,0.00002
P36062,AVT3_YEAST,-0.8990984,FALSE,0
P36094,SPC42_YEAST,-1.4523191,FALSE,0
P37838,NOP4_YEAST,-1.0738149,FALSE,0
P38072,SCO2_YEAST,-1.1026338,FALSE,0
P38187,UBP13_YEAST,-0.78611186,FALSE,0.000001
P38222,RKM3_YEAST,-1.0072804,FALSE,0
P38286,MKAR_YEAST,-1.4474016,FALSE,0.000004
P38719,DBP8_YEAST,-1.9116986,FALSE,0
P38907,CENPN_YEAST,-1.2891593,FALSE,0
P38998,LYS1_YEAST,-1.4347367,FALSE,0
P39003,HXT6_YEAST,-1.4347784,FALSE,0.000543
P40015,ISC1_YEAST,-1.6134456,FALSE,0
P40052,YEQ9_YEAST,0.54208253,FALSE,0.00013
P40091,PEA2_YEAST,-0.99924663,FALSE,0
P40492,FYV10_YEAST,-1.6705798,FALSE,0
P40499,ICE2_YEAST,-1.3352163,FALSE,0.000001
P40503,YII6_YEAST,-1.3831316,FALSE,0.000191
P40545,HIS4_YEAST,-1.2341994,FALSE,0
P40581,GPX3_YEAST,-1.3178842,FALSE,0
P42950,GSM1_YEAST,-1.150835,FALSE,0
P42951,LSB6_YEAST,-1.410787,FALSE,0
P43540,YFG4_YEAST,-1.3489341,FALSE,0
P43545,SNZ3_YEAST,-1.5421998,FALSE,0
P46670,TBCC_YEAST,-0.40742555,FALSE,0
P47025,MDV1_YEAST,-0.86290605,FALSE,0.000016
P47042,IKS1_YEAST,-1.3503222,FALSE,0.000003
P47098,YJ11B_YEAST,-0.37280444,FALSE,0
P50080,AZR1_YEAST,-1.2713246,FALSE,0.000242
P50091,PEX21_YEAST,-0.89811729,FALSE,0
P50276,MUP1_YEAST,-1.0466508,FALSE,0.003897
P51862,ROM2_YEAST,-1.1657438,FALSE,0.000002
P53081,NIF3_YEAST,-1.6239565,FALSE,0
P53094,MDS3_YEAST,-0.59722259,FALSE,0
P53101,STR3_YEAST,-1.2191884,FALSE,0
P53209,YG1A_YEAST,-1.6322321,FALSE,0.000244
P53538,SSU72_YEAST,-0.11583245,FALSE,0.000001
P53744,BIO5_YEAST,-1.4767881,FALSE,0.000276
P53935,NST1_YEAST,-1.1501045,FALSE,0
P69850,DAD3_YEAST,-2.3770611,FALSE,0.000311
Q02199,NUP49_YEAST,-1.246014,FALSE,0
Q02863,UBP16_YEAST,-1.2429526,FALSE,0.583661
Q03281,HEH2_YEAST,-1.0819448,FALSE,0
Q03466,EBS1_YEAST,-1.3487877,FALSE,0
Q03776,PRP42_YEAST,-1.4589491,FALSE,0
Q04215,YM13A_YEAST,-0.57507262,FALSE,0
Q04311,VMS1_YEAST,-1.4056442,FALSE,0
Q04728,ARGJ_YEAST,-0.61638587,FALSE,0.000014
Q04924,GLU2B_YEAST,-1.078657,FALSE,0.999703
Q05080,CYK2_YEAST,-1.2701879,FALSE,0.000001
Q05610,DON1_YEAST,-1.4353359,FALSE,0
Q05790,CRR1_YEAST,-0.72835199,FALSE,0.99866
Q05871,ECI1_YEAST,-0.92817231,FALSE,0
Q06406,LSM6_YEAST,-1.0497974,FALSE,0
Q06580,MLC2_YEAST,-1.3672561,FALSE,0
Q06629,HDA2_YEAST,-1.4808994,FALSE,0
Q06698,YL419_YEAST,-1.3709628,FALSE,0
Q06815,MRL1_YEAST,-0.29600091,FALSE,0.380668
Q06839,LEC1_YEAST,-1.3084663,FALSE,0
Q07807,PUF3_YEAST,-0.74794598,FALSE,0
Q08230,SDHF2_YEAST,-1.535655,FALSE,0
Q08904,RDR1_YEAST,-1.7885555,FALSE,0.000001
Q08923,CTI6_YEAST,-0.42023961,FALSE,0
Q12055,KAD6_YEAST,-1.2129233,FALSE,0
Q12099,FAL1_YEAST,-1.4099284,FALSE,0
Q12191,BUG1_YEAST,-1.1378603,FALSE,0
Q12247,FYV7_YEAST,-2.318566,FALSE,0
Q12346,YPR71_YEAST,-1.189404,FALSE,0.000002
Q12424,YD206_YEAST,-0.88585642,FALSE,0
Q12432,EAF3_YEAST,-1.6875638,FALSE,0
Q3E766,YM175_YEAST,-0.3070774,FALSE,0.000029
Q8TGS8,YM105_YEAST,-0.82620517,FALSE,0.001213
A0A8D9UGQ7,YL79A_YEAST,-2.0336099,FALSE,0.00013
P05373,HEM2_YEAST,-1.5576209,FALSE,0.000003
P06778,RAD52_YEAST,-1.3390145,FALSE,0
P09032,EI2BG_YEAST,-0.87763956,FALSE,0.000001
P09368,PUT1_YEAST,-1.2195619,FALSE,0
P0C5M0,YD320_YEAST,-1.5718068,FALSE,0.039563
P0CE92,PAU8_YEAST,-1.0341012,FALSE,0.999571
P0CX19,YH214_YEAST,0.8799757,TRUE,0.998698
P0CX36,RS4B_YEAST,-1.5266425,FALSE,0
P0CX87,RS32B_YEAST,-3.2650498,FALSE,0.000009
P10592,HSP72_YEAST,-1.5227477,FALSE,0
P13393,TBP_YEAST,-1.704441,FALSE,0
P19807,HNM1_YEAST,-1.0724246,FALSE,0.000341
P20081,FKBP_YEAST,-1.0487007,FALSE,0
P20424,SRP54_YEAST,-1.716433,FALSE,0
P23624,SPO13_YEAST,-1.368891,FALSE,0
P23644,TOM40_YEAST,-0.95063772,FALSE,0
P25334,CYPR_YEAST,-0.51821775,FALSE,0.999762
P25631,YCU1_YEAST,-2.0803646,FALSE,0
P25639,YCV1_YEAST,-1.47545,FALSE,0.999534
P29704,ERG9_YEAST,-2.062805,FALSE,0
P31378,NTH1_YEAST,-1.5748563,FALSE,0
P32364,SMY1_YEAST,-1.4047041,FALSE,0.000001
P32783,MCES_YEAST,-1.3470224,FALSE,0
P35201,CENPC_YEAST,-1.2688272,FALSE,0
P35728,MPE1_YEAST,-1.6671818,FALSE,0
P36022,DYHC_YEAST,-1.1803527,FALSE,0.000003
P36047,SDS22_YEAST,-0.34335957,FALSE,0
P36077,SRX1_YEAST,-2.1384043,FALSE,0.000001
P36124,SET3_YEAST,-1.3280157,FALSE,0.000085
P37265,YCR41_YEAST,-0.96932047,FALSE,0.000008
P38175,RT21_YEAST,-2.9492871,FALSE,0
P38272,SHE3_YEAST,-1.0010586,FALSE,0
P38305,AIM4_YEAST,-1.8260336,FALSE,0
P38616,YGP1_YEAST,0.94587139,FALSE,0.999362
P38625,GUAA_YEAST,-1.6893797,FALSE,0
P38697,IMDH2_YEAST,-1.4506622,FALSE,0
P38758,TDA3_YEAST,-1.0824148,FALSE,0.000607
P38811,TRA1_YEAST,-1.2637019,FALSE,0
P38848,PEX28_YEAST,-1.1078624,FALSE,0
P38904,SPP41_YEAST,-1.0919528,FALSE,0
P39538,UBP12_YEAST,-0.86527878,FALSE,0.000005
P39706,SWD1_YEAST,-1.1426301,FALSE,0
P39707,SEN34_YEAST,-2.0147604,FALSE,0
P39999,YEB4_YEAST,-1.7789245,FALSE,0.000132
P40013,BIM1_YEAST,-1.2189104,FALSE,0
P40036,GIP2_YEAST,-1.4613311,FALSE,0
P40187,PIG2_YEAST,-1.835719,FALSE,0
P40469,MET18_YEAST,-1.2891799,FALSE,0
P40543,ATG45_YEAST,-0.54886425,FALSE,0.000001
P40553,DOT5_YEAST,-1.4188963,FALSE,0
P40886,HXT8_YEAST,-0.98225223,FALSE,0.000204
P41895,T2FA_YEAST,-0.52441437,FALSE,0
P41909,PXA1_YEAST,-1.772584,FALSE,0.000449
P43599,YFI8_YEAST,-1.9591251,FALSE,0.999763
P43616,DUG1_YEAST,-0.61925341,FALSE,0
P43634,CHA4_YEAST,-1.2817716,FALSE,0
P47039,BNA3_YEAST,-0.75469704,FALSE,0
P47046,IRC8_YEAST,-0.26172538,FALSE,0
P47161,VPS70_YEAST,-1.0499828,FALSE,0.000001
P48412,UPF3_YEAST,-1.0416028,FALSE,0
P50944,AVT4_YEAST,-1.1757574,FALSE,0
P53037,PSD2_YEAST,-1.144551,FALSE,0.000001
P53223,CAX4_YEAST,-1.3976222,FALSE,0.000005
P53259,PCP1_YEAST,-1.4485122,FALSE,0
P53304,SLI1_YEAST,-1.4355508,FALSE,0
P53336,YG5X_YEAST,-1.5978196,FALSE,0.000001
P53966,KTR5_YEAST,-1.0870836,FALSE,0.000006
P62651,ERI1_YEAST,-2.4879764,FALSE,0
Q01329,PTA1_YEAST,-1.5906632,FALSE,0
Q02872,YP108_YEAST,-1.8650283,FALSE,0
Q02933,RNY1_YEAST,-0.78785075,FALSE,0.006047
Q04368,CSI1_YEAST,-1.8940794,FALSE,0
Q04377,LCD1_YEAST,-1.4360036,FALSE,0
Q04398,SPG3_YEAST,-0.13204938,FALSE,0.000009
Q04489,ASND1_YEAST,-1.2481194,FALSE,0.001932
Q04746,KAR5_YEAST,-1.4108471,FALSE,0.999721
Q05779,COQ9_YEAST,-1.559607,FALSE,0
Q05809,COA4_YEAST,0.10461689,FALSE,0
Q06324,MMR1_YEAST,-0.79872854,FALSE,0
Q06409,DCK1_YEAST,-1.2028178,FALSE,0
Q06667,IPK1_YEAST,-0.9756582,FALSE,0.000017
Q07834,YL032_YEAST,-0.87587263,FALSE,0.000026
Q07914,TIM14_YEAST,-1.135197,FALSE,0.000449
Q07915,RLP24_YEAST,-2.8497472,FALSE,0
Q08964,YP216_YEAST,-1.2863448,FALSE,0.000001
Q12006,PFA4_YEAST,-1.1920257,FALSE,0
Q12030,TAF10_YEAST,-1.2186463,FALSE,0
Q12066,NUR1_YEAST,-1.2781175,FALSE,0
Q12068,GRE2_YEAST,-1.4429543,FALSE,0
Q12074,SPEE_YEAST,-0.77733769,FALSE,0
Q12306,SMT3_YEAST,-1.5822805,FALSE,0
Q12329,HSP42_YEAST,-0.63915115,FALSE,0
Q12344,GYP5_YEAST,-1.2342764,FALSE,0.000001
Q12373,HIF1_YEAST,-1.4446473,FALSE,0
Q12383,TRM13_YEAST,-0.96380933,FALSE,0
Q12524,PCD1_YEAST,-1.9450597,FALSE,0.000019
Q3E743,YJ112_YEAST,-1.0903071,FALSE,0.000066
Q8TGJ3,KISH_YEAST,-2.2701015,FALSE,0.812265
Q99220,OS9_YEAST,-1.0805413,FALSE,0.793041
P00498,HIS1_YEAST,-1.3938612,FALSE,0.000016
P04819,DNLI1_YEAST,-1.623531,FALSE,0
P07276,RAD2_YEAST,-1.5191304,FALSE,0.00012
P08964,MYO1_YEAST,-1.2001207,FALSE,0
P09938,RIR2_YEAST,-0.90014639,FALSE,0
P0C268,YB39B_YEAST,-0.72874005,FALSE,0.000005
P0CX12,COS2_YEAST,-1.8676091,FALSE,0.000082
P0CX45,RL2A_YEAST,-1.359295,FALSE,0
P0CX47,RS11A_YEAST,-0.74899369,FALSE,0
P13663,DHAS_YEAST,-1.323492,FALSE,0
P17119,KAR3_YEAST,-1.3714686,FALSE,0
P18239,ADT2_YEAST,-2.1402677,FALSE,0
P18494,GLN3_YEAST,-0.67685128,FALSE,0
P20449,DBP5_YEAST,-0.94677093,FALSE,0
P21623,DIT1_YEAST,-0.55535239,FALSE,0
P22148,MSN1_YEAST,-1.0873354,FALSE,0
P22224,SEC15_YEAST,-1.4965601,FALSE,0.000005
P25355,ATX10_YEAST,-1.7066367,FALSE,0
P25378,RHEB_YEAST,-1.6638122,FALSE,0
P25584,PEX34_YEAST,-1.9070494,FALSE,0.000072
P27466,KCC1_YEAST,-1.6874323,FALSE,0
P32334,MSB2_YEAST,0.85554646,FALSE,0.99977
P32389,MET4_YEAST,-0.73705104,FALSE,0
P32500,NDC1_YEAST,-1.2812108,FALSE,0.000003
P32792,YHH7_YEAST,-1.2135715,FALSE,0.000003
P32794,AFG2_YEAST,-1.7160376,FALSE,0.000001
P33312,RIB7_YEAST,-0.7708588,FALSE,0
P33420,NIP80_YEAST,-1.8817637,FALSE,0
P35729,NU120_YEAST,-1.2864383,FALSE,0.000402
P35731,FABG_YEAST,-1.2104815,FALSE,0
P36111,YKZ5_YEAST,-1.8314888,FALSE,0
P36141,FMP46_YEAST,-1.6148469,FALSE,0
P36163,OMA1_YEAST,-1.3949864,FALSE,0
P38073,EDS1_YEAST,-1.3230316,FALSE,0
P38115,ARA1_YEAST,-0.95241791,FALSE,0
P38218,POA1_YEAST,-0.095477088,FALSE,0
P38220,YBN7_YEAST,-2.3833157,FALSE,0.000001
P38232,REG2_YEAST,-0.90024916,FALSE,0
P38288,TOS1_YEAST,-0.17198714,FALSE,0.999763
P38620,KPR2_YEAST,-1.409252,FALSE,0
P38699,STB5_YEAST,-1.4535866,FALSE,0
P38794,PCL5_YEAST,-1.8004953,FALSE,0.000024
P38900,YH19_YEAST,-0.66605356,FALSE,0
P39524,ATC3_YEAST,-1.185779,FALSE,0
P39958,GDI1_YEAST,-0.96899146,FALSE,0
P40167,ZC3HD_YEAST,-0.70958874,FALSE,0
P40345,PDAT_YEAST,-1.466033,FALSE,0
P40472,SIM1_YEAST,0.69175991,FALSE,0.999299
P40512,CSN11_YEAST,-1.695847,FALSE,0
P40575,YIU0_YEAST,-2.3127814,FALSE,0.010165
P40892,YJV8_YEAST,-0.76847809,FALSE,0
P43321,SMD3_YEAST,-0.73771344,FALSE,0
P47031,IML2_YEAST,-1.5279485,FALSE,0.000026
P47149,NNF1_YEAST,-1.997599,FALSE,0
P47172,YJ9I_YEAST,-0.33400029,FALSE,0
P48232,SNAPN_YEAST,-2.3562305,FALSE,0
P48361,ASK10_YEAST,-0.68661416,FALSE,0
P48365,GYP7_YEAST,-1.5317599,FALSE,0
P53072,TAN1_YEAST,-1.1767527,FALSE,0
P53147,TOS8_YEAST,-1.0937378,FALSE,0.000153
P53192,GET1_YEAST,-1.3551306,FALSE,0.007956
P53333,CWC22_YEAST,-1.893434,FALSE,0
P53738,TR112_YEAST,-0.80016692,FALSE,0
P53835,PRM1_YEAST,-0.9357525,FALSE,0.000184
P53886,APC1_YEAST,-1.3366548,FALSE,0
Q02754,YP067_YEAST,-2.1705171,FALSE,0
Q03677,MTND_YEAST,-1.3915427,FALSE,0
Q03713,RCF1_YEAST,-1.7421676,FALSE,0.000038
Q03983,YD179_YEAST,-1.2518087,FALSE,0
Q04344,HNT1_YEAST,-1.5475776,FALSE,0
Q04370,PEX12_YEAST,-1.1804699,FALSE,0
Q04383,PLM2_YEAST,-1.245405,FALSE,0.000003
Q04408,YD514_YEAST,-1.2071734,FALSE,0
Q04867,YM91_YEAST,-0.67117627,FALSE,0
Q05029,BCH1_YEAST,-1.1326563,FALSE,0
Q05787,HRD3_YEAST,-1.2765704,FALSE,0.999747
Q06078,UTP21_YEAST,-1.2662638,FALSE,0.000006
Q06177,TMA10_YEAST,-1.3113623,FALSE,0
Q07799,LMO1_YEAST,-1.1933519,FALSE,0
Q07887,LDB18_YEAST,-2.0393406,FALSE,0
Q08206,YO036_YEAST,-1.0521119,FALSE,0
Q08215,PEX15_YEAST,-1.4603545,FALSE,0
Q08232,DSC2_YEAST,-2.09688,FALSE,0.000026
Q08282,TYW4_YEAST,-1.3578975,FALSE,0.00031
Q08686,THTR_YEAST,-0.88288225,FALSE,0
Q12209,FRE8_YEAST,-1.4131025,FALSE,0.000012
Q12213,RL7B_YEAST,-1.7378589,FALSE,0.000001
Q12377,RPN6_YEAST,-1.4797299,FALSE,0.000074
Q12425,ISA2_YEAST,-1.1689055,FALSE,0.000001
Q12466,TCB1_YEAST,-0.99089062,FALSE,0.000001
Q12472,YD21B_YEAST,-0.38564336,FALSE,0
Q12753,HAA1_YEAST,-0.78664419,FALSE,0
Q3E755,YB200_YEAST,-2.521883,FALSE,0.000921
Q3E7Z9,YO038_YEAST,-2.7258196,FALSE,0.000006
Q3E806,YO316_YEAST,-1.3350926,FALSE,0
Q3E811,RRT15_YEAST,-2.3558557,FALSE,0.000011
Q3E824,YO020_YEAST,0.58859665,FALSE,0.004903
Q6Q547,NOP10_YEAST,-2.5815492,FALSE,0.000001
Q99316,MPD2_YEAST,-0.85192959,FALSE,0.999779
Q99369,FSH3_YEAST,-1.7103628,FALSE,0
D6VPM8,YAJ3_YEAST,-1.6421013,FALSE,0
O13511,YA065_YEAST,0.28703297,FALSE,0.000047
P05374,CHO2_YEAST,-1.3372403,FALSE,0.00019
P06103,EIF3B_YEAST,-1.2254031,FALSE,0
P06367,RS14A_YEAST,-1.6193794,FALSE,0
P06844,SPT3_YEAST,-1.8059738,FALSE,0
P07244,PUR2_YEAST,-1.2782951,FALSE,0
P07251,ATPA_YEAST,-2.1714884,FALSE,0
P07277,ERG12_YEAST,-0.94492707,FALSE,0.000001
P08458,SPS1_YEAST,-0.83732913,FALSE,0
P09937,SPS4_YEAST,-1.1564615,FALSE,0.000001
P0CE86,PAU21_YEAST,-0.79648534,FALSE,0.011521
P0CX33,RS30A_YEAST,-1.6498398,FALSE,0
P10823,GPA2_YEAST,-0.91574339,FALSE,0.000001
P11747,TAF13_YEAST,-1.9440439,FALSE,0
P16892,FUS3_YEAST,-1.6518137,FALSE,0
P18963,IRA1_YEAST,-0.99469204,FALSE,0
P21372,PRP5_YEAST,-1.1534354,FALSE,0
P23638,PSA3_YEAST,-1.0784909,FALSE,0
P25515,VATL1_YEAST,-2.144781,FALSE,0.000005
P25653,FIG2_YEAST,1.6221253,TRUE,0.999686
P28006,GAC1_YEAST,-0.044137091,FALSE,0
P30665,MCM4_YEAST,-1.1344749,FALSE,0
P30902,ATP7_YEAST,-1.4557762,FALSE,0
P31379,LDS1_YEAST,-1.5724813,FALSE,0.020536
P32367,TFC1_YEAST,-0.83364181,FALSE,0
P32805,FZF1_YEAST,-0.22599366,FALSE,0
P32901,PTR2_YEAST,-0.79799626,FALSE,0.000002
P32910,RPC6_YEAST,-0.68302871,FALSE,0
P32913,VPS17_YEAST,-1.6830611,FALSE,0.000001
P33296,UBC6_YEAST,-1.2436239,FALSE,0
P33308,MED9_YEAST,-1.3863439,FALSE,0.000015
P33413,DUR3_YEAST,-1.1112313,FALSE,0
P33891,TIP20_YEAST,-1.3879933,FALSE,0
P34232,MTR2_YEAST,-1.9185788,FALSE,0
P34252,SLD2_YEAST,-1.3179492,FALSE,0
P36224,JNM1_YEAST,-2.0248494,FALSE,0
P38137,FAT2_YEAST,-1.232043,FALSE,0
P38236,FL2D_YEAST,-1.7828916,FALSE,0
P38325,OM14_YEAST,-1.6330687,FALSE,0.000001
P38353,SSH1_YEAST,-1.4581449,FALSE,0.000032
P38704,STP2_YEAST,-0.51912936,FALSE,0
P38789,SSF1_YEAST,-1.7722028,FALSE,0
P39010,AKR1_YEAST,-1.2915816,FALSE,0
P39564,YAN8_YEAST,-1.7071479,FALSE,0.000253
P39924,HXT13_YEAST,-1.5207718,FALSE,0.000211
P39931,SS120_YEAST,-1.7511085,FALSE,0.999649
P40413,TCPE_YEAST,-1.5958575,FALSE,0
P40460,NDC80_YEAST,-1.3740602,FALSE,0
P40858,RN49_YEAST,-1.2139306,FALSE,0
P40890,VTH2_YEAST,-0.86515289,FALSE,0.999777
P40970,LCB2_YEAST,-1.3889422,FALSE,0.000229
P40993,RMRP_YEAST,-0.62429616,FALSE,0.000106
P42842,EMW1_YEAST,-1.3935885,FALSE,0.000002
P43595,DCV1_YEAST,-0.89302303,FALSE,0.018144
P43633,ALK1_YEAST,-1.0670332,FALSE,0.000002
P47086,YJY1_YEAST,-1.4505456,FALSE,0
P47117,ARP3_YEAST,-1.203414,FALSE,0
P48558,BXI1_YEAST,-0.80797068,FALSE,0.000121
P50110,SAM37_YEAST,-1.7674406,FALSE,0
P53120,YGO0_YEAST,-1.3528573,FALSE,0.011535
P53200,EFM5_YEAST,-0.76301685,FALSE,0.000005
P53286,BTN2_YEAST,-0.65813561,FALSE,0
P53379,MKC7_YEAST,-0.071227843,FALSE,0.999611
P53730,ALG12_YEAST,-0.91590669,FALSE,0.000055
P53942,RNH2A_YEAST,-1.3892809,FALSE,0
P53944,MTQ1_YEAST,-1.6260548,FALSE,0
P89114,SAE3_YEAST,-0.68234408,FALSE,0.000003
Q00776,AP1M1_YEAST,-1.2010934,FALSE,0.000011
Q02555,RNT1_YEAST,-1.1485338,FALSE,0.000001
Q02889,MGR2_YEAST,-1.6408111,FALSE,0.000002
Q02890,PNG1_YEAST,-1.3709822,FALSE,0
Q03306,PKH3_YEAST,-1.0048359,FALSE,0
Q04018,YM79_YEAST,-0.013472626,FALSE,0.999765
Q04182,PDR15_YEAST,-1.2885816,FALSE,0
Q04412,AGE1_YEAST,-1.2051672,FALSE,0.000155
Q04438,SPG4_YEAST,-1.2860986,FALSE,0.000001
Q05900,RU1C_YEAST,-1.2077695,FALSE,0
Q06151,DCPS_YEAST,-1.5986637,FALSE,0
Q06640,YD306_YEAST,-0.51149931,FALSE,0.000016
Q06702,CDA1_YEAST,-1.2918639,FALSE,0.998931
Q06810,OPY2_YEAST,-0.87180725,FALSE,0.001738
Q06835,RDS3_YEAST,-1.9289402,FALSE,0
Q07381,TSR1_YEAST,-1.5721174,FALSE,0
Q07528,ATG20_YEAST,-1.2798943,FALSE,0
Q07829,RRT7_YEAST,-2.3496964,FALSE,0.003909
Q07872,ENT4_YEAST,-1.9068703,FALSE,0
Q07990,YL042_YEAST,0.36020196,TRUE,0.999758
Q08110,YO014_YEAST,-0.75482435,FALSE,0.000012
Q12084,DAS2_YEAST,-1.4223294,FALSE,0
Q12224,RLM1_YEAST,-1.0520527,FALSE,0
Q12368,SNU23_YEAST,-1.5042672,FALSE,0
Q12489,YD012_YEAST,-0.6203511,FALSE,0
Q3E746,YH086_YEAST,-1.0401994,FALSE,0.000047
Q3E752,SPO24_YEAST,-1.1218299,FALSE,0.000002
Q3E7A2,YE078_YEAST,-0.11961073,FALSE,0.001185
Q8TGK1,YH21B_YEAST,-0.33046018,FALSE,0.002744
Q99219,YI31A_YEAST,-1.5681901,FALSE,0
Q99278,MED11_YEAST,-1.8906509,FALSE,0
Q9ZZX8,Q0017_YEAST,-1.4153468,FALSE,0.001847
O13297,CET1_YEAST,-0.64851178,FALSE,0
P00927,THDH_YEAST,-2.0868382,FALSE,0
P07807,DYR_YEAST,-1.6599303,FALSE,0
P0C5N4,YH73B_YEAST,-1.3761725,FALSE,0.000092
P0C5R4,YO83A_YEAST,-1.244105,FALSE,0.00002
P10081,IF4A_YEAST,-1.3163509,FALSE,0
P10962,MAK16_YEAST,-1.3828072,FALSE,0
P16522,CDC23_YEAST,-1.3515888,FALSE,0
P16861,PFKA1_YEAST,-1.3974873,FALSE,0
P21269,CCA1_YEAST,-1.5824551,FALSE,0.000004
P21691,SIR1_YEAST,-1.6321817,FALSE,0
P25039,EFGM_YEAST,-1.2882158,FALSE,0
P25296,CANB_YEAST,-1.0636618,FALSE,0
P25303,SCJ1_YEAST,-1.2052231,FALSE,0.99968
P25648,SRB8_YEAST,-1.4035491,FALSE,0
P25719,CYPC_YEAST,-0.10535926,FALSE,0
P27515,URK1_YEAST,-1.086777,FALSE,0.000007
P28743,KIP2_YEAST,-1.2377572,FALSE,0
P30620,PSO2_YEAST,-1.044603,FALSE,0
P32190,GLPK_YEAST,-1.4600883,FALSE,0
P32494,NGG1_YEAST,-1.3915917,FALSE,0
P32772,UGX2_YEAST,-1.4302434,FALSE,0.000001
P32781,AGA2_YEAST,-0.1025813,FALSE,0.999736
P32806,GYP6_YEAST,-1.541827,FALSE,0
P32838,PP2A4_YEAST,-1.5445965,FALSE,0
P33203,PRP40_YEAST,-1.6903566,FALSE,0.000001
P33204,ARPC4_YEAST,-2.3499221,FALSE,0
P34219,TOD6_YEAST,-1.0064902,FALSE,0
P35719,MRP8_YEAST,-1.8993176,FALSE,0
P36117,ALY1_YEAST,-0.20815423,FALSE,0
P36142,HFL1_YEAST,-1.1357021,FALSE,0
P38071,ETR1_YEAST,-0.93442424,FALSE,0
P38355,YB8B_YEAST,-1.538012,FALSE,0
P38728,ECM34_YEAST,-1.4390426,FALSE,0.000043
P38769,NEL1_YEAST,-1.0697903,FALSE,0.000466
P38795,NADE_YEAST,-1.5986035,FALSE,0
P38819,ERP5_YEAST,-1.0202914,FALSE,0.999465
P38834,YHT0_YEAST,-1.5174464,FALSE,0.00001
P38866,FMO1_YEAST,-0.63553612,FALSE,0
P38903,2A5D_YEAST,-1.2605846,FALSE,0
P38910,CH10_YEAST,-1.5504501,FALSE,0
P38913,FAD1_YEAST,-1.2026606,FALSE,0
P38954,IPT1_YEAST,-1.002817,FALSE,0.000004
P39105,PLB1_YEAST,-0.89255582,TRUE,0.9998
P40034,JHD1_YEAST,-0.84596154,FALSE,0
P40065,MAM1_YEAST,-1.5072003,FALSE,0
P40211,YM21_YEAST,-0.86751393,FALSE,0.000288
P40514,YIG7_YEAST,-1.0818614,FALSE,0.000003
P40975,PMP2_YEAST,-2.8946333,FALSE,0
P40988,FET4_YEAST,-1.4740712,FALSE,0.002483
P40992,RRN7_YEAST,-1.4793883,FALSE,0.000033
P41811,COPB2_YEAST,-0.94269614,FALSE,0
P41834,UFE1_YEAST,-1.640146,FALSE,0.000001
P41912,ERFD_YEAST,-1.4803986,FALSE,0
P43562,YFE0_YEAST,-1.2610687,FALSE,0.000011
P46999,PIR5_YEAST,0.17775641,FALSE,0.996656
P47040,BTN1_YEAST,-1.4165442,FALSE,0
P47057,SNX4_YEAST,-0.96683795,FALSE,0
P47822,MED21_YEAST,-1.1849693,FALSE,0
P50945,MIC27_YEAST,-1.5897371,FALSE,0
P52924,COS10_YEAST,-1.0233487,FALSE,0.015324
P53121,FLC3_YEAST,-1.3850614,FALSE,0.999658
P53169,YBP2_YEAST,-1.3284491,FALSE,0
P53185,VIR_YEAST,-1.2171423,FALSE,0
P53191,PIB2_YEAST,-0.90385207,FALSE,0
P53261,PESC_YEAST,-1.3388851,FALSE,0
P53754,YN97_YEAST,-1.1085459,FALSE,0
P53759,DUS1_YEAST,-1.1541177,FALSE,0
P53863,JJJ1_YEAST,-1.2674869,FALSE,0.000005
P54005,DIA1_YEAST,-1.8680086,FALSE,0
Q01684,SPR6_YEAST,-1.610926,FALSE,0
Q01855,RS15_YEAST,-1.6318966,FALSE,0
Q01926,MRS2_YEAST,-1.2466875,FALSE,0.000015
Q02201,OSH6_YEAST,-1.0593855,FALSE,0.000007
Q03050,PAU10_YEAST,-1.1899405,FALSE,0.999571
Q03103,ERO1_YEAST,-0.7788104,FALSE,0.999726
Q03327,UGO1_YEAST,-1.1540802,FALSE,0
Q04602,VBA4_YEAST,-1.1380233,FALSE,0
Q05898,YL296_YEAST,-1.1434517,FALSE,0
Q06010,STE23_YEAST,-1.217177,FALSE,0.000025
Q06106,MRD1_YEAST,-1.6899161,FALSE,0
Q06325,YPS7_YEAST,-0.26634609,TRUE,0.999593
Q06506,RRP9_YEAST,-1.4101895,FALSE,0
Q06543,GPN3_YEAST,-1.4606446,FALSE,0
Q06676,YFT2_YEAST,-0.68980699,FALSE,0.000001
Q06834,ASR1_YEAST,-1.1111371,FALSE,0
Q07978,YL031_YEAST,-2.2041626,FALSE,0.000001
Q07988,AFB1_YEAST,-0.51892153,TRUE,0.999604
Q08217,PSK2_YEAST,-1.1214768,FALSE,0.000004
Q08234,YO075_YEAST,-1.3686134,FALSE,0
Q08236,AVO1_YEAST,-0.47440692,FALSE,0
Q08268,MCH4_YEAST,-1.1414694,FALSE,0.000001
Q08417,RSB1_YEAST,-1.3068937,FALSE,0.000001
Q12017,PLP2_YEAST,-1.8217811,FALSE,0
Q12112,YN11B_YEAST,-0.45774537,FALSE,0
Q12124,MED2_YEAST,-1.4322532,FALSE,0
Q12403,ERP3_YEAST,-1.5294833,FALSE,0.999801
Q12470,YN12A_YEAST,-0.0037391991,FALSE,0
Q12674,ATC8_YEAST,-1.2844874,FALSE,0
Q99385,VCX1_YEAST,-1.8229927,FALSE,0.000016
O13547,CCW14_YEAST,0.59321689,TRUE,0.999763
P05319,RLA2_YEAST,-1.6414713,FALSE,0.000044
P07250,IPMK_YEAST,-1.4517314,FALSE,0.000006
P0CX24,RL20B_YEAST,-2.3621982,FALSE,0.000001
P15315,CUP2_YEAST,-1.2954444,FALSE,0
P16639,ATE1_YEAST,-1.2536415,FALSE,0.000024
P17064,FCY2_YEAST,-1.2231261,FALSE,0.000112
P20457,PRI2_YEAST,-1.4486367,FALSE,0
P21147,ACO1_YEAST,-1.1975551,FALSE,0.000001
P21306,ATP5E_YEAST,-0.65211463,FALSE,0.000003
P21595,CP56_YEAST,-1.2186064,FALSE,0
P21825,SEC62_YEAST,-1.004003,FALSE,0
P24813,AP2_YEAST,-1.2398243,FALSE,0
P25443,RS2_YEAST,-1.0583497,FALSE,0
P25613,ADY2_YEAST,-1.338745,FALSE,0.000002
P28320,YJU2_YEAST,-1.7675605,FALSE,0
P32529,RPA12_YEAST,-0.039275633,FALSE,0.000007
P32578,SIP1_YEAST,-0.93253911,FALSE,0
P32604,F26_YEAST,-1.1903999,FALSE,0
P32803,EMP24_YEAST,-1.4585169,FALSE,0.999728
P33755,NPL4_YEAST,-0.68480201,FALSE,0.000001
P35203,CBF3C_YEAST,-1.1760165,FALSE,0.000023
P36025,YO062_YEAST,-1.5808014,FALSE,0.000002
P36046,MIA40_YEAST,-0.47411703,FALSE,0.000033
P36054,RCN1_YEAST,-1.2981091,FALSE,0
P36080,RRP14_YEAST,-1.9356438,FALSE,0
P36083,YKH5_YEAST,-1.0406796,FALSE,0
P36106,BYE1_YEAST,-0.99893951,FALSE,0
P37302,APE3_YEAST,-1.1795113,FALSE,0.249795
P38144,ISW1_YEAST,-1.7039023,FALSE,0.000097
P38341,MIC12_YEAST,-2.0772774,FALSE,0.000263
P38720,6PGD1_YEAST,-1.3606625,FALSE,0.000011
P38723,COS8_YEAST,-1.5618459,FALSE,0.000166
P38813,BIG1_YEAST,-0.91041193,FALSE,0.998635
P39006,PSD1_YEAST,-1.4610642,FALSE,0
P39704,ERP2_YEAST,-0.65135293,FALSE,0.999713
P39743,RV167_YEAST,-1.371684,FALSE,0.000003
P39962,KC13_YEAST,-1.4613219,FALSE,0.000002
P39975,RMD6_YEAST,-1.0217518,FALSE,0
P40026,KRE29_YEAST,-1.0710807,FALSE,0
P40048,PTP3_YEAST,-1.1815564,FALSE,0
P40159,YNU8_YEAST,-1.5890669,FALSE,0.000566
P40219,LDO16_YEAST,-1.1316846,FALSE,0
P40360,NAGS_YEAST,-1.3086493,FALSE,0
P40486,SHQ1_YEAST,-1.196885,FALSE,0.000022
P40564,DJP1_YEAST,-0.91754447,FALSE,0
P40985,HUL4_YEAST,-1.375399,FALSE,0
P42845,STB1_YEAST,-1.1573193,FALSE,0
P42847,RT18_YEAST,-1.1002983,FALSE,0
P42943,TCPH_YEAST,-1.2838099,FALSE,0.000002
P42949,TIM16_YEAST,-1.0470091,FALSE,0.000001
P43548,AGP3_YEAST,-1.133516,FALSE,0.000895
P43551,ZNF1_YEAST,-1.1222979,FALSE,0
P46680,AIP1_YEAST,-0.96406082,FALSE,0.000008
P48606,TBCA_YEAST,-1.1455554,FALSE,0
P50078,TOS2_YEAST,0.10363806,FALSE,0.000063
P50873,MRK1_YEAST,-1.3712124,FALSE,0
P53012,SCS3_YEAST,-1.5441756,FALSE,0
P53155,YGI2_YEAST,-1.3414034,FALSE,0.000001
P53165,SGF73_YEAST,-0.72414758,FALSE,0
P53234,YG21_YEAST,-1.4330909,FALSE,0
P53249,YG2G_YEAST,-0.40677058,FALSE,0.524996
P53272,YG34_YEAST,-1.3534769,FALSE,0
P53275,YG37_YEAST,-1.2441603,FALSE,0.000001
P53312,SUCB_YEAST,-1.655755,FALSE,0
P53755,BSC5_YEAST,-0.74969508,FALSE,0.000001
P53823,SNO2_YEAST,-1.2200918,FALSE,0.000007
P53859,CSL4_YEAST,-0.91712327,FALSE,0.000002
P54861,DNM1_YEAST,-1.671855,FALSE,0
Q01590,SED5_YEAST,-1.40972,FALSE,0
Q03419,IZH1_YEAST,-0.61709915,FALSE,0
Q03434,YM12B_YEAST,-0.32358815,FALSE,0
Q03529,SCS7_YEAST,-1.4979357,FALSE,0
Q03532,HAS1_YEAST,-1.8788739,FALSE,0.000001
Q03825,MSS11_YEAST,-0.86429802,FALSE,0.000001
Q03954,SPC19_YEAST,-1.9895431,FALSE,0
Q04149,MUS81_YEAST,-1.29192,FALSE,0
Q04359,SPO20_YEAST,-2.1144939,FALSE,0.000001
Q04670,YM14B_YEAST,-0.47332862,FALSE,0
Q05791,CD123_YEAST,-1.1217004,FALSE,0
Q05867,YL283_YEAST,-1.4521904,FALSE,0
Q06408,ARO10_YEAST,-1.4967245,FALSE,0
Q07442,BDF2_YEAST,-1.2448992,FALSE,0
Q07794,RT109_YEAST,-1.238478,FALSE,0.000042
Q07825,FRA1_YEAST,-1.3551693,FALSE,0
Q08045,LCL2_YEAST,-0.27963227,FALSE,0.999716
Q08723,RPN8_YEAST,-1.7932903,FALSE,0.000001
Q08750,MUM3_YEAST,-1.5100209,FALSE,0.000357
Q08952,OXR1_YEAST,-0.98105804,FALSE,0.000001
Q12069,PUS9_YEAST,-1.1034375,FALSE,0
Q12331,YFAS1_YEAST,-0.47205138,FALSE,0.999691
Q12374,NCA2_YEAST,-1.5003358,FALSE,0
Q12400,TRM10_YEAST,-1.3499653,FALSE,0
Q12520,HUT1_YEAST,-1.1913915,FALSE,0
Q2V2Q3,YB201_YEAST,-0.67568682,FALSE,0.000038
Q3E814,YL006_YEAST,-1.251129,FALSE,0
Q6Q5H1,YP14A_YEAST,0.1422634,FALSE,0
Q92316,OST5_YEAST,-0.0032433698,FALSE,0.000005
Q99296,YL149_YEAST,-0.79510033,FALSE,0.000529
Q9ZZX0,AI5B_YEAST,-1.524616,FALSE,0.066187
P01149,MFAL1_YEAST,-1.7272244,FALSE,0.999641
P03882,SCE1_YEAST,-1.3764777,FALSE,0
P05738,RL9A_YEAST,-0.69169208,FALSE,0
P06197,PIS_YEAST,-1.2300791,FALSE,0.000034
P06775,HIP1_YEAST,-1.2074695,FALSE,0
P0CX18,YA066_YEAST,0.8799757,TRUE,0.998698
P0CX39,RS8A_YEAST,-2.3777693,FALSE,0
P10961,HSF_YEAST,-0.88400764,FALSE,0.000001
P13483,DATI_YEAST,-1.0475223,FALSE,0
P13711,ACOX_YEAST,-1.1459114,FALSE,0
P15365,DAL5_YEAST,-1.0531256,FALSE,0.000001
P17442,PHO81_YEAST,-1.6065758,FALSE,0
P20459,IF2A_YEAST,-0.66447327,FALSE,0
P23293,BUR1_YEAST,-1.3355399,FALSE,0
P23501,DS1P2_YEAST,-1.2024561,FALSE,0.000003
P25343,RV161_YEAST,-1.1825939,FALSE,0
P25374,NFS1_YEAST,-1.4311334,FALSE,0
P25618,CWH43_YEAST,-1.0850234,FALSE,0.000125
P27514,PHO91_YEAST,-1.1948186,FALSE,0.000001
P28496,LAC1_YEAST,-1.5492773,FALSE,0
P28834,IDH1_YEAST,-1.5800597,FALSE,0
P29589,AHT1_YEAST,0.27896251,FALSE,0.000001
P32460,DCG1_YEAST,-1.0112187,FALSE,0
P32471,EF1B_YEAST,-1.0562827,FALSE,0
P32487,LYP1_YEAST,-0.85014223,FALSE,0.000004
P32800,PEX2_YEAST,-1.0009665,FALSE,0.000629
P32939,YPT7_YEAST,-0.79048319,FALSE,0
P33757,SPO23_YEAST,-0.4375693,FALSE,0.000001
P35177,SPT7_YEAST,-0.86530303,FALSE,0
P35182,PP2C1_YEAST,-1.152738,FALSE,0
P35725,YKG3_YEAST,-1.0728179,FALSE,0.000019
P36126,SPO14_YEAST,-1.6172328,FALSE,0
P36130,CAF4_YEAST,-1.1247961,FALSE,0.000001
P36155,YK55_YEAST,-0.74127144,FALSE,0.000001
P36159,RNZ_YEAST,-1.0417819,FALSE,0.000144
P38167,ECM21_YEAST,-0.67264717,FALSE,0
P38311,YB59_YEAST,-2.2265103,FALSE,0.00001
P38346,BIT2_YEAST,-1.1623142,FALSE,0
P38357,YB8F_YEAST,-1.4681407,FALSE,0.000026
P38750,YHA8_YEAST,-0.91839383,FALSE,0.000019
P38826,ORC6_YEAST,-1.4451723,FALSE,0
P38881,NVJ1_YEAST,-1.308672,FALSE,0.000001
P38889,SKN7_YEAST,-1.0125844,FALSE,0.000003
P38891,BCA1_YEAST,-1.2119927,FALSE,0.000001
P39685,PO152_YEAST,-0.49299595,FALSE,0
P39717,GPB2_YEAST,-1.1419257,FALSE,0.000675
P39967,UBP9_YEAST,-1.3931972,FALSE,0
P39995,EAF5_YEAST,-1.4751465,FALSE,0
P40053,AIM9_YEAST,-1.0902738,FALSE,0
P40102,YE17_YEAST,-0.50587511,FALSE,0.00013
P40433,6P21_YEAST,-1.6851285,FALSE,0
P40473,POG1_YEAST,-1.267062,FALSE,0.000181
P40548,SNL1_YEAST,-1.5625678,FALSE,0
P41338,ERG10_YEAST,-0.5525474,FALSE,0.000001
P42841,PFS2_YEAST,-0.93152698,FALSE,0
P43578,YFB5_YEAST,-1.5083594,FALSE,0
P43617,YFL5_YEAST,-1.7740067,FALSE,0.000055
P43637,TOS3_YEAST,-0.74237249,FALSE,0
P45819,SPO74_YEAST,-1.0152728,FALSE,0
P46990,RL17B_YEAST,-2.2407004,FALSE,0
P47023,YJ41A_YEAST,-1.7665692,FALSE,0
P48240,MTR3_YEAST,-0.75944546,FALSE,0.000003
P51534,SHE4_YEAST,-1.4688516,FALSE,0
P53276,UTP8_YEAST,-0.95224831,FALSE,0.006509
P53551,H1_YEAST,-0.49963136,FALSE,0
P53892,IBD2_YEAST,-1.0579661,FALSE,0
P53964,YND3_YEAST,-0.7044954,FALSE,0.999764
P57743,LSM3_YEAST,-1.8353678,FALSE,0
P81449,ATPJ_YEAST,-2.4696608,FALSE,0.00073
P9WEJ5,YD204_YEAST,-1.2907131,FALSE,0.000003
Q01852,TIM44_YEAST,-1.8390114,FALSE,0.000001
Q03034,FDC1_YEAST,-1.1624971,FALSE,0
Q03080,YP039_YEAST,-1.6938038,FALSE,0.000001
Q03096,EST3_YEAST,-0.41573743,FALSE,0
Q03480,YD209_YEAST,-2.61914,FALSE,0
Q03697,YMD8_YEAST,-1.5512085,FALSE,0
Q03718,NSE5_YEAST,-1.4045491,FALSE,0.000041
Q03723,OST6_YEAST,-0.9355282,FALSE,0.999439
Q04660,ERB1_YEAST,-1.0751968,FALSE,0
Q05166,NUP59_YEAST,-0.69563751,FALSE,0
Q05533,INM2_YEAST,-1.2188756,FALSE,0
Q05636,RRP45_YEAST,-1.3367769,FALSE,0
Q05874,EFM7_YEAST,-1.3564794,FALSE,0.000132
Q05979,KYNU_YEAST,-0.99127331,FALSE,0
Q06417,TDA5_YEAST,-1.9943307,FALSE,0.00004
Q06705,CSR1_YEAST,-0.9217402,FALSE,0
Q07418,PEX19_YEAST,-1.527662,FALSE,0
Q08054,CSI2_YEAST,0.040622709,FALSE,0.821398
Q08109,HRD1_YEAST,-1.18671,FALSE,0
Q08300,CSS3_YEAST,-0.49567744,FALSE,0.999653
Q08831,VTS1_YEAST,-0.80497613,FALSE,0
Q08960,TYW1_YEAST,-1.1812854,FALSE,0.000297
Q12089,AEP3_YEAST,-1.7756743,FALSE,0
Q12155,EMA19_YEAST,-1.3347946,FALSE,0.000001
Q12163,NBP2_YEAST,-0.13895505,FALSE,0.000011
Q12164,POM33_YEAST,-1.8355313,FALSE,0.000004
Q12324,YVC1_YEAST,-1.4008098,FALSE,0
Q12407,YD199_YEAST,-1.3298519,FALSE,0
Q12446,LAS17_YEAST,-1.18421,FALSE,0
Q8TGS0,YO161_YEAST,-0.85175258,FALSE,0.000153
O13539,THP2_YEAST,-1.6040535,FALSE,0
P03878,SCE2_YEAST,-1.5661733,FALSE,0.000001
P03965,CARB_YEAST,-0.86172911,FALSE,0.000017
P04037,COX4_YEAST,-1.0005279,FALSE,0
P04786,TOP1_YEAST,-0.60812599,FALSE,0
P05694,METE_YEAST,-0.79289068,FALSE,0.000002
P05743,RL26A_YEAST,-2.6723207,FALSE,0
P05756,RS13_YEAST,-2.6860349,FALSE,0
P06777,RAD1_YEAST,-1.6410296,FALSE,0.000011
P07245,C1TC_YEAST,-1.1024716,FALSE,0
P07274,PROF_YEAST,-1.6695962,FALSE,0
P0C0T4,RS25B_YEAST,-1.7347972,FALSE,0
P0CE90,PAU6_YEAST,-1.0264091,FALSE,0.999571
P0CH09,RL40B_YEAST,-1.9765378,FALSE,0.000004
P0CX31,RS24A_YEAST,-1.9242501,FALSE,0
P0CX61,YF21A_YEAST,-0.79427322,FALSE,0
P0CX69,YM14A_YEAST,0.025233012,FALSE,0
P0CX83,RL19B_YEAST,-2.6108236,FALSE,0
P10663,RT02_YEAST,-1.9132291,FALSE,0
P10863,TIR1_YEAST,0.51429018,TRUE,0.999746
P10870,SNF3_YEAST,-0.93663838,FALSE,0
P11632,NHP6A_YEAST,-0.56888205,FALSE,0
P12611,WHI2_YEAST,-1.0685763,FALSE,0.000335
P19881,PNPP_YEAST,-1.8923279,FALSE,0
P20448,DBP4_YEAST,-1.7527059,FALSE,0
P22023,KRE5_YEAST,-1.4116159,FALSE,0.999769
P24583,KPC1_YEAST,-1.2594988,FALSE,0
P25352,YCR5_YEAST,-2.0721363,FALSE,0.000001
P27472,GYS2_YEAST,-1.6926306,FALSE,0
P27680,COQ3_YEAST,-1.8894504,FALSE,0.000001
P28263,UBC8_YEAST,-0.95365835,FALSE,0
P28742,KIP1_YEAST,-1.3578183,FALSE,0
P32380,SP110_YEAST,-2.1552237,FALSE,0
P32451,BIOB_YEAST,-1.4927889,FALSE,0
P32616,YEF5_YEAST,-1.1733555,FALSE,0.000384
P32828,SLX5_YEAST,-1.7703155,FALSE,0
P32911,SUI1_YEAST,-2.0096882,FALSE,0
P34243,HCS1_YEAST,-1.626865,FALSE,0
P35844,KES1_YEAST,-1.0915776,FALSE,0
P38203,LSM2_YEAST,-1.7210365,FALSE,0.000036
P38266,AIM3_YEAST,0.070726628,FALSE,0
P38635,HIS9_YEAST,-1.6630127,FALSE,0.00001
P38692,KIC1_YEAST,-0.98281031,FALSE,0
P38730,YHE1_YEAST,-1.5180138,FALSE,0.000394
P38822,BZZ1_YEAST,-0.79156463,FALSE,0.000001
P38882,UTP9_YEAST,-0.98734587,FALSE,0.000026
P39960,BEM2_YEAST,-1.0406836,FALSE,0.000001
P39988,BUD16_YEAST,-1.0423284,FALSE,0.000041
P40047,ALDH5_YEAST,-0.94136711,FALSE,0
P40080,VFA1_YEAST,-1.5803054,FALSE,0.000003
P40422,RPAB4_YEAST,-2.6425036,FALSE,0
P40445,YIQ6_YEAST,-1.6347496,FALSE,0
P40452,COA1_YEAST,-2.1310678,FALSE,0
P40508,PUP1_YEAST,-1.476191,FALSE,0.000002
P40523,YIF5_YEAST,-1.1201066,FALSE,0.000507
P40544,YKE4_YEAST,-1.2001489,FALSE,0.690981
P40562,MPH1_YEAST,-1.1098988,FALSE,0
P40570,VLD1_YEAST,-1.860202,FALSE,0.000027
P41805,RL10_YEAST,-1.9370916,FALSE,0
P41819,DIM1_YEAST,-2.011555,FALSE,0
P43542,COS4_YEAST,-1.6399699,FALSE,0.000081
P43557,FMP32_YEAST,-1.5708341,TRUE,0
P43636,ALG2_YEAST,-1.0917985,FALSE,0
P46947,CWC26_YEAST,-0.0028678975,FALSE,0
P47034,ICS3_YEAST,-1.1723542,FALSE,0.00003
P47063,YJC7_YEAST,-1.748489,FALSE,0.000012
P47155,ILM1_YEAST,-1.0310169,FALSE,0
P48360,ADRO_YEAST,-1.0196659,FALSE,0
P49626,RL4B_YEAST,-1.4986379,FALSE,0.00001
P50875,SPT20_YEAST,-1.7610744,FALSE,0
P53056,YGZE_YEAST,-1.2729739,FALSE,0.570088
P53119,HUL5_YEAST,-1.2313722,FALSE,0
P53171,GEP7_YEAST,-1.631502,FALSE,0
P53214,MTL1_YEAST,1.341943,FALSE,0.874053
P53219,IMO32_YEAST,-1.6012112,FALSE,0
P53291,YG3U_YEAST,-0.98222959,FALSE,0.000062
P53316,YG5B_YEAST,-0.54762379,FALSE,0
P54781,ERG5_YEAST,-1.3487586,FALSE,0.000033
P9WEJ2,YN155_YEAST,-2.216101,FALSE,0.015524
Q01574,ACS1_YEAST,-1.2368571,FALSE,0
Q03673,AIM34_YEAST,-1.7722341,FALSE,0
Q05789,ATG38_YEAST,-1.7707162,FALSE,0.000002
Q06032,CST9_YEAST,-1.2591108,FALSE,0.000001
Q06135,GAS2_YEAST,-0.43892896,TRUE,0.998779
Q06142,IMB1_YEAST,-1.5392319,FALSE,0
Q06648,GIC2_YEAST,-0.66331574,FALSE,0.000001
Q06833,NVJ2_YEAST,-0.99707688,FALSE,0.00001
Q07505,DLHH_YEAST,-1.6258449,FALSE,0
Q08465,YNG1_YEAST,-1.7869043,FALSE,0
Q08732,HRK1_YEAST,-1.2600987,FALSE,0
Q12033,PALA_YEAST,-1.2196565,FALSE,0.000292
Q12100,RTK1_YEAST,-0.5943659,FALSE,0
Q12347,HRT3_YEAST,-1.4547523,FALSE,0
Q12405,LPX1_YEAST,-1.7960284,FALSE,0
Q12501,YO22B_YEAST,-0.4384437,FALSE,0
Q3E7Y5,YB111_YEAST,-1.6097993,FALSE,0
Q99260,YPT6_YEAST,-0.23584322,FALSE,0
Q99315,YG31B_YEAST,-1.2026996,FALSE,0
Q99321,DDP1_YEAST,-1.6640146,FALSE,0
Q99382,ENV10_YEAST,-1.7194817,FALSE,0.000001
O13544,YL302_YEAST,-0.81133329,FALSE,0.000055
O13555,JIP3_YEAST,-1.8047797,FALSE,0
O43137,YB085_YEAST,0.0071304339,FALSE,0
P06244,KAPA_YEAST,-1.1875091,FALSE,0.000019
P07273,TFS2_YEAST,-0.65421707,FALSE,0
P0C2J0,YP13B_YEAST,-0.42158692,FALSE,0
P0C2J3,YL21B_YEAST,-0.42959537,FALSE,0
P0CX16,YE076_YEAST,-0.62737351,FALSE,0
P0CX41,RL23A_YEAST,-1.5767222,FALSE,0
P10664,RL4A_YEAST,-1.4500985,FALSE,0.00001
P15625,SYFA_YEAST,-1.7263705,FALSE,0
P17065,SEC2_YEAST,-0.52294,FALSE,0
P18961,YPK2_YEAST,-1.1308986,FALSE,0.000001
P23797,GPI12_YEAST,-1.3219015,FALSE,0.002182
P25370,GFD2_YEAST,-1.6872354,FALSE,0.000003
P25574,EMC1_YEAST,-0.75405986,FALSE,0.999745
P25582,SPB1_YEAST,-1.3767598,FALSE,0
P25619,HSP30_YEAST,-1.2549453,FALSE,0.000009
P25654,YCY0_YEAST,-0.44072549,FALSE,0.000007
P26364,KAD3_YEAST,-1.7090275,FALSE,0
P29478,SEC65_YEAST,-1.8469786,FALSE,0
P29703,FNTA_YEAST,-1.0635465,FALSE,0
P31116,DHOM_YEAST,-0.83236374,FALSE,0.000016
P32490,MKK1_YEAST,-1.3037995,FALSE,0.000002
P32795,YME1_YEAST,-1.5095318,FALSE,0
P33313,CNS1_YEAST,-1.6212711,FALSE,0
P33412,ECT1_YEAST,-0.47662341,FALSE,0
P34226,SKT5_YEAST,-1.5987586,FALSE,0
P34241,URB1_YEAST,-1.1435331,FALSE,0
P34760,TSA1_YEAST,-1.5257123,FALSE,0.000001
P35169,TOR1_YEAST,-1.4196911,FALSE,0
P35732,DEF1_YEAST,-0.16181596,FALSE,0.000001
P36078,HOT13_YEAST,-0.68971135,FALSE,0.000001
P38089,PP2C4_YEAST,-1.4320893,FALSE,0.000081
P38210,LDB7_YEAST,-1.4100668,FALSE,0
P38231,FMP23_YEAST,-0.98056375,FALSE,0
P38710,INM1_YEAST,-0.83338632,FALSE,0
P38785,GIC1_YEAST,-0.79207644,FALSE,0
P38810,SFB3_YEAST,-1.2271733,FALSE,0
P38838,WSS1_YEAST,-1.9290595,FALSE,0.000001
P38854,TDA11_YEAST,-1.1280552,FALSE,0
P39713,BDH2_YEAST,-1.1405766,FALSE,0
P40009,YND1_YEAST,-1.5966057,FALSE,0
P40056,GET2_YEAST,-1.3377056,FALSE,0
P40057,YER4_YEAST,-0.43556369,FALSE,0.00149
P40312,CYB5_YEAST,-0.5902209,FALSE,0.000001
P40368,NUP82_YEAST,-1.1764298,FALSE,0.000002
P40488,YIK2_YEAST,-0.7570276,FALSE,0
P40566,EGH1_YEAST,-1.0536172,FALSE,0
P42223,SBE2_YEAST,-1.3231462,FALSE,0
P42936,YG4D_YEAST,-1.5706995,FALSE,0
P43569,CAF16_YEAST,-2.1105323,FALSE,0
P43588,RPN11_YEAST,-2.0792341,FALSE,0
P46974,RSF2_YEAST,-0.78326012,FALSE,0.000132
P47090,YJY5_YEAST,-1.3140817,FALSE,0
P52492,UBC11_YEAST,-1.6532786,FALSE,0
P53053,COS12_YEAST,-1.0927137,FALSE,0.000032
P53132,YGL8_YEAST,-1.631711,FALSE,0.000027
P53156,YGI1_YEAST,-0.46631996,FALSE,0
P53215,THG1_YEAST,-1.4833028,FALSE,0
P53222,YG1O_YEAST,-0.60925532,FALSE,0.000004
P53237,LST7_YEAST,-0.94111508,FALSE,0.000004
P53329,YG5Q_YEAST,-0.70797676,FALSE,0
P53604,MSO1_YEAST,-1.128923,FALSE,0
P53630,BIOD_YEAST,-1.4668087,FALSE,0
P54730,UBX4_YEAST,-0.86964151,FALSE,0.000001
P9WEJ3,YM106_YEAST,-0.99875291,FALSE,0
Q02554,CUS1_YEAST,-1.8039831,FALSE,0
Q03175,SRT1_YEAST,-1.5120048,FALSE,0.000014
Q03919,RUB1_YEAST,-2.3660013,FALSE,0
Q04013,YHM2_YEAST,-1.7028086,FALSE,0.000006
Q04089,DOT1_YEAST,-1.2902591,FALSE,0
Q04329,ICY1_YEAST,-0.32157241,FALSE,0
Q04947,RTN1_YEAST,-1.21271,FALSE,0.000129
Q05506,SYRC_YEAST,-1.6630589,FALSE,0
Q05942,RSA3_YEAST,-0.57891081,FALSE,0
Q05949,BUR2_YEAST,-0.79253049,FALSE,0
Q06333,BL1S4_YEAST,-0.82306902,FALSE,0.000001
Q06508,LOA1_YEAST,-1.8384798,FALSE,0.000009
Q07549,SNA4_YEAST,-1.7606684,FALSE,0
Q07560,CRLS1_YEAST,-1.1017628,FALSE,0
Q07923,LOT6_YEAST,-1.5575447,FALSE,0
Q08231,THP1_YEAST,-1.8172422,FALSE,0
Q08673,SRL1_YEAST,1.7042566,FALSE,0.999728
Q08693,TRE2_YEAST,-0.67766231,FALSE,0.000001
Q12043,TGL5_YEAST,-1.3051344,FALSE,0
Q12129,NMD4_YEAST,-1.5317591,FALSE,0
Q12182,YO342_YEAST,-1.4678195,FALSE,0.00002
Q12242,RUP1_YEAST,-1.3415336,FALSE,0
Q12339,UTP23_YEAST,-1.8185003,FALSE,0
Q12416,WHI5_YEAST,-1.6486197,FALSE,0
Q12440,APC2_YEAST,-1.6095156,FALSE,0
Q12457,NSI1_YEAST,-1.8006983,FALSE,0
Q12513,TMA17_YEAST,-1.5773968,FALSE,0
Q12680,GLT1_YEAST,-1.2881686,FALSE,0
Q3E731,COX19_YEAST,-1.6610123,FALSE,0
Q6Q5P6,YH41A_YEAST,-1.7364366,FALSE,0
Q8J0M4,YCB2_YEAST,-2.1941324,FALSE,0.131422
Q8TGT9,YG146_YEAST,-0.42308323,FALSE,0.000245
Q96VH5,MIC10_YEAST,-1.2322595,FALSE,0.000008
A0A8D9PCQ4,YM008_YEAST,-2.2555505,FALSE,0.000018
P00425,COX5B_YEAST,-1.7833066,FALSE,0
P02294,H2B2_YEAST,-0.72319046,FALSE,0.000032
P05030,PMA1_YEAST,-1.387399,FALSE,0.000003
P06208,LEU1_YEAST,-0.40744866,FALSE,0
P06776,PDE2_YEAST,-1.1848942,FALSE,0.000043
P07262,DHE4_YEAST,-1.2301787,FALSE,0
P0C5N1,YG014_YEAST,-2.8848069,FALSE,0.000279
P0CX21,YRF15_YEAST,-1.1551647,FALSE,0
P0CX27,RL44A_YEAST,-1.6614828,FALSE,0
P14284,DPOZ_YEAST,-1.232737,FALSE,0.000062
P14291,RED1_YEAST,-1.0909685,FALSE,0.000016
P19516,COX11_YEAST,-1.3789017,FALSE,0
P22035,BAS1_YEAST,-0.74247929,FALSE,0
P23833,SCO1_YEAST,-1.1186996,FALSE,0
P25341,KIN82_YEAST,-1.045274,FALSE,0
P25578,PGPS1_YEAST,-1.1220529,FALSE,0
P25586,KRR1_YEAST,-1.7457282,FALSE,0
P25651,CSM1_YEAST,-0.45520057,FALSE,0
P27351,AP2B_YEAST,-1.6424557,FALSE,0
P29055,TF2B_YEAST,-1.426682,FALSE,0
P31373,CYS3_YEAST,-1.7646724,FALSE,0
P32338,RME1_YEAST,-1.383896,FALSE,0.000007
P32462,ERG24_YEAST,-1.612908,FALSE,0
P32830,TIM12_YEAST,-1.510371,FALSE,0.000016
P32900,SKG6_YEAST,-0.49801332,FALSE,0
P34077,NIC96_YEAST,-1.0231804,FALSE,0
P34220,YBF5_YEAST,-1.0258325,FALSE,0
P35817,BDF1_YEAST,-1.2741532,FALSE,0
P36027,MID2_YEAST,0.53083844,FALSE,0.830141
P36041,EAP1_YEAST,-0.89246081,FALSE,0
P36114,YKR18_YEAST,-1.4814507,FALSE,0.000101
P36134,YK21_YEAST,-1.4190321,FALSE,0
P36147,PAM17_YEAST,-1.5691417,FALSE,0
P36151,YK50_YEAST,-0.96643365,FALSE,0
P36421,SYYC_YEAST,-1.3104519,FALSE,0
P38011,GBLP_YEAST,-1.0391189,FALSE,0
P38085,TAT1_YEAST,-1.1692726,FALSE,0.000009
P38088,SYG_YEAST,-1.6843536,FALSE,0
P38224,FIG1_YEAST,-1.0359688,FALSE,0.982047
P38278,BMT2_YEAST,-1.9620108,FALSE,0
P38281,APD1_YEAST,-1.553576,FALSE,0.000026
P38301,GDT1_YEAST,-2.1100835,FALSE,0.758701
P38345,SDHF4_YEAST,-1.4926116,FALSE,0
P38727,YHE4_YEAST,-1.0961323,FALSE,0.000036
P38803,IPI1_YEAST,-2.0053684,FALSE,0
P38829,YHS2_YEAST,-2.2047734,FALSE,0
P38857,MPC2_YEAST,-1.4446964,FALSE,0.000129
P38960,STN1_YEAST,-1.4131741,FALSE,0
P39535,PHO90_YEAST,-1.397231,FALSE,0
P39938,RS26A_YEAST,-0.58532708,FALSE,0
P39989,YEC8_YEAST,-0.96068732,FALSE,0.999783
P40107,GMT1_YEAST,-1.2449916,FALSE,0.000002
P40363,SFGH_YEAST,-0.11210851,FALSE,0
P40579,YIV5_YEAST,-0.72430076,FALSE,0
P41698,BUD8_YEAST,-0.4612534,FALSE,0.000011
P43538,YFG6_YEAST,-1.676059,FALSE,0.000037
P47015,AIM23_YEAST,-2.2279449,FALSE,0
P47064,AP3S_YEAST,-1.7953921,FALSE,0
P47100,YJ12B_YEAST,-0.4106136,FALSE,0
P47169,MET5_YEAST,-1.3089598,FALSE,0
P49704,PRP31_YEAST,-1.6459054,FALSE,0
P53124,PCL10_YEAST,-1.2755548,FALSE,0
P53251,SLX9_YEAST,-2.4554875,FALSE,0
P53285,VPS62_YEAST,-1.061792,FALSE,0.480825
P53327,ASCC3_YEAST,-1.6398939,FALSE,0
P53833,POP3_YEAST,-1.3637061,FALSE,0
P53848,FOL1_YEAST,-1.1661271,FALSE,0.000001
P53962,YND5_YEAST,-1.0640709,FALSE,0
P53969,SAM50_YEAST,-1.3528139,FALSE,0
P9WEJ1,YN040_YEAST,0.75009622,FALSE,0.000058
Q02206,RSC4_YEAST,-0.78020425,FALSE,0.000744
Q02825,SEN54_YEAST,-1.1653222,FALSE,0.000002
Q02873,YP107_YEAST,-1.6613227,FALSE,0
Q02875,SYH1_YEAST,-0.58713871,FALSE,0
Q02891,MCFS1_YEAST,-0.7477088,FALSE,0.000114
Q04272,VPS20_YEAST,-1.4307917,FALSE,0
Q04279,SEG1_YEAST,-0.27675042,FALSE,0
Q04772,IRC21_YEAST,-1.3171262,FALSE,0
Q05670,FUS2_YEAST,-1.3292329,FALSE,0
Q06005,LIPB_YEAST,-1.8071794,FALSE,0
Q06149,PDR8_YEAST,-1.4862907,FALSE,0
Q06266,TOS4_YEAST,-0.75787909,FALSE,0
Q06485,ATG33_YEAST,-0.53368397,FALSE,0.004905
Q06511,RRP15_YEAST,-1.0117794,FALSE,0
Q06525,URN1_YEAST,-0.80707788,FALSE,0
Q06703,CDA2_YEAST,-0.711736,FALSE,0.847003
Q07362,PBP4_YEAST,-0.58763469,FALSE,0
Q08902,AMF1_YEAST,-1.5177892,FALSE,0.000033
Q08911,FDH1_YEAST,-1.0179475,FALSE,0
Q12096,GNT1_YEAST,-1.4956526,FALSE,0.002038
Q12103,YD109_YEAST,-1.4304341,FALSE,0.000177
Q12176,MAK21_YEAST,-0.97659951,FALSE,0
Q12232,SLP1_YEAST,-1.2597253,FALSE,0.990595
Q12273,YO11B_YEAST,-0.32485148,FALSE,0
Q12297,TAF3_YEAST,-1.0963398,FALSE,0
Q12467,MRX4_YEAST,-1.3642565,FALSE,0
Q3E756,YB029_YEAST,-0.93810757,FALSE,0.001556
Q3E764,TMA7_YEAST,-1.4442634,FALSE,0
Q8TGS2,YO19A_YEAST,-1.202761,FALSE,0.000855
O13585,YP089_YEAST,-1.1660553,FALSE,0
P02992,EFTU_YEAST,-1.5275147,FALSE,0
P03875,AI1M_YEAST,-1.5075159,FALSE,0.000001
P05375,PLMT_YEAST,-1.4931181,FALSE,0.000002
P06100,NOT2_YEAST,-1.1127846,FALSE,0
P06782,SNF1_YEAST,-1.3158212,FALSE,0
P0CX49,RL18A_YEAST,-2.0989414,FALSE,0
P0CX74,YJ11A_YEAST,0.14530008,FALSE,0
P14120,RL30_YEAST,-1.6137594,FALSE,0
P14908,MTF1_YEAST,-1.6105927,FALSE,0
P26798,INO2_YEAST,-1.6427793,FALSE,0.000001
P29539,RIF1_YEAST,-1.1672639,FALSE,0
P31380,FUN30_YEAST,-1.3044028,FALSE,0
P31755,OCH1_YEAST,-1.1356469,FALSE,0.000019
P32259,MED16_YEAST,-1.3171879,FALSE,0.000001
P32340,NDI1_YEAST,-1.5147334,FALSE,0
P32481,IF2G_YEAST,-1.5386455,FALSE,0
P32567,PAH1_YEAST,-0.4073587,FALSE,0
P33327,DHE2_YEAST,-1.2488843,FALSE,0.000001
P33336,SKN1_YEAST,-0.37784909,FALSE,0.000001
P33338,SLA2_YEAST,-1.4630046,FALSE,0.000002
P33754,SEC66_YEAST,-1.960241,FALSE,0.000003
P34078,LTV1_YEAST,-1.177858,FALSE,0
P34162,MED20_YEAST,-1.2414189,FALSE,0
P34234,LOT5_YEAST,-1.3503249,FALSE,0
P35179,SC61G_YEAST,-1.1253319,FALSE,0.000045
P36135,UTH1_YEAST,0.25051468,FALSE,0.999721
P36143,GLG1_YEAST,-0.10534148,FALSE,0.220227
P36146,LAS1_YEAST,-1.4922937,FALSE,0
P38068,GLRX7_YEAST,-0.41854371,FALSE,0.553942
P38080,AKL1_YEAST,-0.97220888,FALSE,0
P38308,CS111_YEAST,-0.9894202,FALSE,0
P38317,YB69_YEAST,-0.43751203,FALSE,0.019116
P38328,ARPC1_YEAST,-1.2174115,FALSE,0
P38431,IF5_YEAST,-0.97679674,FALSE,0
P38752,YHA5_YEAST,-1.39834,FALSE,0.038514
P38836,ECM14_YEAST,-1.0870411,FALSE,0.999773
P38842,YHU0_YEAST,-0.74885387,FALSE,0
P38883,RIX1_YEAST,-1.6979154,FALSE,0
P38902,RPB11_YEAST,-1.3478608,FALSE,0
P39076,TCPB_YEAST,-1.2230269,FALSE,0.000002
P39945,AST2_YEAST,-1.0498272,FALSE,0
P39970,ACA1_YEAST,-1.0184796,FALSE,0.000001
P40089,LSM5_YEAST,-1.6282613,FALSE,0
P40157,VID27_YEAST,-0.74181499,FALSE,0
P40358,JEM1_YEAST,-1.2102546,FALSE,0.556103
P40500,YII9_YEAST,-1.7509176,FALSE,0.000018
P41818,GLC8_YEAST,-1.1577398,FALSE,0.000001
P43539,YFG5_YEAST,-1.2545722,FALSE,0.00001
P46987,YJS1_YEAST,-1.0242861,FALSE,0
P47019,ALB1_YEAST,-1.5037794,FALSE,0
P47041,BIT61_YEAST,-0.64199781,FALSE,0.000004
P47049,UBX6_YEAST,-1.4546504,FALSE,0
P49775,HNT2_YEAST,-1.5788763,FALSE,0
P53057,YPS5_YEAST,0.067392644,FALSE,0.857478
P53062,BRR6_YEAST,-1.6025299,FALSE,0.000052
P53078,SDT1_YEAST,-1.2747705,FALSE,0.000001
P53079,COG1_YEAST,-0.73287593,FALSE,0
P53146,USE1_YEAST,-1.9803359,FALSE,0
P53184,PNC1_YEAST,-0.56797524,FALSE,0
P53207,SNU71_YEAST,-0.87569817,FALSE,0
P53236,RSC1_YEAST,-0.9777527,FALSE,0
P53736,YN8O_YEAST,-0.54543833,FALSE,0.000077
P53896,PGA1_YEAST,-0.85477765,FALSE,0.99964
P54113,PUR91_YEAST,-1.3270746,FALSE,0
Q02888,INA17_YEAST,-1.5399692,FALSE,0
Q02908,ELP3_YEAST,-1.3741413,FALSE,0
Q03233,ADD37_YEAST,-1.2503968,FALSE,0
Q03433,VPS71_YEAST,-0.8165013,FALSE,0
Q03557,GATA_YEAST,-0.71010284,FALSE,0
Q04174,SMP3_YEAST,-1.3433399,FALSE,0.413892
Q04179,URH1_YEAST,-0.82114648,FALSE,0.000003
Q04347,BUD22_YEAST,-0.67041245,FALSE,0
Q04526,YMI3_YEAST,-1.2783388,FALSE,0
Q04734,PALI_YEAST,-0.70291358,FALSE,0.000968
Q06096,COG4_YEAST,-1.3284991,FALSE,0
Q06488,RSC2_YEAST,-1.4145261,FALSE,0
Q06595,YP196_YEAST,-1.1793247,FALSE,0
Q06891,RAF_YEAST,-0.94341961,FALSE,0
Q07351,STP4_YEAST,0.051235244,FALSE,0.000015
Q07508,LUC7_YEAST,-2.1915716,FALSE,0
Q07788,COS7_YEAST,-1.6453731,FALSE,0.000093
Q07844,RIX7_YEAST,-1.3746108,FALSE,0
Q08259,YOL18_YEAST,-1.1155771,FALSE,0.00008
Q08553,SYC1_YEAST,-0.99331563,FALSE,0.000002
Q08920,NCBP2_YEAST,-1.0812403,FALSE,0
Q08985,SAM4_YEAST,-1.0465227,FALSE,0
Q12031,ACEB_YEAST,-1.0866807,FALSE,0
Q12211,PUS1_YEAST,-1.1530241,FALSE,0
Q12218,TIR4_YEAST,0.80484304,TRUE,0.999826
Q12296,MAM3_YEAST,-0.55311117,FALSE,0.525957
Q12375,ORT1_YEAST,-0.89378517,FALSE,0.000001
Q12443,RTN2_YEAST,-1.3374831,FALSE,0.000031
Q12531,YP015_YEAST,-0.82178538,FALSE,0
Q3E775,YJ151_YEAST,-1.2597392,FALSE,0.001726
Q3E808,DGR1_YEAST,-2.5253921,FALSE,0.00008
Q3E813,YL154_YEAST,-2.6076743,FALSE,0
Q7LIF2,YL365_YEAST,-2.64638,FALSE,0.000013
Q99312,ISN1_YEAST,-2.0442452,FALSE,0
Q9ZZW1,Q0182_YEAST,-1.1934057,FALSE,0.00045
P00899,TRPE_YEAST,-1.334941,FALSE,0
P05748,RL15A_YEAST,-3.0792308,FALSE,0
P06105,SC160_YEAST,-0.28423295,FALSE,0.000052
P07172,HIS8_YEAST,-1.2884873,FALSE,0
P08067,UCRI_YEAST,-1.7895415,FALSE,0.000165
P08518,RPB2_YEAST,-1.5604021,FALSE,0
P08536,MET3_YEAST,-1.1722652,FALSE,0.000001
P08566,ARO1_YEAST,-1.0818345,FALSE,0
P0C074,YSF3_YEAST,-2.3375066,FALSE,0
P0C5P2,YK100_YEAST,-1.5966185,FALSE,0.00003
P0CE41,HAP1_YEAST,-0.71098752,FALSE,0
P0CE68,NFT1_YEAST,-1.0736953,FALSE,0.000001
P0CX75,YL13A_YEAST,0.14530008,FALSE,0
P12868,PEP5_YEAST,-1.0609461,FALSE,0
P14737,RAD9_YEAST,-0.99514505,FALSE,0
P15108,HSC82_YEAST,-0.7518117,FALSE,0
P17649,GABAT_YEAST,-0.93999571,FALSE,0.000007
P24719,MEK1_YEAST,-1.6312262,FALSE,0.000001
P24867,PCL1_YEAST,-1.8335761,FALSE,0
P25353,NPP1_YEAST,-0.48241108,FALSE,0
P25620,YCR2_YEAST,-1.8406034,FALSE,0
P25632,RSC6_YEAST,-1.0285188,FALSE,0
P29029,CHIT_YEAST,0.18633631,FALSE,0.99978
P29509,TRXB1_YEAST,-0.44790982,FALSE,0
P29952,MPI_YEAST,-1.215473,FALSE,0
P30283,CGS5_YEAST,-1.4964228,FALSE,0
P31381,FUN26_YEAST,-0.91675988,FALSE,0.000005
P32327,PYC2_YEAST,-1.3731778,FALSE,0
P32386,YBT1_YEAST,-1.3288198,FALSE,0.000005
P32588,PUB1_YEAST,-0.89987656,FALSE,0.000002
P32862,RGT1_YEAST,-0.80712336,FALSE,0
P32906,MNS1_YEAST,-1.2944375,FALSE,0.110781
P32943,CGS6_YEAST,-1.2552142,FALSE,0
P33333,PLSC_YEAST,-1.3516384,FALSE,0.41397
P33767,OSTB_YEAST,-0.97920494,FALSE,0.999683
P34758,SCD5_YEAST,-1.1477227,FALSE,0
P36110,PRY2_YEAST,0.76326469,FALSE,0.99849
P38084,BAP2_YEAST,-1.0923483,FALSE,0
P38158,MAL32_YEAST,-0.67769645,FALSE,0
P38166,SFT2_YEAST,-1.7752744,FALSE,0
P38170,CND2_YEAST,-0.90029392,FALSE,0
P38291,POP7_YEAST,-0.82637147,FALSE,0
P38340,NTM1_YEAST,-1.5788902,FALSE,0
P38892,CRG1_YEAST,-0.69697942,FALSE,0
P39742,SEC72_YEAST,-2.0402793,FALSE,0.000005
P39954,SAHH_YEAST,-1.5743372,FALSE,0
P40151,WRIP1_YEAST,-1.2211164,FALSE,0
P40319,ELO3_YEAST,-0.99686537,FALSE,0.000602
P40355,MNN14_YEAST,-1.4339256,FALSE,0.000027
P40357,SEC9_YEAST,-1.0559992,FALSE,0
P40395,RIC1_YEAST,-1.4430591,FALSE,0
P40455,YIP2_YEAST,-1.4483081,FALSE,0
P40474,QDR2_YEAST,-1.5324071,FALSE,0.000058
P40551,YIB2_YEAST,-1.2154052,FALSE,0.001515
P40851,AXL1_YEAST,-1.2552402,FALSE,0.000032
P43535,GCN20_YEAST,-1.7333337,FALSE,0.000003
P43568,CAK1_YEAST,-1.3930165,FALSE,0
P43572,EPL1_YEAST,-1.4613432,FALSE,0.000098
P43581,HXT10_YEAST,-1.2276284,FALSE,0.000124
P46971,PMT4_YEAST,-1.06342,FALSE,0.000065
P47037,SMC3_YEAST,-1.8671558,FALSE,0
P47176,BCA2_YEAST,-0.91052182,FALSE,0.000001
P53035,MIG2_YEAST,-0.87192578,FALSE,0
P53054,YGZG_YEAST,-0.87233628,FALSE,0
P53107,YRB30_YEAST,-1.0211105,FALSE,0.000005
P53150,XRCC4_YEAST,-1.3956149,FALSE,0
P53507,TOM7_YEAST,-1.9543754,FALSE,0.000011
P53739,FPK1_YEAST,-0.95923098,FALSE,0
P53746,FRE4_YEAST,-1.5024423,FALSE,0.999691
Q00916,RU17_YEAST,-1.5097099,FALSE,0
Q02887,ATG21_YEAST,-0.80017539,FALSE,0
Q03071,ELOC_YEAST,-1.493915,FALSE,0
Q03705,CG121_YEAST,-0.57446179,FALSE,0
Q04235,TYW2_YEAST,-1.520175,FALSE,0
Q04301,VBA1_YEAST,-1.157411,FALSE,0.000026
Q04429,HLR1_YEAST,-0.19690819,FALSE,0
Q06090,RM51_YEAST,-2.2243292,FALSE,0
Q06188,PDP3_YEAST,-1.0913745,FALSE,0
Q06235,YL162_YEAST,-1.6476004,FALSE,0.034144
Q07653,HBT1_YEAST,0.15068259,FALSE,0
Q07824,TPO1_YEAST,-1.199821,FALSE,0.000003
Q08208,NOP12_YEAST,-0.73843908,FALSE,0
Q08422,TMC1_YEAST,-0.53373276,FALSE,0
Q08957,AFT2_YEAST,-0.92764771,FALSE,0
Q08962,NIP7_YEAST,-1.1343332,FALSE,0
Q12067,ATX2_YEAST,-1.441941,FALSE,0.213372
Q12136,SAS10_YEAST,-1.3313136,FALSE,0
Q12153,SSF2_YEAST,-1.7340377,FALSE,0
Q12265,KPR5_YEAST,-0.99196562,FALSE,0
Q12277,RRP42_YEAST,-1.1976797,FALSE,0
Q12282,SPR2_YEAST,-0.39961002,TRUE,0.995421
Q12488,PSF1_YEAST,-2.2703237,FALSE,0
Q12496,YO098_YEAST,-1.1253787,FALSE,0
Q12751,RTP1_YEAST,-1.4114753,FALSE,0
Q2V2Q1,ADF1_YEAST,-1.5753769,FALSE,0
Q3E747,YL363_YEAST,-1.5355495,FALSE,0
Q3E763,YD246_YEAST,-0.94498325,FALSE,0.038263
Q3E7A3,YJ133_YEAST,-1.9542929,FALSE,0
Q8TGT7,YG204_YEAST,-1.0372269,FALSE,0.002812
Q99344,UBA3_YEAST,-0.63988659,FALSE,0
I2HB52,YB56A_YEAST,-0.30732306,FALSE,0.007453
O14467,MBF1_YEAST,-1.1835953,FALSE,0
P07256,QCR1_YEAST,-1.0581294,FALSE,0.000003
P07390,PT494_YEAST,-1.5516416,FALSE,0
P07560,SEC4_YEAST,-0.19883682,FALSE,0
P11154,PYC1_YEAST,-1.4542797,FALSE,0
P14065,GCY1_YEAST,-1.2727536,FALSE,0
P16451,ODPX_YEAST,-0.43979531,FALSE,0
P17157,PHO85_YEAST,-1.4742757,FALSE,0
P19658,EXO70_YEAST,-1.3874818,FALSE,0
P20433,RPB4_YEAST,-2.6644171,FALSE,0
P20676,NUP1_YEAST,-0.066936084,FALSE,0
P22211,NPR1_YEAST,0.30886407,FALSE,0
P22354,RM20_YEAST,-2.0146035,FALSE,0
P25572,YCE2_YEAST,-0.29032578,FALSE,0
P30656,PSB5_YEAST,-1.4515498,FALSE,0
P32266,MGM1_YEAST,-1.5664643,FALSE,0
P32379,PSA5_YEAST,-2.0909239,FALSE,0
P32454,APE2_YEAST,-0.863933,FALSE,0
P32568,SNQ2_YEAST,-0.9698787,FALSE,0.000003
P32639,BRR2_YEAST,-1.4669076,FALSE,0
P32896,PDC2_YEAST,-1.2721464,FALSE,0
P32897,TIM23_YEAST,-1.5495184,FALSE,0.000001
P32945,PPQ1_YEAST,-0.52457374,FALSE,0.000001
P33331,NTF2_YEAST,-1.4404947,FALSE,0
P33550,KTR2_YEAST,-1.4605763,FALSE,0.000001
P33895,NUF2_YEAST,-1.9097072,FALSE,0
P35056,PEX5_YEAST,-1.1696588,FALSE,0
P35180,TOM20_YEAST,-0.38426973,FALSE,0.004794
P35718,RPC8_YEAST,-1.1476778,FALSE,0.000001
P36052,NDUF7_YEAST,-1.0324751,FALSE,0
P36053,ELF1_YEAST,-1.273407,FALSE,0
P36084,MUD2_YEAST,-1.4442109,FALSE,0
P36164,TVP38_YEAST,-0.97816669,FALSE,0.000001
P36517,RM04_YEAST,-1.2772394,FALSE,0
P38110,ATM_YEAST,-0.98921403,FALSE,0
P38139,LDH1_YEAST,-1.8674415,FALSE,0
P38195,ECM13_YEAST,0.91294092,FALSE,0
P38299,YB34_YEAST,-0.91661284,FALSE,0
P38348,HSM3_YEAST,-1.383962,FALSE,0
P38374,YSY6_YEAST,-2.4489343,TRUE,0.000222
P38695,HXT5_YEAST,-0.89999045,FALSE,0
P38776,YHK8_YEAST,-0.7935454,FALSE,0.000003
P38799,YHN8_YEAST,-1.1040411,FALSE,0.989879
P38851,LAM1_YEAST,-1.2944631,FALSE,0
P38853,KEL1_YEAST,-0.57300699,FALSE,0.000001
P38880,MDM31_YEAST,-1.2295372,FALSE,0
P38921,PET8_YEAST,-1.1766648,FALSE,0.000005
P39005,KRE9_YEAST,0.46310727,FALSE,0.999734
P39078,TCPD_YEAST,-1.6142746,FALSE,0
P39712,FLO9_YEAST,1.9491478,TRUE,0.999774
P39933,TF3A_YEAST,-1.4573977,FALSE,0
P40531,GVP36_YEAST,-0.805057,FALSE,0
P40897,OPT1_YEAST,-1.0920146,FALSE,0.000002
P41695,BUB1_YEAST,-1.3032162,FALSE,0.00004
P43560,LAM5_YEAST,-0.93488353,FALSE,0
P47018,MTC1_YEAST,-0.75867653,FALSE,0
P53088,CTU1_YEAST,-1.1506286,FALSE,0
P53116,YGO9_YEAST,-0.82546033,FALSE,0.000415
P53226,BUD9_YEAST,-0.42422492,FALSE,0.00003
P53274,YG36_YEAST,0.1928795,FALSE,0.000001
P53306,GPI1_YEAST,-1.2324143,FALSE,0
P53724,RM50_YEAST,-2.0794604,FALSE,0
P53872,PGA14_YEAST,0.41657838,TRUE,0.999708
P53912,YNN4_YEAST,-0.3749229,FALSE,0
Q03012,SPP1_YEAST,-1.6397919,FALSE,0
Q03020,ISU1_YEAST,-1.1596037,FALSE,0
Q03081,MET31_YEAST,-2.1524434,FALSE,0
Q03730,YMB8_YEAST,-1.2988472,FALSE,0
Q03784,TRS23_YEAST,-0.50067943,FALSE,0.000001
Q03824,INP2_YEAST,-1.6158827,FALSE,0
Q03860,TVP15_YEAST,-1.1877235,FALSE,0
Q04120,TSA2_YEAST,-0.76135458,FALSE,0.000001
Q04487,SHH3_YEAST,-0.74397863,FALSE,0
Q05672,RBS1_YEAST,-1.0511852,FALSE,0.000001
Q05827,HOR7_YEAST,-1.268128,TRUE,0.985487
Q05905,HRI1_YEAST,-1.0846736,FALSE,0
Q06063,DUS4_YEAST,-1.6096046,FALSE,0
Q06108,RGC1_YEAST,-0.66322214,FALSE,0
Q06147,LCB5_YEAST,-0.95879795,FALSE,0
Q06178,NMA1_YEAST,-1.4195619,FALSE,0
Q06218,DBP9_YEAST,-1.8306815,FALSE,0
Q07623,NOP6_YEAST,-1.8298148,FALSE,0
Q07949,PSR2_YEAST,-0.67320627,FALSE,0
Q08023,FMP25_YEAST,-1.4384483,FALSE,0
Q08726,GPN2_YEAST,-0.15371824,FALSE,0.000002
Q12013,AKR2_YEAST,-1.611402,FALSE,0.000001
Q12042,YP162_YEAST,-1.8421116,FALSE,0
Q12048,ATG41_YEAST,0.22778124,FALSE,0
Q12123,DCS2_YEAST,-1.2063412,FALSE,0
Q12275,CRM2_YEAST,-1.1007816,FALSE,0
Q12284,ERV2_YEAST,-1.1540125,FALSE,0.106708
Q12334,SCM3_YEAST,-1.5514815,FALSE,0
Q12362,RIB2_YEAST,-0.98227511,FALSE,0
Q12433,AHC1_YEAST,-1.2239638,FALSE,0
Q12434,GDIR_YEAST,-1.4032497,FALSE,0
Q3E744,YG161_YEAST,-1.4768158,FALSE,0
Q3E7A9,CMC4_YEAST,-1.5927509,FALSE,0
Q3E7Y3,RS22B_YEAST,-1.9790639,FALSE,0
Q99188,RGS2_YEAST,-1.1532852,FALSE,0
A0A0B7P3V8,YP41B_YEAST,-1.0067022,FALSE,0
D6W196,CMC1_YEAST,-0.71699303,FALSE,0
O13563,RPN13_YEAST,-0.81671627,FALSE,0.000243
P01094,IPA3_YEAST,-0.39330782,FALSE,0.000001
P04802,SYDC_YEAST,-1.6881921,FALSE,0
P05318,RLA1_YEAST,-0.89999587,FALSE,0.000035
P07264,LEUC_YEAST,-1.140451,FALSE,0
P07884,MOD5_YEAST,-1.52803,FALSE,0
P0CX30,RS23B_YEAST,-1.7953867,FALSE,0
P0CX57,YA11A_YEAST,0.14666001,FALSE,0
P12612,TCPA_YEAST,-1.3541274,FALSE,0.000037
P14724,CDC26_YEAST,-0.85117593,FALSE,0
P16370,RPB3_YEAST,-0.99002884,FALSE,0.00017
P18411,FUN14_YEAST,-2.0393853,FALSE,0.000006
P22515,UBA1_YEAST,-0.926349,FALSE,0
P22516,CHL1_YEAST,-0.87329537,FALSE,0
P23900,FPS1_YEAST,-1.3557936,FALSE,0
P24276,SSD1_YEAST,-1.4508264,FALSE,0
P25373,GLRX1_YEAST,-1.4684774,FALSE,0
P25580,PBN1_YEAST,-0.96535019,FALSE,0.000004
P26263,PDC6_YEAST,-1.3596104,FALSE,0.000002
P27999,RPB9_YEAST,-0.91470044,FALSE,0.000002
P30775,RF1M_YEAST,-1.446724,FALSE,0
P31688,TPS2_YEAST,-1.3455719,FALSE,0
P32333,BTAF1_YEAST,-1.7893864,FALSE,0
P32458,CDC11_YEAST,-1.8303083,FALSE,0.000051
P32502,EI2BB_YEAST,-1.1364698,FALSE,0
P34215,YBZ4_YEAST,-1.1137823,FALSE,0
P36016,LHS1_YEAST,-1.1521891,FALSE,0.327633
P36038,CBT1_YEAST,-1.642235,FALSE,0
P36100,T2EA_YEAST,-1.7593491,FALSE,0.00009
P36166,PXL1_YEAST,-0.54344752,FALSE,0
P36775,LONM_YEAST,-0.90368774,FALSE,0
P37299,QCR10_YEAST,-1.3666185,FALSE,0.000017
P38114,TBS1_YEAST,-1.3094457,FALSE,0
P38142,YB91_YEAST,-1.2273861,FALSE,0.000005
P38202,YBC8_YEAST,-1.3230475,FALSE,0
P38319,TYDP1_YEAST,-1.4010025,FALSE,0
P38330,RMD9L_YEAST,-1.3887129,FALSE,0.000001
P38796,PPME1_YEAST,-1.2256991,FALSE,0
P38843,CHS7_YEAST,-0.92332426,FALSE,0.001008
P38872,ADY1_YEAST,-0.50975585,FALSE,0
P39534,MBB1_YEAST,-1.1765959,FALSE,0
P39709,SEO1_YEAST,-1.1018464,FALSE,0
P39943,MIG3_YEAST,-1.0032526,FALSE,0
P39961,TOG1_YEAST,-1.5443165,FALSE,0
P40019,CHZ1_YEAST,-1.0246852,FALSE,0
P40094,COG3_YEAST,-0.90109892,FALSE,0
P40098,FMP10_YEAST,-0.719016,FALSE,0.000451
P40434,YIR7_YEAST,-0.85861765,FALSE,0
P40494,PRK1_YEAST,-1.6226651,FALSE,0
P40885,HXT9_YEAST,-0.86383846,FALSE,0.000334
P42839,VNX1_YEAST,-1.1930057,FALSE,0
P42840,YN60_YEAST,-1.2201669,FALSE,0.000156
P42843,SKP2_YEAST,-1.4039736,FALSE,0.000052
P43561,FET5_YEAST,-1.3023333,FALSE,0.999698
P46955,NCA3_YEAST,0.54924758,FALSE,0.99969
P47053,YJE3_YEAST,-1.3740432,FALSE,0
P47074,MAD3_YEAST,-1.797323,FALSE,0
P47116,PTK2_YEAST,-1.0569938,FALSE,0
P48353,HLJ1_YEAST,-0.88760761,FALSE,0
P48525,SYEM_YEAST,-1.8146214,FALSE,0.000001
P53009,SCY1_YEAST,-0.64589712,FALSE,0
P53151,YGI8_YEAST,-1.6628636,FALSE,0.000145
P53153,LCL3_YEAST,-1.80657,FALSE,0.000409
P53195,COG7_YEAST,-0.46671532,FALSE,0
P53225,YG1R_YEAST,-2.2208322,FALSE,0.026269
P53229,YG1V_YEAST,-0.79536628,FALSE,0.00007
P53388,DIP5_YEAST,-1.1865501,FALSE,0.000001
P53834,HCH1_YEAST,-0.87161621,FALSE,0.000005
P53868,ALG9_YEAST,-1.5346843,FALSE,0.973991
P53943,AQR1_YEAST,-1.0083562,FALSE,0
P87284,PMP3_YEAST,-1.6910152,FALSE,0
Q02630,NU116_YEAST,-0.88465214,FALSE,0
Q03018,ESP1_YEAST,-1.227958,FALSE,0
Q03195,RLI1_YEAST,-1.2326085,FALSE,0.000001
Q03656,SKY1_YEAST,-1.0458104,FALSE,0
Q03787,YD249_YEAST,-1.0729219,FALSE,0
Q04172,SHE9_YEAST,-1.5226868,FALSE,0
Q04711,YM11B_YEAST,-0.39920797,FALSE,0
Q06146,YL257_YEAST,-0.21332263,FALSE,0.000001
Q06156,CND1_YEAST,-1.4307935,FALSE,0
Q06494,PLR1_YEAST,-0.9401506,FALSE,0
Q07471,THI3_YEAST,-1.1300819,FALSE,0.000003
Q08223,AIM39_YEAST,-1.3197181,FALSE,0
Q08227,INP54_YEAST,-1.3962406,FALSE,0
Q08229,NBA1_YEAST,-0.40493702,FALSE,0
Q08409,AUS1_YEAST,-1.1525653,FALSE,0.000002
Q08484,GYP1_YEAST,-0.85916968,FALSE,0
Q08748,YO296_YEAST,-1.2089824,FALSE,0.000649
Q12004,TFB4_YEAST,-1.6515702,FALSE,0.000001
Q12156,AIM7_YEAST,-0.61962086,FALSE,0
Q12250,RPN5_YEAST,-1.6518891,FALSE,0
Q12398,HMS1_YEAST,-0.44649096,FALSE,0.000006
Q12477,PCL9_YEAST,-1.5650346,FALSE,0
Q12483,SNF8_YEAST,-1.4453659,FALSE,0
Q3E750,YG41B_YEAST,-0.74158196,FALSE,0.000002
Q8TGS6,YM242_YEAST,-2.3873402,FALSE,0.000025
Q99234,DFG16_YEAST,-1.2696445,FALSE,0.773912
Q99271,NAH1_YEAST,-1.5496557,FALSE,0
A5Z2X5,YP010_YEAST,-1.2471999,FALSE,0.000356
P00420,COX3_YEAST,-1.3835682,FALSE,0.000004
P07258,CARA_YEAST,-0.62822065,FALSE,0
P10080,SSBP1_YEAST,-0.75414151,FALSE,0.000001
P11914,MPPA_YEAST,-1.8029746,FALSE,0
P11927,KAR1_YEAST,-1.4275613,FALSE,0
P13134,KEX2_YEAST,-0.61226693,FALSE,0.998855
P21672,RIR3_YEAST,-1.3124538,FALSE,0.000001
P22216,RAD53_YEAST,-1.4774306,FALSE,0
P22353,RM08_YEAST,-2.0638807,FALSE,0
P22943,HSP12_YEAST,0.095431182,FALSE,0.000001
P25342,CDC10_YEAST,-1.5780759,FALSE,0
P25573,MGR1_YEAST,-1.2184197,FALSE,0.000384
P25616,CTO1_YEAST,-0.59918807,FALSE,0.000812
P25635,PWP2_YEAST,-0.99708702,FALSE,0
P29056,TF3B_YEAST,-1.5637972,FALSE,0.000005
P32335,MSS51_YEAST,-1.2633025,FALSE,0
P32347,DCUP_YEAST,-1.753317,FALSE,0
P32452,PHA2_YEAST,-1.4104009,FALSE,0.000001
P32660,ATC5_YEAST,-1.3399361,FALSE,0
P32768,FLO1_YEAST,1.98434,TRUE,0.999709
P32832,RSC7_YEAST,-1.1097894,FALSE,0.000001
P34228,SEF1_YEAST,-0.98959943,FALSE,0
P34244,HSL1_YEAST,-0.97003853,FALSE,0
P35190,CLG1_YEAST,-0.86293055,FALSE,0
P36066,MGR3L_YEAST,-1.9540526,FALSE,0.000039
P36136,SHB17_YEAST,-1.5045621,FALSE,0
P36160,RPF2_YEAST,-1.6713169,FALSE,0
P37012,PGM2_YEAST,-0.64629538,FALSE,0
P38199,HEK2_YEAST,-1.3424425,FALSE,0
P38351,PAF1_YEAST,-1.2148193,FALSE,0
P38604,ERG7_YEAST,-1.0432331,FALSE,0
P38746,YLF2_YEAST,-1.8351113,FALSE,0.000003
P38850,RT107_YEAST,-0.87747639,FALSE,0.300639
P38878,LNP_YEAST,-0.99920027,FALSE,0.000259
P39008,POP2_YEAST,-0.80119086,FALSE,0.000001
P39992,YEC3_YEAST,-0.93681451,FALSE,0
P40028,YEN1_YEAST,-1.5209388,FALSE,0
P40071,TMN3_YEAST,-1.1657537,FALSE,0.018688
P40074,AVT6_YEAST,-1.560723,FALSE,0
P40212,RL13B_YEAST,-2.1588379,FALSE,0
P40496,RT25_YEAST,-1.7924363,FALSE,0
P40955,CHS6_YEAST,-1.1737901,FALSE,0
P47005,DAS1_YEAST,-1.5459886,FALSE,0
P47045,TIM54_YEAST,-1.1726503,FALSE,0.000013
P47144,ECM27_YEAST,-1.5724156,FALSE,0.000001
P47182,AAD10_YEAST,-1.4598814,FALSE,0.000003
P52286,SKP1_YEAST,-1.774162,FALSE,0.000001
P52489,KPYK2_YEAST,-1.5131991,FALSE,0
P53008,CWH41_YEAST,-1.3562838,FALSE,0.821943
P53255,DRN1_YEAST,-0.96029206,FALSE,0
P53733,RT19_YEAST,-1.8608204,FALSE,0
P53742,NOG2_YEAST,-1.9727741,FALSE,0
P53908,YNO3_YEAST,-0.58861176,FALSE,0.001009
P80235,CACM_YEAST,-1.2587436,FALSE,0
P9WEJ4,YF035_YEAST,-1.5352795,FALSE,0.000022
Q00362,2ABA_YEAST,-0.77657155,FALSE,0
Q00381,AP2S_YEAST,-2.080906,FALSE,0
Q00416,SEN1_YEAST,-1.4085576,FALSE,0.000317
Q00711,SDHA_YEAST,-1.25383,FALSE,0
Q02932,KA120_YEAST,-1.6222383,FALSE,0.000171
Q02939,TFB2_YEAST,-1.536859,FALSE,0
Q02959,HOS3_YEAST,-1.0733171,FALSE,0
Q02983,RRN5_YEAST,-2.3944689,FALSE,0
Q03322,TLG1_YEAST,-2.0603321,FALSE,0
Q03375,CWC21_YEAST,-2.0977393,FALSE,0
Q03482,CTPP2_YEAST,-1.6855748,FALSE,0.00098
Q04231,RAD33_YEAST,-1.1272158,FALSE,0
Q04233,GIS4_YEAST,0.10449392,FALSE,0.000879
Q04751,NAA40_YEAST,-1.4672596,FALSE,0
Q04969,SPC2_YEAST,-0.94321623,FALSE,0.000015
Q05937,STP3_YEAST,-0.42602763,FALSE,0
Q06179,FMP27_YEAST,-1.0866708,FALSE,0.00563
Q06385,VPS74_YEAST,-1.7148617,FALSE,0.00365
Q06436,MAG2_YEAST,-0.82747883,FALSE,0
Q06636,GPI11_YEAST,-1.0544347,FALSE,0.000097
Q06673,ECM30_YEAST,-0.71590986,FALSE,0
Q07350,PRP11_YEAST,-1.834379,FALSE,0
Q07896,NOC3_YEAST,-1.958572,FALSE,0
Q08474,VAM10_YEAST,-0.24932452,FALSE,0.000009
Q08579,THI72_YEAST,-0.8031275,FALSE,0.000123
Q08649,ESA1_YEAST,-1.6569624,FALSE,0
Q08760,RAX1_YEAST,-1.9855635,FALSE,0
Q08914,HSP33_YEAST,-0.2902173,FALSE,0
Q12019,MDN1_YEAST,-0.85830012,FALSE,0.000095
Q12143,NSL1_YEAST,-1.463587,FALSE,0
Q12168,ENG2_YEAST,-0.48094418,FALSE,0
Q12172,YRR1_YEAST,-1.329282,FALSE,0
Q12272,TPT1_YEAST,-1.258618,FALSE,0
Q12328,TIM22_YEAST,-1.1729508,FALSE,0.000079
Q12392,YD21A_YEAST,-0.84731413,FALSE,0
Q12393,GEP5_YEAST,-1.4112737,FALSE,0
Q12396,EMP46_YEAST,-1.6084997,FALSE,0.711748
Q12404,MPD1_YEAST,-0.97752333,FALSE,0.999748
Q12418,GIS3_YEAST,-1.2943289,FALSE,0.000005
Q12469,SKM1_YEAST,-1.6222419,FALSE,0
Q12697,YPK9_YEAST,-1.0626496,FALSE,0.000001
Q2V2P6,YG194_YEAST,-2.1713516,FALSE,0.000006
Q3E838,YF012_YEAST,-2.3103625,FALSE,0.00001
Q6WNK7,SUS1_YEAST,-1.3909232,FALSE,0
A0A0B7P221,RDT1_YEAST,-1.5589469,FALSE,0.000108
P00724,INV2_YEAST,-0.90739115,FALSE,0.999755
P03873,MBI2_YEAST,-1.2333489,FALSE,0.000013
P04147,PABP_YEAST,-0.77869123,FALSE,0.000006
P06169,PDC1_YEAST,-1.4658368,FALSE,0
P06704,CDC31_YEAST,-1.9004367,FALSE,0
P06781,RHO2_YEAST,-1.134794,FALSE,0
P0CX77,ASP22_YEAST,-0.26784283,FALSE,0.999706
P17261,ERS1_YEAST,-1.744012,FALSE,0
P17536,TPM1_YEAST,-0.57516614,FALSE,0
P17967,PDI_YEAST,-0.80904533,FALSE,0.999652
P19524,MYO2_YEAST,-1.5095563,FALSE,0
P20606,SAR1_YEAST,-2.4807312,FALSE,0
P21304,PWP1_YEAST,-1.0478002,FALSE,0
P22135,ATP12_YEAST,-1.4808638,FALSE,0
P23503,NAR1_YEAST,-1.6977506,FALSE,0.000003
P25299,RNA15_YEAST,-1.662089,FALSE,0
P25340,ERG4_YEAST,-1.1263203,FALSE,0.000064
P25491,MAS5_YEAST,-1.3479275,FALSE,0
P32776,TFB1_YEAST,-1.1397955,FALSE,0
P32893,TRS65_YEAST,-1.6403875,FALSE,0
P35198,MTH1_YEAST,-1.2286245,FALSE,0
P36152,DRE2_YEAST,0.16667206,FALSE,0.000023
P36520,RM10_YEAST,-1.9556259,FALSE,0.000337
P36533,RM39_YEAST,-3.2473936,FALSE,0
P38041,BOI1_YEAST,-0.44564049,FALSE,0
P38082,NRG2_YEAST,-0.93006451,FALSE,0
P38111,ATR_YEAST,-1.5409663,FALSE,0
P38162,MIX23_YEAST,-1.3801827,FALSE,0
P38205,NCL1_YEAST,-1.5142068,FALSE,0.000001
P38243,YBS1_YEAST,-1.1309532,FALSE,0
P38555,YPT31_YEAST,0.43233813,FALSE,0
P38630,RFC1_YEAST,-1.1834771,FALSE,0
P38711,RS27B_YEAST,-1.7246907,FALSE,0.000139
P38733,YHD7_YEAST,-1.3591178,FALSE,0.932894
P38738,OCA5_YEAST,-1.1055853,FALSE,0
P38741,RIM4_YEAST,-0.53118086,FALSE,0
P38865,CTR2_YEAST,-0.74919816,FALSE,0.000001
P39014,MET30_YEAST,-0.99888717,FALSE,0
P39977,YEH8_YEAST,-1.3761996,FALSE,0.999699
P39987,HSP7E_YEAST,-0.90000055,FALSE,0
P40204,RUXG_YEAST,-1.5335344,FALSE,0
P40453,UBP7_YEAST,-1.1024389,FALSE,0
P40480,HOS4_YEAST,-1.0633261,FALSE,0
P40502,AIM19_YEAST,-1.2689412,FALSE,0
P40968,PRP17_YEAST,-1.1478812,FALSE,0
P43583,BLM10_YEAST,-1.240408,FALSE,0
P43607,RRT5_YEAST,-0.6606667,FALSE,0
P43612,SA155_YEAST,-1.0781546,FALSE,0
P47055,LOH1_YEAST,-0.85823193,FALSE,0.540984
P47056,IRC18_YEAST,-1.5216383,TRUE,0.999735
P47127,AIM24_YEAST,-1.3220433,FALSE,0.000001
P47178,DAN1_YEAST,0.49308265,TRUE,0.999731
P48562,CLA4_YEAST,-1.3070754,FALSE,0.000002
P48563,MON2_YEAST,-1.3019296,FALSE,0
P49955,SF3B1_YEAST,-1.6657217,FALSE,0
P50109,PSP2_YEAST,-1.0169193,FALSE,0
P50111,ZDS1_YEAST,-1.0376843,FALSE,0
P53046,ROM1_YEAST,-1.445649,FALSE,0
P53060,RMR1_YEAST,-1.5523035,FALSE,0.000001
P53089,YGV4_YEAST,-2.2308137,FALSE,0
P53100,YGT5_YEAST,-1.8311422,FALSE,0
P53111,ARI1_YEAST,-0.97295923,FALSE,0
P53202,CUL3_YEAST,-1.185232,FALSE,0.000004
P53244,ART5_YEAST,-1.3828243,FALSE,0.00003
P53718,NRM1_YEAST,-0.63315295,FALSE,0.000002
P53822,COS1_YEAST,-1.7225652,FALSE,0.000082
P53907,YNO4_YEAST,-0.77177489,FALSE,0.000014
P53955,SLM2_YEAST,-0.78777121,FALSE,0
P53975,YNB9_YEAST,-0.68318866,FALSE,0.999764
P54837,TMEDA_YEAST,-1.9080457,FALSE,0.999764
P69771,DID2_YEAST,-1.4069676,FALSE,0
Q00684,CDC14_YEAST,-1.2025596,FALSE,0
Q02196,KAPS_YEAST,-1.1746367,FALSE,0
Q02326,RL6A_YEAST,-1.6374273,FALSE,0
Q02457,TBF1_YEAST,-1.6699027,FALSE,0
Q02826,YP080_YEAST,-1.3226684,FALSE,0.000001
Q03085,SRL4_YEAST,-1.1887137,FALSE,0.000002
Q03151,MTG1_YEAST,-1.6536078,FALSE,0
Q04516,AIM33_YEAST,-1.3606969,FALSE,0
Q05521,DPP1_YEAST,-1.9316283,FALSE,0.000004
Q05930,MDM30_YEAST,-1.1828707,FALSE,0
Q05998,THI7_YEAST,-1.0433639,FALSE,0.000103
Q06493,YLH47_YEAST,-1.7581917,FALSE,0
Q07468,VAM6_YEAST,-1.1677833,FALSE,0
Q08172,YO024_YEAST,-0.95592382,FALSE,0
Q12008,PMG2_YEAST,-1.927957,FALSE,0
Q12032,AIM41_YEAST,-1.4191998,FALSE,0
Q12036,PPT2_YEAST,-1.3779279,FALSE,0
Q12093,MTU1_YEAST,-0.87798556,FALSE,0
Q12283,FABD_YEAST,-0.58308931,FALSE,0
Q12491,YB21B_YEAST,-0.43844047,FALSE,0
Q12511,PDP1_YEAST,-0.95441581,FALSE,0.000102
Q12754,RRP12_YEAST,-1.2913909,FALSE,0.000001
Q3E792,RS25A_YEAST,-1.8540655,FALSE,0
Q3E7B7,YD85C_YEAST,-1.9904104,FALSE,0
Q8TGM6,TAR1_YEAST,-0.90455801,FALSE,0.000006
Q8TGS7,YM182_YEAST,-1.8419132,FALSE,0.081511
Q8TGT3,YJ77B_YEAST,-2.7170212,FALSE,0.000006
Q96VH2,YC01B_YEAST,-1.2635128,FALSE,0
O13527,YA11B_YEAST,-0.40796245,FALSE,0.000014
P00854,ATP6_YEAST,-1.256794,FALSE,0.000006
P02400,RLA4_YEAST,-1.97248,FALSE,0.000001
P05066,PHR_YEAST,-0.89625897,FALSE,0
P07257,QCR2_YEAST,-1.5027298,FALSE,0
P09733,TBA1_YEAST,-1.3574571,FALSE,0
P0C5L6,YD022_YEAST,-1.2466052,FALSE,0.000109
P0CT04,IPB2_YEAST,-0.67893177,FALSE,0
P0CX79,ASP24_YEAST,-0.26784283,FALSE,0.999706
P0CY09,HMAL2_YEAST,-0.7260659,FALSE,0
P0CY13,HMRA2_YEAST,-1.285663,FALSE,0
P11978,SIR4_YEAST,-0.057941832,FALSE,0
P12866,STE6_YEAST,-1.2905779,FALSE,0.000079
P14905,CBP7_YEAST,-1.4708737,FALSE,0
P20435,RPAB2_YEAST,-0.54804639,FALSE,0
P21190,IME1_YEAST,-0.046619276,FALSE,0
P23301,IF5A1_YEAST,-0.91760812,FALSE,0
P25380,SPS22_YEAST,-1.1783935,TRUE,0.999685
P27616,PUR7_YEAST,-0.60395657,FALSE,0.000002
P32633,MTC7_YEAST,-1.0953848,FALSE,0.000004
P32831,NGR1_YEAST,-0.81603104,FALSE,0
P33750,DCA13_YEAST,-1.0651491,FALSE,0
P34164,SIP2_YEAST,-0.12700017,FALSE,0
P34167,IF4B_YEAST,-1.4777719,FALSE,0.000001
P35193,ATG19_YEAST,-0.71753235,FALSE,0.000001
P36115,IRS4_YEAST,-1.24767,FALSE,0.000001
P37296,VPP2_YEAST,-1.5727791,FALSE,0
P38145,RISA_YEAST,-0.76949242,FALSE,0.000229
P38150,YB9Z_YEAST,-1.3834733,FALSE,0.000001
P38217,IMB2_YEAST,-1.4391062,FALSE,0
P38250,IST2_YEAST,-0.34241588,FALSE,0
P38331,YB92_YEAST,-1.3132898,FALSE,0
P38778,SMF2_YEAST,-1.2869497,FALSE,0.000062
P38927,REV7_YEAST,-0.62035575,FALSE,0.000007
P39676,FHP_YEAST,-1.0486344,FALSE,0
P39978,YEH7_YEAST,-0.13467864,FALSE,0.000016
P39981,AVT2_YEAST,-0.93411091,FALSE,0
P40066,GLE2_YEAST,-0.71755755,FALSE,0.000782
P40083,YEW7_YEAST,-0.94895499,FALSE,0
P40092,SPI1_YEAST,-0.015418936,TRUE,0.999368
P40103,YE18_YEAST,-0.57592614,FALSE,0.74343
P40326,YG5N_YEAST,-2.0068661,FALSE,0
P40442,CSS1_YEAST,1.4362882,FALSE,0.99852
P40505,SDS3_YEAST,-1.3500071,FALSE,0
P40555,PSMD9_YEAST,-1.9864412,FALSE,0
P40574,YAP5_YEAST,-2.0782629,FALSE,0
P40825,SYA_YEAST,-1.1673381,FALSE,0
P41318,LST8_YEAST,-0.908376,FALSE,0.000006
P45978,SCD6_YEAST,-0.21789102,FALSE,0
P46669,RPA43_YEAST,-0.35299164,FALSE,0.000001
P46675,STU2_YEAST,-1.3158331,FALSE,0
P47179,DAN4_YEAST,2.138633,TRUE,0.992912
P48527,SYYM_YEAST,-2.0122376,FALSE,0
P48560,TOS6_YEAST,0.99864049,TRUE,0.999726
P48565,PALH_YEAST,-1.2942671,FALSE,0.000002
P49095,GCSP_YEAST,-1.2269462,FALSE,0
P50088,SPG1_YEAST,-1.2615625,FALSE,0.001873
P53279,FHN1_YEAST,-2.1358334,FALSE,0
P53600,COPZ_YEAST,-1.8826307,FALSE,0.000001
P53688,HST4_YEAST,-1.4191807,FALSE,0
P53691,PPID_YEAST,-1.175189,FALSE,0
P53858,BNI4_YEAST,-0.24081677,FALSE,0
P53861,ELOA1_YEAST,-1.3108438,FALSE,0
P53894,CBK1_YEAST,-1.320632,FALSE,0
P53913,FYV6_YEAST,-0.68482669,FALSE,0
P54857,TGL2_YEAST,-0.90657509,FALSE,0
P89102,SEC5_YEAST,-1.0678204,FALSE,0
Q01802,AATM_YEAST,-1.5444691,FALSE,0
Q02685,RMI1_YEAST,-1.3608235,FALSE,0
Q02784,GLRX5_YEAST,-1.2796634,FALSE,0
Q03218,MMT1_YEAST,-1.3752972,FALSE,0
Q03370,PEX29_YEAST,-1.3877225,FALSE,0.000002
Q04226,TAF11_YEAST,-1.0930342,FALSE,0.000001
Q04396,LPP1_YEAST,-1.5958856,FALSE,0.000001
Q04477,SPC24_YEAST,-2.3487759,FALSE,0
Q04922,MFB1_YEAST,-1.267626,FALSE,0.000002
Q06139,CIS1_YEAST,-0.99819557,FALSE,0
Q06707,SWC7_YEAST,-1.8313265,FALSE,0.999752
Q07084,SSK1_YEAST,-0.59947728,FALSE,0
Q07800,PSR1_YEAST,-0.89723982,FALSE,0.000002
Q08144,TLG2_YEAST,-1.6311579,FALSE,0
Q08412,CUE5_YEAST,-0.71345174,FALSE,0
Q08929,GUP2_YEAST,-1.6945236,FALSE,0.162919
Q08965,BMS1_YEAST,-1.5935,FALSE,0
Q12051,GGPPS_YEAST,-1.483021,FALSE,0
Q12246,LCB4_YEAST,-0.75735024,FALSE,0
Q12255,NYV1_YEAST,-0.33317438,FALSE,0
Q12305,RDL1_YEAST,-0.25734487,FALSE,0
Q12494,KCS1_YEAST,-0.98180658,FALSE,0
Q12529,SET6_YEAST,-1.0097975,FALSE,0.000007
Q12691,ATN5_YEAST,-1.0880862,FALSE,0.000032
Q12745,SEC39_YEAST,-1.476674,FALSE,0
Q3E7B2,COA3_YEAST,-1.4254032,FALSE,0.00001
Q3E843,YM58C_YEAST,0.23533418,FALSE,0.000021
Q6Q5K6,HUG1_YEAST,-1.7173898,FALSE,0
Q7M4S9,YB113_YEAST,-0.40106932,FALSE,0
Q8TGJ0,YO394_YEAST,-1.4518607,FALSE,0.000028
Q8TGK6,YA067_YEAST,-1.4737023,FALSE,0.000001
Q9ZZV8,Q0297_YEAST,-1.2732705,FALSE,0
Q9ZZW4,Q0142_YEAST,-2.69658,FALSE,0
O13577,DIF1_YEAST,-1.2147952,FALSE,0
O60200,MDM35_YEAST,-1.2199702,FALSE,0.000001
P00924,ENO1_YEAST,-0.69803632,FALSE,0
P03876,AI2M_YEAST,-1.7678541,FALSE,0.000001
P06104,UBC2_YEAST,-1.3568224,FALSE,0
P06115,CATT_YEAST,-0.66759951,FALSE,0
P07149,FAS1_YEAST,-1.3323752,FALSE,0.000005
P09932,HO_YEAST,-1.3687443,FALSE,0.000091
P0C5L4,YB121_YEAST,-1.0909546,FALSE,0.000006
P14693,SAM35_YEAST,-1.6419393,FALSE,0
P15938,PRP16_YEAST,-1.4733224,FALSE,0
P17423,KHSE_YEAST,-1.4680678,FALSE,0.000022
P19955,KGD4_YEAST,-0.60476383,FALSE,0
P20133,PGTB2_YEAST,-1.1747377,FALSE,0
P21957,OPI1_YEAST,-1.5301777,FALSE,0.000986
P23285,CYPB_YEAST,-0.76844764,FALSE,0.999712
P25555,GBP2_YEAST,-1.2129214,FALSE,0
P25567,SRO9_YEAST,-1.0579215,FALSE,0
P26570,PPZ1_YEAST,-0.75933497,FALSE,0
P28495,CAPZA_YEAST,-0.50795783,FALSE,0
P28778,RT06_YEAST,-1.5964647,FALSE,0
P31374,PSK1_YEAST,-1.030771,FALSE,0
P32323,AGA1_YEAST,2.504306,TRUE,0.999762
P32329,YPS1_YEAST,-0.28903232,TRUE,0.211298
P32591,SWI3_YEAST,-1.2963198,FALSE,0.000001
P32597,STH1_YEAST,-1.8298665,FALSE,0.000082
P33399,LHP1_YEAST,-1.280128,FALSE,0
P33448,TOM6_YEAST,-1.42263,FALSE,0.000019
P36029,TPO5_YEAST,-1.2016129,FALSE,0.000648
P36069,PMU1_YEAST,-1.9781531,FALSE,0
P36172,VBA5_YEAST,-1.2358041,FALSE,0.000047
P38121,DPOA2_YEAST,-1.044426,FALSE,0
P38127,RIM2_YEAST,-1.6990105,FALSE,0.000325
P38176,AVT5_YEAST,-1.2077674,TRUE,0
P38198,STU1_YEAST,-1.0598997,FALSE,0.000124
P38270,ATG14_YEAST,-2.1247943,FALSE,0
P38765,YHI9_YEAST,-0.83232232,FALSE,0.000001
P38855,PEX18_YEAST,-1.1630835,FALSE,0
P39985,DPO5_YEAST,-1.6268068,FALSE,0.000014
P40310,TOK1_YEAST,-1.1398592,FALSE,0
P40470,RRT14_YEAST,-1.1649567,FALSE,0
P40577,MND2_YEAST,-1.3605753,FALSE,0.000002
P40856,SA185_YEAST,-1.1729686,FALSE,0
P41800,MMM1_YEAST,-1.1932732,FALSE,0
P41814,TRM6_YEAST,-1.1367653,FALSE,0
P42900,SLS1_YEAST,-0.97658755,FALSE,0
P43554,SWP82_YEAST,-1.7848322,FALSE,0
P46676,SUM1_YEAST,-0.89280944,FALSE,0.000001
P48561,TRF5_YEAST,-1.2424002,FALSE,0
P48582,BRO1_YEAST,-1.0651214,FALSE,0
P53114,MED5_YEAST,-0.96661998,FALSE,0
P53166,MRH4_YEAST,-1.5002537,FALSE,0
P53174,PRM8_YEAST,-1.3192809,FALSE,0.000133
P53438,SOK2_YEAST,0.4679774,FALSE,0
P53549,PRS10_YEAST,-1.5238961,FALSE,0.000001
P53748,YN91_YEAST,-1.5531468,FALSE,0
P53819,YRF16_YEAST,-1.2023708,FALSE,0
P54072,YL152_YEAST,-1.1127159,FALSE,0.000133
P54791,ORC4_YEAST,-1.021091,FALSE,0
P87012,YC01A_YEAST,-1.83256,FALSE,0.000001
P87287,YD366_YEAST,-1.5902916,FALSE,0.000031
Q00816,REG1_YEAST,-0.46689381,FALSE,0.000005
Q02771,PT117_YEAST,-2.294734,FALSE,0.07765
Q02785,PDR12_YEAST,-1.4255546,FALSE,0
Q02821,IMA1_YEAST,-1.2603431,FALSE,0
Q03483,YD22A_YEAST,-0.68255155,FALSE,0
Q03785,VHS1_YEAST,0.030693652,FALSE,0
Q03937,HED1_YEAST,-1.3416478,FALSE,0
Q04307,RPC10_YEAST,-1.3575569,FALSE,0.000001
Q04336,YM54_YEAST,-1.2336508,FALSE,0.000002
Q04431,ZWINT_YEAST,-1.4169623,FALSE,0
Q04533,METX_YEAST,-1.5200089,FALSE,0
Q05131,RCH1_YEAST,-1.5087723,FALSE,0.000002
Q05777,NCW2_YEAST,1.4489534,TRUE,0.99937
Q05863,YL281_YEAST,-2.5260693,FALSE,0
Q06116,HOB2_YEAST,-1.1480073,FALSE,0
Q06150,BOP2_YEAST,-0.99211186,FALSE,0
Q06350,CHI2_YEAST,-1.6711909,FALSE,0.000002
Q06671,ATG23_YEAST,-1.4219513,FALSE,0
Q06685,VIP1_YEAST,-1.1753735,FALSE,0
Q07458,RXT3_YEAST,-0.81432656,FALSE,0
Q07540,FRDA_YEAST,-1.1199542,FALSE,0
Q07541,EXP1_YEAST,-1.6004701,FALSE,0.001036
Q08900,YOR76_YEAST,-1.642081,FALSE,0.002778
Q08921,TCO89_YEAST,-0.88677922,FALSE,0
Q08926,UIP4_YEAST,-0.6195805,FALSE,0
Q08931,PRM3_YEAST,0.13866641,FALSE,0
Q12028,AP1G1_YEAST,-1.3563245,FALSE,0
Q12088,YL11B_YEAST,-0.45466637,FALSE,0
Q12173,YG31A_YEAST,-1.48161,FALSE,0
Q12461,PTPA2_YEAST,-1.5279376,FALSE,0
Q12502,LDB19_YEAST,-1.0951248,FALSE,0.000008
Q2V2P3,YK023_YEAST,-1.3124681,FALSE,0.0001
Q3E757,RL11B_YEAST,-1.4627837,FALSE,0
Q3E770,PAU9_YEAST,-1.0341012,FALSE,0.999571
Q3E7A5,YO16W_YEAST,-0.32631581,FALSE,0.000099
Q3E7B0,YE053_YEAST,-1.554853,FALSE,0
Q3E802,YG006_YEAST,-2.06631,FALSE,0.001904
Q99326,YO338_YEAST,-2.1834569,FALSE,0
Q99359,RAD61_YEAST,-1.4374364,FALSE,0
P00546,CDK1_YEAST,-1.8262077,FALSE,0
P00942,TPIS_YEAST,-0.76417963,FALSE,0
P04803,SYWM_YEAST,-0.77780297,FALSE,0
P04840,VDAC1_YEAST,-1.2137473,FALSE,0.000002
P05453,ERF3_YEAST,-1.3334573,FALSE,0
P07170,KAD2_YEAST,-1.8999149,FALSE,0
P07806,SYV_YEAST,-1.0869136,FALSE,0
P09440,C1TM_YEAST,-0.88301694,FALSE,0
P0CX35,RS4A_YEAST,-1.5266425,FALSE,0
P0CX48,RS11B_YEAST,-0.74899369,FALSE,0
P0CX85,RL35B_YEAST,-1.8432317,FALSE,0
P0CY03,YL15A_YEAST,-0.01436949,FALSE,0.000184
P10834,PET54_YEAST,-1.3037402,FALSE,0
P11412,G6PD_YEAST,-1.1669348,FALSE,0
P11972,SST2_YEAST,-0.6014206,FALSE,0.000043
P12753,RAD50_YEAST,-1.2231237,FALSE,0
P14922,CYC8_YEAST,-1.2701637,FALSE,0
P17891,CLC1_YEAST,-0.76256139,FALSE,0
P23369,RM25_YEAST,-1.3731654,FALSE,0
P25566,MXR2_YEAST,-1.4559801,FALSE,0
P30657,PSB7_YEAST,-1.1419715,FALSE,0
P32317,AFG1_YEAST,-0.95461162,FALSE,0
P32435,MFAL2_YEAST,-1.69851,FALSE,0.999733
P32774,T2AG_YEAST,-1.3701598,FALSE,0
P32849,RAD5_YEAST,-1.4298515,FALSE,0
P33329,PPZ2_YEAST,-1.2805357,FALSE,0
P34111,TFC3_YEAST,-1.0693888,FALSE,0
P34217,PIN4_YEAST,-0.49526618,FALSE,0.000003
P34237,CASP_YEAST,-1.4000563,FALSE,0
P35195,ECM15_YEAST,-0.73617694,FALSE,0
P35688,LRG1_YEAST,-1.2871755,FALSE,0
P36005,KDX1_YEAST,-1.3794016,FALSE,0.000001
P36049,EBP2_YEAST,-1.5902245,FALSE,0
P36064,COXM1_YEAST,-0.94321925,FALSE,0
P36523,RM15_YEAST,-1.2645223,FALSE,0
P37303,GLY1_YEAST,-1.5284932,FALSE,0.000001
P38064,RM16_YEAST,-2.1613449,FALSE,0
P38716,YHR2_YEAST,-1.256977,FALSE,0.000001
P38793,TRM5_YEAST,-1.2675977,FALSE,0
P38886,RPN10_YEAST,-2.1039506,FALSE,0
P38928,AXL2_YEAST,0.038375285,FALSE,0.999755
P38962,TVP23_YEAST,-1.4784603,FALSE,0.00001
P38992,SUR2_YEAST,-1.3512852,FALSE,0.000049
P39944,UBP5_YEAST,-1.3170061,FALSE,0
P40096,NCB1_YEAST,-1.9814864,FALSE,0
P40327,PRS4_YEAST,-1.5016516,FALSE,0
P40485,SLM1_YEAST,-1.1045896,FALSE,0
P40519,YIG0_YEAST,-1.123587,FALSE,0.001857
P41806,VMA21_YEAST,-1.9505598,FALSE,0
P42837,FIG4_YEAST,-0.95598226,FALSE,0
P43124,NSE4_YEAST,-1.3276709,FALSE,0.000001
P43625,YFM7_YEAST,-0.64365783,FALSE,0.000078
P46673,NUP85_YEAST,-1.6088957,FALSE,0.000001
P46992,TOH1_YEAST,0.0103572,TRUE,0.999775
P46998,FMP33_YEAST,-0.96294301,FALSE,0.000034
P47002,SSY5_YEAST,-1.0587874,FALSE,0.00003
P48236,GPC1_YEAST,-0.97014662,FALSE,0
P48524,BUL1_YEAST,-1.2879085,FALSE,0
P50086,PSD10_YEAST,-2.0816763,FALSE,0
P50089,YG51_YEAST,-1.1129562,FALSE,0
P50108,MNN10_YEAST,-1.0800285,FALSE,0.000042
P52490,UBC13_YEAST,-1.3880789,FALSE,0
P52593,NU188_YEAST,-1.0236786,FALSE,0
P53039,YIP1_YEAST,-2.0341848,FALSE,0
P53074,YGY0_YEAST,-1.267236,FALSE,0.000541
P53093,YIP4_YEAST,-1.3638198,FALSE,0
P53188,CGR1_YEAST,-2.0916438,FALSE,0
P53193,JAC1_YEAST,-2.0135054,FALSE,0
P53296,ATF2_YEAST,-1.0020739,FALSE,0
P53632,PAP2_YEAST,-0.67432306,FALSE,0
P53851,TEX1_YEAST,-0.47971236,FALSE,0.000001
P53865,CNM67_YEAST,-1.2534897,FALSE,0
P53866,SQS1_YEAST,-1.3040037,FALSE,0
P54070,KTR6_YEAST,-1.0380371,FALSE,0.000737
P89105,CTR9_YEAST,-1.7057217,FALSE,0.000001
Q03010,UME1_YEAST,-0.4082173,FALSE,0
Q03508,YM8F_YEAST,-1.5053966,FALSE,0
Q03653,EFR3_YEAST,-1.1166859,FALSE,0
Q03868,SPO71_YEAST,-1.5103554,FALSE,0
Q03956,RAV2_YEAST,-1.7011301,FALSE,0
Q03981,CSN9_YEAST,-1.1915382,FALSE,0.000001
Q04049,POLH_YEAST,-0.62896708,FALSE,0
Q04217,DHR1_YEAST,-1.5543009,FALSE,0
Q04603,DPB4_YEAST,-1.272985,FALSE,0
Q05812,MSC3_YEAST,-0.58287208,FALSE,0.000004
Q05926,GLRX8_YEAST,-0.80476405,FALSE,0
Q06512,NOC4_YEAST,-1.1912988,FALSE,0.000084
Q06523,YP148_YEAST,-0.63548393,FALSE,0.000014
Q07843,IRC19_YEAST,-1.2558468,FALSE,0
Q08235,BRX1_YEAST,-1.431302,FALSE,0
Q08745,RS10A_YEAST,-1.4060497,FALSE,0.000004
Q12104,SWT1_YEAST,-0.66665451,FALSE,0
Q12177,YL056_YEAST,-1.5483528,FALSE,0.000002
Q12226,AYT1_YEAST,-1.3260388,FALSE,0
Q12447,PAA1_YEAST,-1.9346643,FALSE,0
Q12495,CAF1A_YEAST,-1.5212925,FALSE,0
Q12505,SKS1_YEAST,-0.95879674,FALSE,0
Q2V2Q2,YC048_YEAST,-0.57483893,TRUE,0.999401
Q3E7Y6,NBL1_YEAST,-2.2184531,FALSE,0
Q99288,DET1_YEAST,-1.8020753,FALSE,0
P06838,RAD10_YEAST,-1.6394487,FALSE,0
P0C0W1,RS22A_YEAST,-1.9208878,FALSE,0
P0C0X0,RS28B_YEAST,-1.8343888,FALSE,0
P0C2J4,YL21A_YEAST,-0.92521957,FALSE,0
P0C2J7,YH41B_YEAST,-1.0179345,FALSE,0
P0C5R9,RNK_YEAST,-1.3521555,FALSE,0.000001
P0CD91,AQY1_YEAST,-1.2653992,FALSE,0.000031
P0CX84,RL35A_YEAST,-1.8432317,FALSE,0
P10614,CP51_YEAST,-1.154824,FALSE,0.000003
P11746,MCM1_YEAST,-1.5880811,FALSE,0.000034
P12695,ODP2_YEAST,-0.70382277,FALSE,0
P14063,RM31_YEAST,-2.0361543,FALSE,0
P15179,SYDM_YEAST,-1.3506162,FALSE,0
P15274,AMPD_YEAST,-1.1958494,FALSE,0
P21243,PSA1_YEAST,-0.84465825,FALSE,0
P21657,DAL81_YEAST,-1.3684297,FALSE,0.000003
P23724,PSB6_YEAST,-1.3222998,FALSE,0.000064
P25366,OCA4_YEAST,-1.3631745,FALSE,0.000006
P25693,PCL2_YEAST,-1.3708099,FALSE,0
P26786,RS7A_YEAST,-2.2164855,FALSE,0.001532
P31385,DEP1_YEAST,-1.0881981,FALSE,0.000001
P32316,ACH1_YEAST,-1.2707471,FALSE,0
P32495,NHP2_YEAST,-0.50873338,FALSE,0
P32582,CBS_YEAST,-0.81885049,FALSE,0
P32903,PMP1_YEAST,-3.1334739,FALSE,0
P32905,RSSA1_YEAST,-1.2089009,FALSE,0
P34110,VPS35_YEAST,-1.7046934,FALSE,0
P35734,ASK1_YEAST,-1.2711102,FALSE,0
P36036,YRA2_YEAST,-2.0734019,FALSE,0
P36048,SN114_YEAST,-1.4438036,FALSE,0
P36091,DCW1_YEAST,-1.0636932,TRUE,0.999744
P36105,RL14A_YEAST,-1.2914681,FALSE,0.000001
P36173,GEX2_YEAST,-1.2949026,FALSE,0.001131
P37297,STT4_YEAST,-1.1036892,FALSE,0.000002
P38083,YBR3_YEAST,-1.0463888,FALSE,0.000073
P38120,RT09_YEAST,-2.088657,FALSE,0
P38200,SHE1_YEAST,-0.9333868,FALSE,0
P38280,YSW1_YEAST,-0.90751256,FALSE,0.000002
P38297,FZO1_YEAST,-1.5545446,FALSE,0
P38828,LSM12_YEAST,-1.1648576,FALSE,0
P38890,SET5_YEAST,-1.0729799,FALSE,0.00004
P38972,PUR4_YEAST,-1.4907618,FALSE,0.000001
P39730,IF2P_YEAST,-1.2715974,FALSE,0
P39974,YEI3_YEAST,-0.50404135,FALSE,0.000171
P40097,YE11_YEAST,-2.4394156,FALSE,0.000024
P40209,GAT2_YEAST,-1.0520205,FALSE,0
P40314,NACB2_YEAST,-1.9223139,FALSE,0
P40477,NU159_YEAST,-0.016705023,FALSE,0
P40520,YIF9_YEAST,-1.0473243,FALSE,0.999764
P40569,GAT4_YEAST,-1.8604175,FALSE,0
P43589,SAD1_YEAST,-1.1250077,FALSE,0
P46954,SIP4_YEAST,-1.1653883,FALSE,0
P46956,PHO86_YEAST,-1.8062977,FALSE,0
P47051,LPLA_YEAST,-0.94239075,FALSE,0
P47118,YAE1_YEAST,-1.0672082,FALSE,0
P47147,YMR1_YEAST,-1.7882906,FALSE,0.000001
P47160,ENT3_YEAST,-0.27168073,FALSE,0
P48570,HOSC_YEAST,-0.97314537,FALSE,0
P48581,RAD17_YEAST,-1.059609,FALSE,0
P48743,RFX1_YEAST,-1.0658269,FALSE,0.0011
P49573,CTR1_YEAST,-0.61152213,FALSE,0
P50087,MIC26_YEAST,-1.6277974,FALSE,0.000009
P52867,PMT5_YEAST,-1.1089219,FALSE,0.000049
P53061,ZIP2_YEAST,-1.0648318,FALSE,0
P53108,YIP5_YEAST,-1.1933255,FALSE,0
P53178,ALG13_YEAST,-1.2306942,FALSE,0
P53218,POP6_YEAST,-1.1273646,FALSE,0
P53301,CRH1_YEAST,0.61812251,TRUE,0.994994
P53390,MEP3_YEAST,-1.4143208,FALSE,0
P53616,SUN4_YEAST,1.0925053,FALSE,0.99972
P53728,CYP8_YEAST,-1.2739627,FALSE,0.998973
P53758,YN9D_YEAST,0.13790638,FALSE,0.000431
P53847,DSL1_YEAST,-1.5374474,FALSE,0
Q03148,SNZ1_YEAST,-1.5169737,FALSE,0
Q03388,VPS72_YEAST,-1.0719115,FALSE,0
Q03494,YD22B_YEAST,-0.41223637,FALSE,0
Q03503,NAA30_YEAST,-1.471997,FALSE,0
Q03559,YM8V_YEAST,-0.35159798,FALSE,0.000002
Q03761,TAF12_YEAST,-1.5207837,FALSE,0
Q03790,NUP53_YEAST,-0.47417822,FALSE,0
Q03818,ATG16_YEAST,-1.4844679,FALSE,0.000001
Q05471,SWR1_YEAST,-1.5400801,FALSE,0
Q05924,DCR2_YEAST,-1.3899608,FALSE,0.00173
Q06344,ESF1_YEAST,-0.5101849,FALSE,0
Q06680,CND3_YEAST,-1.5399324,FALSE,0
Q07376,MCH1_YEAST,-1.0708494,FALSE,0.000008
Q08157,TOS7_YEAST,-1.0214955,FALSE,0.00011
Q08692,OSW1_YEAST,-2.0363082,FALSE,0.000002
Q12012,YO289_YEAST,-0.53121641,FALSE,0
Q12025,EMC10_YEAST,-0.04793916,FALSE,0.99955
Q12207,NCE2_YEAST,-1.4094345,FALSE,0
Q12274,YOR97_YEAST,-0.9297721,FALSE,0.000094
Q12321,MED1_YEAST,-1.143469,FALSE,0
Q12749,SMC6_YEAST,-1.6030311,FALSE,0
Q3E705,EFG1P_YEAST,-2.308867,FALSE,0
Q3E740,YG258_YEAST,-1.3036527,FALSE,0.000004
Q3E790,TSC3_YEAST,-1.4454195,FALSE,0.000679
Q99247,DUF1_YEAST,-0.94509093,FALSE,0.00001
Q99325,ATG40_YEAST,-0.30305075,FALSE,0.249261
Q99373,PET20_YEAST,-1.5692053,FALSE,0
A0A023PZB3,FMP49_YEAST,-0.60458156,FALSE,0.840175
O13548,YP099_YEAST,-0.70745339,FALSE,0.012143
P00445,SODC_YEAST,-0.27438939,FALSE,0
P04801,SYTC_YEAST,-1.9318763,FALSE,0
P08465,MET2_YEAST,-1.0584849,FALSE,0.000001
P09436,SYIC_YEAST,-1.258218,FALSE,0
P0C289,YD34A_YEAST,0.36863405,FALSE,0.009016
P0C2I6,YL13B_YEAST,-0.40883846,FALSE,0
P0C5M9,YF009_YEAST,-1.2339407,FALSE,0
P0CY08,MTAL2_YEAST,-0.7260659,FALSE,0
P12383,PDR1_YEAST,-1.5474573,FALSE,0
P13434,HAP3_YEAST,-0.63514972,FALSE,0
P14741,EI2BA_YEAST,-1.4048027,FALSE,0
P14843,AROF_YEAST,-1.5784854,FALSE,0
P18410,SPO7_YEAST,-1.4142273,FALSE,0
P21560,CBP3_YEAST,-1.9520712,FALSE,0
P22213,SLY1_YEAST,-1.0242659,FALSE,0.000045
P24869,CG22_YEAST,-1.7619631,FALSE,0
P25382,NLE1_YEAST,-0.53762005,FALSE,0
P25554,SGF29_YEAST,-1.5279363,FALSE,0
P28003,FUN19_YEAST,-1.6296934,FALSE,0
P28240,ACEA_YEAST,-1.2402369,FALSE,0
P28321,MGLL_YEAST,-0.926938,FALSE,0
P28708,PRR1_YEAST,-1.1680833,FALSE,0.000001
P31109,SNC1_YEAST,-1.5298571,FALSE,0.000001
P32572,SPS18_YEAST,-0.99383859,FALSE,0.000002
P32773,TOA1_YEAST,-0.70452662,FALSE,0
P35127,UBL1_YEAST,-0.54925419,FALSE,0
P35202,THI80_YEAST,-0.98575613,FALSE,0
P35736,YKF0_YEAST,-1.406413,FALSE,0.000003
P36108,DID4_YEAST,-2.1289329,FALSE,0
P36169,SKG1_YEAST,-1.160817,FALSE,0.000005
P38156,MAL31_YEAST,-1.4885306,FALSE,0.000002
P38165,RTG3_YEAST,-1.2297919,FALSE,0
P38251,RFC5_YEAST,-1.9518608,FALSE,0
P38257,MMS4_YEAST,-0.92304218,FALSE,0.000001
P38262,SIF2_YEAST,-0.74953599,FALSE,0
P38298,YPC1_YEAST,-1.2334003,FALSE,0.00005
P38624,PSB1_YEAST,-0.82742503,FALSE,0
P38791,DHYS_YEAST,-0.8904448,FALSE,0
P39522,ILV3_YEAST,-1.4181298,FALSE,0
P39692,MET10_YEAST,-0.90229314,FALSE,0
P39732,GIP4_YEAST,-1.3443305,FALSE,0
P39923,NPR2_YEAST,-1.0100366,FALSE,0.000253
P39927,PTI1_YEAST,-1.3353628,FALSE,0.000001
P40165,NNRE_YEAST,-1.1532477,FALSE,0
P40335,PEP8_YEAST,-1.0036248,FALSE,0.000001
P40341,YTA12_YEAST,-1.8294449,FALSE,0
P40475,QDR1_YEAST,-1.2643295,FALSE,0.000537
P40504,KTR7_YEAST,-1.1945471,FALSE,0.000005
P40530,PDK1_YEAST,-1.7592674,FALSE,0
P40537,ULP2_YEAST,-0.99122014,FALSE,0
P40857,HACD_YEAST,-2.3410236,FALSE,0.000001
P41809,HKR1_YEAST,1.123875,TRUE,0.999494
P41813,FKH2_YEAST,-0.50791797,FALSE,0.265804
P41835,THI6_YEAST,-1.3586015,FALSE,0
P42942,YG4I_YEAST,-0.94038879,FALSE,0.000001
P43497,CWP2_YEAST,-0.11427904,TRUE,0.999689
P46654,RSSA2_YEAST,-1.4101107,FALSE,0
P47024,YJ41B_YEAST,-1.0746008,FALSE,0
P47096,3HAO_YEAST,-1.5712467,FALSE,0
P47138,DPH4_YEAST,-1.6023773,FALSE,0
P49956,CTF18_YEAST,-1.6638166,FALSE,0.000001
P50077,CCH1_YEAST,-1.2389661,FALSE,0
P53243,YG2A_YEAST,-0.42209229,FALSE,0
P53951,COG5_YEAST,-1.2328042,FALSE,0.000001
P53980,YNB1_YEAST,-1.7661481,FALSE,0
P80210,PURA_YEAST,-1.6003808,FALSE,0.000001
P9WEN8,YH52B_YEAST,-1.5522642,FALSE,0
Q00245,RHO3_YEAST,-0.22930348,FALSE,0.000001
Q00873,CYT2_YEAST,-0.93540543,FALSE,0.000014
Q01476,UBP2_YEAST,-1.267309,FALSE,0.000039
Q01766,HAL1_YEAST,-1.1264872,FALSE,0.000001
Q02642,NACB1_YEAST,-0.35744867,FALSE,0
Q02772,PT191_YEAST,-1.3394327,FALSE,0
Q03290,TFB3_YEAST,-2.0861035,FALSE,0
Q03305,RMT2_YEAST,-1.6136897,FALSE,0
Q03655,GAS3_YEAST,0.19726989,TRUE,0.999662
Q03835,GLRX3_YEAST,-1.2392644,FALSE,0
Q04693,RSE1_YEAST,-1.2181434,FALSE,0
Q04806,GTO3_YEAST,-1.0314457,FALSE,0
Q06252,YL179_YEAST,0.0075678189,FALSE,0
Q06616,CSA1_YEAST,-1.7605137,FALSE,0.000001
Q06686,CTR3_YEAST,-1.0743782,FALSE,0.000042
Q06696,VPS36_YEAST,-1.1091945,FALSE,0
Q08219,RRT8_YEAST,-2.0249772,FALSE,0.000004
Q12000,TMA46_YEAST,-1.0988831,FALSE,0
Q12046,CWC2_YEAST,-1.5160884,FALSE,0.000003
Q12208,USB1_YEAST,-0.87853801,FALSE,0.000003
Q12335,PST2_YEAST,-0.87989403,FALSE,0.056117
Q12370,PAU17_YEAST,-0.92572266,FALSE,0.999567
Q12395,DCN1_YEAST,-1.306162,FALSE,0
Q12427,STB3_YEAST,-0.11519783,FALSE,0
Q12482,AGC1_YEAST,-0.86410621,FALSE,0
Q12484,YO343_YEAST,-2.0997495,FALSE,0
Q12748,CENPI_YEAST,-1.4211104,FALSE,0
Q3E765,YK183_YEAST,-1.0152582,FALSE,0.000028
Q3E7B3,YPR08_YEAST,-1.5312068,FALSE,0.00017
Q3E846,COA6_YEAST,-1.877854,FALSE,0
Q8TGU0,YG007_YEAST,-1.0208286,FALSE,0.001527
A0A8D9PH56,OTO1_YEAST,-0.78428117,FALSE,0.000155
O14468,YO304_YEAST,0.10296683,FALSE,0
P01123,YPT1_YEAST,-0.97634827,FALSE,0
P05744,RL33A_YEAST,-2.8593418,FALSE,0
P06168,ILV5_YEAST,-1.1910868,FALSE,0
P06634,DED1_YEAST,-1.8198046,FALSE,0
P06779,RAD7_YEAST,-1.4108935,FALSE,0
P08417,FUMH_YEAST,-1.5706967,FALSE,0
P0C1Z1,YD24C_YEAST,-1.6810899,FALSE,0.002447
P11325,SYLM_YEAST,-1.3815457,FALSE,0.000001
P11353,HEM6_YEAST,-0.7209968,FALSE,0
P11633,NHP6B_YEAST,-2.0511111,FALSE,0
P12385,ERF1_YEAST,-0.33832919,FALSE,0
P14066,CBS1_YEAST,-1.5298002,FALSE,0
P16649,TUP1_YEAST,-1.4951539,FALSE,0
P22215,SLY41_YEAST,-0.96797421,FALSE,0.000001
P22768,ASSY_YEAST,-0.51057725,FALSE,0
P23255,TAF2_YEAST,-0.91214217,FALSE,0
P25347,YCP2_YEAST,-1.0960889,FALSE,0.000001
P25577,YCE9_YEAST,-0.083696992,FALSE,0.999679
P25594,VBA3_YEAST,-1.3722923,FALSE,0
P25623,SYP1_YEAST,-0.66071758,FALSE,0
P25659,FUB1_YEAST,-1.0577303,FALSE,0
P31412,VATC_YEAST,-1.5882787,FALSE,0
P32337,IMB3_YEAST,-1.5385368,FALSE,0.000005
P32447,ASF1_YEAST,-0.84213786,FALSE,0
P32527,ZUO1_YEAST,-0.89008696,FALSE,0
P32607,RTG1_YEAST,-1.1695695,FALSE,0
P32656,CHAC_YEAST,-1.1556158,FALSE,0
P32799,COX13_YEAST,-1.2405194,FALSE,0.000261
P32892,DRS1_YEAST,-2.2522761,FALSE,0
P32915,SC61A_YEAST,-1.7491312,FALSE,0.000014
P32917,STE5_YEAST,-0.72184432,FALSE,0
P34231,YKS7_YEAST,-0.94570727,FALSE,0.000022
P34756,FAB1_YEAST,-0.99625687,FALSE,0.000015
P34909,NOT4_YEAST,-0.78927577,FALSE,0
P36104,SWD2_YEAST,-0.75880456,FALSE,0
P38009,PUR92_YEAST,-0.78590201,FALSE,0
P38138,GLU2A_YEAST,-0.95569952,FALSE,0.999742
P38426,TPS3_YEAST,-0.93381564,FALSE,0.343789
P38717,SIP3_YEAST,-1.1646404,FALSE,0
P38753,HSE1_YEAST,-0.82700203,FALSE,0.000001
P38790,HTD2_YEAST,-1.1834015,FALSE,0
P38818,CTM1_YEAST,-1.0933804,FALSE,0.000072
P38821,DNPEP_YEAST,-1.2618774,FALSE,0
P38971,ALP1_YEAST,-1.1987404,FALSE,0
P39683,NPT1_YEAST,-0.54693035,FALSE,0
P39722,GEM1_YEAST,-1.4042683,FALSE,0
P40043,RGI1_YEAST,-0.99429543,FALSE,0
P40046,VTC1_YEAST,-2.3547382,FALSE,0.000016
P40073,SHO1_YEAST,-0.53668797,FALSE,0.000017
P40462,TM108_YEAST,-1.3740283,FALSE,0
P43552,YFF1_YEAST,0.27958462,FALSE,0.999757
P43585,VTC2_YEAST,-1.6544501,FALSE,0.000005
P46946,COM1_YEAST,-1.697827,FALSE,0
P47054,NU192_YEAST,-1.4063141,FALSE,0
P47135,JSN1_YEAST,-0.59704907,FALSE,0.000076
P48510,DSK2_YEAST,-1.6636388,FALSE,0
P50113,LYS5_YEAST,-0.78246993,FALSE,0
P50277,BIOA_YEAST,-1.346595,FALSE,0
P52290,PPAD_YEAST,-0.89676233,FALSE,0.999786
P53289,RTS3_YEAST,-1.0085247,FALSE,0
P53617,NRD1_YEAST,-0.88015952,FALSE,0
P53930,AF9_YEAST,-1.0010953,FALSE,0
Q00947,STP1_YEAST,-0.46486675,FALSE,0.000001
Q01896,ATN2_YEAST,-1.1276692,FALSE,0.000032
Q02721,TO6BL_YEAST,-1.1699879,FALSE,0.205544
Q02732,CENPP_YEAST,-1.7745223,FALSE,0
Q02866,MUK1_YEAST,-0.8004998,FALSE,0
Q03940,RUVB1_YEAST,-1.4354172,FALSE,0
Q03957,CTK1_YEAST,-1.9473008,FALSE,0
Q04213,IOC4_YEAST,-0.53617046,FALSE,0
Q04411,URC2_YEAST,-1.382813,FALSE,0
Q04749,AVO2_YEAST,-0.5674288,FALSE,0
Q05568,PEX10_YEAST,-1.7772585,FALSE,0
Q05580,HEL2_YEAST,-1.0340159,FALSE,0
Q06143,DIC1_YEAST,-1.6136915,FALSE,0.000039
Q06148,NHEJ1_YEAST,-1.3816876,FALSE,0.000011
Q06411,SP382_YEAST,-1.3249583,FALSE,0.000002
Q06505,IWS1_YEAST,-1.6014982,FALSE,0.000001
Q06541,ARV1_YEAST,-1.1181945,FALSE,0.000002
Q06708,VAC14_YEAST,-1.7073299,FALSE,0
Q06820,MDM36_YEAST,-1.1765452,FALSE,0
Q07888,YL067_YEAST,-1.0820458,FALSE,0
Q08176,MIM1_YEAST,-2.374126,FALSE,0.000046
Q08270,YO131_YEAST,-2.8000686,FALSE,0
Q08560,YO186_YEAST,-0.7900575,FALSE,0.000001
Q08906,FIT2_YEAST,1.1528077,TRUE,0.99839
Q08975,THI21_YEAST,-0.79033368,FALSE,0.000001
Q08976,YP261_YEAST,-1.4286149,FALSE,0.00084
Q12078,SMF3_YEAST,-1.1013453,FALSE,0
Q12130,YL112_YEAST,-2.5314457,FALSE,0.001206
Q12149,RRP6_YEAST,-1.0463873,FALSE,0
Q12271,INP53_YEAST,-0.66995082,FALSE,0
Q12420,SNU66_YEAST,-0.95037805,FALSE,0
Q2V2P9,COX26_YEAST,-2.4279421,FALSE,0.002424
Q3E807,YO011_YEAST,-1.9829872,FALSE,0.000003
Q45U48,YG035_YEAST,-1.4976626,FALSE,0.008563
Q7LHG5,YI31B_YEAST,-1.2440391,FALSE,0
Q99189,MTR10_YEAST,-1.670109,FALSE,0
O13565,YL358_YEAST,-0.51383768,FALSE,0.000015
P07269,PHO2_YEAST,-1.2957093,FALSE,0
P0C272,YO13A_YEAST,-2.0169082,FALSE,0.000022
P0CF18,YM085_YEAST,-1.0626552,FALSE,0
P0CI67,YHU3_YEAST,1.784448,FALSE,0.000074
P0CX32,RS24B_YEAST,-1.9242501,FALSE,0
P0CX65,YD14A_YEAST,0.025233012,FALSE,0
P0CY00,YL66A_YEAST,-1.6365727,FALSE,0.00001
P0CY05,YL159_YEAST,-0.01436949,FALSE,0.000184
P10363,PRI1_YEAST,-0.82457263,FALSE,0
P12688,YPK1_YEAST,-1.0730129,FALSE,0.000001
P12754,EI2BD_YEAST,-0.98877331,FALSE,0
P13185,KIN1_YEAST,-1.4169507,FALSE,0
P17123,SPO12_YEAST,-1.4842205,FALSE,0.000003
P19882,HSP60_YEAST,-0.060986857,FALSE,0
P22149,AFT1_YEAST,-0.95671049,FALSE,0.000001
P22204,DBF2_YEAST,-1.7475565,FALSE,0
P22579,SIN3_YEAST,-1.1710296,FALSE,0
P22804,BET1_YEAST,-1.7536937,FALSE,0
P23542,AATC_YEAST,-1.1859744,FALSE,0
P25301,RAD57_YEAST,-1.358377,FALSE,0
P25335,ALLC_YEAST,-0.69965438,FALSE,0.000001
P25367,RNQ1_YEAST,-0.27100466,FALSE,0.000001
P27697,COQ8_YEAST,-1.8146368,FALSE,0
P28584,TRK2_YEAST,-1.343118,FALSE,0.00048
P28789,HEM3_YEAST,-2.0611666,FALSE,0
P28795,PEX3_YEAST,-1.4489143,FALSE,0.000031
P31384,CCR4_YEAST,-1.3990049,FALSE,0
P32450,AUA1_YEAST,-2.8903306,FALSE,0
P32459,ALLA_YEAST,-1.2849208,FALSE,0.000027
P32496,RPN12_YEAST,-0.61233697,FALSE,0
P32860,NFU1_YEAST,-1.2478736,FALSE,0
P33315,TKT2_YEAST,-1.0640046,FALSE,0
P33330,SERC_YEAST,-1.7027819,FALSE,0
P36081,PSG1_YEAST,0.15838031,FALSE,0.999653
P37898,AAP1_YEAST,-1.0675862,FALSE,0
P38074,ANM1_YEAST,-0.80835591,FALSE,0
P38109,ATG42_YEAST,-1.1905611,FALSE,0.999744
P38141,THI2_YEAST,-1.315461,FALSE,0
P38246,ECM8_YEAST,-1.2087048,FALSE,0.000013
P38339,RGD1_YEAST,-1.3514151,FALSE,0
P38349,UBX7_YEAST,-1.4811976,FALSE,0
P38742,NPR3_YEAST,-0.87258699,FALSE,0.000001
P39011,GDS1_YEAST,-1.3183229,FALSE,0
P39521,FKHL1_YEAST,-0.35778402,FALSE,0.000001
P39953,YEA6_YEAST,-0.973292,FALSE,0.000023
P39968,VAC8_YEAST,-1.6019335,FALSE,0.000001
P39984,HAT2_YEAST,-0.81014672,FALSE,0
P40001,YEA8_YEAST,-1.1672505,FALSE,0.00133
P40031,SPO73_YEAST,-1.6983671,FALSE,0
P40302,PSA6_YEAST,-1.4926033,FALSE,0
P40367,GPI7_YEAST,-1.3147947,FALSE,0.00001
P40561,SGN1_YEAST,-1.1678843,FALSE,0
P40960,PAC11_YEAST,-1.8705796,FALSE,0
P43122,QRI7_YEAST,-1.7900859,FALSE,0
P47111,VPS55_YEAST,-1.1413223,FALSE,0
P47821,SSN8_YEAST,-1.0950281,FALSE,0.000002
P48836,VATG_YEAST,-1.1943838,FALSE,0
P50095,IMDH3_YEAST,-1.4040257,FALSE,0
P50107,LGUL_YEAST,-1.0437409,FALSE,0.00003
P52891,NUP84_YEAST,-1.6690376,FALSE,0
P53097,YGU3_YEAST,0.13362005,FALSE,0.000022
P53189,SCW11_YEAST,0.67762208,FALSE,0.999529
P53197,CDH1_YEAST,-1.4144619,FALSE,0.000001
P53260,GATF_YEAST,-2.0559625,FALSE,0
P53686,HST2_YEAST,-1.3777904,FALSE,0.000003
P53749,YN92_YEAST,-1.8615386,FALSE,0
P53769,CWC24_YEAST,-0.74140867,FALSE,0
P53855,ATG2_YEAST,-0.97252526,FALSE,0.001009
P53914,NAT10_YEAST,-1.4781208,FALSE,0
Q02629,NU100_YEAST,-0.67883055,FALSE,0
Q03079,MRX11_YEAST,-1.6963932,FALSE,0
Q03660,TR130_YEAST,-1.5182313,FALSE,0
Q03772,CWC15_YEAST,-1.8122086,FALSE,0
Q03780,YD239_YEAST,-0.5573236,FALSE,0
Q04048,SYF1_YEAST,-1.3457506,FALSE,0
Q04373,PUF6_YEAST,-1.3457709,FALSE,0
Q04399,GMC1_YEAST,-1.2334663,TRUE,0.999188
Q04418,RBA50_YEAST,-0.99294525,FALSE,0
Q04491,SEC13_YEAST,-0.86164419,FALSE,0
Q04629,SWF1_YEAST,-0.78676096,FALSE,0
Q05612,YD278_YEAST,-0.59415777,FALSE,0.000105
Q06214,JIP5_YEAST,-0.79087873,FALSE,0
Q06466,TDA6_YEAST,-1.0806073,FALSE,0.999714
Q06524,SUE1_YEAST,-1.1790765,FALSE,0
Q06639,RSC3_YEAST,-1.3384259,FALSE,0
Q08202,OPI10_YEAST,-0.5747779,FALSE,0.000003
Q08281,RTC1_YEAST,-0.69065595,FALSE,0
Q08444,NOB1_YEAST,-1.3574648,FALSE,0
Q08887,NDD1_YEAST,0.0045058725,FALSE,0
Q08909,YO385_YEAST,-0.95238652,FALSE,0.000537
Q12009,TRMB_YEAST,-2.0378535,FALSE,0
Q12038,SRO7_YEAST,-0.8833772,FALSE,0
Q12159,YRA1_YEAST,-1.6003128,FALSE,0
Q12349,ATP14_YEAST,-1.8961626,FALSE,0
Q12406,ARP7_YEAST,-1.5275472,FALSE,0
Q12460,NOP56_YEAST,-0.74076833,FALSE,0
Q96VH3,YC021_YEAST,-1.3138404,FALSE,0.000045
Q99332,HPH1_YEAST,-1.5003434,FALSE,0
Q9ZZX9,Q0010_YEAST,-0.79778295,FALSE,0
A0A023PYF4,YE145_YEAST,-0.34028559,FALSE,0.68942
A0A023PZG4,YL236_YEAST,-1.4386783,FALSE,0.000002
P07270,PHO4_YEAST,-0.5911591,FALSE,0
P0CX58,YP12A_YEAST,0.14666001,FALSE,0
P0CY01,YL67A_YEAST,-1.6365727,FALSE,0.00001
P0CY04,YL157_YEAST,-0.01436949,FALSE,0.000184
P10964,RPA1_YEAST,-1.1910823,FALSE,0
P15705,STI1_YEAST,-0.98368393,FALSE,0.000001
P19358,METK2_YEAST,-1.5513435,FALSE,0.000001
P20437,CG11_YEAST,-1.2404392,FALSE,0
P20840,SAG1_YEAST,0.50633392,TRUE,0.999743
P22517,KCC2_YEAST,-1.6517902,FALSE,0
P23561,STE11_YEAST,-1.6028152,FALSE,0
P25270,MRM1_YEAST,-1.1674896,FALSE,0
P25349,YCP4_YEAST,-0.72077323,FALSE,0
P25372,TRX3_YEAST,-1.1697994,FALSE,0
P25588,MRC1_YEAST,-0.62471298,FALSE,0
P25644,PAT1_YEAST,-1.6214497,FALSE,0.000042
P26793,FEN1_YEAST,-1.6866583,FALSE,0
P28625,YIM1_YEAST,-0.49325269,FALSE,0
P31377,STX8_YEAST,-2.5396011,FALSE,0
P31383,2AAA_YEAST,-1.5513219,FALSE,0.000449
P32191,GPDM_YEAST,-1.2885174,FALSE,0.000001
P32432,SFP1_YEAST,-1.481591,FALSE,0.000004
P32521,PAN1_YEAST,-0.56971382,FALSE,0
P32771,FADH_YEAST,-1.2565452,FALSE,0.000001
P32904,RM06_YEAST,-2.242275,FALSE,0.008521
P33323,RE104_YEAST,-0.82712813,FALSE,0
P34246,MTC2_YEAST,-1.2014048,FALSE,0
P36086,YKH1_YEAST,-0.70680966,FALSE,0
P36154,AIM29_YEAST,-0.81631072,FALSE,0
P37291,GLYC_YEAST,-1.3158921,FALSE,0.000001
P37366,CCL1_YEAST,-0.59223799,FALSE,0.000001
P38225,FAT1_YEAST,-1.4766671,FALSE,0.009735
P38329,VHC1_YEAST,-1.202766,FALSE,0.000632
P38715,GRE3_YEAST,-1.3079123,FALSE,0
P38736,GOSR1_YEAST,-1.3099453,FALSE,0
P38782,MED6_YEAST,-1.0406855,FALSE,0
P38792,RRP4_YEAST,-1.2090208,FALSE,0.000007
P38815,YPT35_YEAST,-0.9570818,FALSE,0.000001
P38876,PTH_YEAST,-1.9357824,FALSE,0
P38911,FKBP3_YEAST,-0.25864069,FALSE,0
P39731,MTW1_YEAST,-1.7365879,FALSE,0
P40012,PPOX_YEAST,-1.7652231,FALSE,0.000007
P40060,IES5_YEAST,-0.76216438,FALSE,0
P40093,YEY6_YEAST,-0.51519125,FALSE,0
P40318,DOA10_YEAST,-1.4952619,FALSE,0
P40527,ATC7_YEAST,-1.2019439,FALSE,0
P40556,YIA6_YEAST,-1.432782,FALSE,0
P40571,RPR2_YEAST,-0.61613404,FALSE,0
P41903,PTE1_YEAST,-1.212284,FALSE,0.000001
P42833,HXT14_YEAST,-0.9764119,FALSE,0.022916
P42937,YCH1_YEAST,-1.7301676,FALSE,0
P46961,GPI2_YEAST,-0.88303669,FALSE,0.000067
P47095,MTNB_YEAST,-0.83856882,FALSE,0.000006
P47159,YJ94_YEAST,-1.5202299,FALSE,0
P47177,2NDP_YEAST,-1.5689711,FALSE,0.000001
P50094,IMDH4_YEAST,-1.2067573,FALSE,0
P50101,UBP15_YEAST,-1.1999819,FALSE,0.000017
P50106,RPA14_YEAST,-1.2257038,FALSE,0
P50263,SIP18_YEAST,-1.0588974,FALSE,0
P52870,SC6B1_YEAST,-2.7312462,FALSE,0.000318
P52871,SC6B2_YEAST,-1.9613324,FALSE,0.001159
P53070,MTO1_YEAST,-1.6475893,FALSE,0
P53102,MND1_YEAST,-1.127963,FALSE,0
P53172,SDS23_YEAST,-1.2967919,FALSE,0
P53264,CLD1_YEAST,-1.2720855,FALSE,0
P53343,PAU12_YEAST,-1.0549988,FALSE,0.999618
P53741,BRE5_YEAST,-0.40431523,FALSE,0
P53947,YNF8_YEAST,-0.21140694,FALSE,0.000016
P53949,OCA2_YEAST,-1.8692245,FALSE,0.000224
P54858,DOS2_YEAST,-1.1876988,FALSE,0.000529
Q00453,RGM1_YEAST,-1.1431568,FALSE,0
Q02207,FOX2_YEAST,-0.9063632,FALSE,0.000001
Q02820,NCE1_YEAST,-3.0984317,FALSE,0.000002
Q03795,YM30_YEAST,-1.0463086,FALSE,0.000001
Q04433,FIT1_YEAST,1.092206,TRUE,0.999692
Q04623,ECM18_YEAST,-1.950874,FALSE,0
Q04964,SML1_YEAST,-1.6783804,FALSE,0
Q06144,ORM2_YEAST,-1.6033136,FALSE,0
Q06504,NAT3_YEAST,-0.85764291,FALSE,0
Q06593,OPT2_YEAST,-0.78438338,FALSE,0
Q08438,VHS3_YEAST,-1.2005609,FALSE,0
Q08471,MSA1_YEAST,-1.2001459,FALSE,0
Q08685,CLP1_YEAST,-1.0727639,FALSE,0.000001
Q08873,SCP1_YEAST,-0.70372116,FALSE,0
Q08967,FLC1_YEAST,-1.1265622,FALSE,0.999756
Q08968,SELO_YEAST,-1.08171,FALSE,0
Q12040,YO283_YEAST,-1.0967823,FALSE,0
Q12114,CHS5_YEAST,0.064664444,FALSE,0
Q12132,USV1_YEAST,-0.76027714,FALSE,0
Q12134,HUA2_YEAST,-1.8304697,FALSE,0
Q12188,REC8_YEAST,-1.0402439,FALSE,0.000004
Q12438,GLRX6_YEAST,-1.6396099,FALSE,0.581012
Q12449,AHA1_YEAST,-0.82639747,FALSE,0.000001
Q3E781,YB221_YEAST,-3.0594709,FALSE,0.000016
Q3E7Y7,YO293_YEAST,-0.5086639,FALSE,0.002134
Q3E7Z6,YH015_YEAST,-2.50278,FALSE,0.000066
Q8TGR9,YP152_YEAST,-1.753891,FALSE,0.000005
Q99190,TECR_YEAST,-1.2101666,FALSE,0
P02557,TBB_YEAST,-1.1620643,FALSE,0
P04076,ARLY_YEAST,-1.5712239,FALSE,0
P07246,ADH3_YEAST,-0.1857402,FALSE,0
P0C5L7,YD18A_YEAST,-1.880647,FALSE,0.000309
P0CE93,PAU11_YEAST,-1.0341012,FALSE,0.999571
P0CH63,DDI2_YEAST,-0.79600509,FALSE,0
P0CX54,RL12B_YEAST,-1.4559914,FALSE,0
P11075,SEC7_YEAST,-0.8989914,FALSE,0
P12686,RT13_YEAST,-1.6777794,FALSE,0
P12687,RM02_YEAST,-1.8734145,FALSE,0
P12954,SRS2_YEAST,-1.358177,FALSE,0
P12962,CAF20_YEAST,-0.79410432,FALSE,0
P13186,KIN2_YEAST,-1.5513325,FALSE,0
P20436,RPAB3_YEAST,-1.7826499,FALSE,0
P21375,OSM1_YEAST,-1.3505853,FALSE,0.000488
P22133,MDHC_YEAST,-1.2770115,FALSE,0.000009
P22202,HSP74_YEAST,-1.4158122,FALSE,0
P22276,RPC2_YEAST,-1.4842017,FALSE,0
P22696,ESS1_YEAST,-1.3484221,FALSE,0
P23202,URE2_YEAST,-1.9351923,FALSE,0
P23796,RIT1_YEAST,-1.0570625,FALSE,0
P24280,SEC14_YEAST,-1.266515,FALSE,0
P25302,SWI4_YEAST,-1.1846354,FALSE,0
P25381,RRT12_YEAST,-1.1399042,FALSE,0.999354
P27929,NAM9_YEAST,-1.6839746,FALSE,0
P32264,PROB_YEAST,-1.4141584,FALSE,0
P32349,RPC3_YEAST,-1.3487691,FALSE,0.000012
P32378,COQ2_YEAST,-1.8413497,FALSE,0
P32479,HIR1_YEAST,-1.0380055,FALSE,0
P32581,IME2_YEAST,-0.78390216,FALSE,0
P32841,RE114_YEAST,-1.44251,FALSE,0.000281
P32855,SEC8_YEAST,-1.6211834,FALSE,0
P35845,OSH1_YEAST,-1.6618372,FALSE,0
P36037,DOA1_YEAST,-0.7696612,FALSE,0
P36092,YKE44_YEAST,-1.5387978,FALSE,0.000258
P38201,YBC9_YEAST,-1.2635799,FALSE,0.000013
P38237,UBP14_YEAST,-0.84442769,FALSE,0
P38247,SLM4_YEAST,-1.4470676,FALSE,0
P38691,KSP1_YEAST,-1.0773154,FALSE,0
P38701,RS20_YEAST,-0.71569553,FALSE,0.000001
P38734,MUP3_YEAST,-1.3262329,FALSE,0.00028
P38739,WSC4_YEAST,0.97582137,FALSE,0.999716
P38756,TCD1_YEAST,-2.0292638,FALSE,0.433497
P38760,MIP6_YEAST,-1.0682884,FALSE,0
P38770,BRL1_YEAST,-0.60235839,FALSE,0
P38773,DOG2_YEAST,-0.61033605,FALSE,0
P38839,SPL2_YEAST,-1.3578475,FALSE,0.000032
P38864,YHX3_YEAST,-0.23066454,FALSE,0.199538
P38912,IF1A_YEAST,-1.7058368,FALSE,0
P38915,SPT8_YEAST,-0.80429076,FALSE,0
P38988,GGC1_YEAST,-2.0083079,FALSE,0.000003
P39520,IFH1_YEAST,-0.71282399,FALSE,0
P39545,PAU7_YEAST,-1.5616057,FALSE,0.988583
P39904,VPS52_YEAST,-1.2990588,FALSE,0
P40185,MMF1_YEAST,-0.62807929,FALSE,0
P40438,VTH1_YEAST,-0.88321038,FALSE,0.999777
P40580,BZRD_YEAST,-0.90715445,FALSE,0
P40962,RTS2_YEAST,-1.9260812,FALSE,0
P41734,IAH1_YEAST,-1.405239,FALSE,0
P43605,ECO1_YEAST,-1.026629,FALSE,0
P47027,DPB11_YEAST,-0.91755514,FALSE,0
P47173,YJ9J_YEAST,-1.5413391,FALSE,0
P47174,YJ9K_YEAST,-1.0319315,FALSE,0.000114
P47180,PGLR_YEAST,0.3136217,FALSE,0.999702
P51601,GCH1_YEAST,-1.8186673,FALSE,0.000011
P53082,BOL2_YEAST,-1.1450716,FALSE,0
P53389,HOL1_YEAST,-1.4664839,FALSE,0.000084
P53729,ZNG1_YEAST,-1.6733179,FALSE,0.000001
P53843,IST1_YEAST,-1.4385003,FALSE,0
P53889,FMP41_YEAST,-0.92398201,FALSE,0
P53899,CUZ1_YEAST,-1.2990154,FALSE,0
P53905,LSM7_YEAST,-1.4959878,FALSE,0
P53916,TEP1_YEAST,-1.4337521,FALSE,0.000138
P53953,SFB2_YEAST,-1.1999224,FALSE,0.000001
P81451,ATP19_YEAST,-0.74039826,FALSE,0.000048
Q02204,RM13_YEAST,-1.3215972,FALSE,0
Q02336,ADA2_YEAST,-2.1196693,FALSE,0.000001
Q02773,RPM2_YEAST,-1.2657412,FALSE,0
Q03213,HOT1_YEAST,-1.1857109,FALSE,0.00043
Q03770,SSY1_YEAST,-1.1871672,FALSE,0
Q03799,RT08_YEAST,-1.4112248,FALSE,0
Q04052,ARO80_YEAST,-1.4563194,FALSE,0
Q04410,GRH1_YEAST,-1.4586389,FALSE,0.000001
Q04436,YMZ3_YEAST,-2.5099712,FALSE,0.000304
Q04632,COG8_YEAST,-0.97645289,FALSE,0
Q06208,RIF2_YEAST,-1.0085416,FALSE,0
Q06678,RM35_YEAST,-1.0877103,FALSE,0
Q07379,YD057_YEAST,-1.1363216,FALSE,0
Q08299,ENB1_YEAST,-1.7927234,FALSE,0.000087
Q08416,IRC23_YEAST,-1.613353,FALSE,0.000035
Q08630,IRC13_YEAST,-1.0129943,FALSE,0.000001
Q08905,FRE3_YEAST,-1.1089494,FALSE,0.999766
Q12298,YD061_YEAST,-1.856481,FALSE,0
Q12309,CLF1_YEAST,-1.5999817,FALSE,0
Q12480,ETFA_YEAST,-0.49598156,FALSE,0
Q2V2P4,ATG44_YEAST,-2.0879645,FALSE,0.999426
Q3E7Z5,YI002_YEAST,-1.4231831,FALSE,0
Q3E834,YOS1_YEAST,-3.725223,FALSE,0.571727
Q8TGJ7,YL66B_YEAST,0.81465913,FALSE,0.000009
Q92392,YO11A_YEAST,0.11269068,FALSE,0
P00128,QCR7_YEAST,-1.7480976,FALSE,0
P00401,COX1_YEAST,-1.4805127,FALSE,0.000001
P04397,GAL10_YEAST,-0.92299563,FALSE,0
P04456,RL25_YEAST,-0.80189795,FALSE,0
P05316,FUR4_YEAST,-1.101785,FALSE,0
P07255,COX9_YEAST,-1.0727864,FALSE,0.03771
P07347,ARD1_YEAST,-1.1520681,FALSE,0.000005
P0C0V2,YE18A_YEAST,-0.55728119,FALSE,0.000032
P0C2H9,RL31B_YEAST,-2.3433634,FALSE,0
P0CF20,YO163_YEAST,-1.0611619,FALSE,0.000004
P0CX59,YO12A_YEAST,0.0032521354,FALSE,0
P0CX76,YM12A_YEAST,0.14530008,FALSE,0
P0CY06,MTAL1_YEAST,-1.2223835,FALSE,0
P0CZ17,ASP21_YEAST,-0.26784283,FALSE,0.999706
P14906,SEC63_YEAST,-1.1632786,FALSE,0.000001
P15424,MS116_YEAST,-1.3695909,FALSE,0
P18759,SEC18_YEAST,-1.9917605,FALSE,0.000498
P19880,AP1_YEAST,-0.93610005,FALSE,0
P21268,FAR1_YEAST,-1.247749,FALSE,0.00001
P22146,GAS1_YEAST,0.11310957,TRUE,0.999716
P22438,SYMM_YEAST,-1.1728427,FALSE,0
P23254,TKT1_YEAST,-0.86646957,FALSE,0
P25376,AGP1_YEAST,-1.4303101,FALSE,0
P25604,STP22_YEAST,-0.63562437,FALSE,0.00001
P25630,YCU0_YEAST,-2.4826916,FALSE,0
P26725,YUR1_YEAST,-1.6094474,FALSE,0.021239
P31787,ACBP_YEAST,-1.1213249,FALSE,0
P32368,SAC1_YEAST,-1.4519571,FALSE,0
P32613,TCA17_YEAST,-1.8717119,FALSE,0
P32617,IES6_YEAST,-2.9238354,FALSE,0
P32784,GPT1_YEAST,-1.6727186,FALSE,0.000049
P32788,LAA2_YEAST,-1.7769754,FALSE,0
P34160,NCBP1_YEAST,-1.2130905,FALSE,0
P36006,MYO3_YEAST,-1.2088621,FALSE,0.000004
P36056,RT22_YEAST,-1.9026615,FALSE,0
P36526,RM27_YEAST,-1.0294864,FALSE,0
P38075,PDX3_YEAST,-1.1505636,FALSE,0.000002
P38079,YRO2_YEAST,-0.8009393,FALSE,0.000013
P38223,YBO2_YEAST,-1.7093202,FALSE,0
P38260,FES1_YEAST,-2.1697512,FALSE,0
P38634,SIC1_YEAST,-1.1563743,FALSE,0
P38764,RPN1_YEAST,-1.0569741,FALSE,0
P39548,KTD1_YEAST,-1.0260486,FALSE,0.000063
P39563,YAN4_YEAST,-0.26851745,FALSE,0.003438
P39928,SLN1_YEAST,-0.73884568,FALSE,0.000008
P39956,RPH1_YEAST,-0.88355359,FALSE,0
P40004,YEA4_YEAST,-1.1596933,FALSE,0.000001
P40215,NDH1_YEAST,-1.1881759,FALSE,0
P40515,FIS1_YEAST,-2.211211,FALSE,0
P40516,EFM4_YEAST,-1.1965689,FALSE,0.000005
P40549,MNT3_YEAST,-1.497902,FALSE,0.024001
P40560,YIA1_YEAST,-1.6191943,FALSE,0
P42934,PMT6_YEAST,-1.1139467,FALSE,0.000002
P42948,SET4_YEAST,-0.80704806,FALSE,0
P43615,IRC6_YEAST,-1.8547683,FALSE,0
P46671,FAR3_YEAST,-1.2066601,FALSE,0
P46784,RS10B_YEAST,-1.6261111,FALSE,0.000006
P47006,RPA34_YEAST,-0.18840423,FALSE,0
P47035,NET1_YEAST,-0.21608483,FALSE,0.000004
P47143,ADK_YEAST,-0.58020084,FALSE,0
P47175,HMS2_YEAST,-1.4592216,FALSE,0
P48526,SYIM_YEAST,-1.5413769,FALSE,0
P48566,GYP3_YEAST,-1.6052837,FALSE,0
P52917,VPS4_YEAST,-0.80537446,FALSE,0
P53044,UFD1_YEAST,-1.0365612,FALSE,0.00002
P53125,ITC1_YEAST,-1.3376211,FALSE,0
P53148,KNL1_YEAST,-0.79035107,FALSE,0
P53305,RT27_YEAST,-2.3270994,FALSE,0
P53685,HST1_YEAST,-1.7254332,FALSE,0.000937
P53836,CA120_YEAST,-0.76920742,FALSE,0.000007
P53839,GOR1_YEAST,-2.279925,FALSE,0
P53879,RHO5_YEAST,0.077125266,FALSE,0.000179
P53883,NOP13_YEAST,-0.82793049,FALSE,0
Q03236,YM49_YEAST,-0.7516636,FALSE,0
Q03446,RCR2_YEAST,-1.0629914,FALSE,0.000066
Q03823,YM35_YEAST,-1.3439702,FALSE,0
Q03880,PKR1_YEAST,-1.2660825,FALSE,0.000001
Q04006,UPS3_YEAST,-1.3315772,FALSE,0
Q04082,GPI19_YEAST,-0.303263,FALSE,0
Q04638,ITT1_YEAST,-1.2982903,FALSE,0.000001
Q04767,TVP18_YEAST,-2.0129323,FALSE,0.000015
Q05024,TRI1_YEAST,-2.4290855,FALSE,0
Q05955,ADY4_YEAST,-1.2199655,FALSE,0
Q06159,ATG39_YEAST,-1.5977628,FALSE,0
Q06681,YSP2_YEAST,-0.53047612,FALSE,0
Q07830,GPI13_YEAST,-1.1837026,FALSE,0.000026
Q08561,IES4_YEAST,0.17318194,FALSE,0
Q08580,PEX27_YEAST,-1.8166333,FALSE,0
Q08817,SOG2_YEAST,-0.39156095,FALSE,0.000001
Q08886,GPB1_YEAST,-1.0271008,FALSE,0
Q08989,YP277_YEAST,-0.99503282,FALSE,0.007977
Q12049,THP3_YEAST,-1.0663049,FALSE,0
Q12094,TSR3_YEAST,-1.6691629,FALSE,0
Q12141,YG11B_YEAST,-0.45314254,FALSE,0
Q12269,YG12B_YEAST,-0.41726354,FALSE,0
Q12289,CRC1_YEAST,-1.0034292,FALSE,0
Q12354,APTH1_YEAST,-0.83111504,FALSE,0
Q12367,RKM5_YEAST,-1.4501209,FALSE,0
Q3E754,RS21B_YEAST,-1.2530491,FALSE,0
Q3E798,MIM2_YEAST,-1.7324802,FALSE,0.000094
P00447,SODM_YEAST,-0.9121524,FALSE,0
P00572,KTHY_YEAST,-1.8278846,FALSE,0
P02829,HSP82_YEAST,-0.77855049,FALSE,0
P04386,GAL4_YEAST,-1.1117189,FALSE,0
P06700,SIR2_YEAST,-1.1720297,FALSE,0.000004
P06784,STE7_YEAST,-1.4277249,FALSE,0
P07991,OAT_YEAST,-0.9083606,FALSE,0
P08640,FLO11_YEAST,2.5187135,TRUE,0.999762
P0C269,YB00C_YEAST,-0.6434451,FALSE,0.007356
P0C2I2,YD14B_YEAST,-0.40360433,FALSE,0
P0CH64,DDI3_YEAST,-0.79600509,FALSE,0
P0CX08,DSF1_YEAST,-0.99975999,FALSE,0
P0CX73,YP11A_YEAST,0.18895175,FALSE,0
P0CX86,RS32A_YEAST,-3.2650498,FALSE,0.000009
P0CY07,HMAL1_YEAST,-1.2223835,FALSE,0
P17122,SPO16_YEAST,-1.4391312,FALSE,0
P18900,COQ1_YEAST,-2.0358618,FALSE,0
P22209,KIN3_YEAST,-1.8028324,FALSE,0
P24784,DBP1_YEAST,-1.4631909,FALSE,0
P25583,MET14_YEAST,-1.4363445,FALSE,0
P26449,BUB3_YEAST,-0.84107341,FALSE,0
P28005,POP5_YEAST,-1.3696481,FALSE,0
P29465,CHS3_YEAST,-1.0397416,FALSE,0
P31376,SWC3_YEAST,-1.7046843,FALSE,0.000002
P32453,ATP11_YEAST,-1.8651765,FALSE,0
P32463,ACPM_YEAST,-1.8397738,FALSE,0
P32561,RPD3_YEAST,-1.3332308,FALSE,0
P32571,UBP4_YEAST,-0.76785957,FALSE,0
P32829,MRE11_YEAST,-1.5189653,FALSE,0
P32916,SRPR_YEAST,-1.4388492,FALSE,0
P33400,PACC_YEAST,-0.80652292,FALSE,0
P34224,YBF9_YEAST,-1.6460896,FALSE,0
P36040,POC2_YEAST,-1.3207276,FALSE,0.000003
P36076,CAB3_YEAST,-0.9446862,FALSE,0
P36102,PAN3_YEAST,-0.94915501,FALSE,0
P38194,YBE4_YEAST,-2.0774239,FALSE,0.000009
P38221,CDS1_YEAST,-1.1299545,FALSE,0.000124
P38279,YPQ3_YEAST,-1.4114518,FALSE,0.000001
P38326,SWC5_YEAST,-1.7037872,FALSE,0.000003
P38729,YHE2_YEAST,-1.4811332,FALSE,0.003191
P38844,DSE2_YEAST,1.9477838,TRUE,0.999723
P38869,SVP26_YEAST,-1.5436188,FALSE,0
P38885,AIM46_YEAST,-1.4509187,FALSE,0.000003
P39077,TCPG_YEAST,-1.5165606,FALSE,0
P39102,XDJ1_YEAST,-0.92454436,FALSE,0
P39714,BDH1_YEAST,-0.8446627,FALSE,0
P39720,OAF1_YEAST,-1.4399921,FALSE,0.000075
P39980,SIT1_YEAST,-1.3266753,FALSE,0
P40104,YE19_YEAST,-0.86017948,FALSE,0
P40150,SSB2_YEAST,-1.524029,FALSE,0.000001
P40160,RIO2_YEAST,-0.93122284,FALSE,0
P40917,YAP4_YEAST,-1.1126814,FALSE,0
P40991,NOP2_YEAST,-1.6793114,FALSE,0
P42222,ERR3_YEAST,-0.59314618,FALSE,0
P43593,UBP6_YEAST,-1.382116,FALSE,0
P43618,CENPT_YEAST,-1.5653749,FALSE,0.000001
P46677,TAF1_YEAST,-1.0178491,FALSE,0.000003
P47072,YJB6_YEAST,-0.72115178,FALSE,0
P47093,LSM8_YEAST,-0.96845334,FALSE,0
P47162,YJ98_YEAST,-1.0561022,FALSE,0.000097
P47166,SGM1_YEAST,-1.0770367,FALSE,0
P47187,COS5_YEAST,-1.7748258,FALSE,0.000078
P53065,TAD1_YEAST,-1.5966566,FALSE,0
P53157,MPC1_YEAST,-1.0481065,FALSE,0.000306
P53262,VOA1_YEAST,-0.25762733,FALSE,0.998832
P53332,COAD_YEAST,-1.4429679,FALSE,0
P53397,OGG1_YEAST,-1.1185171,FALSE,0
P53552,THO2_YEAST,-1.291509,FALSE,0
P53876,YNS4_YEAST,-1.5163111,FALSE,0.000038
P54999,RUXF_YEAST,-1.4528759,FALSE,0
Q02159,UBC7_YEAST,-1.6078301,FALSE,0
Q02805,ROD1_YEAST,-0.94101768,FALSE,0.000001
Q02892,NOG1_YEAST,-2.0563172,FALSE,0
Q03214,ECM5_YEAST,-1.2334537,FALSE,0.000101
Q04493,PFD5_YEAST,-0.70518756,FALSE,0
Q04500,UTP14_YEAST,-1.2907457,FALSE,0
Q04839,GFD1_YEAST,-0.78130647,FALSE,0
Q04898,YM99_YEAST,-0.35785688,FALSE,0
Q05933,ARPC3_YEAST,-1.0500412,FALSE,0
Q06011,ECM19_YEAST,-0.94202831,FALSE,0.003314
Q06247,YL173_YEAST,-1.4119987,FALSE,0.000065
Q06336,GGA1_YEAST,-1.3789979,FALSE,0
Q06410,ATG17_YEAST,-1.3479686,FALSE,0.000001
Q06598,ARR3_YEAST,-1.5405027,FALSE,0.000008
Q06624,RHC31_YEAST,-1.2904717,FALSE,0
Q06822,ASA1_YEAST,-1.2413313,FALSE,0
Q07534,S2538_YEAST,-0.31696027,FALSE,0.000042
Q07950,YEH2_YEAST,-1.5055123,FALSE,0
Q08421,ETT1_YEAST,-1.9614179,FALSE,0
Q08980,YP264_YEAST,-1.4949525,FALSE,0
Q08993,YP202_YEAST,-1.3592386,FALSE,0
Q08994,YP203_YEAST,-1.253796,FALSE,0.00001
Q12085,YG11A_YEAST,0.11444542,FALSE,0
Q12372,MMP1_YEAST,-1.2982773,FALSE,0
Q12439,YO21A_YEAST,-0.70177923,FALSE,0
Q12476,AIR2_YEAST,-0.80626248,FALSE,0
Q3E784,SLO1_YEAST,-0.68975185,FALSE,0
Q3E801,YJ136_YEAST,-1.3490685,FALSE,0.000051
Q6B2U8,TDA8_YEAST,0.034078939,FALSE,0.003463
Q86ZR7,YKD3A_YEAST,-1.4595133,FALSE,0
P04912,H2A2_YEAST,-1.8101226,FALSE,0
P05317,RLA0_YEAST,-0.95824483,FALSE,0
P06101,CDC37_YEAST,-1.067834,FALSE,0
P09064,IF2B_YEAST,-1.340299,FALSE,0
P09880,TRNL_YEAST,-1.2553399,FALSE,0
P0CE00,MPH3_YEAST,-1.2827051,FALSE,0.000006
P0CF17,U5072_YEAST,-1.5244996,FALSE,0.000131
P10356,YEY2_YEAST,-1.2945886,FALSE,0
P11709,BIK1_YEAST,-1.1914843,FALSE,0
P12709,G6PI_YEAST,-1.1448701,FALSE,0
P15992,HSP26_YEAST,-0.85756701,FALSE,0
P16521,EF3A_YEAST,-1.4721536,FALSE,0
P18851,GBB_YEAST,-1.3325275,FALSE,0.000001
P20434,RPAB1_YEAST,-1.6190437,FALSE,0
P22138,RPA2_YEAST,-1.5846231,FALSE,0
P24004,PEX1_YEAST,-1.2065926,FALSE,0
P25036,YSP3_YEAST,-0.41714155,FALSE,0.265462
P25338,MPO1_YEAST,-2.5670595,FALSE,0.000001
P25377,ADH7_YEAST,-0.83954417,FALSE,0
P25441,RPC4_YEAST,-1.5251674,FALSE,0
P28791,SEC20_YEAST,-1.2625526,FALSE,0
P31244,RAD16_YEAST,-1.7522426,FALSE,0
P32363,GPI3_YEAST,-0.97191687,FALSE,0
P32469,DPH5_YEAST,-1.1773184,FALSE,0.000005
P32489,MEI5_YEAST,-1.839034,FALSE,0
P32525,ECM25_YEAST,-1.1312538,FALSE,0.00072
P32608,RTG2_YEAST,-0.98275917,FALSE,0
P32626,ENOPH_YEAST,-1.1910278,FALSE,0
P32909,SMY2_YEAST,-0.30166,FALSE,0
P36002,PTK1_YEAST,-0.65226742,FALSE,0
P37261,FRM2_YEAST,-1.6567466,FALSE,0
P37262,SOL2_YEAST,-1.1215626,FALSE,0.000001
P38087,YMC2_YEAST,-1.5389967,FALSE,0.000001
P38143,GPX2_YEAST,-0.95442209,FALSE,0
P38193,PP4R2_YEAST,-1.0182045,FALSE,0
P38212,RCR1_YEAST,-0.84222526,FALSE,0.000029
P38235,YBQ3_YEAST,-0.62801469,FALSE,0
P38263,GID4_YEAST,-0.18810818,FALSE,0
P38745,YHB7_YEAST,-1.0700022,FALSE,0.999777
P38775,YHK5_YEAST,-0.96054101,FALSE,0.000015
P38823,DMA1_YEAST,-1.7045596,FALSE,0.000018
P38922,HRB1_YEAST,-1.4129217,FALSE,0
P38987,TEM1_YEAST,-1.8667567,FALSE,0
P39677,RRF2M_YEAST,-0.9098297,FALSE,0
P39925,AFG3_YEAST,-1.7647788,FALSE,0
P39929,SNF7_YEAST,-1.20754,FALSE,0.000001
P39932,STL1_YEAST,-0.85509986,FALSE,0.000006
P40325,HUA1_YEAST,-1.1623468,FALSE,0
P40366,DLS1_YEAST,-1.0834088,FALSE,0
P41920,YRB1_YEAST,-0.89516506,FALSE,0
P45820,HUR1_YEAST,-1.3303137,FALSE,0.013518
P47043,ZAP1_YEAST,-0.57048321,FALSE,0.000001
P47080,YJA7_YEAST,-0.80690906,FALSE,0.000001
P47119,ITPA_YEAST,-0.61195404,FALSE,0.000001
P53067,IMB5_YEAST,-1.4205722,FALSE,0.000004
P53123,MRM2_YEAST,-1.5119721,FALSE,0
P53230,TAM41_YEAST,-1.1599159,FALSE,0
P53248,PEX8_YEAST,-1.5103886,FALSE,0.000001
P53599,SSK2_YEAST,-1.3075674,FALSE,0
P53735,ZRG17_YEAST,-0.78293794,FALSE,0
P53844,PDR17_YEAST,-1.7761764,FALSE,0.000005
P53846,LTO1_YEAST,-2.4363913,FALSE,0
P53919,NAF1_YEAST,-0.56509397,FALSE,0
P54780,RL15B_YEAST,-3.0467527,FALSE,0
Q02774,SHR3_YEAST,-1.1755924,FALSE,0
Q02864,YP071_YEAST,-1.3686979,FALSE,0.000001
Q03231,YM46_YEAST,0.26357566,FALSE,0
Q03429,MZM1_YEAST,-1.9896509,FALSE,0
Q03661,ESC1_YEAST,-0.29922063,FALSE,0
Q03694,INP1_YEAST,-1.0745103,FALSE,0
Q04080,GPI17_YEAST,-0.76250399,FALSE,0.000006
Q04121,NHX1_YEAST,-1.0551888,FALSE,0.014038
Q04458,HFD1_YEAST,-1.2927635,FALSE,0
Q04838,YM88_YEAST,-1.660135,FALSE,0.001782
Q05946,UTP13_YEAST,-1.3377313,FALSE,0
Q06170,YL326_YEAST,-1.7756777,FALSE,0.000001
Q06338,BCP1_YEAST,-0.92489799,FALSE,0.000001
Q06389,NCS1_YEAST,-0.42713726,FALSE,0.000001
Q06592,HPA2_YEAST,-0.31067541,FALSE,0
Q06608,PDXH_YEAST,-1.0783667,FALSE,0
Q07532,IWR1_YEAST,-1.2569153,FALSE,0
Q07589,YD144_YEAST,-1.7810186,FALSE,0.000213
Q07660,BRE4_YEAST,-1.29244,FALSE,0
Q07878,VPS13_YEAST,-0.98497488,FALSE,0
Q08689,NAT5_YEAST,-1.5947193,FALSE,0.000001
Q12125,GET4_YEAST,-1.414244,FALSE,0
Q12205,MNL2_YEAST,-0.97719628,FALSE,0.000002
Q12386,ARP8_YEAST,-0.95715138,FALSE,0.000003
Q12391,YN11A_YEAST,-0.33695511,FALSE,0
Q12510,CMR1_YEAST,-0.49734011,FALSE,0
Q12512,ZPS1_YEAST,-0.48457304,FALSE,0.999706
Q12517,DCP1_YEAST,-0.74015745,FALSE,0
Q12746,PGA3_YEAST,-1.201299,FALSE,0.000004
Q3E6R5,YD381_YEAST,-1.1886746,FALSE,0.000773
Q3E767,YN67B_YEAST,0.17057545,FALSE,0.000167
Q3E776,YB255_YEAST,-1.4142903,FALSE,0
Q3E7Z8,YC204_YEAST,-1.1271337,FALSE,0.000003
Q3E809,YM054_YEAST,-1.1433032,FALSE,0.000232
Q8TGN5,YI105_YEAST,-0.47837583,FALSE,0.006224
Q8TGU7,YB126_YEAST,-1.9859394,FALSE,0.000021
A0A023PZF2,YE009_YEAST,-2.9440712,FALSE,0.000121
P00931,TRP_YEAST,-1.1911356,FALSE,0
P01120,RAS2_YEAST,-0.29088191,FALSE,0
P06843,SPT2_YEAST,-1.1023947,FALSE,0
P07253,CBP6_YEAST,-1.6328066,FALSE,0
P07259,PYR1_YEAST,-1.2043851,FALSE,0.000002
P07285,TRPD_YEAST,-1.4615585,FALSE,0
P11484,SSB1_YEAST,-1.5379819,FALSE,0.000002
P12684,HMDH2_YEAST,-0.93772393,FALSE,0.000021
P14164,ABF1_YEAST,-1.0324846,FALSE,0.000001
P16140,VATB_YEAST,-0.9240225,FALSE,0
P17121,SAC7_YEAST,-1.413725,FALSE,0
P18962,DAP2_YEAST,-0.87704288,FALSE,0.000004
P20052,PHO80_YEAST,-1.1555247,FALSE,0
P22289,QCR9_YEAST,-0.64987991,FALSE,0.000002
P23595,PP2A2_YEAST,-1.2873352,FALSE,0
P25359,RRP43_YEAST,-1.2606235,FALSE,0
P25362,PET18_YEAST,-0.73897898,FALSE,0.000002
P28239,IPYR2_YEAST,-0.42292077,FALSE,0
P32350,KNS1_YEAST,-1.3341748,FALSE,0
P32898,PREP_YEAST,-0.88291755,FALSE,0
P34230,PXA2_YEAST,-1.5928865,FALSE,0.061592
P36000,AP1B1_YEAST,-1.8858869,FALSE,0
P36024,SIS2_YEAST,-0.94191904,FALSE,0.000031
P36051,MCD4_YEAST,-1.339184,FALSE,0
P36087,YKH0_YEAST,-1.221433,FALSE,0
P38239,YBR2_YEAST,-1.8588521,FALSE,0
P38249,EIF3A_YEAST,-1.6459545,FALSE,0
P38277,YBY8_YEAST,-1.5260611,FALSE,0
P38361,PHO89_YEAST,-0.92907198,FALSE,0
P38590,MSG5_YEAST,-0.62090031,FALSE,0
P38788,SSZ1_YEAST,-0.95626468,FALSE,0
P38817,GGA2_YEAST,-1.7078953,FALSE,0
P38959,VPS41_YEAST,-1.1055281,FALSE,0.000002
P38970,HAL5_YEAST,-1.1588228,FALSE,0
P39073,SSN3_YEAST,-1.5649998,FALSE,0
P40018,RSMB_YEAST,-2.1112121,FALSE,0
P40348,RFC2_YEAST,-1.2129851,FALSE,0
P40476,PRM5_YEAST,-0.34434749,FALSE,0.0008
P40487,DPH1_YEAST,-1.5051037,FALSE,0
P40498,UTP25_YEAST,-1.4840115,FALSE,0
P40517,YRB2_YEAST,-0.12833643,FALSE,0
P40528,SYG1_YEAST,-1.1510171,FALSE,0
P40534,PRM2_YEAST,-0.79853924,TRUE,0.000005
P40546,FAF1_YEAST,-1.4435424,FALSE,0
P40552,TIR3_YEAST,-0.092140037,TRUE,0.999783
P41816,OYE3_YEAST,-0.9783947,FALSE,0.000001
P41817,CUP9_YEAST,-1.6710264,FALSE,0
P41901,SPR3_YEAST,-1.2378837,FALSE,0
P43573,BUD27_YEAST,-1.1505959,FALSE,0
P43610,IRC5_YEAST,-1.5085965,FALSE,0.000001
P46944,TRS85_YEAST,-1.2901857,FALSE,0
P46958,IDS2_YEAST,-1.167802,FALSE,0
P47009,YJO4_YEAST,-2.3758649,FALSE,0.000009
P47013,DS1P1_YEAST,-1.6572493,FALSE,0
P47113,BFA1_YEAST,-1.2006079,FALSE,0.000004
P47126,YJ49_YEAST,-1.6290293,FALSE,0.001663
P49089,ASNS1_YEAST,-1.0960941,FALSE,0.000012
P50079,HSV2_YEAST,-1.7503033,FALSE,0
P50085,PHB2_YEAST,-2.0313726,FALSE,0.000109
P53080,EDC1_YEAST,-1.0754301,FALSE,0
P53145,LSG1_YEAST,-1.7344019,FALSE,0
P53176,MST27_YEAST,-1.3673102,FALSE,0.000057
P53198,ERP6_YEAST,-1.7978224,FALSE,0.999478
P53331,REXO1_YEAST,-0.97198046,FALSE,0
P53895,ASI2_YEAST,-1.5878588,FALSE,0
P53910,YNO0_YEAST,-2.6476815,FALSE,0
P53946,ARP5_YEAST,-1.7253899,FALSE,0.000001
P53972,RCM1_YEAST,-1.5145812,FALSE,0
P80667,PEX13_YEAST,-1.3284576,FALSE,0
Q01976,ADPP_YEAST,-2.1217213,FALSE,0
Q03361,JIP4_YEAST,-0.83881329,FALSE,0
Q03430,RSM28_YEAST,-1.6422208,FALSE,0
Q03554,GOT1_YEAST,-2.1620164,FALSE,0
Q03702,CCE1_YEAST,-1.4677334,FALSE,0
Q03855,YD11B_YEAST,-0.41762239,FALSE,0
Q04212,ARA2_YEAST,-1.1461338,FALSE,0.000703
Q04472,MGR3_YEAST,-1.9849806,FALSE,0
Q06001,FAR10_YEAST,-0.93570045,FALSE,0
Q06236,SHH4_YEAST,-1.3862378,FALSE,0.000001
Q06449,PIN3_YEAST,-0.39787326,FALSE,0
Q06567,MCP2_YEAST,-1.5426674,FALSE,0.000039
Q07904,THI73_YEAST,-1.0223262,FALSE,0
Q07963,UBR2_YEAST,-0.92510473,FALSE,0
Q08224,THI20_YEAST,-0.91425189,FALSE,0.000008
Q08491,SKI7_YEAST,-1.3942846,FALSE,0
Q08910,YO387_YEAST,-0.87117731,FALSE,0.999809
Q08972,NEW1_YEAST,-1.0268491,FALSE,0
Q12118,SGT2_YEAST,-0.63166898,FALSE,0
Q12184,ADRX_YEAST,-1.4064568,FALSE,0
Q12223,RAD59_YEAST,-1.4900151,FALSE,0.000003
Q12276,HER1_YEAST,-1.1959196,FALSE,0
Q12365,BBP1_YEAST,-1.4100342,FALSE,0.000001
Q12369,SFI1_YEAST,-1.958513,FALSE,0.000001
Q12387,NAA25_YEAST,-1.4305836,FALSE,0
Q12408,NPC2_YEAST,-0.8489275,FALSE,0.999766
Q3E785,SDHF1_YEAST,-2.2203557,FALSE,0
Q3E833,PCC1_YEAST,-1.3341377,FALSE,0.000001
Q8TGV0,YA035_YEAST,-2.6708654,FALSE,0.000049
Q99231,YD12B_YEAST,-0.34103778,FALSE,0
O13516,RS9A_YEAST,-2.6498751,FALSE,0
O13529,ECM12_YEAST,-1.3465778,FALSE,0.000934
P00815,HIS2_YEAST,-1.7135662,FALSE,0.000007
P00856,ATP8_YEAST,-2.4038347,FALSE,0
P02407,RS17A_YEAST,-2.6280385,FALSE,0
P04385,GAL1_YEAST,-0.73313521,FALSE,0
P0CE88,PAU1_YEAST,-0.95762613,FALSE,0.999571
P0CF00,YL57E_YEAST,-1.1795615,FALSE,0.000003
P0CX13,COS3_YEAST,-1.8676091,FALSE,0.000082
P10591,HSP71_YEAST,-1.4819,FALSE,0
P16387,ODPA_YEAST,-1.2746569,FALSE,0
P19735,PRP6_YEAST,-1.518267,FALSE,0
P20134,SFL1_YEAST,-0.68481178,FALSE,0
P21374,ISY1_YEAST,-2.1733594,FALSE,0
P21576,VPS1_YEAST,-1.3763769,FALSE,0
P21734,UBC1_YEAST,-1.8358626,FALSE,0
P22134,MAG_YEAST,-1.7305786,FALSE,0
P22140,EPT1_YEAST,-0.735379,FALSE,0.000052
P25346,GIT1_YEAST,-1.1226118,FALSE,0.000017
P31382,PMT2_YEAST,-1.3625591,FALSE,0.000006
P32467,HXT4_YEAST,-1.2498405,FALSE,0.000004
P32473,ODPB_YEAST,-0.70265444,FALSE,0
P32562,CDC5_YEAST,-1.461166,FALSE,0
P32797,CDC13_YEAST,-0.99267435,FALSE,0
P33339,TFC4_YEAST,-1.5359222,FALSE,0.000003
P34245,YKJ7_YEAST,-0.97373598,FALSE,0.051223
P36008,EF1G2_YEAST,-1.3227934,FALSE,0.000001
P36033,FRE2_YEAST,-1.0844028,FALSE,0.999745
P36153,YK53_YEAST,-2.0697523,FALSE,0.859258
P38226,CST26_YEAST,-1.385616,FALSE,0.000001
P38295,MCFS2_YEAST,-0.92258585,FALSE,0.000002
P38335,MTC4_YEAST,-1.1577663,FALSE,0
P38629,RFC3_YEAST,-1.460501,FALSE,0
P38777,FSH1_YEAST,-0.56314223,FALSE,0
P38934,BFR1_YEAST,-1.5013801,FALSE,0
P38985,SRP14_YEAST,-0.56150738,FALSE,0
P38989,SMC2_YEAST,-1.0743791,FALSE,0.000362
P38991,AURK_YEAST,-1.6308445,FALSE,0
P39110,CIN4_YEAST,-1.9263842,FALSE,0
P39515,TIM17_YEAST,-1.3572338,FALSE,0.000051
P39705,NUP60_YEAST,-0.67148128,FALSE,0
P39723,MBO1_YEAST,-1.87532,FALSE,0
P40002,MIT1_YEAST,-0.89807766,FALSE,0
P40039,FCY21_YEAST,-1.4055847,FALSE,0.000001
P40063,RT105_YEAST,-1.5685478,FALSE,0
P40347,PPAL_YEAST,-0.75704914,FALSE,0
P40457,MLP2_YEAST,-1.4592173,FALSE,0
P40466,FKH1_YEAST,-0.2482531,FALSE,0.000015
P40524,YIF4_YEAST,-0.23232664,FALSE,0.000802
P40554,URM1_YEAST,-0.70455599,FALSE,0
P40987,CIN1_YEAST,-1.2665046,FALSE,0
P42935,ELP2_YEAST,-1.106267,FALSE,0
P43567,AGX1_YEAST,-0.71897921,FALSE,0
P43576,YFB9_YEAST,-1.4444946,FALSE,0.000009
P43602,ROG3_YEAST,-0.69608312,FALSE,0
P47016,NIT2_YEAST,-1.2548962,FALSE,0
P47165,XPT1_YEAST,-1.4709465,FALSE,0
P47168,TTI2_YEAST,-1.6274732,FALSE,0
P49167,RL38_YEAST,-1.7116606,FALSE,0
P50946,OCA1_YEAST,-1.187483,FALSE,0.000003
P52918,MSN5_YEAST,-1.5093706,FALSE,0
P53252,PIL1_YEAST,-1.4967388,FALSE,0
P53326,YG5L_YEAST,-1.0701454,FALSE,0
P53344,COS6_YEAST,-1.5234478,FALSE,0.000083
P53584,YTP1_YEAST,-1.7079269,FALSE,0.329929
P53740,YN8S_YEAST,-1.1437025,FALSE,0.000431
P53756,PDR18_YEAST,-1.1796899,FALSE,0
P53920,NM111_YEAST,-0.87968903,FALSE,0.000002
P53940,APJ1_YEAST,-1.516591,FALSE,0.000007
P53965,SIW14_YEAST,-1.9288648,FALSE,0.000001
P54783,ALO_YEAST,-0.95513428,FALSE,0
Q01448,HPC2_YEAST,-0.0030580625,FALSE,0.000002
Q02651,SMA1_YEAST,-1.5450481,FALSE,0
Q03289,PFA5_YEAST,-1.2814569,FALSE,0.000001
Q04005,LIC4_YEAST,-1.3696911,FALSE,0.000001
Q04264,PDS5_YEAST,-1.3429831,FALSE,0
Q04406,EMI1_YEAST,-0.60698473,FALSE,0.000002
Q04712,RRN11_YEAST,-1.3567872,FALSE,0
Q05919,VPS38_YEAST,-1.5095302,FALSE,0.000001
Q06163,TERT_YEAST,-1.2669378,FALSE,0.000008
Q06625,GDE_YEAST,-0.99199446,FALSE,0.000002
Q07454,YD073_YEAST,-1.1549115,FALSE,0.000004
Q08225,DPP3_YEAST,-1.1407071,FALSE,0
Q08295,IMA2_YEAST,-0.40720575,FALSE,0.000005
Q08446,SGT1_YEAST,-0.51836387,FALSE,0
Q08504,YO105_YEAST,-0.16101043,FALSE,0.010497
Q08634,YO238_YEAST,-0.34743699,FALSE,0
Q12027,GID12_YEAST,-1.4819626,FALSE,0
Q12056,ISU2_YEAST,-1.1322403,FALSE,0.000001
Q12107,APC9_YEAST,-1.855626,FALSE,0
Q12139,YP022_YEAST,-1.0824761,FALSE,0.000041
Q12244,YL054_YEAST,-1.3128311,FALSE,0
Q12288,YL126_YEAST,-1.6561208,FALSE,0
Q12380,ATG5_YEAST,-1.0636511,FALSE,0
Q12498,PRM4_YEAST,-0.36405159,FALSE,0.000001
Q12522,IF6_YEAST,-1.5514469,FALSE,0.000001
Q12675,ATC4_YEAST,-1.3019907,FALSE,0
Q8TGS5,YM272_YEAST,-1.2718195,FALSE,0.012214
Q99186,AP2M_YEAST,-1.0824968,FALSE,0.001444
Q99314,SAS5_YEAST,-1.1533211,FALSE,0
A0A023PZE8,YD57W_YEAST,-0.74083907,FALSE,0.000125
O13512,YA64B_YEAST,-0.63739798,FALSE,0.001226
P00358,G3P2_YEAST,-0.7696568,FALSE,0
P00427,COX6_YEAST,-1.8214569,FALSE,0
P00431,CCPR_YEAST,-1.3862071,FALSE,0.000175
P00549,KPYK1_YEAST,-0.6431385,FALSE,0
P00890,CISY1_YEAST,-0.94650732,FALSE,0
P01098,STF1_YEAST,-1.9176578,FALSE,0
P02309,H4_YEAST,-2.8817025,FALSE,0
P03870,FLP_YEAST,-0.65134483,FALSE,0.000001
P04046,PUR1_YEAST,-1.5470041,FALSE,0.11934
P04173,LEU3_YEAST,-1.5050164,FALSE,0
P04710,ADT1_YEAST,-1.8240588,FALSE,0
P06785,TYSY_YEAST,-1.5211002,FALSE,0
P07283,PMM_YEAST,-1.4483503,FALSE,0
P08524,ERG20_YEAST,-1.0715708,FALSE,0
P09201,F16P_YEAST,-1.225383,FALSE,0
P09232,PRTB_YEAST,-0.64766621,FALSE,0.617092
P0C5M8,YE090_YEAST,-2.7915161,FALSE,0.000043
P0CX67,YG13A_YEAST,0.025233012,FALSE,0
P13574,STE12_YEAST,-0.91760274,FALSE,0
P14681,KSS1_YEAST,-1.5544755,FALSE,0
P15380,PUT4_YEAST,-1.0556514,FALSE,0.000001
P15436,DPOD_YEAST,-0.94029323,FALSE,0
P17555,CAP_YEAST,-1.0293224,FALSE,0
P19414,ACON_YEAST,-0.99640677,FALSE,0
P22543,VPS34_YEAST,-1.6798861,FALSE,0
P25559,DCC1_YEAST,-1.8852918,FALSE,0
P25576,POF1_YEAST,-1.902543,FALSE,0
P28817,HIBCH_YEAST,-0.85000088,FALSE,0
P32341,VPH2_YEAST,-1.5313118,FALSE,0
P32497,EIF3C_YEAST,-1.4513556,FALSE,0.000002
P32802,TMN1_YEAST,-1.0350601,FALSE,0.999776
P32875,LIPA_YEAST,-1.5949311,FALSE,0.004945
P33199,YGB5_YEAST,-1.0624964,FALSE,0
P33298,PRS6B_YEAST,-1.7386822,FALSE,0
P36012,CENPA_YEAST,-1.659515,FALSE,0
P36131,SPC34_YEAST,-1.606859,FALSE,0
P38126,PCH2_YEAST,-1.1784038,FALSE,0
P38146,YPT10_YEAST,-1.0058356,FALSE,0
P38344,REI1_YEAST,-1.6684839,FALSE,0
P38354,YB8A_YEAST,-0.96162752,FALSE,0.000014
P38780,YHL4_YEAST,-1.8976782,FALSE,0.000001
P38870,RGD3_YEAST,-0.82500959,FALSE,0
P38932,VPS45_YEAST,-1.5473769,FALSE,0
P38995,ATU2_YEAST,-0.92388829,FALSE,0.000001
P39113,CAT8_YEAST,-1.3563486,FALSE,0.000001
P39721,AIM2_YEAST,-1.2724892,FALSE,0
P39875,EXO1_YEAST,-1.4129837,FALSE,0.000017
P40005,PFD2_YEAST,-1.7085673,FALSE,0
P40525,RL34B_YEAST,-1.5068661,FALSE,0
P40533,TED1_YEAST,-0.94782591,TRUE,0.000003
P40568,DSN1_YEAST,-1.1974319,FALSE,0
P41056,RL33B_YEAST,-2.7994786,FALSE,0
P41808,SMK1_YEAST,-1.3529417,FALSE,0
P42939,MVB12_YEAST,-1.8007688,FALSE,0
P42946,PRM10_YEAST,-1.1735917,FALSE,0.002291
P43544,SNO3_YEAST,-1.3527677,FALSE,0.000007
P43608,YFK5_YEAST,-0.10591128,FALSE,0.000164
P43682,SFT1_YEAST,-1.6345461,FALSE,0.000001
P47007,MRX5_YEAST,-1.6307075,FALSE,0
P47084,MRX12_YEAST,-1.4258464,FALSE,0
P47124,HOC1_YEAST,-1.7666895,FALSE,0.005104
P47137,YJ66_YEAST,-1.3516463,FALSE,0
P47158,CAF17_YEAST,-0.92437524,FALSE,0.000001
P48239,GTO1_YEAST,-1.4334525,FALSE,0
P48567,PUS4_YEAST,-1.3069395,FALSE,0
P49018,GPI8_YEAST,-1.4668573,FALSE,0.999747
P51533,PDR10_YEAST,-1.1581947,FALSE,0.000002
P53745,MNT4_YEAST,-1.2260722,FALSE,0
P53874,UBP10_YEAST,-0.24862449,FALSE,0.000001
P53924,DMA2_YEAST,-1.3863356,FALSE,0.000001
P53929,YNK8_YEAST,-1.124748,FALSE,0
P53961,GPI15_YEAST,-2.3188976,FALSE,0.000124
Q03406,SLD5_YEAST,-0.94070402,FALSE,0
Q03829,MME1_YEAST,-0.86980739,FALSE,0
Q03973,HMO1_YEAST,0.044706238,FALSE,0.000001
Q04178,HPRT_YEAST,-0.72164881,FALSE,0.000001
Q04895,DAL4_YEAST,-1.0059713,FALSE,0.000001
Q05043,RSF1_YEAST,-1.2297374,FALSE,0
Q06205,FKBP4_YEAST,-0.68115038,FALSE,0
Q06213,MED10_YEAST,-1.3166346,FALSE,0
Q06390,MRB1_YEAST,-0.74623153,FALSE,0
Q07729,GUAD_YEAST,-0.36806657,FALSE,0
Q07993,XYL2_YEAST,-0.617659,FALSE,0
Q08924,WDR6_YEAST,-1.1114981,FALSE,0
Q08949,DDC1_YEAST,-1.359239,FALSE,0
Q08961,RKM1_YEAST,-0.66430578,FALSE,0
Q12145,CMR3_YEAST,-0.48510292,FALSE,0.000002
Q12181,NDOR1_YEAST,-1.7842272,FALSE,0
Q12291,BMT6_YEAST,-0.90512269,FALSE,0.000104
Q12326,PMG3_YEAST,-1.8358417,FALSE,0
Q12342,LDB17_YEAST,-1.4820267,FALSE,0
Q12421,ATG31_YEAST,-0.99908902,FALSE,0.000003
Q12441,YD12A_YEAST,0.048332256,FALSE,0
Q12672,RL21B_YEAST,-1.6286351,FALSE,0
Q3E787,YC095_YEAST,-2.1463508,FALSE,0.000023
Q3E7B9,YO08A_YEAST,-1.4020986,FALSE,0.110496
Q3E841,YN034_YEAST,-0.61296012,FALSE,0
Q8TGT1,YL406_YEAST,-0.13072932,FALSE,0.001555
O13559,YRF14_YEAST,-1.1224906,FALSE,0
P00045,CYC7_YEAST,-1.2204268,FALSE,0
P07281,RS19B_YEAST,-2.6092147,FALSE,0
P07702,LYS2_YEAST,-1.1355942,FALSE,0.000027
P08466,NUC1_YEAST,-1.5297546,FALSE,0.050237
P0C5Q3,YM13C_YEAST,-1.9053227,FALSE,0.000001
P0CE98,YL161_YEAST,-0.68456897,FALSE,0
P0CX28,RL44B_YEAST,-1.6614828,FALSE,0
P0CX95,YE07A_YEAST,-1.4838721,FALSE,0.00001
P10862,RAD18_YEAST,-1.2429771,FALSE,0
P11076,ARF1_YEAST,-1.7685606,FALSE,0
P15873,PCNA_YEAST,-1.560331,FALSE,0
P17505,MDHM_YEAST,-1.1671495,FALSE,0
P18414,ERD2_YEAST,-1.486097,FALSE,0.000779
P20049,TYR1_YEAST,-1.1281047,FALSE,0
P20051,PYRC_YEAST,-0.50577808,FALSE,0
P20486,CKS1_YEAST,-1.6649316,FALSE,0.000209
P21538,REB1_YEAST,-1.1773978,FALSE,0
P23615,SPT6_YEAST,-1.2189766,FALSE,0.000001
P25369,LSB5_YEAST,-1.4035139,FALSE,0
P25638,TAH1_YEAST,-2.0616676,FALSE,0
P27476,NSR1_YEAST,-1.0961727,FALSE,0
P28241,IDH2_YEAST,-1.1170687,FALSE,0
P29547,EF1G1_YEAST,-1.2022163,FALSE,0
P31111,ZIP1_YEAST,-1.2947368,FALSE,0
P32468,CDC12_YEAST,-2.0854467,FALSE,0
P32492,MYO4_YEAST,-1.4308793,FALSE,0
P32569,MED17_YEAST,-0.76301483,FALSE,0
P32622,YEF1_YEAST,-1.0982859,FALSE,0
P32769,HBS1_YEAST,-1.4901456,FALSE,0
P32836,GSP2_YEAST,-1.0093049,FALSE,0
P33200,PDR3_YEAST,-1.2657045,FALSE,0
P33297,PRS6A_YEAST,-1.4101075,FALSE,0
P33419,SPC29_YEAST,-1.6424457,FALSE,0
P34216,EDE1_YEAST,-0.19633179,FALSE,0.000006
P35189,TAF14_YEAST,-1.2197221,FALSE,0
P36035,JEN1_YEAST,-1.0677961,FALSE,0.000004
P36095,VPS24_YEAST,-2.1513355,FALSE,0
P36127,YK12_YEAST,-1.5368613,FALSE,0.252107
P38122,PANB_YEAST,-0.87131566,FALSE,0
P38356,BSD2_YEAST,-1.5447541,FALSE,0.000005
P38637,STS1_YEAST,-1.7076131,FALSE,0
P38696,ARP1_YEAST,-1.1863316,FALSE,0
P38712,RRP3_YEAST,-1.9460103,FALSE,0
P38798,NMD2_YEAST,-1.5534079,FALSE,0
P38831,YHS5_YEAST,-0.4199946,FALSE,0.000322
P38953,RAD55_YEAST,-1.9581989,FALSE,0
P38956,SNF11_YEAST,-2.3986311,FALSE,0.000434
P38986,ASPG1_YEAST,-0.47756602,FALSE,0
P39002,LCF3_YEAST,-1.4989257,FALSE,0
P39101,CAJ1_YEAST,-1.8778264,FALSE,0.000001
P39111,VATF_YEAST,-1.3181263,FALSE,0.000024
P39112,DSS1_YEAST,-1.1769705,FALSE,0
P40085,TAPT1_YEAST,-1.7395401,FALSE,0
P40090,SCC4_YEAST,-1.6208174,FALSE,0
P40186,PCL7_YEAST,-1.2993938,FALSE,0
P40342,SWM2_YEAST,-1.6960709,FALSE,0
P40364,MPM1_YEAST,-0.3026499,FALSE,0.000001
P42838,LEM3_YEAST,-1.0512369,FALSE,0.000001
P42844,ZIM17_YEAST,-1.001284,FALSE,0
P43597,YFI6_YEAST,-0.027757219,FALSE,0
P43623,METC_YEAST,-1.6804036,FALSE,0
P43635,CISY3_YEAST,-1.692837,FALSE,0
P46943,GUF1_YEAST,-1.8784954,FALSE,0
P46969,RPE_YEAST,-1.177141,FALSE,0.000002
P47032,PRY1_YEAST,0.40263672,FALSE,0.99969
P49723,RIR4_YEAST,-1.0581652,FALSE,0
P53038,TEL2_YEAST,-1.8891446,FALSE,0
P53049,YOR1_YEAST,-1.4153012,FALSE,0.000015
P53314,CPD1_YEAST,-1.8049665,FALSE,0.000001
P53338,MAL13_YEAST,-1.3827426,FALSE,0
P53631,HXT17_YEAST,-1.5578329,FALSE,0.000132
P53719,YN87_YEAST,-0.15965308,FALSE,0
P53751,YN94_YEAST,-0.64772838,FALSE,0.000353
P54838,DAK1_YEAST,-0.64772273,FALSE,0
Q02046,MTD1_YEAST,-1.5713151,FALSE,0.000002
Q02608,RT16_YEAST,-1.9711385,FALSE,0
Q02793,SKI8_YEAST,-1.185415,FALSE,0.000172
Q02795,OSTD_YEAST,-1.4800827,FALSE,0.999546
Q03029,SPO19_YEAST,0.17281255,TRUE,0.998217
Q03455,MSC2_YEAST,-1.0131258,FALSE,0.003047
Q03525,TMA23_YEAST,-1.2552166,FALSE,0
Q03864,YD102_YEAST,-1.9382759,FALSE,0
Q04437,KU80_YEAST,-1.0510246,FALSE,0
Q04439,MYO5_YEAST,-1.5616682,FALSE,0.000026
Q04608,YD124_YEAST,-0.85740903,FALSE,0
Q06053,DUS3_YEAST,-1.1699622,FALSE,0.000001
Q06328,YPQ2_YEAST,-0.85027295,FALSE,0
Q06596,ARR1_YEAST,-1.5439761,FALSE,0
Q06704,IMH1_YEAST,-1.0355098,FALSE,0
Q07986,YL036_YEAST,-1.133881,FALSE,0.000003
Q12026,YL053_YEAST,-1.0514337,FALSE,0.000001
Q12127,CCW12_YEAST,1.0331343,TRUE,0.999624
Q12150,CSF1_YEAST,-0.69117527,FALSE,0.000017
Q12158,SCC1_YEAST,-0.9243225,FALSE,0
Q12355,PST1_YEAST,0.29857408,TRUE,0.999724
Q12492,YP064_YEAST,-1.2504833,FALSE,0.153441
Q3E774,YD159_YEAST,-1.6867725,FALSE,0.000212
Q3E7X8,YE077_YEAST,-1.0053843,FALSE,0
Q99210,NTPPA_YEAST,-0.97570056,FALSE,0
D6VTK4,STE2_YEAST,-0.93550678,FALSE,0.00003
P00410,COX2_YEAST,-1.1552064,FALSE,0.000128
P00635,PPA5_YEAST,-0.78997223,FALSE,0.999623
P01097,ATIF_YEAST,-1.8729653,FALSE,0
P04911,H2A1_YEAST,-1.7069455,FALSE,0
P07275,PUT2_YEAST,-1.0057882,FALSE,0
P08004,CHS1_YEAST,-1.0099167,FALSE,0
P0CX38,RS6B_YEAST,-2.4247278,FALSE,0
P0CX71,YE11A_YEAST,0.18895175,FALSE,0
P14832,CYPH_YEAST,-0.18638123,FALSE,0
P15303,SEC23_YEAST,-1.0683012,FALSE,0.000001
P15731,UBC4_YEAST,-0.83517757,FALSE,0.000002
P20795,VPS33_YEAST,-1.4489743,FALSE,0
P20967,ODO1_YEAST,-1.5079141,FALSE,0
P22139,RPAB5_YEAST,-2.1645187,FALSE,0
P23059,NAA38_YEAST,-2.8281994,FALSE,0
P23292,KC12_YEAST,-1.5866465,FALSE,0
P23639,PSA2_YEAST,-0.78497576,FALSE,0.000003
P25298,RNA14_YEAST,-1.524209,FALSE,0
P25365,SED4_YEAST,0.46911215,FALSE,0
P25385,BOS1_YEAST,-1.1928097,FALSE,0
P25617,YCQ6_YEAST,-1.1841309,FALSE,0
P25655,NOT1_YEAST,-1.5763944,FALSE,0.000002
P26370,UGA3_YEAST,-1.7771776,FALSE,0
P27692,SPT5_YEAST,-0.85762254,FALSE,0.000001
P32558,SPT16_YEAST,-1.3662673,FALSE,0
P32570,MED22_YEAST,-0.90421719,FALSE,0
P32628,RAD23_YEAST,-1.4562103,FALSE,0.000002
P34161,YOX1_YEAST,-0.93009463,FALSE,0
P35727,BLI1_YEAST,-1.586912,FALSE,0
P35994,PAU16_YEAST,-0.89255022,FALSE,0.999516
P36034,COS9_YEAST,-1.5145754,FALSE,0.000004
P36097,TTI1_YEAST,-1.5682931,FALSE,0.000034
P38174,MAP2_YEAST,-0.80649098,FALSE,0
P38208,POP8_YEAST,-0.62048137,FALSE,0
P38273,CCZ1_YEAST,-0.69783149,FALSE,0.000001
P38429,SAP30_YEAST,-3.1388192,FALSE,0.000001
P38523,GRPE_YEAST,-1.552809,FALSE,0
P38705,SYSM_YEAST,-1.7180539,FALSE,0.000001
P38708,YHI0_YEAST,-1.1945867,FALSE,0
P38732,EFM1_YEAST,-0.96753782,FALSE,0
P38968,SEC31_YEAST,-0.59613565,FALSE,0.000001
P39549,YAJ9_YEAST,-0.86850472,FALSE,0
P39728,YAD7_YEAST,-1.0012967,FALSE,0
P39937,PAC2_YEAST,-0.87163015,FALSE,0
P40054,SERA_YEAST,-1.1227791,FALSE,0
P40154,IES2_YEAST,-0.6345665,FALSE,0
P40214,FDO1_YEAST,-1.5339618,FALSE,0
P40218,LDO45_YEAST,-0.67839232,FALSE,0
P40323,YP073_YEAST,-1.5721123,FALSE,0.000049
P40339,RFC4_YEAST,-1.7060996,FALSE,0
P40447,NIT1_YEAST,-1.2682497,FALSE,0
P40510,SER33_YEAST,-1.1074123,FALSE,0
P40889,YJW5_YEAST,-0.86384182,FALSE,0
P40893,REE1_YEAST,-1.8274234,FALSE,0
P42944,GZF3_YEAST,-1.2292993,FALSE,0
P46957,DPOD2_YEAST,-1.4629192,FALSE,0
P46983,ATG36_YEAST,-1.7752159,FALSE,0
P47022,YJL8_YEAST,-2.3009981,FALSE,0.000001
P47058,TAD2_YEAST,-1.2943557,FALSE,0
P47088,GPI14_YEAST,-1.5621321,FALSE,0
P47130,CSN12_YEAST,-2.1799836,FALSE,0
P47181,YJ9S_YEAST,-1.0505826,FALSE,0
P53076,VID30_YEAST,-1.0094059,FALSE,0
P53117,RRT6_YEAST,-0.54076155,FALSE,0.000068
P53208,EAT1_YEAST,-1.8298234,FALSE,0
P53233,FMP48_YEAST,-0.57035086,FALSE,0
P53257,TPC1_YEAST,-1.3303446,FALSE,0.000036
P53900,PFD4_YEAST,-2.1600902,FALSE,0.000001
P53917,FAR11_YEAST,-1.2352584,FALSE,0
P53952,YNF0_YEAST,-1.2211343,FALSE,0.000001
P53954,ALG11_YEAST,-1.2067265,FALSE,0.000002
P54790,ORC3_YEAST,-1.6264964,FALSE,0
P61829,ATP9_YEAST,-1.61552,FALSE,0
P9WEN9,YH54B_YEAST,-1.5522642,FALSE,0
Q02781,YP062_YEAST,-1.2046284,FALSE,0
Q02803,OAZ_YEAST,-1.678895,FALSE,0
Q03834,MSH6_YEAST,-1.4461483,FALSE,0
Q05123,ARP9_YEAST,-0.77453234,FALSE,0
Q06169,PEX30_YEAST,-1.120058,FALSE,0.000001
Q06440,CORO_YEAST,-1.0889832,FALSE,0
Q06538,CSC1_YEAST,-1.2336417,FALSE,0.000031
Q06672,TSR2_YEAST,-1.4528972,FALSE,0.000898
Q06836,SYT1_YEAST,-0.65424673,FALSE,0
Q07967,YL030_YEAST,-1.1143491,FALSE,0
Q08322,PAU20_YEAST,-0.77324568,FALSE,0.999459
Q08981,ACM1_YEAST,-1.527146,FALSE,0
Q08992,HSP32_YEAST,-0.39026799,FALSE,0
Q12050,ELG1_YEAST,-1.3710548,FALSE,0
Q12090,REXO3_YEAST,-1.0383292,FALSE,0
Q12161,PSH1_YEAST,-0.66966808,FALSE,0.000045
Q12431,EMC6_YEAST,-2.3415375,FALSE,0.000002
Q12509,ARP6_YEAST,-0.75008531,FALSE,0
Q12523,YP247_YEAST,-0.88697132,FALSE,0
Q3E791,YA063_YEAST,-0.90754631,FALSE,0.000318
Q3E805,YO376_YEAST,-1.1837936,FALSE,0.000028
Q8TGQ7,YP159_YEAST,-2.2893407,FALSE,0
Q8TGT8,YG174_YEAST,-2.6792057,FALSE,0.000294
Q99176,SRN2_YEAST,-1.1369389,FALSE,0
Q99380,OST4_YEAST,-0.59356985,FALSE,0
O13536,YH139_YEAST,-1.255052,FALSE,0
P00175,CYB2_YEAST,-1.231076,FALSE,0.000004
P00360,G3P1_YEAST,-0.47681825,FALSE,0
P02994,EF1A_YEAST,-0.73080216,FALSE,0
P05737,RL7A_YEAST,-1.9623698,FALSE,0.000002
P05755,RS9B_YEAST,-2.6253887,FALSE,0
P06633,HIS7_YEAST,-0.95837542,FALSE,0
P07284,SYSC_YEAST,-1.1059966,FALSE,0
P08678,CYAA_YEAST,-0.85612738,FALSE,0
P0C2J1,YP14B_YEAST,-0.38542474,FALSE,0
P0C5P0,YJ197_YEAST,-0.52942588,FALSE,0.001897
P0CX25,RL43A_YEAST,-1.8280132,FALSE,0
P14064,HAP4_YEAST,-0.8896377,FALSE,0
P14540,ALF_YEAST,-1.0041006,FALSE,0
P25336,MSH3_YEAST,-1.4397372,FALSE,0
P25345,SYNM_YEAST,-0.92153514,FALSE,0
P25587,LDB16_YEAST,-1.0299644,FALSE,0.000038
P25593,YCG8_YEAST,-1.7041155,FALSE,0
P27344,DPB3_YEAST,-0.82512236,FALSE,0
P27882,ERV1_YEAST,-1.3552328,FALSE,0
P32377,MVD1_YEAST,-1.3137637,FALSE,0.000001
P32381,ARP2_YEAST,-1.2718126,FALSE,0
P32449,AROG_YEAST,-0.94878615,FALSE,0
P32785,FMT_YEAST,-1.8916973,FALSE,0
P33306,BCK2_YEAST,-0.40238832,FALSE,0
P35996,RM38_YEAST,-1.9266158,FALSE,0
P36044,MNN4_YEAST,-0.91353462,FALSE,0.000017
P36125,GMH1_YEAST,-1.6471021,FALSE,0
P38067,SSDH_YEAST,-0.23654704,FALSE,0.000001
P38157,MAL33_YEAST,-1.0754566,FALSE,0
P38227,QDR3_YEAST,-1.2599176,FALSE,0.000001
P38261,EXO84_YEAST,-1.4863022,FALSE,0
P38332,DPH7_YEAST,-1.068004,FALSE,0
P38747,OTU2_YEAST,-1.5975134,FALSE,0
P38825,TOM71_YEAST,-1.2662866,FALSE,0.000664
P39517,DHH1_YEAST,-1.4843272,FALSE,0.000003
P39735,SAW1_YEAST,-1.5937679,FALSE,0
P39972,YEI5_YEAST,-0.60498697,FALSE,0
P40164,PP4R3_YEAST,-1.4559154,FALSE,0
P40465,CSM2_YEAST,-1.1596319,FALSE,0
P40482,SEC24_YEAST,-1.5103401,FALSE,0
P40994,ARF3_YEAST,-1.7504944,FALSE,0
P41543,OST1_YEAST,-0.082703483,FALSE,0.999792
P41815,BAP3_YEAST,-1.4850797,FALSE,0
P43571,BST1_YEAST,-1.3475066,FALSE,0.00023
P43603,LSB3_YEAST,-1.266269,FALSE,0.000369
P48164,RS7B_YEAST,-2.0282054,FALSE,0.000027
P48234,NOL10_YEAST,-1.4838005,FALSE,0
P48237,CCM1_YEAST,-1.3334025,FALSE,0
P52491,UBC12_YEAST,-0.92431895,FALSE,0
P52910,ACS2_YEAST,-0.81606135,FALSE,0
P52911,EXG2_YEAST,-0.41545181,TRUE,0.999736
P53064,RTF1_YEAST,-1.9369013,FALSE,0
P53135,SLD3_YEAST,-1.5084029,FALSE,0
P53196,RPN14_YEAST,-0.85325907,FALSE,0
P53211,YG1C_YEAST,0.08746608,FALSE,0
P53270,YG32_YEAST,-0.88499037,FALSE,0
P53628,SNF12_YEAST,-1.1835737,FALSE,0
P53853,VPS75_YEAST,-0.8418964,FALSE,0
P53869,MRX7_YEAST,-2.2130012,FALSE,0
P69851,DAD4_YEAST,-1.7714635,FALSE,0
P87275,AIM11_YEAST,-1.516754,FALSE,0.000036
Q01389,BCK1_YEAST,-0.62737491,FALSE,0
Q02831,YP077_YEAST,-0.88010905,FALSE,0
Q03124,RSC9_YEAST,-1.7220141,FALSE,0.000001
Q03629,YMH9_YEAST,-1.3583537,FALSE,0
Q03760,PML39_YEAST,-1.5136945,FALSE,0
Q05854,YL278_YEAST,-1.4643225,FALSE,0
Q06107,YP114_YEAST,-1.0159437,FALSE,0.000019
Q06346,KEI1_YEAST,-1.0942246,FALSE,0
Q06405,ATPK_YEAST,-1.3993119,FALSE,0
Q06644,PMT7_YEAST,-1.1820761,FALSE,0.000008
Q06668,OMS1_YEAST,-1.9065972,FALSE,0
Q07748,THI13_YEAST,-1.3763979,FALSE,0
Q07791,YD23B_YEAST,-0.51668216,FALSE,0
Q07879,ATG10_YEAST,-1.5967917,FALSE,0.000001
Q08108,PLB3_YEAST,-0.86828344,TRUE,0.999693
Q08119,ESC8_YEAST,-1.4278572,FALSE,0
Q08641,AB140_YEAST,-0.20943292,FALSE,0
Q08844,YO365_YEAST,-1.1404083,FALSE,0.999616
Q08907,FIT3_YEAST,0.9974209,TRUE,0.99974
Q08954,NBR9_YEAST,-1.4165764,FALSE,0.000005
Q12044,RCN2_YEAST,-0.5719515,FALSE,0.000001
Q12045,VIK1_YEAST,-1.7020369,FALSE,0
Q12059,ULA1_YEAST,-1.7655638,FALSE,0
Q12091,DAP1_YEAST,-0.13315462,FALSE,0.000054
Q12165,ATPD_YEAST,-1.7892284,FALSE,0
Q12167,RRG1_YEAST,-1.5696987,FALSE,0.000008
Q12193,YB12B_YEAST,-0.39781337,FALSE,0
Q12412,PNS1_YEAST,-1.0825323,FALSE,0
Q12453,CEX1_YEAST,-1.119501,FALSE,0
Q12499,NOP58_YEAST,-0.68046812,FALSE,0
Q12532,RQC2_YEAST,-1.2128952,FALSE,0
Q2V2P2,YK065_YEAST,-1.7508454,FALSE,0.00005
Q3E739,YI021_YEAST,-0.60566006,FALSE,0.000004
Q6B0W2,YPR14_YEAST,-1.112447,FALSE,0.000049
Q8TGS1,YO032_YEAST,-2.8940462,FALSE,0.000094
Q8TGT4,YH213_YEAST,-1.7282257,FALSE,0.000111
Q99337,YN12B_YEAST,-0.40663386,FALSE,0
Q9ZZX1,SCE4_YEAST,-1.7337686,FALSE,0.000001
A0A8D9UGU6,YK14A_YEAST,-0.90809852,FALSE,0.000524
P00817,IPYR_YEAST,-0.77569849,FALSE,0
P02381,RMAR_YEAST,-2.9710329,FALSE,0.000003
P06773,DCTD_YEAST,-1.4231404,FALSE,0.000001
P07703,RPAC1_YEAST,-1.3694073,FALSE,0.000003
P0C0W9,RL11A_YEAST,-1.6127702,FALSE,0
P0C5M1,YD371_YEAST,-1.2034181,FALSE,0.002848
P0CF16,U5071_YEAST,-0.41849689,FALSE,0
P0CX26,RL43B_YEAST,-1.8280132,FALSE,0
P0CX50,RL18B_YEAST,-2.0989414,FALSE,0
P0CX91,YH21A_YEAST,0.2219968,FALSE,0.999747
P14743,NMT_YEAST,-0.98302928,FALSE,0
P14747,PP2B2_YEAST,-1.1123227,FALSE,0
P18898,PGTB1_YEAST,-0.95108082,FALSE,0.000001
P21182,DCAM_YEAST,-0.65854879,FALSE,0
P21524,RIR1_YEAST,-1.1875359,FALSE,0
P22580,AMDY_YEAST,-0.40974175,FALSE,0
P22855,MAN1_YEAST,-1.1506556,FALSE,0
P24279,MCM3_YEAST,-1.0703513,FALSE,0
P25386,USO1_YEAST,-1.0990318,FALSE,0
P25615,DPO4_YEAST,-1.749691,FALSE,0
P26188,MGMT_YEAST,-1.7020913,FALSE,0
P31386,ATS1_YEAST,-1.79432,FALSE,0.000001
P32324,EF2_YEAST,-1.6157175,FALSE,0
P32465,HXT1_YEAST,-1.097952,FALSE,0.000738
P32600,TOR2_YEAST,-1.5002944,FALSE,0
P32801,ELM1_YEAST,-0.72291079,FALSE,0
P32807,KU70_YEAST,-1.1573266,FALSE,0.000003
P33418,XPOT_YEAST,-1.4205488,FALSE,0.000001
P33759,RT05_YEAST,-1.8128195,FALSE,0
P36003,NNK1_YEAST,-1.0903314,FALSE,0.000001
P36019,YPT53_YEAST,-0.50902561,FALSE,0
P36068,SHE2_YEAST,-0.87202045,FALSE,0
P36123,SA190_YEAST,-1.1281399,FALSE,0
P36132,KAE1_YEAST,-1.5133329,FALSE,0
P36527,RM28_YEAST,-1.9832678,FALSE,0
P38116,ARL1_YEAST,-1.3091513,FALSE,0
P38196,FUI1_YEAST,-0.57055192,FALSE,0.000002
P38206,RFT1_YEAST,-1.3862489,FALSE,0
P38234,RFS1_YEAST,-0.30030504,FALSE,0.000071
P38276,YBY7_YEAST,-1.1397018,FALSE,0
P38283,INCE_YEAST,-0.68796384,FALSE,0
P38632,NSE2_YEAST,-0.97655384,FALSE,0
P38763,YHI2_YEAST,-0.65558348,FALSE,0.000001
P38771,RRF1_YEAST,-1.4351478,FALSE,0
P38868,YHY0_YEAST,-0.96404335,FALSE,0.99971
P38887,YH02_YEAST,-1.0493696,FALSE,0.999735
P39015,STM1_YEAST,-1.9069526,FALSE,0
P40008,FMP52_YEAST,-1.6474873,FALSE,0
P40029,MSRA_YEAST,-0.58672169,FALSE,0
P40518,ARPC5_YEAST,-1.6899355,FALSE,0
P40540,EMC5_YEAST,-1.1063014,FALSE,0
P40850,MKT1_YEAST,-1.0439478,FALSE,0
P40957,MAD1_YEAST,-1.9475767,FALSE,0
P43556,RGD2_YEAST,-1.3651697,FALSE,0
P43622,YFM4_YEAST,1.3156105,FALSE,0.000209
P45818,ROK1_YEAST,-1.5880306,FALSE,0
P46982,MNN5_YEAST,-1.0018824,FALSE,0.1688
P46995,SET2_YEAST,-1.594237,FALSE,0.000008
P47026,GWT1_YEAST,-1.2771304,FALSE,0.000004
P47065,PT130_YEAST,-0.93921345,FALSE,0.000009
P47101,YJ00_YEAST,-1.1802907,FALSE,0
P47107,YJ09_YEAST,-1.1508613,FALSE,0
P48569,YD183_YEAST,-0.88370158,FALSE,0
P49017,COQ5_YEAST,-1.5071926,FALSE,0
P49686,NUP42_YEAST,-0.6181913,FALSE,0
P50275,ASE1_YEAST,-1.2505249,FALSE,0
P52868,CWC23_YEAST,-1.7029651,FALSE,0.000001
P53077,MTC3_YEAST,-1.6622811,FALSE,0
P53720,DUS2_YEAST,-1.2384854,FALSE,0.000001
P53871,DUG3_YEAST,-1.2913014,FALSE,0.000001
P53877,IPI3_YEAST,-0.94765056,FALSE,0.000006
P53904,TBCB_YEAST,-1.6377307,FALSE,0
P53938,EOS1_YEAST,-0.85961312,FALSE,0.000103
P54854,HXT15_YEAST,-1.6803619,FALSE,0.000094
Q01159,MCE1_YEAST,-1.7690949,FALSE,0
Q02354,UTP6_YEAST,-1.3861309,FALSE,0
Q02783,LPE10_YEAST,-1.541779,FALSE,0
Q02786,LCL1_YEAST,-1.0928824,TRUE,0.000007
Q03016,GIP3_YEAST,-0.93544257,FALSE,0
Q03048,COFI_YEAST,-0.47902328,FALSE,0
Q03177,YMZ2_YEAST,-1.0253808,FALSE,0
Q03362,YD476_YEAST,-1.708295,FALSE,0
Q04216,DLT1_YEAST,-1.0540339,FALSE,0.000001
Q04597,YDR14_YEAST,-1.2466802,FALSE,0.000147
Q04697,GSF2_YEAST,-1.2151788,FALSE,0
Q04779,RCO1_YEAST,-1.0119181,FALSE,0
Q04847,ROY1_YEAST,-1.0220134,FALSE,0.000002
Q04935,COX20_YEAST,-0.40265529,FALSE,0.000001
Q05611,BSC2_YEAST,-1.1795487,FALSE,0.000103
Q06497,ANT1_YEAST,-1.5277287,FALSE,0
Q06892,POS5_YEAST,-1.242181,FALSE,0
Q07913,NSE1_YEAST,-1.2627414,FALSE,0
Q08746,RRS1_YEAST,-0.43280664,FALSE,0.000001
Q08773,ISW2_YEAST,-1.4155369,FALSE,0.000004
Q08908,FRE5_YEAST,-1.7224811,FALSE,0.999759
Q08977,CUB1_YEAST,-1.4381444,FALSE,0
Q12260,YB21A_YEAST,-0.80124549,FALSE,0
Q12442,IZH2_YEAST,-1.4585181,FALSE,0
Q99395,YP229_YEAST,-0.51732664,FALSE,0
O13574,YL255_YEAST,-1.9493187,FALSE,0
O13578,YL415_YEAST,-1.0580081,FALSE,0
P00912,TRPF_YEAST,-1.4756789,FALSE,0
P04821,CDC25_YEAST,-0.70094149,FALSE,0.000015
P07236,SYTM_YEAST,-1.4805894,FALSE,0
P08153,SWI5_YEAST,-0.90136985,FALSE,0
P08521,AAP_YEAST,-0.42681777,FALSE,0.000259
P0CX62,YG22A_YEAST,-0.79427322,FALSE,0
P0CX82,RL19A_YEAST,-2.6108236,FALSE,0
P16467,PDC5_YEAST,-1.3042991,FALSE,0.000001
P16474,BIP_YEAST,-1.2577317,FALSE,0.009488
P16622,HEMH_YEAST,-1.4530256,FALSE,0
P18899,DDR48_YEAST,-0.36174905,FALSE,0.000015
P21373,UTR1_YEAST,-1.0809842,FALSE,0
P21771,RT28_YEAST,-2.6590302,FALSE,0
P24870,CG23_YEAST,-1.5715938,FALSE,0
P25040,TSR4_YEAST,-1.1195771,FALSE,0.000001
P25628,ARE1_YEAST,-0.97051276,FALSE,0
P25656,CDC50_YEAST,-0.60477555,FALSE,0.000139
P32419,MDHP_YEAST,-1.6661993,FALSE,0
P32573,SPS19_YEAST,-0.87512961,FALSE,0
P32579,SUA5_YEAST,-1.4160461,FALSE,0.000021
P32641,RAD24_YEAST,-1.5971588,FALSE,0
P32796,CACP_YEAST,-1.1186168,FALSE,0
P32895,KPR1_YEAST,-1.6466706,FALSE,0
P33314,BUD2_YEAST,-1.3397972,FALSE,0
P33421,SDH3_YEAST,-1.736835,FALSE,0
P33751,PAD1_YEAST,-1.0049772,FALSE,0
P35178,RRP1_YEAST,-2.251365,FALSE,0
P35843,HES1_YEAST,-0.667166,FALSE,0
P36023,OAF3_YEAST,-1.2770424,FALSE,0
P36113,HEL1_YEAST,-0.58995847,FALSE,0
P38123,SWD3_YEAST,-0.78338614,FALSE,0.00001
P38164,SEA4_YEAST,-1.1337525,FALSE,0.000002
P38324,SLX1_YEAST,-1.8818307,FALSE,0
P38766,RRM3_YEAST,-1.2833896,FALSE,0
P38859,DNA2_YEAST,-1.2807204,FALSE,0.000001
P39013,END3_YEAST,-1.093045,FALSE,0
P39081,PCF11_YEAST,-1.261176,FALSE,0.000001
P40023,EDC2_YEAST,-0.23784657,FALSE,0
P40041,VHR2_YEAST,-1.1922265,FALSE,0
P40095,YEY8_YEAST,-0.8966245,FALSE,0.000003
P40100,PUG1_YEAST,-1.5162424,FALSE,0.000001
P40105,YRF12_YEAST,-1.2074093,FALSE,0.00002
P40328,TBP6_YEAST,-1.9125181,FALSE,0
P40356,MED3_YEAST,-1.6245045,FALSE,0
P40463,VHS2_YEAST,-0.90979651,FALSE,0.000019
P41896,T2FB_YEAST,-1.8993278,FALSE,0.000009
P42826,XKS1_YEAST,-1.1110603,FALSE,0
P46151,MTHR1_YEAST,-0.92830811,FALSE,0
P46674,SAC3_YEAST,-1.1348689,FALSE,0
P47036,APQ13_YEAST,-1.4195618,FALSE,0.029574
P47069,MPS3_YEAST,-1.1402253,FALSE,0
P47112,CDT1_YEAST,-1.2352522,FALSE,0
P47114,KCH1_YEAST,-1.0889577,FALSE,0.000011
P47146,ABM1_YEAST,-0.66096669,FALSE,0.029697
P49090,ASNS2_YEAST,-1.0204515,FALSE,0.000002
P50084,BNS1_YEAST,-2.4433454,FALSE,0
P50102,UBP8_YEAST,-1.0837718,FALSE,0.000001
P50273,ATP22_YEAST,-1.4151407,FALSE,0
P53273,VSB1_YEAST,-1.5494381,FALSE,0
P53303,ZPR1_YEAST,-1.1684305,FALSE,0.001208
P53885,MDG1_YEAST,-0.39827536,FALSE,0
P53893,RIA1_YEAST,-1.6345382,FALSE,0
P54007,YL460_YEAST,-0.54985999,FALSE,0
P80428,ARP4_YEAST,-1.1179251,FALSE,0.000001
Q02209,YKZ1_YEAST,-0.7815451,FALSE,0
Q02884,ELP4_YEAST,-1.7330548,FALSE,0
Q03144,SNO1_YEAST,-1.7105008,FALSE,0
Q03153,ATP25_YEAST,-1.7274591,FALSE,0.000005
Q03798,AIM36_YEAST,-0.94035038,FALSE,0.000035
Q03862,ARX1_YEAST,-1.0535769,FALSE,0.000001
Q03944,VPS64_YEAST,-1.3645003,FALSE,0
Q04007,SND1_YEAST,-0.71651491,FALSE,0.000472
Q04322,GYL1_YEAST,-1.8078104,FALSE,0
Q04511,UFO1_YEAST,-1.2522994,FALSE,0
Q04585,YDR09_YEAST,-1.3768108,FALSE,0
Q05635,RNH2B_YEAST,-0.77639977,FALSE,0.000003
Q06216,PIG1_YEAST,-0.089139374,FALSE,0
Q06489,MTNA_YEAST,-0.85714987,FALSE,0
Q06623,HDA3_YEAST,-1.1526696,FALSE,0
Q07395,SYO1_YEAST,-1.3733038,FALSE,0
Q07684,MFG1_YEAST,-1.1082133,FALSE,0
Q07738,YD241_YEAST,-0.3567681,TRUE,0.000072
Q08729,DSE3_YEAST,-1.2038955,FALSE,0.000001
Q08743,YO292_YEAST,-0.99135601,FALSE,0.000206
Q08822,ETFD_YEAST,-1.3257642,FALSE,0
Q08959,PGC1_YEAST,-1.3015381,FALSE,0
Q12072,IOC2_YEAST,-0.93292774,FALSE,0.000001
Q12142,ATG9_YEAST,-1.4349367,FALSE,0
Q12259,YL108_YEAST,-1.2292699,FALSE,0
Q12450,ERP4_YEAST,-0.62370086,FALSE,0.999724
Q12486,YOR31_YEAST,-1.4477583,FALSE,0
Q12493,NKP1_YEAST,-1.2193341,FALSE,0
Q2V2P7,YD461_YEAST,-0.84924734,FALSE,0
Q3E7A4,COXM2_YEAST,-1.7223305,FALSE,0
Q3E7B6,VA0E_YEAST,-1.8166617,FALSE,0
Q3E804,YO381_YEAST,-3.0347253,FALSE,0
Q8TGU4,YE175_YEAST,-2.8268003,FALSE,0.000081
Q92317,NCB2_YEAST,-1.7682931,FALSE,0
P07213,TOM70_YEAST,-1.1047317,FALSE,0.017608
P07267,CARP_YEAST,-0.19500858,FALSE,0.999763
P0CX10,ERR1_YEAST,-0.63990612,FALSE,0
P11655,SEC12_YEAST,-0.39358573,FALSE,0
P13099,TOP3_YEAST,-1.608284,FALSE,0
P13902,INO4_YEAST,-1.5394873,FALSE,0
P18408,MET16_YEAST,-1.2945601,FALSE,0
P19158,IRA2_YEAST,-1.1424807,FALSE,0.000001
P22137,CLH_YEAST,-1.5596595,FALSE,0
P22936,APN1_YEAST,-1.3500152,FALSE,0
P25042,ROX1_YEAST,-1.0971035,FALSE,0
P25044,PTP1_YEAST,-1.1431972,FALSE,0.000034
P25569,GID7_YEAST,-1.3146274,FALSE,0
P25649,AHC2_YEAST,-1.4509508,FALSE,0
P26783,RS5_YEAST,-1.2992833,FALSE,0
P28000,RPAC2_YEAST,-0.29098473,FALSE,0.000001
P32361,IRE1_YEAST,-1.4199814,FALSE,0.985982
P32477,GSH1_YEAST,-1.2718157,FALSE,0.000001
P35196,RER2_YEAST,-1.9100995,FALSE,0
P35208,SPT10_YEAST,-1.5123787,FALSE,0.000001
P36018,YPT52_YEAST,-0.75265759,FALSE,0
P36120,DBP7_YEAST,-1.3791324,FALSE,0
P36121,RPC5_YEAST,-1.3587569,FALSE,0.000002
P38065,AP2A_YEAST,-1.0336373,FALSE,0
P38125,DTR1_YEAST,-1.2124711,FALSE,0
P38255,RXT2_YEAST,-1.0990003,FALSE,0
P38307,DER1_YEAST,-1.4711093,FALSE,0.000007
P38698,PPX1_YEAST,-1.6791992,FALSE,0
P38707,SYNC_YEAST,-1.2708628,FALSE,0.000003
P38779,CIC1_YEAST,-0.74848399,FALSE,0
P38863,SPC97_YEAST,-1.6438812,FALSE,0.000003
P38993,FET3_YEAST,-0.64492172,FALSE,0.999789
P39000,SHC1_YEAST,-1.302446,FALSE,0.000021
P40017,YAT2_YEAST,-1.1336187,FALSE,0
P40051,ICP55_YEAST,-1.367819,FALSE,0
P40081,MGDP1_YEAST,-1.0485982,FALSE,0
P40317,SOK1_YEAST,-1.3542273,FALSE,0.000001
P40459,PANC_YEAST,-1.1983028,FALSE,0.000001
P40965,MSH4_YEAST,-1.3157735,FALSE,0
P40989,FKS2_YEAST,-1.5432977,FALSE,0.000001
P41058,RS29B_YEAST,-1.1778591,FALSE,0
P41696,AZF1_YEAST,-0.8239427,FALSE,0
P41948,MEP2_YEAST,-0.95421085,FALSE,0.000003
P43565,RIM15_YEAST,-0.78528067,FALSE,0
P43598,IGD1_YEAST,-0.85010109,FALSE,0
P47008,SFH5_YEAST,-0.65308399,FALSE,0
P47061,VPS53_YEAST,-1.204225,FALSE,0
P47145,LIH1_YEAST,-1.7640001,FALSE,0.000019
P53032,SUT1_YEAST,-0.53732479,FALSE,0
P53115,INO80_YEAST,-1.387343,FALSE,0
P53158,KXD1_YEAST,-0.41799973,FALSE,0.000001
P53183,YGD9_YEAST,-0.6908226,FALSE,0
P53210,YG1B_YEAST,-0.80985467,FALSE,0
P53324,SAY1_YEAST,-1.5790133,FALSE,0.000047
P53750,YN93_YEAST,-1.3487179,FALSE,0
P53875,RM19_YEAST,-1.5613235,FALSE,0
P53981,PYP1_YEAST,-1.0715634,FALSE,0
Q02455,MLP1_YEAST,-1.5872064,FALSE,0
Q02521,SPP2_YEAST,-0.10637853,FALSE,0
Q02647,DYL1_YEAST,-0.39246793,FALSE,0
Q02710,ECM23_YEAST,-0.93804667,FALSE,0.00146
Q02979,GDE1_YEAST,-1.3628089,FALSE,0
Q03104,MSC1_YEAST,-1.0769847,FALSE,0.999458
Q04195,SIZ1_YEAST,-1.0166287,FALSE,0
Q04214,YM13B_YEAST,-0.58033663,FALSE,0
Q04341,MIX14_YEAST,-0.84810104,FALSE,0
Q04364,PEX9_YEAST,-1.0444564,FALSE,0.001404
Q04461,EUC1_YEAST,-1.6791936,FALSE,0.000001
Q04562,TMN2_YEAST,-1.3099015,FALSE,0.999773
Q04599,RM01_YEAST,-1.6235109,FALSE,0
Q04659,CSM3_YEAST,-1.9577918,FALSE,0
Q04739,GAL83_YEAST,-0.78412,FALSE,0.000036
Q05022,RRP5_YEAST,-0.63734809,FALSE,0
Q05518,PAL1_YEAST,-0.27323537,FALSE,0
Q05775,EIF3J_YEAST,-1.1921467,FALSE,0
Q06137,YL345_YEAST,-1.4990859,FALSE,0
Q06339,TFC6_YEAST,-0.68885936,FALSE,0
Q06665,RAD34_YEAST,-1.8267507,FALSE,0.000035
Q06706,ELP1_YEAST,-1.3012412,FALSE,0
Q07349,MRX9_YEAST,-1.0742689,FALSE,0.000001
Q07648,DTD_YEAST,-1.6708432,FALSE,0
Q08220,GSHB_YEAST,-0.97439615,FALSE,0
Q08273,RBX1_YEAST,-1.0798235,FALSE,0
Q08496,DIA2_YEAST,-1.6394878,FALSE,0
Q08971,YP225_YEAST,-1.5445097,FALSE,0
Q12016,VPS68_YEAST,-1.5226294,FALSE,0.000002
Q12018,CDC53_YEAST,-1.1280347,FALSE,0.000004
Q12083,MLH3_YEAST,-1.4115959,FALSE,0
Q12222,YGK3_YEAST,-1.2249596,FALSE,0
Q12292,ATG34_YEAST,-0.90278944,FALSE,0
Q12316,YG13B_YEAST,-0.41005879,FALSE,0
Q12338,RNH2C_YEAST,-0.45452203,FALSE,0.000006
Q12490,YB11B_YEAST,-0.51802655,FALSE,0.000001
Q2V2P1,YL146_YEAST,0.026255322,FALSE,0
Q3E736,YO192_YEAST,-1.1927426,FALSE,0.032849
Q3E7Z7,YD003_YEAST,0.051044413,FALSE,0.000476
Q8TGJ2,YN075_YEAST,-0.99947678,FALSE,0.000085
Q8TGT6,YH022_YEAST,-1.227073,FALSE,0.000056
Q8TGU1,YG188_YEAST,-1.8292251,FALSE,0.000004
Q99257,MEX67_YEAST,-1.0840899,FALSE,0
P03871,REP1_YEAST,-1.4951478,FALSE,0
P03874,CBP2_YEAST,-1.2137701,FALSE,0
P04050,RPB1_YEAST,-1.0531409,FALSE,0
P04051,RPC1_YEAST,-1.438896,FALSE,0.000009
P05747,RL29_YEAST,-1.9246784,FALSE,0
P07261,GCR1_YEAST,-0.32998363,FALSE,0
P08468,PT111_YEAST,-1.7886367,FALSE,0
P0C2H6,RL27A_YEAST,-1.7930691,FALSE,0
P0C2H8,RL31A_YEAST,-2.4447466,FALSE,0
P0C5N6,YH32A_YEAST,-1.9192052,FALSE,0
P0CX56,RS18B_YEAST,-2.1671385,FALSE,0
P0CX93,YH21D_YEAST,-1.0366188,FALSE,0.000434
P11491,PPB_YEAST,-1.1654189,FALSE,0.000045
P14736,RAD4_YEAST,-2.0738614,FALSE,0
P14904,AMPL_YEAST,-1.0173749,FALSE,0.000001
P17076,RL8A_YEAST,-1.684691,FALSE,0
P23180,AIM17_YEAST,-1.1712606,FALSE,0
P25360,PHO87_YEAST,-1.1619528,FALSE,0.000002
P25611,RDS1_YEAST,-1.811136,FALSE,0
P25847,MSH2_YEAST,-1.4035367,FALSE,0
P26785,RL16B_YEAST,-2.0638236,FALSE,0
P30822,XPO1_YEAST,-1.6213798,FALSE,0.000321
P32356,TREA_YEAST,-1.3823066,FALSE,0
P32388,RM49_YEAST,-1.4653899,FALSE,0
P32598,PP12_YEAST,-1.5396279,FALSE,0
P32643,TMT1_YEAST,-1.9357173,FALSE,0
P33411,PRP18_YEAST,-1.0362037,FALSE,0
P34223,UBX1_YEAST,-0.82109282,FALSE,0
P35999,PMIP_YEAST,-1.5455957,FALSE,0.000084
P36026,UBP11_YEAST,-0.88100746,FALSE,0
P36158,YK58_YEAST,-1.5095515,FALSE,0.000005
P38285,AMN1_YEAST,-1.8688483,FALSE,0
P38347,EFM2_YEAST,-1.9755734,FALSE,0
P38627,URA8_YEAST,-1.6030101,FALSE,0
P38721,YHF0_YEAST,-1.3568594,FALSE,0.000088
P38724,ARN2_YEAST,-1.4918877,FALSE,0
P38740,YHC6_YEAST,-0.81635088,FALSE,0.000001
P38877,CTF8_YEAST,-1.7141334,FALSE,0
P39007,STT3_YEAST,-1.513647,FALSE,0.000263
P39526,LAA1_YEAST,-0.95844253,FALSE,0
P39936,IF4F2_YEAST,-0.90615421,FALSE,0
P39959,YEW0_YEAST,-1.0626501,FALSE,0.000062
P39969,BOI2_YEAST,-0.65831093,FALSE,0
P39990,SNU13_YEAST,-1.3145422,FALSE,0.000002
P40006,IRC22_YEAST,-0.19186749,FALSE,0.998854
P40042,RRT13_YEAST,-2.0074801,FALSE,0.000001
P40076,YEV1_YEAST,-1.1866558,FALSE,0.000135
P40354,NTA1_YEAST,-0.93893066,FALSE,0.003243
P41807,VATH_YEAST,-1.7560412,FALSE,0
P42933,SPG5_YEAST,-1.027153,FALSE,0
P43611,OSW7_YEAST,-1.7565707,FALSE,0.121861
P46683,YAR1_YEAST,-1.1032295,FALSE,0.000001
P47047,MTR4_YEAST,-1.6037879,FALSE,0
P47052,SDHX_YEAST,-1.4486406,FALSE,0
P47078,YJA9_YEAST,-0.53908878,FALSE,0.000675
P47125,I23O_YEAST,-1.6172161,FALSE,0
P47134,BIR1_YEAST,-1.1581263,FALSE,0
P50264,FMS1_YEAST,-1.4344527,FALSE,0.000006
P53066,YGZ2_YEAST,-1.8272133,FALSE,0
P53083,MDM34_YEAST,-0.72124809,FALSE,0
P53173,ERV14_YEAST,-1.8503367,FALSE,0
P53177,TYW3_YEAST,-1.2151494,FALSE,0.000001
P53201,SWC4_YEAST,-1.6070963,FALSE,0
P53278,YG3A_YEAST,-0.37097926,FALSE,0
P53290,RAGCD_YEAST,-0.47051054,FALSE,0
P53311,MPC3_YEAST,-1.4108482,FALSE,0.000078
P53878,PBR1_YEAST,-1.5009538,FALSE,0.000001
P53960,YNE0_YEAST,-1.527444,FALSE,0
Q02792,XRN2_YEAST,-1.7381772,FALSE,0
Q03102,YMN1_YEAST,-1.3335357,FALSE,0
Q03612,YE11B_YEAST,-0.30507374,FALSE,0
Q04116,YHP1_YEAST,-1.3004855,FALSE,0
Q04162,YD387_YEAST,-1.2731129,FALSE,0.000019
Q04372,TAP42_YEAST,-2.0331088,FALSE,0
Q04413,API2_YEAST,-1.2545516,FALSE,0.000533
Q05498,FCF1_YEAST,-2.3557757,FALSE,0
Q05899,YL297_YEAST,-0.69089017,FALSE,0.000001
Q05931,HSP7Q_YEAST,-1.3319742,FALSE,0
Q06349,DXO1_YEAST,-1.4612758,FALSE,0
Q06679,UTP4_YEAST,-1.1719521,FALSE,0
Q06821,YP084_YEAST,-1.0267546,FALSE,0
Q08001,LAM6_YEAST,-0.9979243,FALSE,0
Q08032,CDC45_YEAST,-1.5501756,FALSE,0.000005
Q08193,GAS5_YEAST,-0.50911616,TRUE,0.99899
Q08285,RRP40_YEAST,-1.4608267,FALSE,0.000001
Q08490,SGO1_YEAST,-0.45720277,FALSE,0
Q08687,TMA16_YEAST,-2.0564128,FALSE,0
Q08818,MSC6_YEAST,-0.92912499,FALSE,0
Q12052,TGS1_YEAST,-1.4753635,FALSE,0
Q12178,FCY1_YEAST,-1.160551,FALSE,0
Q12210,YD009_YEAST,-1.8885989,FALSE,0.000052
Q12216,SIZ2_YEAST,-1.1518768,FALSE,0
Q12229,UBX3_YEAST,-1.9743027,FALSE,0.000142
Q12351,YO012_YEAST,-0.150918,FALSE,0
Q12402,YOP1_YEAST,-0.86615339,FALSE,0.000092
Q12417,PRP46_YEAST,-1.3128843,FALSE,0
Q3E751,YP119_YEAST,-1.5315124,FALSE,0.000001
Q3E7Y9,YO097_YEAST,0.3294019,FALSE,0.000015
Q3E819,YC108_YEAST,-0.67677837,FALSE,0
Q8TGT0,YM100_YEAST,-0.56768725,FALSE,0
P05750,RS3_YEAST,-1.8201922,FALSE,0
P07266,MRS1_YEAST,-1.2666972,FALSE,0
P08593,MSS18_YEAST,-1.5550288,FALSE,0.00002
P0CE97,YL59W_YEAST,-0.68456897,FALSE,0
P0CX40,RS8B_YEAST,-2.3777693,FALSE,0
P0CX81,MTCU2_YEAST,-0.22671735,FALSE,0.000074
P10355,PT122_YEAST,-2.598218,FALSE,0
P10507,MPPB_YEAST,-1.0038866,FALSE,0.000013
P14772,BPT1_YEAST,-1.3751829,FALSE,0.000002
P17106,CBF1_YEAST,-1.2514005,FALSE,0
P19454,CSK22_YEAST,-1.7703693,FALSE,0.000017
P21801,SDHB_YEAST,-1.8149431,FALSE,0
P23394,PRP28_YEAST,-1.5200733,FALSE,0
P23968,VATO_YEAST,-1.7721187,FALSE,0.000001
P24720,MNE1_YEAST,-1.4622494,FALSE,0
P25045,SPTC1_YEAST,-1.0556318,FALSE,0.000001
P25348,RM32_YEAST,-1.4800966,FALSE,0
P32351,IMPX_YEAST,-1.6606837,FALSE,0
P32612,PAU2_YEAST,-0.98619304,FALSE,0.999571
P32630,UTR5_YEAST,-2.1604173,FALSE,0.000168
P32786,RRN6_YEAST,-1.4287199,FALSE,0.000001
P32837,UGA4_YEAST,-1.2247531,FALSE,0.000003
P33401,PGM1_YEAST,-0.99913561,FALSE,0.000001
P33749,MSN4_YEAST,-0.34792821,FALSE,0.000001
P33894,STE13_YEAST,-0.63405001,FALSE,0
P35194,UTP20_YEAST,-1.583675,FALSE,0
P35206,CSG2_YEAST,-1.274761,FALSE,0.005026
P36112,MIC60_YEAST,-1.4015356,FALSE,0.000453
P36138,YK25_YEAST,-0.49384007,FALSE,0
P36157,MSA2_YEAST,-0.56567484,FALSE,0
P36531,RM36_YEAST,-0.58254133,FALSE,0
P38070,YPK3_YEAST,-1.1054113,FALSE,0.000004
P38179,ALG3_YEAST,-1.8916603,FALSE,0.000024
P38185,YBH1_YEAST,-1.3903255,FALSE,0.000078
P38248,ECM33_YEAST,0.41400692,TRUE,0.999737
P38636,ATX1_YEAST,-1.0366035,FALSE,0
P38748,ETP1_YEAST,-1.4570564,FALSE,0
P38768,PIH1_YEAST,-1.6183035,FALSE,0
P38841,YHT8_YEAST,0.08263172,FALSE,0.999752
P38849,MTC6_YEAST,-0.95357552,FALSE,0.999103
P38888,MNL1_YEAST,-1.2812507,TRUE,0.99974
P39004,HXT7_YEAST,-1.3948998,FALSE,0.000543
P39012,GAA1_YEAST,-1.3393728,FALSE,0.007114
P39682,PRP39_YEAST,-1.504443,FALSE,0
P39940,RSP5_YEAST,-1.3732689,FALSE,0.000005
P40025,PHM8_YEAST,-1.7848845,FALSE,0
P40084,RTR1_YEAST,-1.0565291,FALSE,0
P40507,AIR1_YEAST,-0.52299337,FALSE,0.000001
P41810,COPB_YEAST,-1.3176082,FALSE,0.000002
P42834,MDJ2_YEAST,-2.7308373,FALSE,0.134604
P42883,THI12_YEAST,-1.4204519,FALSE,0
P47115,YJ26_YEAST,-0.81046084,FALSE,0
P47171,HIR3_YEAST,-1.4217958,FALSE,0.000005
P47185,HXT16_YEAST,-1.6618924,FALSE,0.000094
P48415,SEC16_YEAST,-0.34138369,FALSE,0
P48445,BPL1_YEAST,-1.2207721,FALSE,0
P51402,RL37B_YEAST,-0.91581852,FALSE,0
P53141,MLC1_YEAST,-0.38066775,FALSE,0
P53253,NNF2_YEAST,-1.0250401,FALSE,0.000023
P53258,GYP2_YEAST,-1.4246033,FALSE,0
P53265,YG2W_YEAST,-1.5945945,FALSE,0
P53341,MAL12_YEAST,-0.64832039,FALSE,0
P53722,ATP23_YEAST,-1.316639,FALSE,0.000003
P53830,CUS2_YEAST,-1.002908,FALSE,0
P53906,YNO6_YEAST,-1.6836588,FALSE,0.000042
P53909,ADE_YEAST,-1.4454708,FALSE,0.000011
P53923,CTU2_YEAST,-1.3354737,FALSE,0.000005
P53933,APP1_YEAST,-0.57220344,FALSE,0.000001
P53934,CARME_YEAST,-1.2065551,FALSE,0
P53941,IMP4_YEAST,-1.9266474,FALSE,0
Q01080,RPA49_YEAST,-0.94912627,FALSE,0
Q01589,SED1_YEAST,2.6311557,TRUE,0.999525
Q01649,CIK1_YEAST,-1.5420201,FALSE,0
Q01662,MAP1_YEAST,-0.66675186,FALSE,0.00001
Q03099,YMN3_YEAST,-1.1610493,FALSE,0
Q03178,PIR1_YEAST,-0.17639187,FALSE,0.999618
Q03899,YD131_YEAST,-1.3697394,FALSE,0
Q05892,COQ11_YEAST,-1.5828974,FALSE,0
Q06217,SMD2_YEAST,-1.8927096,FALSE,0
Q06563,SYM1_YEAST,-1.5016617,FALSE,0.000002
Q07074,YH007_YEAST,-1.8264543,FALSE,0.000069
Q07657,SHS1_YEAST,-0.96093271,FALSE,0
Q08278,MED7_YEAST,-1.4794724,FALSE,0
Q08387,DNLI4_YEAST,-1.3607883,FALSE,0
Q08492,UTP16_YEAST,-1.7803702,FALSE,0
Q08645,FOLE_YEAST,-1.3267987,FALSE,0.000019
Q08747,UAF30_YEAST,-1.4496201,FALSE,0
Q08754,BUD7_YEAST,-1.5755155,FALSE,0
Q08984,PBI1_YEAST,-1.0605872,FALSE,0.000358
Q12003,ENV7_YEAST,-1.1924974,FALSE,0.000001
Q12079,YP027_YEAST,-0.98800908,FALSE,0.090795
Q12119,FCY22_YEAST,-1.3164727,FALSE,0.000001
Q12345,IES3_YEAST,-1.6049539,FALSE,0
Q12676,FOLD_YEAST,-1.4856249,FALSE,0
Q2V2P8,CENPW_YEAST,-2.4392561,FALSE,0
Q3E789,YD169_YEAST,-2.2550462,FALSE,0
Q3E7Z1,YN146_YEAST,-1.6524466,FALSE,0.000258
Q3E810,YL342_YEAST,-0.23027244,FALSE,0.000022
Q3E828,EMR1_YEAST,-1.6152931,FALSE,0.002388
Q99345,YO085_YEAST,-1.4244706,FALSE,0
P00044,CYC1_YEAST,-0.95022449,FALSE,0
P00812,ARGI_YEAST,-1.1763585,FALSE,0
P00950,PMG1_YEAST,-1.3170648,FALSE,0
P04161,PUR3_YEAST,-1.8959818,FALSE,0
P06182,CCHL_YEAST,-1.3811711,FALSE,0.000194
P07143,CY1_YEAST,-1.711855,FALSE,0.000378
P07248,ADR1_YEAST,-1.3275313,FALSE,0.000001
P0CX44,RL1B_YEAST,-2.0750032,FALSE,0
P13181,GAL2_YEAST,-1.2702952,FALSE,0
P13586,ATC1_YEAST,-1.2082123,FALSE,0
P15454,KGUA_YEAST,-1.0428009,FALSE,0
P15496,IDI1_YEAST,-1.4491501,FALSE,0
P16862,PFKA2_YEAST,-1.0102978,FALSE,0.000001
P21264,PUR6_YEAST,-1.342252,FALSE,0
P22217,TRX1_YEAST,-0.79599808,FALSE,0.000001
P22803,TRX2_YEAST,-0.92138169,FALSE,0.000002
P23594,PP2A1_YEAST,-1.2410744,FALSE,0
P25294,SIS1_YEAST,0.2799706,FALSE,0
P25357,SNT1_YEAST,-1.3867549,FALSE,0
P28777,AROC_YEAST,-0.65207152,FALSE,0
P31115,PUS3_YEAST,-1.0922902,FALSE,0
P32048,SYKM_YEAST,-1.7177949,FALSE,0
P32318,THI4_YEAST,-1.0395275,FALSE,0.000049
P32342,SRP21_YEAST,-0.16361526,FALSE,0
P32357,AAR2_YEAST,-0.73163425,FALSE,0.000001
P32478,HS150_YEAST,-0.9322299,FALSE,0.999512
P32485,HOG1_YEAST,-1.4139705,FALSE,0
P32504,CBF3A_YEAST,-1.1823247,FALSE,0.000002
P32523,PRP19_YEAST,-0.552065,FALSE,0
P32767,KA122_YEAST,-1.1633504,FALSE,0.000007
P32839,BCS1_YEAST,-1.3782436,FALSE,0.000122
P33299,PRS7_YEAST,-1.2522932,FALSE,0
P33300,SUR1_YEAST,-1.1441583,FALSE,0.000116
P33311,MDL2_YEAST,-0.9266948,FALSE,0
P33317,DUT_YEAST,-0.27456458,FALSE,0.000002
P33734,HIS5_YEAST,-0.92654658,FALSE,0
P33760,PEX6_YEAST,-1.1897489,FALSE,0.000142
P35181,AP1S1_YEAST,-1.7692083,FALSE,0.000196
P36007,LTHAD_YEAST,-1.3950512,FALSE,0
P36014,GPX1_YEAST,-0.94615297,FALSE,0
P38215,YBM3_YEAST,-0.69218645,FALSE,0.99502
P38242,ALG14_YEAST,-1.8241294,FALSE,0.000032
P38312,ERV15_YEAST,-1.5876214,FALSE,0
P38694,MSC7_YEAST,-1.0288552,FALSE,0.000072
P38879,NACA_YEAST,-0.25881786,FALSE,0
P38909,CYC2_YEAST,-1.2914835,FALSE,0.000026
P39106,MNN1_YEAST,-1.2969565,FALSE,0.00635
P39516,RS14B_YEAST,-1.8085062,FALSE,0
P39952,OXA1_YEAST,-1.2965636,FALSE,0
P40014,SPC25_YEAST,-2.6183346,FALSE,0
P40456,ESL1_YEAST,-1.3453658,FALSE,0.000001
P40471,AYR1_YEAST,-1.1286632,FALSE,0
P40582,GST1_YEAST,-1.4247989,FALSE,0
P40986,CDC1_YEAST,-0.61101706,FALSE,0.000055
P41277,GPP1_YEAST,-0.9705949,FALSE,0
P43553,ALR2_YEAST,-1.0105718,FALSE,0
P47011,GLG2_YEAST,-1.2137889,FALSE,0
P47062,YJC8_YEAST,-1.7506816,FALSE,0.000007
P47075,VTC4_YEAST,-1.6367272,FALSE,0
P47128,EAF6_YEAST,-0.82922505,FALSE,0
P49687,NU145_YEAST,-1.0380514,FALSE,0
P50278,SOL1_YEAST,-1.2112177,FALSE,0.000002
P53164,NPY1_YEAST,-0.58378179,FALSE,0
P53167,PUS2_YEAST,-2.0754932,FALSE,0.000001
P53246,ENV11_YEAST,-0.94414645,FALSE,0.000001
P53322,TNA1_YEAST,-1.2843256,FALSE,0
P53427,PAU4_YEAST,-0.94307146,FALSE,0.99945
P53841,BSC4_YEAST,-1.3392231,FALSE,0.000124
P53937,SWS2_YEAST,-1.6320537,FALSE,0
P61830,H3_YEAST,-2.1254303,FALSE,0
Q00764,TPS1_YEAST,-1.197137,FALSE,0.000002
Q00955,ACAC_YEAST,-1.5413251,FALSE,0
Q02981,YP109_YEAST,-1.5979411,FALSE,0.000001
Q03002,FRK1_YEAST,-1.0296721,FALSE,0
Q03640,TCB3_YEAST,-0.3636047,FALSE,0.000001
Q03667,MIX17_YEAST,-1.9130611,FALSE,0.000224
Q04002,SCC2_YEAST,-1.302303,FALSE,0
Q04033,YD415_YEAST,-0.74972714,FALSE,0.999763
Q04062,RPN9_YEAST,-1.2939866,FALSE,0
Q04658,SMA2_YEAST,-1.064221,FALSE,0.01974
Q04748,SOV1_YEAST,-1.5697138,FALSE,0
Q05948,YL225_YEAST,0.2511194,FALSE,0
Q06263,VTA1_YEAST,-0.6867419,FALSE,0.000001
Q06630,MHR1_YEAST,-1.800256,FALSE,0
Q07527,TRM3_YEAST,-1.0610853,FALSE,0
Q07688,YPD1_YEAST,-2.0181174,FALSE,0
Q07928,GAT3_YEAST,-1.8771673,FALSE,0
Q08925,MRN1_YEAST,-1.4795776,FALSE,0.00001
Q12071,VPS54_YEAST,-1.190958,FALSE,0.00001
Q12144,PER33_YEAST,-1.869368,FALSE,0.000002
Q12160,YP063_YEAST,-0.75676808,FALSE,0.000048
Q12314,SFM1_YEAST,-1.1568706,FALSE,0
Q12343,MED4_YEAST,-1.2182443,FALSE,0
Q12411,MPC70_YEAST,-0.95308566,FALSE,0.000001
Q12528,YL111_YEAST,-1.5050796,FALSE,0.000001
Q3E735,YO034_YEAST,-1.8850367,FALSE,0.000005
Q3E7A0,YK106_YEAST,-0.82064197,FALSE,0.000003
Q3E826,YK068_YEAST,-0.58717667,FALSE,0.000001
Q96VH4,HBN1_YEAST,-0.94316868,FALSE,0
Q99297,ODC2_YEAST,-0.86941366,FALSE,0.000384
P00560,PGK_YEAST,-1.3503726,FALSE,0
P00925,ENO2_YEAST,-0.85973796,FALSE,0
P06242,KIN28_YEAST,-1.1024857,FALSE,0
P06243,CDC7_YEAST,-1.3914777,FALSE,0.000001
P07280,RS19A_YEAST,-2.5450499,FALSE,0
P0C0V8,RS21A_YEAST,-1.1737554,FALSE,0
P0CE69,YK104_YEAST,-1.0032432,FALSE,0.000001
P0CE99,YL57D_YEAST,-0.033306654,FALSE,0
P0CX11,ERR2_YEAST,-0.63990612,FALSE,0
P0CX15,YRF17_YEAST,-1.2026491,FALSE,0
P0CX51,RS16A_YEAST,-1.4500332,FALSE,0
P0CX52,RS16B_YEAST,-1.4500332,FALSE,0
P0CX53,RL12A_YEAST,-1.4559914,FALSE,0
P0CX72,YL12A_YEAST,0.18895175,FALSE,0
P10566,MRS3_YEAST,-0.7156186,FALSE,0
P13045,GAL3_YEAST,-1.1319524,FALSE,0
P13090,ATR1_YEAST,-1.6178488,FALSE,0.000245
P18634,ART10_YEAST,-1.5573192,FALSE,0
P19812,UBR1_YEAST,-1.0996566,FALSE,0.000004
P23250,RPI1_YEAST,-0.78292969,FALSE,0
P25351,YCR3_YEAST,-1.2888308,FALSE,0.000001
P25453,DMC1_YEAST,-1.5117541,FALSE,0
P25605,ILV6_YEAST,-1.7979995,FALSE,0.000002
P28319,CWP1_YEAST,0.31017534,TRUE,0.999799
P29366,BEM1_YEAST,-0.8475193,FALSE,0
P31539,HS104_YEAST,-1.8143406,FALSE,0
P32375,ALN_YEAST,-0.9268421,FALSE,0.000001
P32385,RNP1_YEAST,-0.67793329,FALSE,0
P32606,PT127_YEAST,-1.1935605,FALSE,0
P32645,ISC10_YEAST,-0.99903007,FALSE,0
P32787,MG101_YEAST,-1.2964613,FALSE,0
P34165,MFA1_YEAST,0.35847443,FALSE,0.000723
P35184,SQT1_YEAST,-1.0194474,FALSE,0.000074
P36039,EMC3_YEAST,-1.8145906,FALSE,0.000004
P36096,TUL1_YEAST,-1.1657342,FALSE,0.999752
P38061,RL32_YEAST,-1.9629317,FALSE,0
P38172,MRX3_YEAST,-1.7481093,FALSE,0.229711
P38264,PHO88_YEAST,-1.0947996,FALSE,0.000235
P38735,VMR1_YEAST,-1.2388936,FALSE,0.000011
P38787,PANE_YEAST,-1.24413,FALSE,0.012706
P38806,YNG2_YEAST,-1.0513636,FALSE,0
P38957,SHU2_YEAST,-0.9807404,FALSE,0
P38967,TAT2_YEAST,-1.4953488,FALSE,0
P39001,UME6_YEAST,-0.76889966,FALSE,0.000001
P39547,UIP3_YEAST,-1.9876839,FALSE,0.000043
P39708,DHE5_YEAST,-0.9865211,FALSE,0
P39976,DLD3_YEAST,-1.3580829,FALSE,0
P40030,ERG28_YEAST,-0.82776562,FALSE,0.000006
P40037,HMF1_YEAST,-1.3026094,FALSE,0
P40169,YNT4_YEAST,-1.1603475,FALSE,0.000004
P40316,SECU_YEAST,-1.2789786,FALSE,0
P42835,EGT2_YEAST,1.6433285,TRUE,0.999713
P46959,TRM61_YEAST,-1.3605383,FALSE,0
P46988,PFD1_YEAST,-1.3213146,FALSE,0
P47129,ACF4_YEAST,-1.88773,FALSE,0
P47154,STE24_YEAST,-0.95659005,FALSE,0.000006
P47183,THI11_YEAST,-1.3300247,FALSE,0
P49166,RL37A_YEAST,-0.83231597,FALSE,0
P49954,NIT3_YEAST,-1.4278042,FALSE,0
P50874,ORC5_YEAST,-1.0836801,FALSE,0
P53068,APC10_YEAST,-1.2976697,FALSE,0
P53110,YGP9_YEAST,-1.7424376,FALSE,0
P53220,TIM21_YEAST,-1.341296,FALSE,0
P53281,LSB1_YEAST,-0.50326614,FALSE,0
P53731,ARPC2_YEAST,-1.4944156,FALSE,0
P53734,DBP6_YEAST,-1.4891985,FALSE,0.000001
P53753,ENG1_YEAST,0.28821771,FALSE,0.998382
P53867,ATG4_YEAST,-1.2098193,FALSE,0
Q02896,YDC1_YEAST,-1.3678541,FALSE,0.00008
Q02969,PEX25_YEAST,-1.5715508,FALSE,0.000009
Q03280,TOM1_YEAST,-1.141096,FALSE,0
Q03619,YE12B_YEAST,-0.46938237,FALSE,0
Q03707,SRC1_YEAST,-1.2015846,FALSE,0
Q03778,RIFK_YEAST,-1.2990259,FALSE,0.019451
Q03879,YM09_YEAST,-2.3756277,FALSE,0.000003
Q04119,PPN1_YEAST,-1.0209275,FALSE,0.000005
Q04199,CAF1B_YEAST,-1.2557667,FALSE,0.000003
Q04471,YM04_YEAST,-0.44075675,FALSE,0.000071
Q05549,HRQ1_YEAST,-1.5951449,FALSE,0
Q05583,CIAO1_YEAST,-0.76869007,FALSE,0
Q05788,PNPH_YEAST,-1.5646055,FALSE,0
Q06058,SEI1_YEAST,-1.5170548,FALSE,0.000001
Q06549,CDD_YEAST,-1.4842085,FALSE,0.000015
Q06628,ATG13_YEAST,-0.81560299,FALSE,0
Q07500,NDH2_YEAST,-1.5571213,FALSE,0.000211
Q07530,YD114_YEAST,-1.2986008,FALSE,0
Q07804,YEH1_YEAST,-1.2876284,FALSE,0.000001
Q07845,GRC3_YEAST,-1.0528228,FALSE,0.000001
Q07930,PML1_YEAST,-2.0641863,FALSE,0.000001
Q12001,ALG6_YEAST,-1.7178076,FALSE,0.000095
Q12110,YL049_YEAST,-1.1246602,FALSE,0.00009
Q12217,YB12A_YEAST,0.074839141,FALSE,0
Q12241,VAM3_YEAST,-1.303042,FALSE,0.000001
Q12248,DAD1_YEAST,-0.72123485,FALSE,0.000001
Q12254,SVS1_YEAST,1.4450625,FALSE,0.999708
Q12389,DBP10_YEAST,-1.8593099,FALSE,0.000002
Q12468,CSN5_YEAST,-0.78734668,FALSE,0
Q3E830,EGO2_YEAST,-0.87555637,FALSE,0.000003
Q3E832,YO72B_YEAST,-1.9682952,FALSE,0.000545
Q8TGJ1,YO16A_YEAST,-0.5640234,FALSE,0.00006
O13535,YH11B_YEAST,-0.38395944,FALSE,0
O75012,MRP10_YEAST,-1.8902014,FALSE,0
P06738,PHSG_YEAST,-1.5129052,FALSE,0
P0CE96,YL156_YEAST,-0.68456897,FALSE,0
P0CX42,RL23B_YEAST,-1.5767222,FALSE,0
P13365,CG13_YEAST,-0.98612064,FALSE,0
P17260,KRE1_YEAST,1.2495879,TRUE,0.999432
P18409,MDM10_YEAST,-0.62980787,FALSE,0
P20048,DOLK_YEAST,-1.1597279,FALSE,0.000142
P21242,PSA7_YEAST,-0.75814936,FALSE,0.000002
P22108,APA2_YEAST,-0.93805554,FALSE,0
P22203,VATE_YEAST,-1.5113339,FALSE,0.000014
P23248,RS3A2_YEAST,-2.1487407,FALSE,0
P25337,BUD31_YEAST,-1.1937067,FALSE,0
P25608,YCZ2_YEAST,-0.47068263,FALSE,0
P26321,RL5_YEAST,-1.5449157,FALSE,0.000002
P26637,SYLC_YEAST,-1.082799,FALSE,0
P26754,RFA2_YEAST,-0.75357398,FALSE,0
P27637,BUD14_YEAST,-0.066817064,FALSE,0.000001
P27809,KRE2_YEAST,-0.64442844,FALSE,0.001293
P29340,UBCX_YEAST,-1.4666728,FALSE,0
P32345,PP4C_YEAST,-1.3637529,FALSE,0
P32461,DPH2_YEAST,-0.88106736,FALSE,0.000088
P32464,HYM1_YEAST,-1.445164,FALSE,0
P33441,MFT1_YEAST,-1.3521181,FALSE,0
P35723,YET1_YEAST,-1.1211588,FALSE,0
P35842,PPAB_YEAST,-1.0054744,FALSE,0.999647
P38069,MNN2_YEAST,-1.0459124,FALSE,0.000385
P38151,PBP2_YEAST,-1.6332205,FALSE,0.000003
P38229,GIP1_YEAST,-0.70473204,FALSE,0
P38289,EXO5_YEAST,-1.6733272,FALSE,0
P38313,CENPU_YEAST,-1.1968629,FALSE,0
P38334,TRS20_YEAST,-0.80885458,FALSE,0
P38812,GEP4_YEAST,-0.99607152,FALSE,0
P38820,UBA4_YEAST,-1.4649391,FALSE,0
P38884,AIM18_YEAST,-1.5171209,FALSE,0.000039
P38894,FLO5_YEAST,2.0983053,TRUE,0.999794
P39108,PEX7_YEAST,-1.5560072,FALSE,0
P40206,JLP2_YEAST,-1.0762553,FALSE,0
P40207,ERG29_YEAST,-1.746448,FALSE,0.000015
P40210,SIP5_YEAST,-1.0883541,FALSE,0.000001
P40535,ACA2_YEAST,-0.66295897,FALSE,0.000006
P41697,BUD6_YEAST,-1.5445817,FALSE,0
P42947,YJK7_YEAST,-1.2910467,FALSE,0.000001
P43574,GAT1_YEAST,-1.294242,FALSE,0.07586
P46970,NMD5_YEAST,-1.4031945,FALSE,0
P46997,JJJ2_YEAST,-0.80744023,FALSE,0
P47079,TCPQ_YEAST,-1.3238868,FALSE,0
P47089,DENR_YEAST,-0.8872837,FALSE,0.000001
P47976,CTH1_YEAST,-0.50588087,FALSE,0
P49367,LYS4_YEAST,-0.91973276,FALSE,0.000007
P50105,TAF4_YEAST,-1.0221849,FALSE,0
P53036,SAP4_YEAST,-1.3995991,FALSE,0.000009
P53073,EMC4_YEAST,-1.6151703,FALSE,0.000004
P53199,ERG26_YEAST,-1.1577073,FALSE,0
P53204,NMA2_YEAST,-1.1444759,FALSE,0
P53242,GID10_YEAST,-1.6115312,FALSE,0
P53299,TIM13_YEAST,-0.87797139,FALSE,0.000008
P53315,SOL4_YEAST,-1.64298,FALSE,0
P53318,COQ6_YEAST,-1.3588471,FALSE,0
P53319,6PGD2_YEAST,-1.370666,FALSE,0.000012
P53334,SCW4_YEAST,-0.28690303,FALSE,0.999688
P53860,PDR16_YEAST,-1.5286893,FALSE,0.000002
P53959,COG6_YEAST,-1.5240154,FALSE,0.000003
P54074,ASI1_YEAST,-0.97179731,FALSE,0.000001
P54199,MPS1_YEAST,-1.2384972,FALSE,0
P54839,ERG13_YEAST,-0.99212775,FALSE,0
P87283,YD274_YEAST,-1.2696308,FALSE,0.000001
Q03246,RT17_YEAST,-2.3763769,FALSE,0
Q03266,PABC_YEAST,-0.95291031,FALSE,0
Q03690,CLU_YEAST,-0.89186337,FALSE,0.000004
Q03735,NAB6_YEAST,-1.0330275,FALSE,0
Q03769,ENT5_YEAST,-1.6250398,FALSE,0
Q03920,MTQ2_YEAST,-1.2937256,FALSE,0
Q04545,TDA9_YEAST,-1.0754314,FALSE,0
Q04792,DCE_YEAST,-1.3255778,FALSE,0.000001
Q04978,YMF3_YEAST,-2.3802342,FALSE,0.000032
Q05497,YD338_YEAST,-1.6814586,FALSE,0
Q06091,SN309_YEAST,-2.0848876,FALSE,0
Q06337,EAF1_YEAST,-1.5286021,FALSE,0
Q06451,TPO3_YEAST,-1.0560515,FALSE,0
Q08058,COQ10_YEAST,-1.9559027,FALSE,0
Q08179,MDM38_YEAST,-1.2846071,FALSE,0
Q08237,REXO4_YEAST,-0.93087798,FALSE,0
Q08646,SSP2_YEAST,-0.77027096,FALSE,0
Q08702,APTX_YEAST,-0.86040656,FALSE,0
Q08951,AP3D_YEAST,-1.371641,FALSE,0
Q08986,SAM3_YEAST,-0.99997762,FALSE,0
Q12140,BSC1_YEAST,2.2522822,FALSE,0
Q12157,APC11_YEAST,-1.360363,FALSE,0.000123
Q12194,RGL1_YEAST,-0.84023546,FALSE,0
Q12270,RBD2_YEAST,-1.1240342,FALSE,0.000001
Q12286,SUT2_YEAST,-0.57384819,FALSE,0
Q12358,JLP1_YEAST,-1.2502686,FALSE,0.000001
Q12378,RTR2_YEAST,-0.84265473,FALSE,0
Q12471,6P22_YEAST,-0.81727939,FALSE,0
Q12485,YG12A_YEAST,0.081289376,FALSE,0
Q12514,NOT5_YEAST,-0.85704139,FALSE,0
Q3E835,CENPS_YEAST,-2.2861215,FALSE,0
Q9ZZW2,Q0144_YEAST,-1.2121605,FALSE,0.000839
P04449,RL24A_YEAST,-1.5610084,FALSE,0
P05745,RL36A_YEAST,-2.003963,FALSE,0
P06783,STE3_YEAST,-1.2420746,FALSE,0
P07866,LTE1_YEAST,-0.92759334,FALSE,0
P08525,QCR8_YEAST,-0.70474706,FALSE,0.000042
P09624,DLDH_YEAST,-1.643127,FALSE,0.000001
P0C5Q1,YL64A_YEAST,-0.69352934,FALSE,0.000753
P0CT86,YJ107_YEAST,-1.7856637,FALSE,0.000003
P11433,CDC24_YEAST,-1.1653397,FALSE,0
P13130,SS100_YEAST,0.39811509,FALSE,0.999718
P13259,PCY1_YEAST,-1.4254631,FALSE,0
P13517,CAPZB_YEAST,-0.32411792,FALSE,0
P13587,ATN1_YEAST,-1.1882911,FALSE,0.000035
P16120,THRC_YEAST,-1.3238858,FALSE,0.000015
P16603,NCPR_YEAST,-0.76996088,FALSE,0.00262
P18238,ADT3_YEAST,-1.83517,FALSE,0
P18852,GBG_YEAST,-2.0859325,FALSE,0
P19145,GAP1_YEAST,-1.4099807,FALSE,0
P19657,PMA2_YEAST,-1.3997646,FALSE,0
P20438,CG12_YEAST,-1.3051612,FALSE,0
P21951,DPOE_YEAST,-1.2768562,FALSE,0.000006
P22141,PSB4_YEAST,-1.2194152,FALSE,0
P23748,MPIP_YEAST,-1.1387985,FALSE,0
P25333,HAL4_YEAST,-0.84143194,FALSE,0
P26309,CDC20_YEAST,-0.90327002,FALSE,0
P30619,SEC1_YEAST,-1.6837157,FALSE,0
P32178,CHMU_YEAST,-1.8558905,FALSE,0
P32263,P5CR_YEAST,-1.3910001,FALSE,0.000123
P32325,DBF4_YEAST,-0.8579712,FALSE,0
P32474,EUG1_YEAST,-0.7980198,FALSE,0.999726
P32790,SLA1_YEAST,-1.1212768,FALSE,0.00727
P33322,CBF5_YEAST,-0.75096927,FALSE,0
P35191,MDJ1_YEAST,-0.87871572,FALSE,0
P36017,VPS21_YEAST,-1.2271767,FALSE,0
P36059,NNRD_YEAST,-1.0831469,FALSE,0
P36532,RM37_YEAST,-2.3726389,FALSE,0
P38112,MAK5_YEAST,-1.4299373,FALSE,0
P38140,ERT1_YEAST,-1.1500167,FALSE,0
P38155,PAU24_YEAST,-1.1513281,FALSE,0.999556
P38287,CSH1_YEAST,-1.0766921,FALSE,0.006632
P38318,YB70_YEAST,-1.1601555,FALSE,0.000001
P38688,SRP72_YEAST,-1.9205657,FALSE,0
P38693,PPAC_YEAST,-1.0660554,FALSE,0.999647
P38755,OSH7_YEAST,-0.89654039,FALSE,0.000004
P38804,SDO1L_YEAST,-0.85477875,FALSE,0
P38832,ANS1_YEAST,-0.83506349,TRUE,0.999768
P38925,SMF1_YEAST,-0.92200376,FALSE,0.000001
P40059,DOT6_YEAST,0.24359782,FALSE,0
P40350,ALG5_YEAST,-1.7558954,FALSE,0.000001
P40352,RAD26_YEAST,-1.8263538,FALSE,0
P41939,IDHC_YEAST,-1.5615783,FALSE,0
P43563,MOB2_YEAST,-1.233497,FALSE,0
P43590,YFH6_YEAST,-1.7077616,FALSE,0
P46679,STB2_YEAST,-1.2100614,FALSE,0.000564
P46993,ASG7_YEAST,-1.3281903,FALSE,0.000124
P48235,ECL1_YEAST,-0.49933494,FALSE,0
P48238,YG3O_YEAST,-0.30160434,FALSE,0.000024
P53048,MAL11_YEAST,-1.1320459,FALSE,0.000003
P53140,RMD9_YEAST,-1.207975,FALSE,0
P53238,PEF1_YEAST,-1.3654591,FALSE,0
P53254,UTP22_YEAST,-1.1163987,FALSE,0.000001
P53256,RRP46_YEAST,-0.96239486,FALSE,0
P53337,ERV29_YEAST,-1.4450445,FALSE,0
P53897,IGO1_YEAST,-0.039564635,FALSE,0
P53971,FAP1_YEAST,-1.1949697,FALSE,0.000515
P53974,ARK1_YEAST,-1.514368,FALSE,0
P54860,UFD2_YEAST,-1.2204041,FALSE,0
Q01919,KIN4_YEAST,-0.98946745,FALSE,0
Q02753,RL21A_YEAST,-1.6029327,FALSE,0
Q03028,ODC1_YEAST,-1.1846002,FALSE,0.000177
Q03631,WAR1_YEAST,-0.48285421,FALSE,0.000004
Q03714,USA1_YEAST,-1.0937764,FALSE,0
Q03750,TAF8_YEAST,-1.2404605,FALSE,0.000002
Q03796,TPP1_YEAST,-0.95634374,FALSE,0.00006
Q04401,SDHF3_YEAST,-2.7221574,FALSE,0.000004
Q04902,SNO4_YEAST,-0.48730739,FALSE,0
Q05776,UPS1_YEAST,-0.41233916,FALSE,0.000002
Q06675,CENPO_YEAST,-1.79942,FALSE,0
Q06689,YL413_YEAST,-0.64501827,FALSE,0.332279
Q06819,DIB1_YEAST,-1.7279165,FALSE,0
Q07629,YD218_YEAST,-0.86903432,FALSE,0
Q08651,ENV9_YEAST,-1.862649,FALSE,0.000001
Q08919,TRE1_YEAST,-1.0425166,FALSE,0
Q12057,PIN2_YEAST,-1.0156147,FALSE,0.00003
Q12189,RPIA_YEAST,-1.5533585,FALSE,0
Q12239,TM115_YEAST,-1.233915,FALSE,0.000027
Q12245,POC4_YEAST,-1.7190142,FALSE,0.00004
Q12252,PHM7_YEAST,-1.3678536,FALSE,0
Q12280,IQG1_YEAST,-1.3167474,FALSE,0
Q12348,CSN10_YEAST,-2.2512863,FALSE,0
Q12359,ATO3_YEAST,-0.92491454,FALSE,0
Q12363,WTM1_YEAST,-0.51432222,FALSE,0
Q12385,ICT1_YEAST,-1.0682649,FALSE,0.00003
Q12429,DPH6_YEAST,-1.4805403,FALSE,0
Q12458,YPR1_YEAST,-1.3289108,FALSE,0
Q3E6R4,YD24B_YEAST,-1.0850933,TRUE,0.980447
Q3E760,YM030_YEAST,-1.0933704,FALSE,0.000099
Q6Q546,HUB1_YEAST,-1.6412293,FALSE,0
Q99287,SEY1_YEAST,-1.2914691,FALSE,0
Q9ZZW7,MBI3_YEAST,-1.0534815,FALSE,0.000013
P05626,ATPF_YEAST,-1.0732894,FALSE,0
P06245,KAPB_YEAST,-1.573796,FALSE,0.000007
P06701,SIR3_YEAST,-1.1355446,FALSE,0
P06839,RAD3_YEAST,-1.7713356,FALSE,0
P0CX09,MAN2_YEAST,-0.99975999,FALSE,0
P0CX66,YE12A_YEAST,0.025233012,FALSE,0
P0CX78,ASP23_YEAST,-0.26784283,FALSE,0.999706
P0CY02,YL15H_YEAST,-0.01436949,FALSE,0.000184
P10622,RLA3_YEAST,-1.1035152,FALSE,0.07543
P13382,DPOLA_YEAST,-1.1106259,FALSE,0
P14127,RS17B_YEAST,-2.6490094,FALSE,0
P15565,TRM1_YEAST,-0.92281181,FALSE,0
P19211,IF5A2_YEAST,-0.77272679,FALSE,0
P23201,SPA2_YEAST,-0.40454612,FALSE,0
P25037,UBP1_YEAST,-1.4537411,FALSE,0.000051
P25297,PHO84_YEAST,-1.4254668,FALSE,0.000014
P25579,LRE1_YEAST,-1.0432821,FALSE,0
P27810,KTR1_YEAST,-0.62290976,FALSE,0.000001
P32353,ERG3_YEAST,-1.1144194,FALSE,0
P32563,VPP1_YEAST,-1.3587151,FALSE,0
P32843,YME2_YEAST,-1.5763698,FALSE,0
P33328,SNC2_YEAST,-1.4111925,FALSE,0.000001
P33416,HSP78_YEAST,-1.6790647,FALSE,0
P34253,KTI12_YEAST,-0.53041802,FALSE,0
P36148,GPT2_YEAST,-1.0801848,FALSE,0.000009
P36161,NU133_YEAST,-0.99969225,FALSE,0
P38148,PPS1_YEAST,-1.5451524,FALSE,0
P38169,KMO_YEAST,-1.4090092,FALSE,0.000015
P38204,RRN10_YEAST,-0.83085204,FALSE,0
P38211,GPI18_YEAST,-0.97887757,FALSE,0.159633
P38290,UBS1_YEAST,-0.84966344,FALSE,0
P38360,ATU1_YEAST,-0.89736906,FALSE,0
P38858,SOL3_YEAST,-1.6440715,FALSE,0.000001
P38873,KOG1_YEAST,-1.440739,FALSE,0
P39104,PIK1_YEAST,-1.3313916,FALSE,0.000001
P40049,YEQ6_YEAST,-0.10999572,FALSE,0.999402
P40414,TPM2_YEAST,-1.4627073,FALSE,0
P40506,PPCS_YEAST,-1.4067242,FALSE,0
P40522,VHR1_YEAST,-0.86285273,FALSE,0
P40563,AIM21_YEAST,-0.16851981,FALSE,0
P41911,GPD2_YEAST,-1.6454064,FALSE,0
P41921,GSHR_YEAST,-0.98146764,FALSE,0
P43609,RSC8_YEAST,-0.85806708,FALSE,0
P47110,DPOD3_YEAST,-0.75484646,FALSE,0
P47167,CENPK_YEAST,-1.5007148,FALSE,0
P47771,ALDH2_YEAST,-0.73831938,FALSE,0
P49435,APT1_YEAST,-2.1878354,FALSE,0
P53112,PEX14_YEAST,-0.94144749,FALSE,0
P53277,SYF2_YEAST,-1.2325838,FALSE,0
P53292,RT35_YEAST,-1.7618016,FALSE,0
P53824,SNZ2_YEAST,-1.4899952,FALSE,0
P53829,CAF40_YEAST,-2.2028616,FALSE,0
P53849,GIS2_YEAST,-0.63414447,FALSE,0.000004
P53870,YNT3_YEAST,-1.1158607,FALSE,0
P53956,YNE6_YEAST,-1.7444959,FALSE,0
P53968,CRZ1_YEAST,-0.78179973,FALSE,0
P53976,YNB8_YEAST,-0.64435794,FALSE,0
P54000,SUB1_YEAST,-1.2124193,FALSE,0
P54114,ALDH3_YEAST,-0.74163174,FALSE,0
P80967,TOM5_YEAST,-1.7431044,FALSE,0.00001
Q01532,BLH1_YEAST,-1.2005609,FALSE,0
Q02574,MEC3_YEAST,-0.66858107,FALSE,0.000002
Q03337,TRS31_YEAST,-1.5064748,FALSE,0.00004
Q03900,YD132_YEAST,-0.98325735,FALSE,0
Q04087,LRS4_YEAST,-1.6071911,FALSE,0.000001
Q04598,RM34_YEAST,-2.9918252,FALSE,0
Q04705,PRM6_YEAST,-1.1301864,FALSE,0.000004
Q04893,YM96_YEAST,1.8748551,TRUE,0.000064
Q04952,FKS3_YEAST,-1.378315,FALSE,0
Q05016,YM71_YEAST,-1.4261866,FALSE,0
Q05451,YH50_YEAST,-0.98127358,FALSE,0.000001
Q05515,SVF1_YEAST,-0.25650307,FALSE,0.000065
Q06098,ISR1_YEAST,-1.3187135,FALSE,0
Q06168,SFH1_YEAST,-1.2007372,FALSE,0
Q06204,NGK1_YEAST,-0.70835037,FALSE,0.000001
Q06244,PUS5_YEAST,-1.8363144,FALSE,0
Q06287,NEP1_YEAST,-1.2379842,FALSE,0
Q06522,YP147_YEAST,-1.3477065,FALSE,0
Q06709,REH1_YEAST,-1.0893373,FALSE,0
Q06991,PUN1_YEAST,-0.60473648,FALSE,0.720433
Q07622,ACK1_YEAST,-0.51502993,FALSE,0
Q07938,MTAP_YEAST,-1.1044353,FALSE,0.000001
Q08199,SIL1_YEAST,-1.3684446,FALSE,0.994662
Q08550,MPC54_YEAST,-0.55003848,FALSE,0
Q08930,YP191_YEAST,-1.495768,FALSE,0
Q12128,BAG7_YEAST,-1.2389896,FALSE,0
Q12220,UTP12_YEAST,-1.2328417,FALSE,0.000013
Q12221,PUF2_YEAST,-0.89875188,FALSE,0
Q12236,PKH2_YEAST,-1.1483996,FALSE,0
Q12253,YL046_YEAST,-2.4273569,FALSE,0.000016
Q12293,YO22A_YEAST,-0.83670614,FALSE,0
Q12303,YPS3_YEAST,-0.47721072,TRUE,0.999352
Q12308,TFC8_YEAST,-0.81091419,FALSE,0
Q12734,CSR2_YEAST,-0.48773999,FALSE,0.000285
Q3E7Z3,YI018_YEAST,-1.6278377,FALSE,0.000001
Q3E818,YD194_YEAST,-1.2827489,FALSE,0.000074
Q8TGS4,YM315_YEAST,-3.057979,FALSE,0.005311
Q99303,YD23A_YEAST,-0.9671989,FALSE,0
Q99394,TRS33_YEAST,-1.8929673,FALSE,0
Q9URQ3,TAD3_YEAST,-1.7264747,FALSE,0
P03069,GCN4_YEAST,-0.93728065,FALSE,0
P04039,COX8_YEAST,-1.8253764,FALSE,0.000376
P04817,CAN1_YEAST,-0.86058361,FALSE,0
P05749,RL22A_YEAST,-0.34165038,FALSE,0
P08459,SPS2_YEAST,-0.95790327,FALSE,0.105947
P0C2I3,YD15B_YEAST,-0.42394635,FALSE,0
P0C5N3,YG41A_YEAST,-1.5083691,FALSE,0
P0CE11,GMT2_YEAST,-1.1446805,FALSE,0
P0CX20,YRF11_YEAST,-1.1551647,FALSE,0
P0CX29,RS23A_YEAST,-1.7953867,FALSE,0
P0CX55,RS18A_YEAST,-2.1671385,FALSE,0
P15801,DPOG_YEAST,-1.480801,FALSE,0
P17709,HXKG_YEAST,-1.4431904,FALSE,0
P19097,FAS2_YEAST,-1.3729793,FALSE,0
P21192,ACE2_YEAST,-0.82791875,FALSE,0.000001
P21339,MSB1_YEAST,-1.0504994,FALSE,0
P25650,YCX5_YEAST,-1.7702484,FALSE,0.154452
P32331,YMC1_YEAST,-1.6154991,FALSE,0
P32589,HSP7F_YEAST,-1.0554712,FALSE,0
P32833,ORC2_YEAST,-1.0731848,FALSE,0
P32902,RT04_YEAST,-1.3246988,FALSE,0
P33775,PMT1_YEAST,-1.1182432,FALSE,0.000032
P34218,SAS3_YEAST,-1.6411673,FALSE,0
P34222,PTH2_YEAST,-0.68590706,FALSE,0.000108
P35192,MAC1_YEAST,-0.54129972,FALSE,0
P35209,SPT21_YEAST,-0.90970373,FALSE,0
P36093,PHD1_YEAST,-1.0772918,FALSE,0
P36101,TCD2_YEAST,-1.1180025,FALSE,0.012663
P36139,PET10_YEAST,-0.79555242,FALSE,0.000001
P36144,RL1D1_YEAST,-0.81065574,FALSE,0
P36165,TGL4_YEAST,-1.2424387,FALSE,0.000001
P37263,YC16_YEAST,0.063149996,FALSE,0.000007
P38013,AHP1_YEAST,-0.53490906,FALSE,0.000001
P38132,MCM7_YEAST,-1.3196163,FALSE,0
P38149,DUG2_YEAST,-0.98175659,FALSE,0.000082
P38191,MOH1_YEAST,-1.0524792,FALSE,0
P38633,MED31_YEAST,-1.062376,FALSE,0
P38682,GLO3_YEAST,-0.68263982,FALSE,0
P38702,LEU5_YEAST,-2.0368558,FALSE,0
P38852,LIN1_YEAST,-1.1477835,FALSE,0
P38856,AP18A_YEAST,-1.2848992,FALSE,0
P38867,YHX7_YEAST,-1.4279456,FALSE,0
P38874,ELP5_YEAST,-0.94377408,FALSE,0
P38931,SSN2_YEAST,-0.50219058,FALSE,0
P39543,SOP4_YEAST,-0.81059772,FALSE,0.999754
P39718,PEX22_YEAST,-0.73645276,FALSE,0.000002
P39729,RBG1_YEAST,-1.6180353,FALSE,0.000004
P39935,IF4F1_YEAST,-1.3487701,FALSE,0
P40088,FTR1_YEAST,-1.292112,FALSE,0
P40343,VPS27_YEAST,-0.8097905,FALSE,0
P40451,AIM20_YEAST,-0.91729077,FALSE,0
P40481,HPM1_YEAST,-1.5775386,FALSE,0.000002
P40526,DFG10_YEAST,-1.0868964,FALSE,0.000029
P40541,SCC3_YEAST,-1.3652975,FALSE,0.000001
P41735,COQ7_YEAST,-1.2407277,FALSE,0.000001
P43570,GYP8_YEAST,-1.6222824,FALSE,0.000148
P43580,YFB2_YEAST,-1.8553624,FALSE,0
P43592,FAR7_YEAST,-1.5673859,FALSE,0
P47103,CYP7_YEAST,-0.90680901,FALSE,0
P47164,MET7_YEAST,-1.3381443,FALSE,0
P47818,CCC1_YEAST,-1.051086,FALSE,0
P48231,TCB2_YEAST,-0.71731082,FALSE,0
P49960,SART3_YEAST,-1.2467051,FALSE,0.000001
P52892,ALAT2_YEAST,-1.4890006,FALSE,0
P53136,NSA1_YEAST,-1.4089465,FALSE,0.000001
P53170,PDK2_YEAST,-1.4486863,FALSE,0
P53241,VHT1_YEAST,-1.0412355,FALSE,0
P53250,TWF1_YEAST,-1.1651346,FALSE,0
P53320,MTM1_YEAST,-1.1372481,FALSE,0.004172
P53335,PXR1_YEAST,-1.8207767,FALSE,0
P53845,YIF1_YEAST,-1.387957,FALSE,0
P81450,ATP18_YEAST,-1.5237371,FALSE,0.06473
P87262,RL34A_YEAST,-1.5563965,FALSE,0
P89113,DDR2_YEAST,-0.88246787,FALSE,0.988844
Q01939,PRS8_YEAST,-2.0018685,FALSE,0
Q02208,TOF2_YEAST,-0.5763144,FALSE,0.000001
Q02256,PVH1_YEAST,-1.4474418,FALSE,0
Q03935,YAP6_YEAST,-1.3526973,FALSE,0
Q04600,TMA64_YEAST,-1.1109602,FALSE,0.000001
Q04706,YM11A_YEAST,0.064823222,FALSE,0
Q04991,FMP42_YEAST,-1.2897808,FALSE,0.00001
Q05021,TAF7_YEAST,-0.93692125,FALSE,0
Q05543,RT103_YEAST,-1.051658,FALSE,0
Q05648,MRX10_YEAST,-0.62466857,FALSE,0
Q06070,YL407_YEAST,-0.57210275,FALSE,0
Q06340,ESC2_YEAST,-1.1450826,FALSE,0.000004
Q07921,TEN1_YEAST,-2.2123616,FALSE,0.000081
Q07953,SDO1_YEAST,-1.5542888,FALSE,0
Q08204,SMC5_YEAST,-1.486509,FALSE,0.000135
Q08601,MCA1_YEAST,-0.62202496,FALSE,0
Q08622,GEP3_YEAST,-0.88307162,FALSE,0
Q08826,SNX3_YEAST,-1.9012932,FALSE,0
Q12020,SRL2_YEAST,-0.94652908,FALSE,0.000031
Q12320,GLO4_YEAST,-0.92391985,FALSE,0
Q12325,SUL2_YEAST,-1.0927338,FALSE,0.000001
Q12465,RAX2_YEAST,-0.34814185,FALSE,0.994887
Q12518,ENT1_YEAST,-1.6954436,FALSE,0
Q12527,ATG11_YEAST,-1.3994429,FALSE,0.000002
Q3E772,LSO2_YEAST,-3.1526389,FALSE,0
Q3E7Y4,YB112_YEAST,-3.0017871,FALSE,0
A2P2R3,YM084_YEAST,-1.4971751,FALSE,0
P04807,HXKB_YEAST,-1.1882638,FALSE,0
P05150,OTC_YEAST,-1.5019578,FALSE,0
P06106,CYSD_YEAST,-0.77291742,FALSE,0.000006
P07249,ARGR1_YEAST,-0.11495017,FALSE,0
P07252,CBP8_YEAST,-1.3776809,FALSE,0
P0CW41,MALX4_YEAST,-0.44528974,FALSE,0.000007
P0CX14,YRF13_YEAST,-1.2026491,FALSE,0
P0CX23,RL20A_YEAST,-2.3621982,FALSE,0.000001
P0CX43,RL1A_YEAST,-2.0750032,FALSE,0
P0CX98,YP20A_YEAST,-1.4838721,FALSE,0.00001
P10174,COX7_YEAST,-0.54448264,FALSE,0.000008
P16658,SEN2_YEAST,-1.8687924,FALSE,0
P16661,ALG1_YEAST,-1.1862256,FALSE,0.000002
P17890,RPC7_YEAST,-0.8994294,FALSE,0
P19262,ODO2_YEAST,-1.0422882,FALSE,0
P24482,DPB2_YEAST,-1.5347006,FALSE,0.000043
P25626,IMG1_YEAST,-2.8963047,FALSE,0
P27796,THIK_YEAST,-1.3693356,FALSE,0
P27801,PEP3_YEAST,-1.3474021,FALSE,0
P27825,CALX_YEAST,-1.4391596,TRUE,0.999527
P29453,RL8B_YEAST,-1.4681643,FALSE,0
P32336,NUD1_YEAST,-0.865024,FALSE,0
P32499,NUP2_YEAST,0.38199591,FALSE,0
P32585,MED18_YEAST,-0.83522729,FALSE,0.000001
P32644,ECM32_YEAST,-0.95272743,FALSE,0
P33335,SGE1_YEAST,-1.0998499,FALSE,0
P38163,SRO77_YEAST,-0.78025955,FALSE,0
P38238,TRM7_YEAST,-1.4273997,FALSE,0
P38274,HSL7_YEAST,-0.84710045,FALSE,0
P38622,RCK1_YEAST,-0.41950335,FALSE,0.000158
P38687,SRP68_YEAST,-1.4795977,FALSE,0
P38714,SYRM_YEAST,-1.3787928,FALSE,0
P38722,YHE9_YEAST,-1.348718,FALSE,0
P38814,SBE22_YEAST,-1.2546364,FALSE,0
P38860,MTG2_YEAST,-1.7285296,FALSE,0
P38990,SAK1_YEAST,-0.78474486,FALSE,0.000009
P39552,MST28_YEAST,-1.3168832,FALSE,0.000052
P39986,SPF1_YEAST,-1.3284662,FALSE,0.000017
P40016,RPN3_YEAST,-1.1404165,FALSE,0
P40055,UTP7_YEAST,-1.6752855,FALSE,0
P40075,SCS2_YEAST,-1.1660326,FALSE,0.000703
P40509,COPE_YEAST,-1.73803,FALSE,0
P40558,CFD1_YEAST,-1.5812509,FALSE,0
P40958,MAD2_YEAST,-0.62248653,FALSE,0
P43600,CSS2_YEAST,0.22279263,FALSE,0.999664
P47044,YJF5_YEAST,-1.154693,FALSE,0
P47912,LCF4_YEAST,-1.5497023,FALSE,0
P48015,GCST_YEAST,-1.6597783,FALSE,0.000001
P50896,PSP1_YEAST,-0.85963728,FALSE,0.000027
P52553,PFD6_YEAST,-1.6215113,FALSE,0
P53010,PAN2_YEAST,-0.58327167,FALSE,0
P53131,PRP43_YEAST,-1.7036557,FALSE,0
P53212,YG1D_YEAST,-0.76368937,FALSE,0
P53224,ORM1_YEAST,-0.67760965,FALSE,0
P53541,SPO1_YEAST,-1.3392183,FALSE,0.999775
P53598,SUCA_YEAST,-1.4022897,FALSE,0
P53732,RT12_YEAST,-1.8449069,FALSE,0
P53743,ESF2_YEAST,-0.56764341,FALSE,0
P53873,SWT21_YEAST,-0.46092632,FALSE,0
P53882,TDA7_YEAST,0.93197104,FALSE,0.000001
P53890,BNI5_YEAST,-0.20915286,FALSE,0
P53898,NSG2_YEAST,-1.518494,FALSE,0
P53915,NRK1_YEAST,-1.5211125,FALSE,0.001543
P53932,YNJ5_YEAST,-1.3277896,FALSE,0.000029
P54784,ORC1_YEAST,-1.3594032,FALSE,0
Q01477,UBP3_YEAST,-0.8283496,FALSE,0
Q02948,BECN1_YEAST,-1.2573499,FALSE,0
Q03390,VPS60_YEAST,-1.3212798,FALSE,0
Q03530,RCE1_YEAST,-1.1260572,FALSE,0
Q03758,BUL2_YEAST,-1.284774,FALSE,0
Q03771,ACL4_YEAST,-1.0184003,FALSE,0
Q03856,YD11A_YEAST,0.034565795,FALSE,0
Q03921,DOP1_YEAST,-1.7140856,FALSE,0.000001
Q04228,UBX2_YEAST,-1.4324601,FALSE,0
Q04409,EMI2_YEAST,-1.545486,FALSE,0.000001
Q04894,ADH6_YEAST,-0.24170165,FALSE,0
Q05015,FSH2_YEAST,-1.1552037,FALSE,0.000004
Q05040,FAR8_YEAST,-0.87774417,FALSE,0
Q05584,GLO2_YEAST,-0.71225703,FALSE,0
Q06201,GMC2_YEAST,-1.4511671,FALSE,0
Q06412,TUS1_YEAST,-1.1751264,FALSE,0.000001
Q06688,SRR1L_YEAST,-1.2188851,FALSE,0
Q06817,SYG2_YEAST,-1.5316463,FALSE,0
Q08581,SLK19_YEAST,-1.2384767,FALSE,0
Q08734,YO268_YEAST,-0.54366132,FALSE,0.024896
Q08970,MMT2_YEAST,-0.57235436,FALSE,0
Q08974,YP257_YEAST,-1.3287629,FALSE,0.000083
Q12063,UPPS_YEAST,-1.3521296,FALSE,0
Q12092,ATG29_YEAST,-1.273644,FALSE,0
Q12230,LSP1_YEAST,-1.0723901,FALSE,0
Q12234,RUD3_YEAST,-0.84438769,FALSE,0
Q12463,TRM11_YEAST,-1.7243696,FALSE,0
Q3E793,BOL1_YEAST,-2.8348844,FALSE,0
Q3E7A6,YM007_YEAST,-2.6860107,FALSE,0.000045
Q3E7A7,YK018_YEAST,-2.7493124,FALSE,0.001474
Q3E7B5,YM230_YEAST,-1.4653797,FALSE,0.000677
Q45U18,YI134_YEAST,-1.9892211,FALSE,0.000054
Q6B0Y7,YM075_YEAST,-0.61213169,FALSE,0.000002
Q92393,YO12B_YEAST,-0.44364407,FALSE,0
P02293,H2B1_YEAST,-0.57479118,FALSE,0.000018
P06774,HAP2_YEAST,-1.5502565,FALSE,0
P0CE89,PAU14_YEAST,-0.95762613,FALSE,0.999571
P12685,TRK1_YEAST,-1.4182166,FALSE,0.000407
P14682,UBC3_YEAST,-1.1438605,FALSE,0
P15624,SYFB_YEAST,-1.3366936,FALSE,0.000001
P17214,EST1_YEAST,-1.4151895,FALSE,0
P18412,TEC1_YEAST,-0.96300163,FALSE,0
P19659,MED15_YEAST,-1.9130633,FALSE,0
P21826,MLS2_YEAST,-1.3275757,FALSE,0
P22082,SNF2_YEAST,-1.836596,FALSE,0
P25389,KCC4_YEAST,-1.4421863,FALSE,0
P25454,RAD51_YEAST,-1.523511,FALSE,0
P25606,YCZ0_YEAST,-1.2130574,FALSE,0
P30952,MLS1_YEAST,-1.491842,FALSE,0
P32330,DGR2_YEAST,-0.71766634,FALSE,0.000006
P32488,ISF1_YEAST,-0.80587592,FALSE,0
P32610,VATD_YEAST,-2.246116,FALSE,0
P32621,GDA1_YEAST,-0.64163878,FALSE,0.000018
P32854,PEP12_YEAST,-2.2136286,FALSE,0
P32857,PTM1_YEAST,-1.1518394,FALSE,0.87888
P32907,ATO2_YEAST,-1.4854495,FALSE,0.000006
P33309,DOM34_YEAST,-0.9434816,FALSE,0.000011
P34225,YEL1_YEAST,-1.2942683,FALSE,0
P34233,ASH1_YEAST,-0.61048326,FALSE,0.000025
P35172,TREB_YEAST,-1.0328892,FALSE,0
P36103,YKC3_YEAST,-1.9431763,FALSE,0
P37304,PAM1_YEAST,-0.86029995,FALSE,0
P37370,VRP1_YEAST,-0.18355026,FALSE,0
P38181,NU170_YEAST,-0.94475274,FALSE,0.000006
P38284,ICS2_YEAST,-0.26412675,FALSE,0
P38827,SET1_YEAST,-1.5989765,FALSE,0
P39726,GCSH_YEAST,-1.330788,FALSE,0
P39946,LIS1_YEAST,-0.77347693,FALSE,0
P40007,NOP16_YEAST,-1.8747733,FALSE,0
P40035,PIC2_YEAST,-1.3892909,FALSE,0
P40308,TGL3_YEAST,-1.4272561,FALSE,0.000151
P40479,SDP1_YEAST,-1.0722563,FALSE,0.000001
P40547,VID28_YEAST,-1.2950696,FALSE,0
P40572,YIT6_YEAST,-0.86696068,FALSE,0.000029
P43549,AQY3_YEAST,-1.2065336,FALSE,0
P43555,EMP47_YEAST,-1.4096392,FALSE,0.999712
P43586,LOC1_YEAST,-1.892451,FALSE,0
P43601,ATG18_YEAST,-0.75182325,FALSE,0.000134
P43620,RMD8_YEAST,-1.5360791,FALSE,0
P47033,PRY3_YEAST,1.0007934,TRUE,0.999769
P47099,YJ12A_YEAST,0.10303027,FALSE,0
P47123,MOG1_YEAST,-0.39569175,FALSE,0.000002
P47170,IML1_YEAST,-1.2040307,FALSE,0
P50112,KNH1_YEAST,-0.18149638,FALSE,0.999734
P53047,RTA1_YEAST,-1.7146545,FALSE,0
P53095,DSD1_YEAST,-1.2806629,FALSE,0
P53134,YGL4_YEAST,-1.3605216,FALSE,0.000003
P53231,YG1X_YEAST,-1.7662925,FALSE,0
P53239,COX18_YEAST,-1.846818,FALSE,0.000023
P53317,NOP19_YEAST,-2.0286495,FALSE,0.000001
P53540,SPC98_YEAST,-1.3474924,FALSE,0
P53911,EAF7_YEAST,-1.0754847,FALSE,0
P54885,PROA_YEAST,-1.2751708,FALSE,0
Q01217,ARG56_YEAST,-1.189439,FALSE,0
Q01560,NOP3_YEAST,-1.1206926,FALSE,0
Q02516,HAP5_YEAST,-1.633066,FALSE,0
Q02724,ULP1_YEAST,-0.91819126,FALSE,0
Q02804,ARL3_YEAST,-2.3681002,FALSE,0
Q02931,UTP17_YEAST,-0.89726635,FALSE,0
Q03254,FCP1_YEAST,-1.2341523,FALSE,0
Q03263,YM8M_YEAST,-1.4177845,FALSE,0.000626
Q03338,PRP3_YEAST,-2.1001752,FALSE,0
Q03497,STE20_YEAST,-0.6198377,FALSE,0
Q03654,CEF1_YEAST,-1.9083767,FALSE,0
Q03703,YMD7_YEAST,-0.25840141,FALSE,0
Q04210,YET2_YEAST,-2.191119,FALSE,0
Q04225,RRB1_YEAST,-0.62532482,FALSE,0.000005
Q04549,ARP10_YEAST,-1.6113973,FALSE,0
Q04814,YM86_YEAST,-0.45772717,FALSE,0
Q04897,YM98_YEAST,-1.6909921,FALSE,0.000051
Q04934,IVY1_YEAST,-1.1133128,FALSE,0
Q04949,DYN3_YEAST,-1.0710692,FALSE,0.000318
Q05881,YL287_YEAST,-1.645634,FALSE,0.000001
Q06697,CDC73_YEAST,-1.4009524,FALSE,0.000021
Q06813,YP078_YEAST,-0.71591971,FALSE,0.000001
Q07555,YD129_YEAST,-1.9803791,FALSE,0.000001
Q07655,WHI4_YEAST,-0.59482756,FALSE,0
Q08004,BUD20_YEAST,-1.9317221,FALSE,0
Q08816,TFB6_YEAST,-1.2015243,FALSE,0.000001
Q08963,RU2A_YEAST,-2.0332113,FALSE,0
Q08990,YP278_YEAST,-1.450942,FALSE,0
Q12024,YTM1_YEAST,-0.27169586,FALSE,0
Q12102,CFT2_YEAST,-1.1358858,FALSE,0
Q12109,SYWC_YEAST,-1.2514751,FALSE,0
Q12199,TIP41_YEAST,-1.59634,FALSE,0
Q12219,CIM1_YEAST,-2.1985124,FALSE,0
Q12240,YD215_YEAST,-1.4841036,FALSE,0
Q12267,SMC4_YEAST,-1.563171,FALSE,0
Q12515,PAR32_YEAST,0.00037703159,FALSE,0
Q3E732,YL264_YEAST,0.50344925,FALSE,0.000004
Q8TGK4,YB298_YEAST,-1.9185135,FALSE,0
Q99216,PNO1_YEAST,-2.3218387,FALSE,0.000001
Q99248,YO019_YEAST,-0.8631585,FALSE,0
Q9P305,IGO2_YEAST,-0.65025855,FALSE,0
O13587,YP096_YEAST,-1.5531524,FALSE,0.000179
P03872,REP2_YEAST,-1.8508283,FALSE,0
P08432,DCOR_YEAST,-1.6746411,FALSE,0
P11986,INO1_YEAST,-1.5910351,FALSE,0.000001
P13856,RSR1_YEAST,-1.4611241,FALSE,0
P15367,SEC11_YEAST,-1.7103834,TRUE,0.000301
P15891,ABP1_YEAST,-0.76550838,FALSE,0
P17558,RTPT_YEAST,-1.3536675,FALSE,0
P22007,FNTB_YEAST,-1.5569571,FALSE,0
P22219,VPS15_YEAST,-1.0825912,FALSE,0
P22336,RFA1_YEAST,-1.0804525,FALSE,0
P23337,GYS1_YEAST,-1.6966545,FALSE,0
P26755,RFA3_YEAST,-0.77839802,FALSE,0.000004
P32179,MET22_YEAST,-1.1007036,FALSE,0.000001
P32366,VA0D_YEAST,-0.96569182,FALSE,0
P32614,FRDS_YEAST,-1.0247783,FALSE,0.000289
P32775,GLGB_YEAST,-0.91914978,FALSE,0
P32864,RAEP_YEAST,-1.0152325,FALSE,0
P32944,SWE1_YEAST,-1.1416071,FALSE,0
P33324,YKJ1_YEAST,-1.1574143,FALSE,0
P35200,UPS2_YEAST,-1.1130343,FALSE,0
P35997,RS27A_YEAST,-1.6527209,FALSE,0.000097
P36118,NTR2_YEAST,-1.3248675,FALSE,0
P36528,RM17_YEAST,-1.543792,FALSE,0
P37293,NAT2_YEAST,-2.1679404,FALSE,0
P38180,YBI1_YEAST,-1.2948954,FALSE,0.000001
P38300,MBA1_YEAST,-1.7248538,FALSE,0
P38306,YB47_YEAST,-1.1503441,FALSE,0
P38314,SDS24_YEAST,-1.3800909,FALSE,0
P38359,SUL1_YEAST,-1.1223473,FALSE,0.000002
P38439,LEO1_YEAST,-1.4567892,FALSE,0
P38615,RIM11_YEAST,-1.5344626,FALSE,0
P38845,CRP1_YEAST,-0.22674937,FALSE,0
P39719,FLC2_YEAST,-1.2245883,FALSE,0.999527
P39966,PP2C2_YEAST,-0.12221978,FALSE,0.000003
P39983,SDD1_YEAST,-2.6212142,FALSE,0
P39991,YEC5_YEAST,-1.1639009,FALSE,0
P40024,ARB1_YEAST,-1.6843864,FALSE,0
P40038,PCL6_YEAST,-1.061647,FALSE,0.000006
P40156,RRG9_YEAST,-2.5737227,FALSE,0
P40161,RT106_YEAST,-0.61016632,FALSE,0
P40416,ATM1_YEAST,-1.5930898,FALSE,0
P40449,YIQ1_YEAST,-1.4320097,FALSE,0
P40491,FMC1_YEAST,-2.2418347,FALSE,0
P41733,CDC91_YEAST,-1.4946682,FALSE,0
P41832,BNI1_YEAST,-1.2377472,FALSE,0
P41930,SSU1_YEAST,-1.1749526,FALSE,0
P42940,ETFB_YEAST,-1.3268765,FALSE,0
P43564,MIL1_YEAST,-1.3913097,FALSE,0
P43621,COPD_YEAST,-0.90726722,FALSE,0.000304
P46367,ALDH4_YEAST,-1.4623575,FALSE,0
P47014,YJN2_YEAST,-0.99700124,FALSE,0.999671
P47076,RPC9_YEAST,-1.429804,FALSE,0
P47077,NOP9_YEAST,-1.8438969,FALSE,0
P48439,OST3_YEAST,-0.74446199,FALSE,0.999666
P48837,NUP57_YEAST,-1.6191521,FALSE,0
P52919,NBP1_YEAST,-2.1470723,FALSE,0
P52920,NBP35_YEAST,-0.96521677,FALSE,0.000014
P53129,MON1_YEAST,-1.327069,FALSE,0
P53130,GPG1_YEAST,-0.60626335,FALSE,0.000002
P53133,YGL7_YEAST,-1.5420542,FALSE,0
P53221,RL26B_YEAST,-2.5510954,FALSE,0
P53293,YG3W_YEAST,-1.5518241,FALSE,0.00001
P53297,PBP1_YEAST,-0.6126265,FALSE,0.00031
P53687,HST3_YEAST,-1.8380808,FALSE,0.000001
P53727,BUD17_YEAST,-1.282034,FALSE,0.000001
Q00055,GPD1_YEAST,-1.1472197,FALSE,0
Q02100,SKO1_YEAST,-0.30066477,FALSE,0
Q03201,RT10_YEAST,-1.6510375,FALSE,0.000223
Q03264,NGL2_YEAST,-1.3515015,FALSE,0
Q03323,SDC1_YEAST,-0.5097119,FALSE,0.000001
Q03792,RIM13_YEAST,-1.1435631,FALSE,0.000001
Q04175,SXM1_YEAST,-1.460896,FALSE,0
Q04276,YMX2_YEAST,-2.6886169,FALSE,0.000011
Q04432,HSP31_YEAST,-0.66828937,FALSE,0
Q04673,SSL1_YEAST,-1.2295535,FALSE,0
Q04740,RNH1_YEAST,-0.73415442,FALSE,0.000001
Q05050,EIS1_YEAST,-0.68182998,FALSE,0.000006
Q05676,SOM1_YEAST,-1.0909828,FALSE,0
Q05911,PUR8_YEAST,-1.7328512,FALSE,0
Q06071,BL1S1_YEAST,-1.5655056,FALSE,0.041306
Q06109,RRG8_YEAST,-1.3110693,FALSE,0
Q06490,THI22_YEAST,-0.79124472,FALSE,0.999275
Q06594,YP195_YEAST,-0.9012452,FALSE,0.00002
Q06631,BFR2_YEAST,-1.0422462,FALSE,0
Q07793,YD13B_YEAST,-0.42812608,FALSE,0
Q08280,BSC6_YEAST,-1.5394145,FALSE,0
Q08485,NRT1_YEAST,-1.1458944,FALSE,0.001181
Q12082,YD157_YEAST,-1.3103971,FALSE,0
Q12108,RTC5_YEAST,-1.3908789,FALSE,0
Q12171,MDM32_YEAST,-1.535389,FALSE,0
Q12256,TPO4_YEAST,-1.0785825,FALSE,0.000001
Q12262,CENPH_YEAST,-1.6993138,FALSE,0
Q12317,MSB4_YEAST,-1.473797,FALSE,0.000001
Q12341,HAT1_YEAST,-1.1082138,FALSE,0.000001
Q3E771,YL285_YEAST,-1.2445288,FALSE,0.001216
Q3E7A8,YN162_YEAST,-1.7783437,FALSE,0
Q3E7C1,TFB5_YEAST,-1.8152824,FALSE,0
Q8TGU8,YB071_YEAST,-0.88521055,FALSE,0.000063
Q99177,BRR1_YEAST,-1.034214,FALSE,0
O13525,COQ4_YEAST,-2.3860593,FALSE,0.000003
P00127,QCR6_YEAST,-0.82090677,FALSE,0
P00163,CYB_YEAST,-1.0980857,FALSE,0.000013
P00729,CBPY_YEAST,-1.0383523,FALSE,0.999562
P03877,SCE3_YEAST,-1.5793543,FALSE,0.000001
P06780,RHO1_YEAST,-0.28692945,FALSE,0
P09620,KEX1_YEAST,-0.46481107,FALSE,0.883249
P09950,HEM1_YEAST,-1.3522542,FALSE,0
P10659,METK1_YEAST,-1.3748944,FALSE,0.000059
P11710,FUS1_YEAST,-0.16223631,FALSE,0.026927
P11745,RNA1_YEAST,-2.0272598,FALSE,0
P13712,MSI1_YEAST,-0.49036809,FALSE,0.000032
P14359,SNA3_YEAST,-1.1973485,FALSE,0.000001
P16523,MER1_YEAST,-1.0811418,TRUE,0
P17883,SKI3_YEAST,-1.6055966,FALSE,0
P18562,UPP_YEAST,-2.1533047,FALSE,0
P19146,ARF2_YEAST,-1.786815,FALSE,0
P19263,MED14_YEAST,-1.4572444,FALSE,0.000001
P21592,COX10_YEAST,-1.4383259,FALSE,0.000001
P23291,KC11_YEAST,-1.6701215,FALSE,0.000005
P24871,CG24_YEAST,-1.3577811,FALSE,0
P25332,RBSK_YEAST,-1.2294115,FALSE,0.000156
P25339,PUF4_YEAST,-1.0284309,FALSE,0
P25356,BPH1_YEAST,-1.1969462,FALSE,0
P25384,YC21B_YEAST,-0.43838724,FALSE,0
P25591,VAC17_YEAST,-1.0556731,FALSE,0
P27614,CBPS_YEAST,-1.0845436,FALSE,0.000003
P28272,PYRD_YEAST,-0.53413021,FALSE,0.00002
P28274,URA7_YEAST,-1.6786491,FALSE,0
P30605,ITR1_YEAST,-1.1957707,FALSE,0
P32528,DUR1_YEAST,-1.1224212,FALSE,0
P32602,SEC17_YEAST,-1.0168123,FALSE,0
P32844,SEC6_YEAST,-1.5801911,FALSE,0
P33893,GATB_YEAST,-1.3248591,FALSE,0.000001
P36085,STB6_YEAST,-1.2027157,FALSE,0.000059
P36525,RM24_YEAST,-2.0982552,FALSE,0
P38130,KTR3_YEAST,-0.95064382,FALSE,0.035057
P38197,PLPHP_YEAST,-1.2817366,FALSE,0
P38219,OLA1_YEAST,-1.3820326,FALSE,0.000004
P38230,QOR_YEAST,-1.6417204,FALSE,0
P38244,PFF1_YEAST,-0.82314355,FALSE,0.000003
P38304,MED8_YEAST,-0.81530187,FALSE,0
P38700,APM2_YEAST,-1.4203343,FALSE,0.000003
P38731,ARN1_YEAST,-1.213509,FALSE,0.000001
P38744,PHS_YEAST,-0.88086165,FALSE,0
P38749,YAP3_YEAST,-1.6448339,FALSE,0
P38767,ERC1_YEAST,-1.4576428,FALSE,0.000001
P39009,DUN1_YEAST,-1.3353356,FALSE,0.000002
P40020,FIR1_YEAST,-0.25977945,FALSE,0
P40078,NSA2_YEAST,-1.8030103,FALSE,0
P40208,GID8_YEAST,-1.1166978,FALSE,0.000001
P40969,CBF3B_YEAST,-1.3779141,FALSE,0
P41057,RS29A_YEAST,-1.5100258,FALSE,0
P41913,GLDS1_YEAST,-0.021689349,FALSE,0.000001
P43537,YFG7_YEAST,-0.26807253,FALSE,0.444538
P46950,SNG1_YEAST,-1.6449622,FALSE,0.000001
P46951,YPP1_YEAST,-1.6557353,FALSE,0
P46964,OST2_YEAST,-1.5002308,FALSE,0.000036
P47082,AVT1_YEAST,-1.3411967,FALSE,0.000001
P47163,EFM3_YEAST,-1.1222807,FALSE,0
P53040,TAF6_YEAST,-1.2618193,FALSE,0
P53090,ARO8_YEAST,-1.0404839,FALSE,0
P53118,ROG1_YEAST,-1.2798073,FALSE,0
P53122,YGN8_YEAST,-1.2690445,FALSE,0.998449
P53216,YG1H_YEAST,-0.087458858,FALSE,0
P53283,TPO2_YEAST,-1.2832591,FALSE,0
P53622,COPA_YEAST,-1.4421581,FALSE,0.000181
P53832,WSC2_YEAST,0.88246641,FALSE,0.999772
P53927,NOP15_YEAST,-1.3438351,FALSE,0.000003
P54003,SUR7_YEAST,-1.8131668,FALSE,0.000002
Q00772,SLT2_YEAST,-1.7157845,FALSE,0
Q01846,MDM1_YEAST,-1.5981913,FALSE,0.000378
Q03193,YD090_YEAST,-1.4689248,FALSE,0
Q03674,PLB2_YEAST,-0.41572351,TRUE,0.943851
Q03942,RKM2_YEAST,-1.0182282,FALSE,0
Q04110,ECM11_YEAST,0.012240178,FALSE,0
Q04636,POB3_YEAST,-1.1218083,FALSE,0.000001
Q05530,YD286_YEAST,-1.7777286,FALSE,0
Q06104,GLD1_YEAST,-1.959001,FALSE,0.000034
Q06568,NDE1_YEAST,-1.6901641,FALSE,0
Q06682,UBX5_YEAST,-1.1291636,FALSE,0.000001
Q07980,MLH2_YEAST,-0.8683884,FALSE,0
Q08214,NTH2_YEAST,-1.8872457,FALSE,0
Q08558,DCI1_YEAST,-0.9242199,FALSE,0
Q08777,MCH5_YEAST,-1.0017475,FALSE,0.000001
Q08991,FEX2_YEAST,-0.53564739,FALSE,0.159008
Q12034,SLF1_YEAST,-0.62670957,FALSE,0
Q12098,SLX4_YEAST,-1.029418,FALSE,0
Q12185,YD018_YEAST,-1.2884423,FALSE,0.00001
Q12186,BBP_YEAST,-1.5014859,FALSE,0.000209
Q12214,HOS1_YEAST,-1.3609334,FALSE,0.000019
Q12340,YRM1_YEAST,-1.3420714,FALSE,0
Q12436,ZRT2_YEAST,-1.8701173,FALSE,0.000004
Q12481,RRP36_YEAST,-1.9982558,FALSE,0
Q12516,SRF1_YEAST,-1.048494,FALSE,0
Q12743,DFM1_YEAST,-0.92376054,FALSE,0.000011
Q3E7B4,YP038_YEAST,0.23317328,FALSE,0.000266
Q3E827,LSO1_YEAST,-2.4642524,FALSE,0
Q3E829,CENPX_YEAST,-2.3900359,FALSE,0
Q99208,YL066_YEAST,-1.2148908,FALSE,0
P00958,SYMC_YEAST,-0.85602417,FALSE,0.000001
P05759,RS31_YEAST,-1.1019116,FALSE,0.000004
P07286,GPT_YEAST,-1.5754795,FALSE,0.000118
P0C2I4,YH11A_YEAST,0.039622398,FALSE,0
P0CD90,AQY2_YEAST,-0.93531776,FALSE,0.000021
P0CD99,MPH2_YEAST,-1.3632862,FALSE,0.000006
P0CX94,YE190_YEAST,-1.4838721,FALSE,0.00001
P10127,ADH4_YEAST,-1.1657719,FALSE,0
P14180,CHS2_YEAST,-1.2098557,FALSE,0
P15646,FBRL_YEAST,-1.9855217,FALSE,0.000002
P16151,ERD1_YEAST,-2.1031354,FALSE,0.000002
P19541,RDS2_YEAST,-1.0722034,FALSE,0
P20084,RM33_YEAST,-0.9863218,FALSE,0
P20095,PRP2_YEAST,-1.656779,FALSE,0
P22434,PDE1_YEAST,-1.3963754,FALSE,0
P23060,MAK32_YEAST,-0.85093855,FALSE,0
P23642,VAN1_YEAST,-1.1541856,FALSE,0.000037
P25043,PSB2_YEAST,-1.238224,FALSE,0
P25560,RER1_YEAST,-1.7086357,FALSE,0.000011
P25627,BUD23_YEAST,-2.0493325,FALSE,0
P30624,LCF1_YEAST,-1.2506555,FALSE,0
P32047,MLF3_YEAST,-0.34183988,FALSE,0
P32354,MCM10_YEAST,-1.533457,FALSE,0
P32445,RIM1_YEAST,-0.79421649,FALSE,0.000004
P32793,YSC84_YEAST,-1.470663,FALSE,0.000123
P32914,SPT4_YEAST,-0.28363034,FALSE,0.000004
P34239,LST4_YEAST,-1.2466436,FALSE,0.000001
P34240,ZRT3_YEAST,-1.0306955,TRUE,0.000001
P34248,YKK0_YEAST,-0.72366714,FALSE,0
P34249,YKK2_YEAST,-2.0334908,FALSE,0.000099
P35183,AST1_YEAST,-1.117881,FALSE,0
P35691,TCTP_YEAST,-0.77138192,FALSE,0.000044
P36162,DAD2_YEAST,-1.4339913,FALSE,0.000002
P36170,FLO10_YEAST,1.6587876,TRUE,0.999692
P38128,SMP1_YEAST,-1.5689843,FALSE,0
P38271,OPY1_YEAST,-1.0062886,FALSE,0
P38282,SP381_YEAST,-1.619757,FALSE,0.000001
P38338,YB9F_YEAST,-1.0541026,FALSE,0.000001
P38430,YM8C_YEAST,-1.1694753,FALSE,0
P38893,YH10_YEAST,-0.545808,FALSE,0.000001
P38930,CSK2C_YEAST,-1.6065751,FALSE,0
P38966,VTC5_YEAST,-1.0724483,FALSE,0.000003
P39540,ELO1_YEAST,-1.6390519,FALSE,0.000188
P40032,TPA1_YEAST,-1.528003,FALSE,0.000001
P40058,YER5_YEAST,-3.0092744,FALSE,0
P40077,DSE1_YEAST,-0.9850164,FALSE,0
P40359,PSF2_YEAST,-1.8651618,FALSE,0
P40450,BNR1_YEAST,-1.4230227,FALSE,0
P40884,IMA5_YEAST,-0.63320111,FALSE,0
P42836,PFA3_YEAST,-1.3954593,FALSE,0
P43534,THI5_YEAST,-1.4121394,FALSE,0
P46945,YGS6_YEAST,-0.93495497,FALSE,0
P46963,CTK3_YEAST,-1.042287,FALSE,0
P48589,RS12_YEAST,-1.6591907,FALSE,0
P50076,ALG10_YEAST,-1.3326169,FALSE,0.000008
P50861,RIB4_YEAST,-1.5312937,FALSE,0
P53179,PALF_YEAST,-0.80802832,FALSE,0
P53227,YG1T_YEAST,-1.9688411,FALSE,0.000001
P53437,RRN9_YEAST,-1.4138457,FALSE,0.000002
P53629,ARE2_YEAST,-0.99053225,FALSE,0
P53725,MPP6_YEAST,-0.98941512,FALSE,0
P53757,YN9A_YEAST,-0.4034587,FALSE,0
Q00246,RHO4_YEAST,-0.91936,FALSE,0
Q02598,YI014_YEAST,0.30259663,FALSE,0.000001
Q02883,FMP30_YEAST,-1.7924361,FALSE,0.00029
Q02961,YP113_YEAST,-1.309037,FALSE,0
Q03083,YP034_YEAST,-1.1219194,FALSE,0
Q03262,PGM3_YEAST,-0.7391119,FALSE,0
Q03516,RSN1_YEAST,-0.77584974,FALSE,0
Q03648,YM59_YEAST,-1.394227,FALSE,0.000008
Q03652,DML1_YEAST,-0.47861712,FALSE,0
Q03675,YMO7_YEAST,-1.8236172,FALSE,0.000449
Q04003,SAS4_YEAST,-1.1349007,FALSE,0.000001
Q04066,KFA_YEAST,-1.5763367,FALSE,0.000001
Q04183,TR120_YEAST,-1.0823094,FALSE,0
Q05468,RQC1_YEAST,-1.6436694,FALSE,0
Q05934,VID22_YEAST,-1.2275303,FALSE,0.000001
Q06152,YL271_YEAST,-1.129899,FALSE,0
Q06321,ATG26_YEAST,-1.1750324,FALSE,0
Q06632,CFT1_YEAST,-1.1822259,FALSE,0
Q08118,IRC10_YEAST,-1.0738214,FALSE,0
Q08162,RRP44_YEAST,-1.7213654,FALSE,0
Q08182,YAP7_YEAST,-1.6609834,FALSE,0
Q08347,BDS1_YEAST,-1.5841462,FALSE,0
Q08932,RSA1_YEAST,-0.69241057,FALSE,0
Q12116,TMS1_YEAST,-0.95121369,FALSE,0.000164
Q12146,PSF3_YEAST,-1.1381891,FALSE,0
Q12154,GET3_YEAST,-0.8224965,FALSE,0
Q12166,LEU9_YEAST,-0.36017434,FALSE,0
Q12179,YP245_YEAST,-1.4200127,FALSE,0
Q12426,YDR10_YEAST,-1.7302005,FALSE,0
Q12452,ERG27_YEAST,-0.50778271,FALSE,0
Q12455,SPSY_YEAST,-1.4085102,FALSE,0
Q12507,SFG1_YEAST,-0.14554517,FALSE,0
Q12692,H2AZ_YEAST,-2.3178401,FALSE,0
Q2V2Q0,YD007_YEAST,-1.7760111,FALSE,0.004271
Q3E782,YM247_YEAST,-2.4635148,FALSE,0.000852
Q3E7X9,RS28A_YEAST,-1.9541795,FALSE,0
Q3E7Z4,YI046_YEAST,-0.60338713,FALSE,0.004016
Q6Q5X2,CTPP3_YEAST,-1.0907451,FALSE,0.000034
P05085,ARGR2_YEAST,-1.1291366,FALSE,0
P07278,KAPR_YEAST,-1.6150089,FALSE,0.000001
P08539,GPA1_YEAST,-1.8630329,FALSE,0
P09435,HSP73_YEAST,-1.3332196,FALSE,0
P09547,SWI1_YEAST,-2.0456691,FALSE,0.000008
P09959,SWI6_YEAST,-1.6195136,FALSE,0
P0C2H7,RL27B_YEAST,-1.5502272,FALSE,0
P12683,HMDH1_YEAST,-1.3232482,FALSE,0.000008
P14126,RL3_YEAST,-1.3257691,FALSE,0
P15700,KCY_YEAST,-1.3591355,FALSE,0
P24384,PRP22_YEAST,-1.4584743,FALSE,0
P25371,ADP1_YEAST,-1.3846418,FALSE,0.999621
P25383,YC21A_YEAST,-0.93746439,FALSE,0
P25502,PUT3_YEAST,-0.9091517,FALSE,0
P28627,IMP1_YEAST,-1.4723766,FALSE,0.033089
P29469,MCM2_YEAST,-1.6022316,FALSE,0
P32319,VPS10_YEAST,-0.45698974,FALSE,0.999758
P32328,DBF20_YEAST,-2.031108,FALSE,0
P32466,HXT3_YEAST,-0.95878652,FALSE,0.000601
P32599,FIMB_YEAST,-1.6639511,FALSE,0
P32789,ALK2_YEAST,-0.88299525,FALSE,0
P32798,COT1_YEAST,-1.1701166,FALSE,0
P34247,UTP11_YEAST,-2.4502437,FALSE,0
P35497,DHSO1_YEAST,-0.44550568,FALSE,0
P35724,MNR2_YEAST,-1.5280271,FALSE,0
P36004,KKQ8_YEAST,-1.3384363,FALSE,0
P36013,MAOM_YEAST,-1.9633185,FALSE,0
P36088,FRMSR_YEAST,-1.02066,FALSE,0.000567
P36090,ANR2_YEAST,-1.0617722,FALSE,0
P36150,SUMT_YEAST,-1.6428149,FALSE,0.091308
P38147,CHK1_YEAST,-1.5229988,FALSE,0
P38153,AP3M_YEAST,-1.3642582,FALSE,0.00001
P38213,DSF2_YEAST,-0.73013881,FALSE,0
P38751,SHU1_YEAST,-2.4224308,FALSE,0
P38781,RSC30_YEAST,-1.59148,FALSE,0
P38800,LAM4_YEAST,-0.71364168,FALSE,0
P38805,RPF1_YEAST,-2.0199729,FALSE,0
P38809,YHP7_YEAST,-1.1404012,FALSE,0.000001
P38830,NDT80_YEAST,-0.87711257,FALSE,0
P38862,ATG7_YEAST,-1.3507301,FALSE,0
P38875,GPI16_YEAST,-1.0169961,FALSE,0.999788
P38958,PT100_YEAST,-0.86408882,FALSE,0.002494
P39533,ACON2_YEAST,-0.95936936,FALSE,0
P39542,YJT3_YEAST,-1.4244832,FALSE,0
P40003,VAB2_YEAST,-0.16153949,FALSE,0
P40022,YEM4_YEAST,-2.0514356,FALSE,0
P40040,THO1_YEAST,-1.8218931,FALSE,0
P40064,NU157_YEAST,-1.4432515,FALSE,0
P40099,FTHC_YEAST,-2.017964,FALSE,0
P40501,AVT7_YEAST,-1.4184347,FALSE,0.000006
P40550,PDR11_YEAST,-1.1443754,FALSE,0
P40573,MET28_YEAST,-2.5563362,FALSE,0
P43577,GNA1_YEAST,-1.3483382,FALSE,0
P43582,WWM1_YEAST,-0.77321404,FALSE,0
P47048,YJE9_YEAST,-1.7095299,FALSE,0
P47157,YJ90_YEAST,-1.2671227,FALSE,0.000167
P48016,ATH1_YEAST,-0.90615845,FALSE,0.000081
P48362,HGH1_YEAST,-1.4992185,FALSE,0
P48363,PFD3_YEAST,-1.517756,FALSE,0
P51979,HFM1_YEAST,-1.2962626,FALSE,0
P53099,TPN1_YEAST,-1.5032368,FALSE,0
P53144,YGK1_YEAST,-0.8172094,FALSE,0
P53203,PEX31_YEAST,-1.4284106,FALSE,0
P53881,RM22_YEAST,-1.4609388,FALSE,0
P53903,PGA2_YEAST,-2.3593797,FALSE,0.000001
P54785,MOT3_YEAST,-2.1241179,FALSE,0
Q03180,PIR3_YEAST,-1.0441979,FALSE,0.99959
Q03373,DIG2_YEAST,-0.38014413,FALSE,0
Q03687,ANY1_YEAST,-1.4174028,FALSE,0.003094
Q03774,TRM82_YEAST,-0.97870593,FALSE,0
Q03941,CAB5_YEAST,-1.6579389,FALSE,0.000001
Q04170,YD391_YEAST,-0.92334621,FALSE,0.000001
Q04223,YM14_YEAST,-1.7732867,FALSE,0.000005
Q04675,SEN15_YEAST,-1.4771831,FALSE,0
Q05947,UCC1_YEAST,-0.81192408,FALSE,0
Q06162,NKP2_YEAST,-1.7493169,FALSE,0
Q06211,MMS1_YEAST,-1.3795745,FALSE,0
Q06479,YL352_YEAST,-1.3388944,FALSE,0.000001
Q07533,CYK3_YEAST,-1.2701286,FALSE,0
Q08271,GAS4_YEAST,-1.1052493,TRUE,0.999773
Q08559,FYV12_YEAST,-1.196439,FALSE,0
Q08683,APC5_YEAST,-1.4939825,FALSE,0.002117
Q12113,YO21B_YEAST,-0.42317116,FALSE,0
Q12175,MSH5_YEAST,-1.5947447,FALSE,0.00001
Q12200,NPC1_YEAST,-1.1781382,FALSE,0.99976
Q12257,YD177_YEAST,-1.8357409,FALSE,0
Q12300,RGT2_YEAST,-1.0671442,FALSE,0.000005
Q12315,GLE1_YEAST,-1.9783564,FALSE,0.000002
Q12330,RUXE_YEAST,-1.0278207,FALSE,0
Q12428,PRPD_YEAST,-1.8595737,FALSE,0
Q12462,PEX11_YEAST,-2.0987005,FALSE,0
Q12530,RMP1_YEAST,-1.5592286,FALSE,0
Q3E786,YG240_YEAST,0.16568093,FALSE,0.000037
Q3E7Y8,YO155_YEAST,-1.2355421,FALSE,0.00073
Q3E821,YB008_YEAST,-1.3676958,FALSE,0.554437
Q8TGK0,YH1E_YEAST,-1.7936184,FALSE,0.000128
Q8TGU5,YB296_YEAST,-0.5656339,FALSE,0
Q92325,LAG2_YEAST,-1.8509956,FALSE,0
Q99258,RIB3_YEAST,-1.2175129,FALSE,0
Q99383,HRP1_YEAST,-0.37351425,FALSE,0
O13329,FOB1_YEAST,-1.7081973,FALSE,0
P00359,G3P3_YEAST,-0.50065838,FALSE,0
P00424,COX5A_YEAST,-1.7415053,FALSE,0
P08431,GAL7_YEAST,-1.2742342,FALSE,0
P08456,PSS_YEAST,-1.3458986,FALSE,0.000001
P0CX46,RL2B_YEAST,-1.359295,FALSE,0
P0CX68,YL11A_YEAST,0.025233012,FALSE,0
P0CX97,YP283_YEAST,-1.4838721,FALSE,0.00001
P15807,MET8_YEAST,-1.7392621,FALSE,0
P16550,APA1_YEAST,-0.63358995,FALSE,0
P20050,HOP1_YEAST,-1.3196152,FALSE,0.000002
P21705,DAL82_YEAST,-1.9310306,FALSE,0
P25293,NAP1_YEAST,-1.0743719,FALSE,0.000001
P25354,YCP7_YEAST,-0.50698217,FALSE,0.000155
P25375,PRTD_YEAST,-1.1828567,FALSE,0.000472
P27654,TIP1_YEAST,0.073661027,TRUE,0.99978
P29467,MEI4_YEAST,-2.6180932,FALSE,0
P32457,CDC3_YEAST,-1.0014748,FALSE,0.000006
P32522,PT309_YEAST,-1.5044548,FALSE,0
P32565,RPN2_YEAST,-1.1691559,FALSE,0.000001
P32566,SMI1_YEAST,-0.60273328,FALSE,0
P32603,SPR1_YEAST,-1.0480937,FALSE,0.99936
P32605,RU1A_YEAST,-2.6820147,FALSE,0
P32835,GSP1_YEAST,-0.85617158,FALSE,0
P32899,IMP3_YEAST,-2.2344541,FALSE,0
P33201,MRT4_YEAST,-1.1957495,FALSE,0
P33307,CSE1_YEAST,-1.4761504,FALSE,0.000011
P33334,PRP8_YEAST,-1.4256242,FALSE,0.000001
P34163,TGL1_YEAST,-1.4696925,FALSE,0.003911
P34250,SEG2_YEAST,-1.0497333,FALSE,0.000001
P35197,GCS1_YEAST,-0.83846931,FALSE,0
P36070,RRN3_YEAST,-1.4775166,FALSE,0
P36516,RM03_YEAST,-1.2408887,FALSE,0
P36534,RM40_YEAST,-0.41644659,FALSE,0
P38152,TXTP_YEAST,-1.570734,FALSE,0.000004
P38241,SLT11_YEAST,-0.83330054,FALSE,0
P38337,SHG1_YEAST,-1.8627174,FALSE,0
P38342,KDSR_YEAST,-1.4649518,FALSE,0
P38631,FKS1_YEAST,-1.5588592,FALSE,0.000001
P38709,UGPA2_YEAST,-1.3187286,FALSE,0
P38737,ECM29_YEAST,-1.4832436,FALSE,0.000001
P38816,TRXB2_YEAST,-1.0599233,FALSE,0.000003
P39016,MPT5_YEAST,-1.0783953,FALSE,0
P39518,LCF2_YEAST,-1.6478999,FALSE,0
P39965,SYPM_YEAST,-0.99622649,FALSE,0
P40362,UTP18_YEAST,-0.61455149,FALSE,0
P40467,ASG1_YEAST,-1.3250731,FALSE,0.000002
P40532,APQ12_YEAST,-0.99678264,FALSE,0.000023
P40565,IST3_YEAST,-1.3133411,FALSE,0
P40961,PHB1_YEAST,-1.2061328,FALSE,0.004427
P40963,SAS2_YEAST,-1.5518099,FALSE,0.000082
P40990,MSS2_YEAST,-1.3683111,FALSE,0
P41544,SYS1_YEAST,-1.5370212,FALSE,0.00001
P46949,FYV8_YEAST,0.49512979,FALSE,0
P46985,MNN11_YEAST,-1.4058515,FALSE,0.000017
P46989,ATG27_YEAST,-0.52165102,FALSE,0.999485
P47029,ALY2_YEAST,-0.43817273,FALSE,0.000018
P50090,KEL2_YEAST,-0.95259083,FALSE,0
P50947,PHO23_YEAST,-2.2547502,FALSE,0
P52488,UBA2_YEAST,-0.72103831,FALSE,0
P53266,SHY1_YEAST,-1.5567462,FALSE,0.000001
P53295,RBG2_YEAST,-1.7192761,FALSE,0.000011
P53378,TBG_YEAST,-0.40456569,FALSE,0
P53852,SYC_YEAST,-0.83950788,FALSE,0
P53901,INN1_YEAST,-1.0515708,FALSE,0
P53950,VAC7_YEAST,-1.0896994,FALSE,0
P53970,EFM6_YEAST,-2.0729026,FALSE,0
P54867,SLG1_YEAST,1.0322666,FALSE,0.999728
P56628,RL22B_YEAST,-0.18589748,FALSE,0
P89886,TMA20_YEAST,-0.99654401,FALSE,0
Q01163,RT23_YEAST,-1.0106269,FALSE,0
Q02733,IRC15_YEAST,-1.6812533,FALSE,0.000012
Q02767,VPS28_YEAST,-0.52771004,FALSE,0.000005
Q03207,YMM2_YEAST,-2.3869515,FALSE,0.000053
Q03308,VPS16_YEAST,-1.1746157,FALSE,0
Q03330,GCN5_YEAST,-1.871173,FALSE,0.000002
Q03579,LIP1_YEAST,-0.4847576,FALSE,0.000004
Q03695,YM58_YEAST,-0.71516249,FALSE,0.000003
Q03782,SNU56_YEAST,-0.78850764,FALSE,0.000003
Q03898,FIN1_YEAST,-1.4891061,FALSE,0
Q04201,CUE4_YEAST,-1.700885,FALSE,0.000003
Q04601,APC4_YEAST,-0.86460457,FALSE,0
Q04869,YM94_YEAST,-0.36279897,FALSE,0
Q06315,SKG3_YEAST,-0.66998842,FALSE,0
Q06407,RGA2_YEAST,-0.85764804,FALSE,0
Q06554,IRC20_YEAST,-1.8125625,FALSE,0.000014
Q08096,RCL1_YEAST,-1.3028381,FALSE,0
Q08269,ALR1_YEAST,-0.63849125,FALSE,0
Q08979,KEL3_YEAST,-0.65532768,FALSE,0
Q12117,MRH1_YEAST,-0.82455745,FALSE,0.000041
Q12138,YL125_YEAST,-0.73969418,FALSE,0
Q12204,YOR22_YEAST,-1.2930194,FALSE,0
Q12263,GIN4_YEAST,-1.1759421,FALSE,0.000005
Q12311,NTO1_YEAST,-0.97258336,FALSE,0
Q12312,YL122_YEAST,-0.91457125,FALSE,0.000109
Q12350,JID1_YEAST,-0.66655971,FALSE,0.000004
Q12361,GPR1_YEAST,-2.0825382,FALSE,0.000233
Q35811,Q0092_YEAST,-1.2500039,FALSE,0.021557
Q3E778,YB96B_YEAST,-1.7534472,FALSE,0.001217
Q8TGS9,YM001_YEAST,0.82531943,FALSE,0.000266
O13556,YL462_YEAST,-1.1919243,FALSE,0
O14464,RTC6_YEAST,-1.9055593,FALSE,0
P03879,MBI4_YEAST,-1.1094287,FALSE,0.000013
P08638,LEUR_YEAST,-1.2566646,FALSE,0
P09457,ATPO_YEAST,-1.4153083,FALSE,0
P09734,TBA3_YEAST,-1.334049,FALSE,0
P0CE87,PAU22_YEAST,-0.79648534,FALSE,0.011521
P0CG63,UBI4P_YEAST,-1.1763166,FALSE,0.000004
P0CX63,YF21B_YEAST,-0.4349029,FALSE,0
P10869,AK_YEAST,-1.2836488,FALSE,0
P13433,RPOM_YEAST,-1.4657428,FALSE,0
P14742,GFA1_YEAST,-1.8110951,FALSE,0
P15180,SYKC_YEAST,-2.1737998,FALSE,0
P15703,BGL2_YEAST,-0.12114219,FALSE,0.999724
P22214,SEC22_YEAST,-0.9630627,FALSE,0.000084
P22470,SAN1_YEAST,-0.46611218,FALSE,0.000005
P23585,HXT2_YEAST,-1.1537899,FALSE,0.00035
P29311,BMH1_YEAST,-0.99901594,FALSE,0
P29468,PAP_YEAST,-1.0491193,FALSE,0.000001
P32344,COX24_YEAST,-2.046006,FALSE,0.000696
P32352,ERG2_YEAST,-1.1906252,FALSE,0.000656
P32448,ASF2_YEAST,-1.7387817,FALSE,0
P32493,AEP1_YEAST,-1.4783707,FALSE,0
P32634,PMD1_YEAST,-0.63617541,FALSE,0
P32861,UGPA1_YEAST,-1.603497,FALSE,0
P32874,HFA1_YEAST,-1.5808038,FALSE,0.004647
P33442,RS3A1_YEAST,-2.2533025,FALSE,0
P33753,TRM2_YEAST,-0.94862022,FALSE,0.000006
P34087,RPB7_YEAST,-0.4211367,FALSE,0.000001
P35176,CYPD_YEAST,-0.62449152,FALSE,0.999695
P35187,SGS1_YEAST,-1.0349822,FALSE,0
P36032,MCH2_YEAST,-1.7120974,FALSE,0.000075
P36122,BCH2_YEAST,-1.4922042,FALSE,0
P36137,UIP5_YEAST,-1.3077698,FALSE,0.004467
P36168,ESL2_YEAST,-1.4987349,FALSE,0
P38081,YBQ6_YEAST,-0.73982262,FALSE,0
P38192,RRT1_YEAST,-0.52550272,FALSE,0.000001
P38293,UMP1_YEAST,-1.4197526,FALSE,0
P38626,NCB5R_YEAST,-1.1972819,FALSE,0.000007
P38754,RL14B_YEAST,-1.2189383,FALSE,0.000001
P38757,NEM1_YEAST,-0.50252227,FALSE,0
P38999,LYS9_YEAST,-0.67337935,FALSE,0
P39079,TCPZ_YEAST,-1.8586777,FALSE,0.000001
P39083,RGA1_YEAST,-1.1714334,FALSE,0
P39525,CEM1_YEAST,-0.75653848,FALSE,0
P39724,BOL3_YEAST,-1.2392256,FALSE,0.000083
P39979,HPA3_YEAST,-0.64972679,FALSE,0
P40361,YJH0_YEAST,-1.270172,FALSE,0
P40478,VDAC2_YEAST,-0.43921964,FALSE,0
P40495,LYS12_YEAST,-1.6073714,FALSE,0
P40497,YIJ2_YEAST,-1.0650771,FALSE,0
P40959,MVP1_YEAST,-1.5939192,FALSE,0
P41910,MAF1_YEAST,-1.1899221,FALSE,0
P43594,MIC19_YEAST,-0.62647051,FALSE,0
P43613,ERJ5_YEAST,-1.3636658,FALSE,0.999648
P46672,ARC1_YEAST,-0.83094395,FALSE,0
P46962,CTK2_YEAST,-1.6565914,FALSE,0
P46972,IMP2_YEAST,-0.93132827,FALSE,0.26448
P49957,TRM9_YEAST,-1.327085,FALSE,0.000004
P50082,AMA1_YEAST,-0.89460658,FALSE,0
P51998,RL4P_YEAST,-1.7128073,FALSE,0
P53137,CUE3_YEAST,-1.818586,FALSE,0
P53159,MPS2_YEAST,-1.0092083,FALSE,0
P53186,YGD4_YEAST,-2.0813912,FALSE,0.000147
P53235,EIF2A_YEAST,-0.87985549,FALSE,0.000001
P53958,BOP3_YEAST,-0.80434515,FALSE,0
P57744,TIM8_YEAST,-0.74038863,FALSE,0
P87108,TIM10_YEAST,-1.1892712,FALSE,0.000006
Q02486,ABF2_YEAST,-1.0379655,FALSE,0
Q02794,STD1_YEAST,-1.2953312,FALSE,0
Q02895,AAD16_YEAST,-2.1181977,FALSE,0.000001
Q03049,YD541_YEAST,-1.3581239,FALSE,0
Q03125,NRG1_YEAST,-0.85501561,FALSE,0.000001
Q03161,YMY9_YEAST,-1.3107542,FALSE,0.000001
Q03441,RMD1_YEAST,-1.5310297,FALSE,0
Q03897,WDR59_YEAST,-0.62064747,FALSE,0
Q04004,PLP1_YEAST,-1.3052367,FALSE,0
Q04067,EIF3G_YEAST,-0.92882263,FALSE,0
Q04371,ARMT1_YEAST,-1.2113087,FALSE,0
Q04835,YM87_YEAST,-1.3058707,FALSE,0.000901
Q06089,YP098_YEAST,-1.9465963,FALSE,0
Q06597,ARR2_YEAST,-1.3969117,FALSE,0
Q06604,BSP1_YEAST,-0.1685697,FALSE,0
Q07457,BRE1_YEAST,-1.4650445,FALSE,0
Q08245,ZEO1_YEAST,-2.0260188,FALSE,0.000001
Q12041,MET32_YEAST,-1.4059485,FALSE,0
Q12086,DIN7_YEAST,-1.7195241,FALSE,0.000006
Q12106,MCP1_YEAST,-2.0541524,FALSE,0.000102
Q12122,HOSM_YEAST,-0.84552745,FALSE,0.000003
Q12287,COX17_YEAST,0.65879791,FALSE,0
Q12333,FRE7_YEAST,-1.6565723,FALSE,0.000093
Q12415,TFC7_YEAST,-1.2099164,FALSE,0.000002
Q12506,YO314_YEAST,-1.4195043,FALSE,0.000011
Q12525,MHT1_YEAST,-1.3006411,FALSE,0
Q2V2P5,YI102_YEAST,-1.5106143,FALSE,0.000003
Q3E742,YL412_YEAST,-0.53279824,FALSE,0.000014
Q6Q560,ISD11_YEAST,-2.6544305,FALSE,0
Q8TGU6,YB182_YEAST,0.21532412,FALSE,0
Q92331,VPS5_YEAST,-1.2508042,FALSE,0
Q9ZZW3,Q0143_YEAST,-1.2030072,FALSE,0.000337
O74302,YD13A_YEAST,0.17766898,FALSE,0
O94742,SEM1_YEAST,-0.00093428238,FALSE,0.000003
P06174,HEM4_YEAST,-0.20788692,FALSE,0.000004
P07834,CDC4_YEAST,-1.1160865,FALSE,0
P0C271,PELS1_YEAST,-1.3953886,FALSE,0.000018
P0C2I9,YP12B_YEAST,-0.37837064,FALSE,0
P0CX17,YL464_YEAST,-0.62737351,FALSE,0
P0CX22,YRF18_YEAST,-1.1551647,FALSE,0
P14020,DPM1_YEAST,-1.7522772,FALSE,0
P18496,ATP10_YEAST,-1.6327277,FALSE,0
P20447,DBP3_YEAST,-0.88258786,FALSE,0
P21954,IDHP_YEAST,-1.6788223,FALSE,0
P23287,PP2B1_YEAST,-0.82757669,FALSE,0
P23643,VPS3_YEAST,-1.3786339,FALSE,0.000001
P25596,GEX1_YEAST,-1.3174428,FALSE,0.001131
P25625,PER1_YEAST,-0.88342964,FALSE,0.999804
P25642,IMG2_YEAST,-1.0402373,FALSE,0
P28737,MSP1_YEAST,-1.6676243,FALSE,0.000436
P30771,RENT1_YEAST,-1.5707753,FALSE,0.000013
P32387,RM41_YEAST,-1.6520451,FALSE,0
P32480,HIR2_YEAST,-1.1378124,FALSE,0
P32526,KAR9_YEAST,-1.2029442,FALSE,0
P32601,MSS4_YEAST,-0.88845584,FALSE,0.000001
P32642,GLRX4_YEAST,-1.0848947,FALSE,0
P32867,SSO1_YEAST,-1.5942355,FALSE,0
P32912,VAM7_YEAST,-2.6549076,FALSE,0
P33301,XRS2_YEAST,-0.61571903,FALSE,0.000001
P34221,PP2C3_YEAST,-0.71558801,FALSE,0.000006
P36015,YKT6_YEAST,-1.1582944,FALSE,0
P36057,SRPB_YEAST,-1.3108398,FALSE,0.107203
P36116,VPS51_YEAST,-1.0722414,FALSE,0
P37254,ADCS_YEAST,-0.86656936,FALSE,0.0001
P38066,RIB1_YEAST,-1.4312024,FALSE,0.000002
P38253,YBU0_YEAST,-2.2234614,FALSE,0.001396
P38690,YHJ3_YEAST,-1.4773842,FALSE,0
P38774,DOG1_YEAST,0.045012003,FALSE,0
P38920,MLH1_YEAST,-0.72886026,FALSE,0
P39531,RCY1_YEAST,-1.0016511,FALSE,0
P39551,PRM9_YEAST,-1.0205523,FALSE,0
P39684,PES4_YEAST,-0.72659595,FALSE,0
P39744,NOC2_YEAST,-1.5051771,FALSE,0
P39993,GEA2_YEAST,-1.1623283,FALSE,0
P40069,IMB4_YEAST,-1.1877524,FALSE,0
P40070,LSM4_YEAST,-1.1907191,FALSE,0.000095
P40082,YEW5_YEAST,-0.92590981,FALSE,0
P40468,TAO3_YEAST,-1.4207959,FALSE,0
P41940,MPG1_YEAST,-1.0606443,FALSE,0
P42846,KRI1_YEAST,-0.81758824,FALSE,0
P42884,AAD14_YEAST,-1.5699599,FALSE,0
P43591,YFH7_YEAST,-1.4639831,FALSE,0
P46973,HIT1_YEAST,-1.1171973,FALSE,0.000001
P47120,DOHH_YEAST,-1.3332148,FALSE,0
P47977,CTH2_YEAST,0.21074678,FALSE,0.000026
P50942,INP52_YEAST,-0.84583345,FALSE,0.000001
P53051,MALX3_YEAST,-0.61535781,FALSE,0.000006
P53096,HOS2_YEAST,-0.77335762,FALSE,0
P53139,YGK8_YEAST,-0.75971836,FALSE,0
P53187,HOP2_YEAST,-1.4337096,FALSE,0
P53267,DAM1_YEAST,-1.3912976,FALSE,0
P53323,BUD32_YEAST,-1.8136529,FALSE,0
P53633,PRA1_YEAST,-1.4381228,FALSE,0
P53891,YNQ5_YEAST,-1.4310011,FALSE,0.000001
P53982,IDHH_YEAST,-1.3471051,FALSE,0
P54115,ALDH6_YEAST,-0.36904658,FALSE,0
P54862,HXT11_YEAST,-0.93300979,FALSE,0.000342
P85052,BUD25_YEAST,-0.47204562,FALSE,0.0004
Q00402,NUM1_YEAST,-0.70626369,FALSE,0.000014
Q02202,ECM9_YEAST,-1.2396596,FALSE,0
Q02260,SMD1_YEAST,-1.77154,FALSE,0
Q02648,TRM44_YEAST,-1.8650604,FALSE,0
Q02770,CWC27_YEAST,-1.2284749,FALSE,0
Q03162,MUB1_YEAST,-0.79926256,FALSE,0
Q03722,YMC0_YEAST,-1.1233018,FALSE,0
Q03964,YD17A_YEAST,-0.58330627,FALSE,0
Q04093,YD444_YEAST,-1.6575299,FALSE,0
Q04925,YDR22_YEAST,-0.52344744,FALSE,0.000001
Q04958,NTE1_YEAST,-1.1434014,FALSE,0.000156
Q05541,NSE3_YEAST,-1.4483241,FALSE,0
Q05567,SGPL_YEAST,-1.1784351,FALSE,0.00005
Q05778,POC1_YEAST,-0.59229142,FALSE,0
Q06160,SPH1_YEAST,-1.3205337,FALSE,0
Q06251,YL177_YEAST,-1.7202427,FALSE,0.000026
Q07927,YL012_YEAST,-1.8664967,FALSE,0.000001
Q08003,RFU1_YEAST,-1.4214794,FALSE,0
Q08287,NOP8_YEAST,-1.6791,FALSE,0
Q08448,LPL1_YEAST,-1.7191807,FALSE,0
Q08742,RDL2_YEAST,-1.2046071,FALSE,0
Q08774,RRG7_YEAST,-1.3536227,FALSE,0
Q12035,FCF2_YEAST,-1.8618695,FALSE,0
Q12080,NOP53_YEAST,-1.5798333,FALSE,0
Q12192,RFM1_YEAST,-0.76594482,FALSE,0
Q12198,METW_YEAST,-0.80726626,FALSE,0
Q12322,YO114_YEAST,-1.6163191,FALSE,0
Q12382,DGK1_YEAST,-0.75543537,FALSE,0.000004
Q12451,OSH2_YEAST,-1.0410923,FALSE,0.000004
Q12473,FRE6_YEAST,-1.2860373,FALSE,0.999747
Q12497,FMP16_YEAST,-2.455634,FALSE,0
Q12690,RL13A_YEAST,-2.0779584,FALSE,0
Q3E769,YO59A_YEAST,-1.2593778,FALSE,0
Q3E815,YH175_YEAST,-0.13218194,FALSE,0.000012
P05740,RL17A_YEAST,-2.3291574,FALSE,0
P09119,CDC6_YEAST,-1.3902858,FALSE,0
P0C2I8,YL14A_YEAST,0.10447155,FALSE,0
P0CE91,PAU18_YEAST,-1.0264091,FALSE,0.999571
P0CW40,MALX2_YEAST,-0.44528974,FALSE,0.000007
P0CX60,YP13A_YEAST,0.0032521354,FALSE,0
P14242,PMS1_YEAST,-0.80205545,FALSE,0.000003
P14306,CPYI_YEAST,-0.87174032,FALSE,0
P15442,GCN2_YEAST,-1.3951373,FALSE,0
P17898,CPT1_YEAST,-0.85980555,FALSE,0.000078
P19956,RM44_YEAST,-1.567862,FALSE,0
P21651,RE107_YEAST,-1.4437707,FALSE,0
P23179,SPO11_YEAST,-1.4360804,FALSE,0
P23500,MRS4_YEAST,-1.1421715,FALSE,0.000002
P25344,STE50_YEAST,-1.0082712,FALSE,0.000002
P26448,BUB2_YEAST,-1.3704195,FALSE,0
P32524,PRP21_YEAST,-1.0230484,FALSE,0
P32611,RML2_YEAST,-2.0639755,FALSE,0.000001
P32623,CRH2_YEAST,0.18686311,TRUE,0.999777
P32858,AIM26_YEAST,-0.99895666,FALSE,0.000001
P32891,DLD1_YEAST,-1.1180813,FALSE,0.00003
P35995,YKW2_YEAST,-1.1570257,FALSE,0
P36060,MCR1_YEAST,-1.318741,FALSE,0.003245
P36145,T2EB_YEAST,-1.6215709,FALSE,0
P36149,BET3_YEAST,-1.0582398,FALSE,0
P38063,KPR4_YEAST,-0.91302802,FALSE,0
P38077,ATPG_YEAST,-0.57860891,FALSE,0
P38124,FLR1_YEAST,-1.5671711,FALSE,0.000001
P38131,KTR4_YEAST,-0.81255254,FALSE,0.083476
P38216,CTPP1_YEAST,-1.5021551,FALSE,0
P38321,YB75_YEAST,-0.63004454,FALSE,0
P38333,ENP1_YEAST,-1.3484188,FALSE,0
P38352,SAF1_YEAST,-0.85490676,FALSE,0
P38427,TSL1_YEAST,-0.86937573,FALSE,0.106946
P38623,RCK2_YEAST,-0.12294454,FALSE,0.000002
P38628,AGM1_YEAST,-0.99908902,FALSE,0
P38689,KPR3_YEAST,-1.3380253,FALSE,0
P38725,PAU13_YEAST,-0.86304492,FALSE,0.999571
P38783,FYV4_YEAST,-2.3240102,FALSE,0
P38824,COX23_YEAST,0.16586372,FALSE,0.000001
P38835,YHT1_YEAST,-1.4664492,FALSE,0
P38861,NMD3_YEAST,-1.4603935,FALSE,0.000001
P38871,SSP1_YEAST,-1.0498714,FALSE,0.000125
P39109,YCFI_YEAST,-1.4086488,FALSE,0.000003
P39702,VPS8_YEAST,-1.2252364,FALSE,0
P39711,YAG4_YEAST,-2.6422408,FALSE,0
P39715,ECM1_YEAST,-0.98747957,FALSE,0.000005
P39982,HHY1_YEAST,-1.0183327,FALSE,0.022923
P39997,NPP2_YEAST,-1.4470299,FALSE,0.000008
P39998,EDC3_YEAST,-1.8426355,FALSE,0
P40033,RSM18_YEAST,-1.3448723,FALSE,0
P40101,YE16_YEAST,-1.2650258,FALSE,0
P40152,PPN2_YEAST,-1.3889921,FALSE,0.000061
P40303,PSA4_YEAST,-0.63780439,FALSE,0
P40309,KHA1_YEAST,-1.0781695,FALSE,0
P40340,ATAD2_YEAST,-1.6368831,FALSE,0
P40351,ALG8_YEAST,-1.7910558,FALSE,0.000079
P40567,MSL1_YEAST,-1.6754468,FALSE,0.00009
P40693,RLP7_YEAST,-1.866404,FALSE,0
P42945,UTP10_YEAST,-1.4052231,FALSE,0.000038
P46681,DLD2_YEAST,-1.4012398,FALSE,0
P46682,AP3B_YEAST,-1.2802147,FALSE,0.000004
P46948,RRP41_YEAST,-1.4411653,FALSE,0.000003
P46965,SPC1_YEAST,-2.5636732,FALSE,0.000011
P47017,LSM1_YEAST,-2.216597,FALSE,0
P47030,TAX4_YEAST,-1.0200903,FALSE,0
P47085,MHO1_YEAST,-0.96594826,FALSE,0
P47190,PMT3_YEAST,-1.2757128,FALSE,0.002416
P49334,TOM22_YEAST,-1.2716766,FALSE,0.000001
P50104,STB4_YEAST,-1.4506612,FALSE,0.000001
P53043,PPP5_YEAST,-1.5158016,FALSE,0
P53142,VPS73_YEAST,-1.1172501,FALSE,0.000023
P53271,COG2_YEAST,-1.7704468,FALSE,0
P53307,YG4O_YEAST,-0.4285263,FALSE,0.00129
P53394,SULX_YEAST,-1.5941464,FALSE,0.000002
P69852,HSK3_YEAST,-1.8767054,FALSE,0
Q03630,BET5_YEAST,-1.2629864,FALSE,0.000004
Q04031,RRP17_YEAST,-2.0329935,FALSE,0
Q04951,SCW10_YEAST,0.12422798,FALSE,0.999541
Q06102,YTH1_YEAST,-1.6709403,FALSE,0
Q06164,MMS22_YEAST,-1.4435545,FALSE,0.000002
Q06200,ECM7_YEAST,-0.81120503,FALSE,0.000008
Q06651,PIB1_YEAST,-1.4102592,FALSE,0
Q06674,HIM1_YEAST,-1.2247429,FALSE,0
Q07786,DHSO2_YEAST,-0.32995201,FALSE,0
Q07798,SPO75_YEAST,-1.4560778,FALSE,0.000008
Q07959,IZH3_YEAST,-0.92169366,FALSE,0
Q08361,AAD15_YEAST,-0.81475694,FALSE,0
Q08912,YO389_YEAST,-1.1160749,FALSE,0.016467
Q08913,FEX1_YEAST,-0.52155417,FALSE,0.159008
Q08966,PCL8_YEAST,-0.80318931,FALSE,0
Q12039,HMI1_YEAST,-1.4140173,FALSE,0
Q12379,SWM1_YEAST,-0.36694885,FALSE,0
Q12414,YP11B_YEAST,-0.30813122,FALSE,0
Q12464,RUVB2_YEAST,-1.3356811,FALSE,0
Q3E796,YD182_YEAST,-0.69099444,FALSE,0
Q3E816,YG121_YEAST,-1.7271264,FALSE,0
Q3E840,DPH3_YEAST,-0.80488642,FALSE,0
Q8TGN9,NAG1_YEAST,-0.79994662,FALSE,0.000228
Q92328,MDM12_YEAST,-1.5379214,FALSE,0
P06102,NOT3_YEAST,-1.4883965,FALSE,0
P07271,PIF1_YEAST,-1.4760165,FALSE,0
P08425,SYFM_YEAST,-1.8865109,FALSE,0
P0C270,YE38A_YEAST,-0.6408336,FALSE,0.004588
P0CX34,RS30B_YEAST,-1.6498398,FALSE,0
P0CX37,RS6A_YEAST,-2.4247278,FALSE,0
P0CX96,YG296_YEAST,-1.4838721,FALSE,0.00001
P12630,BAR1_YEAST,-0.17082156,FALSE,0.999796
P12689,REV1_YEAST,-1.3271923,FALSE,0
P17629,HPR1_YEAST,-1.5992316,FALSE,0
P18480,SNF5_YEAST,-1.0302495,FALSE,0
P19073,CDC42_YEAST,-0.7407432,FALSE,0
P20107,ZRC1_YEAST,-1.5979927,FALSE,0
P21965,MCK1_YEAST,-1.6919575,FALSE,0
P22136,AEP2_YEAST,-1.3471024,FALSE,0
P23776,EXG1_YEAST,-1.0523285,FALSE,0.999685
P24814,GRR1_YEAST,-1.9282334,FALSE,0
P25558,BUD3_YEAST,-0.80721386,FALSE,0.000002
P25585,FYV5_YEAST,-1.3591102,FALSE,0.000049
P25621,FEN2_YEAST,-1.2174601,FALSE,0.000004
P26784,RL16A_YEAST,-2.5129527,FALSE,0
P27636,CDC15_YEAST,-1.0188635,FALSE,0
P29295,HRR25_YEAST,-1.77792,FALSE,0
P32491,MKK2_YEAST,-1.250664,FALSE,0
P32583,SRP40_YEAST,-0.54049006,FALSE,0
P32629,ANP1_YEAST,-1.2727099,FALSE,0.006764
P32770,DRI1_YEAST,-1.1921855,FALSE,0.000001
P33122,TYE7_YEAST,-1.2710943,FALSE,0.000002
P33202,UFD4_YEAST,-1.5564802,FALSE,0.000001
P33302,PDR5_YEAST,-1.2446783,FALSE,0
P33332,SEC3_YEAST,-1.668446,FALSE,0
P33892,GCN1_YEAST,-1.5143381,FALSE,0
P34166,MFA2_YEAST,0.14454497,FALSE,0.003593
P34227,PRX1_YEAST,-1.5590475,FALSE,0
P34251,YKK7_YEAST,-0.94874161,FALSE,0
P36001,FOLC_YEAST,-1.5136146,FALSE,0
P36519,RM07_YEAST,-1.6756174,FALSE,0
P37267,CBP4_YEAST,-1.4645337,FALSE,0.000014
P38302,NTC20_YEAST,-1.0466749,FALSE,0
P38336,POP4_YEAST,-1.3318438,FALSE,0
P38713,OSH3_YEAST,-0.69084953,FALSE,0
P38837,NSG1_YEAST,-1.3164021,FALSE,0
P39103,COX14_YEAST,-0.53384651,FALSE,0.000115
P39971,YEI6_YEAST,-1.1846738,FALSE,0
P39994,PXP1_YEAST,-1.5702734,FALSE,0.000025
P40021,ZRG8_YEAST,0.012292999,FALSE,0
P40045,TDA2_YEAST,-0.66639075,FALSE,0
P40061,TSC11_YEAST,-1.3753637,FALSE,0
P40353,ATF1_YEAST,-1.1150922,FALSE,0
P40448,YIQ3_YEAST,-1.9789377,FALSE,0
P40464,FLX1_YEAST,-1.7975845,FALSE,0
P40483,YIK8_YEAST,-1.2060393,FALSE,0.000001
P40493,BMT5_YEAST,-1.723726,FALSE,0
P41546,HAC1_YEAST,-1.0993042,FALSE,0
P41833,MTA70_YEAST,-1.3593014,FALSE,0
P42938,TDA10_YEAST,-1.3661654,FALSE,0
P43132,BRE2_YEAST,-0.77214447,FALSE,0.000001
P43606,PTR3_YEAST,-0.79438409,FALSE,0
P43638,MHP1_YEAST,-1.4666772,FALSE,0
P46655,SYEC_YEAST,-1.1546416,FALSE,0
P46678,TFC5_YEAST,-1.153058,FALSE,0
P47010,IRC9_YEAST,-1.6472997,FALSE,0.000006
P47108,URB2_YEAST,-1.1689252,FALSE,0
P47150,RT07_YEAST,-1.6405541,FALSE,0
P47156,JHD2_YEAST,-0.52497465,FALSE,0
P47988,TEA1_YEAST,-1.345768,FALSE,0.000004
P48559,YPT11_YEAST,-1.3485542,FALSE,0
P48568,YD186_YEAST,-1.1332464,FALSE,0
P50623,UBC9_YEAST,-1.1201279,FALSE,0
P53050,MGA1_YEAST,-0.49415242,FALSE,0
P53206,MCY1_YEAST,-1.0900053,FALSE,0.000928
P53615,CAN_YEAST,-0.58243905,FALSE,0.000017
P53747,YN8Z_YEAST,-0.81247587,FALSE,0
P53850,RTC4_YEAST,-1.2487327,FALSE,0
P53854,CWC25_YEAST,-1.0512132,FALSE,0
P54786,ZDS2_YEAST,-0.43738133,FALSE,0
P54787,VPS9_YEAST,-1.4619406,FALSE,0.000104
P56508,SNA2_YEAST,-2.003731,FALSE,0
Q02776,TIM50_YEAST,-0.72156032,FALSE,0
Q02796,LGE1_YEAST,0.14444642,FALSE,0
Q02950,RT51_YEAST,-1.7266116,FALSE,0
Q03036,IRC4_YEAST,-1.4718425,FALSE,0.000002
Q04921,SPR28_YEAST,-1.244458,FALSE,0
Q05027,TAF9_YEAST,-1.7064172,FALSE,0
Q05031,DFG5_YEAST,-1.0278304,TRUE,0.999692
Q05637,PHM6_YEAST,-2.1409255,FALSE,0.000005
Q06132,SGD1_YEAST,-1.4390719,FALSE,0
Q06134,SPO77_YEAST,-1.0630111,FALSE,0.000001
Q06224,YSH1_YEAST,-1.631929,FALSE,0
Q06469,CUR1_YEAST,-1.6282523,FALSE,0.000001
Q07451,YET3_YEAST,-2.1814481,FALSE,0
Q07821,ISA1_YEAST,-0.94933872,FALSE,0
Q08548,ALE1_YEAST,-1.2924692,FALSE,0
Q10740,LKHA4_YEAST,-1.1007566,FALSE,0.000001
Q12215,WSC3_YEAST,0.93853972,FALSE,0.619098
Q12500,AVL9_YEAST,-0.25843956,FALSE,0.000001
Q3E758,YH048_YEAST,-0.51739523,FALSE,0.000002
Q3E7Z2,YN042_YEAST,-1.4245713,FALSE,0
Q3E837,YJ052_YEAST,-1.7833778,FALSE,0.00022
Q8TGT2,YK096_YEAST,-0.51644413,FALSE,0.000153
O74700,TIM9_YEAST,-0.9670914,FALSE,0
P01119,RAS1_YEAST,-0.29875112,FALSE,0
P07272,PPR1_YEAST,-0.88377408,FALSE,0
P07342,ILVB_YEAST,-1.3809187,FALSE,0
P08018,PBS2_YEAST,-1.3326915,FALSE,0
P0C5N7,YH73A_YEAST,-1.9152342,FALSE,0.000073
P0CD97,YR039_YEAST,-0.47516284,FALSE,0.000001
P10963,PCKA_YEAST,-0.68121485,FALSE,0.000001
P15019,TAL1_YEAST,-0.58238001,FALSE,0
P19736,PRP9_YEAST,-2.0806569,FALSE,0
P24000,RL24B_YEAST,-1.8674987,FALSE,0
P25300,BUD5_YEAST,-1.324702,FALSE,0.000002
P25361,YCT3_YEAST,-0.53862461,FALSE,0
P25364,HCM1_YEAST,-1.1334753,FALSE,0
P25379,STDH_YEAST,-1.7111964,FALSE,0
P25451,PSB3_YEAST,-1.2001484,FALSE,0.000001
P25641,ATG15_YEAST,-0.89197469,FALSE,0.000001
P25657,YCY9_YEAST,-0.84276962,FALSE,0.000001
P28273,OPLA_YEAST,-0.92909136,FALSE,0
P28707,SBA1_YEAST,-0.1553726,FALSE,0.000004
P32074,COPG_YEAST,-1.2772904,FALSE,0.000001
P32383,PLC1_YEAST,-1.3131319,FALSE,0
P32564,SCM4_YEAST,-0.97297739,FALSE,0
P32584,STE14_YEAST,-1.8065475,FALSE,0.000001
P32657,CHD1_YEAST,-1.5643965,FALSE,0
P32842,VATL2_YEAST,-2.1329511,FALSE,0
P32863,RAD54_YEAST,-1.6782661,FALSE,0.000004
P33310,MDL1_YEAST,-1.8689825,FALSE,0
P34730,BMH2_YEAST,-0.69209583,FALSE,0
P35207,SKI2_YEAST,-1.7382819,FALSE,0
P35735,SFK1_YEAST,-1.1436071,FALSE,0
P36119,RQT4_YEAST,-1.3941754,FALSE,0
P37020,GEF1_YEAST,-1.2782753,FALSE,0.000006
P38090,AGP2_YEAST,-1.3043765,FALSE,0.000001
P38316,ATG12_YEAST,-1.7694509,FALSE,0
P38358,VBA2_YEAST,-0.91581974,FALSE,0
P38840,ARO9_YEAST,-1.2202363,FALSE,0
P38929,ATC2_YEAST,-1.3890962,FALSE,0
P38996,NAB3_YEAST,-0.90638049,FALSE,0
P39678,MBP1_YEAST,-1.5597564,FALSE,0
P39727,ERV46_YEAST,-1.5607784,FALSE,0.000024
P39955,SAP1_YEAST,-1.1105373,FALSE,0
P40072,SLX8_YEAST,-1.6902123,FALSE,0
P40086,COX15_YEAST,-1.335471,FALSE,0
P40087,DDI1_YEAST,-1.970832,FALSE,0
P40168,YNT5_YEAST,-0.25740916,FALSE,0.470412
P40489,XBP1_YEAST,-0.83068587,FALSE,0.000001
P40585,PAU15_YEAST,-0.95337138,FALSE,0.999516
P40586,YIW2_YEAST,-1.3928378,FALSE,0.000004
P40896,YJV3_YEAST,-1.5203681,FALSE,0
P40956,GTS1_YEAST,-0.84054628,FALSE,0
P40971,LYS14_YEAST,-0.95228823,FALSE,0
P43614,KEG1_YEAST,-1.9857502,FALSE,0
P45976,FIP1_YEAST,-0.75785518,FALSE,0
P47068,BBC1_YEAST,-0.51716121,FALSE,0
P47083,MPP10_YEAST,-0.60278818,FALSE,0.000775
P47102,GEA1_YEAST,-0.98640832,FALSE,0
P47136,BUD4_YEAST,-0.48175223,FALSE,0
P47148,PXP2_YEAST,-1.336511,FALSE,0
P53091,MCM6_YEAST,-0.81656324,FALSE,0
P53154,GUP1_YEAST,-1.5088727,FALSE,0.000619
P53163,MNP1_YEAST,-0.88254624,FALSE,0
P53194,BRP1_YEAST,-1.8729504,FALSE,0.00003
P53217,YG1I_YEAST,-1.495084,FALSE,0.000012
P53228,TAL2_YEAST,-0.72567234,FALSE,0
P53298,CENPQ_YEAST,-2.0929293,FALSE,0
Q00618,PGTA_YEAST,-1.8567514,FALSE,0
Q01519,COX12_YEAST,-0.15494694,FALSE,0
Q02775,SLU7_YEAST,-1.3187776,FALSE,0
Q03088,SVL3_YEAST,-0.54191196,FALSE,0
Q03764,EKI1_YEAST,-0.92193605,FALSE,0
Q04299,YMX7_YEAST,-0.97507322,FALSE,0
Q04305,UTP15_YEAST,-1.4626563,FALSE,0.000003
Q04651,ERV41_YEAST,-1.4537795,FALSE,0.000017
Q05359,ERP1_YEAST,-1.5691082,FALSE,0.999788
Q05510,YD344_YEAST,-2.2499062,FALSE,0.00478
Q05958,ECM22_YEAST,-0.95030897,FALSE,0
Q06103,RPN7_YEAST,-1.267546,FALSE,0
Q06199,YL456_YEAST,-0.78084732,FALSE,0
Q07897,CMS1_YEAST,-1.2089565,FALSE,0
Q08213,NGL1_YEAST,-1.1501654,FALSE,0
Q08321,YO160_YEAST,-2.1756087,FALSE,0.000176
Q08955,CSM4_YEAST,-1.7540694,FALSE,0
Q12029,FSF1_YEAST,-1.9651457,FALSE,0
Q12180,HAL9_YEAST,-1.2050642,FALSE,0
Q12202,OSW2_YEAST,-0.98591728,FALSE,0
Q12206,WTM2_YEAST,-0.99221435,FALSE,0.000001
Q12233,ATPN_YEAST,-1.4161629,FALSE,0
Q12243,YOR29_YEAST,-0.80131653,FALSE,0.000049
Q12285,MDY2_YEAST,-1.0997047,FALSE,0
Q12310,PRR2_YEAST,-1.0101138,FALSE,0.000013
Q12487,RM23_YEAST,-1.9505628,FALSE,0
Q3E741,YA037_YEAST,-1.1960677,FALSE,0.001358
Q3E794,YB072_YEAST,-1.3245935,FALSE,0.000001
Q3E817,YF041_YEAST,-1.006692,FALSE,0
Q3E820,YB96A_YEAST,-1.655317,FALSE,0
Q3E842,YM122_YEAST,-0.52731944,TRUE,0.000827
Q6Q5F3,YP053_YEAST,-1.456152,FALSE,0.000262
Q8TGU2,YF032_YEAST,-0.88486878,FALSE,0.001494
Q99252,ECM3_YEAST,-0.88516188,FALSE,0.00703
P00331,ADH2_YEAST,0.63546081,FALSE,0
P05986,KAPC_YEAST,-1.4534995,FALSE,0.00001
P0C2I5,YL12B_YEAST,-0.3013807,FALSE,0
P0C5S1,YP60A_YEAST,-1.3956739,FALSE,0.000425
P0CX70,YD15A_YEAST,0.18895175,FALSE,0
P11792,SCH9_YEAST,-0.78438745,FALSE,0.000001
P12887,UNG_YEAST,-1.2881316,FALSE,0
P12945,NAT1_YEAST,-1.8999443,FALSE,0
P14680,YAK1_YEAST,-1.0572266,FALSE,0
P16547,OM45_YEAST,-1.643951,FALSE,0.041549
P22147,XRN1_YEAST,-1.4117602,FALSE,0
P31334,RM09_YEAST,-1.8926694,FALSE,0
P32501,EI2BE_YEAST,-0.71853034,FALSE,0
P32505,NAB2_YEAST,-0.82536347,FALSE,0
P33303,SFC1_YEAST,-0.56503206,FALSE,0
P36009,DHR2_YEAST,-1.7497424,FALSE,0
P36156,GTO2_YEAST,-0.61381459,FALSE,0
P36521,RM11_YEAST,-1.8983408,FALSE,0.000798
P38086,RDH54_YEAST,-1.4090255,FALSE,0
P38265,CENPL_YEAST,-1.1010037,FALSE,0
P38323,CLPX_YEAST,-1.6320286,FALSE,0
P38703,LAG1_YEAST,-1.0952426,FALSE,0
P38772,BCD1_YEAST,-1.333609,FALSE,0.00001
P38797,PP2C7_YEAST,-0.49540356,FALSE,0
P39107,MNN9_YEAST,-1.4990011,FALSE,0.000003
P39734,HPH2_YEAST,-1.330892,FALSE,0.000003
P40010,NUG1_YEAST,-1.9547694,FALSE,0
P40050,MRX1_YEAST,-1.7889672,FALSE,0
P40458,ATG32_YEAST,-0.71309592,FALSE,0
P40576,INA22_YEAST,-2.2215246,FALSE,0.002536
P43596,IOC3_YEAST,-1.170965,FALSE,0
P43619,NADC_YEAST,-1.433003,FALSE,0
P46996,YJQ3_YEAST,-1.2102003,FALSE,0.000001
P47133,EMC2_YEAST,-1.1868949,FALSE,0
P48813,GNP1_YEAST,-1.2218007,FALSE,0.000003
P52960,PIP2_YEAST,-1.426414,FALSE,0
P53075,SHE10_YEAST,-0.69571729,FALSE,0.98433
P53313,SDA1_YEAST,-1.9760144,FALSE,0
P53838,BOR1_YEAST,-1.6251536,FALSE,0.000009
P53978,EF3B_YEAST,-1.5048676,FALSE,0
P53983,ASI3_YEAST,-1.0951139,FALSE,0
Q02205,MEH1_YEAST,-1.4813878,FALSE,0.000005
Q02725,VTC3_YEAST,-1.4885442,FALSE,0.000002
Q02799,LEE1_YEAST,-0.018494158,FALSE,0
Q03208,YML9_YEAST,-0.60579491,FALSE,0
Q03220,CTL1_YEAST,-1.0973909,FALSE,0
Q03649,MGL2_YEAST,-1.0989739,FALSE,0
Q04177,UTP5_YEAST,-0.94735875,FALSE,0
Q05473,MRX8_YEAST,-1.6214788,FALSE,0
Q06245,SEC10_YEAST,-1.3391889,FALSE,0
Q07716,AIM6_YEAST,-1.0368229,FALSE,0.036941
Q08218,LDS2_YEAST,-1.5917999,FALSE,0
Q08647,PUS7_YEAST,-1.6117527,FALSE,0
Q08995,YP204_YEAST,-0.91732042,FALSE,0.000099
Q12015,DSC3_YEAST,-1.8506015,FALSE,0
Q12111,YD029_YEAST,-1.6716008,FALSE,0.000014
Q12133,SPC3_YEAST,-1.1006307,FALSE,0.000003
Q12151,UPC2_YEAST,-0.77177951,FALSE,0
Q12212,SIA1_YEAST,-1.2052322,FALSE,0.146706
Q3E762,YB230_YEAST,-1.0724555,FALSE,0
Q3E795,YL361_YEAST,-2.9674431,FALSE,0
Q8TGN3,YJ77A_YEAST,-1.6782501,FALSE,0.000056
Q99181,HSH49_YEAST,-1.3036579,FALSE,0
Q9URQ5,HTL1_YEAST,-2.4396879,FALSE,0
Q9ZZX7,Q0032_YEAST,-0.50822118,FALSE,0.000114