legacy_label	stable_id	source_id	kn_file	kn_row_number	kn_id	match_status
negative			20251017-KN-negative-dataset-FRV-SignalP-PredGPI.csv	1	2498849	kn_unmatched
negative			20251017-KN-negative-dataset-FRV-SignalP-PredGPI.csv	2	67365	kn_unmatched
negative			20251017-KN-negative-dataset-FRV-SignalP-PredGPI.csv	3	1071980	kn_unmatched
negative			20251017-KN-negative-dataset-FRV-SignalP-PredGPI.csv	4	2131237	kn_unmatched
negative			20251017-KN-negative-dataset-FRV-SignalP-PredGPI.csv	5	3023372	kn_unmatched
negative			20251017-KN-negative-dataset-FRV-SignalP-PredGPI.csv	6	603247	kn_unmatched
negative			20251017-KN-negative-dataset-FRV-SignalP-PredGPI.csv	7	2494690	kn_unmatched
negative			20251017-KN-negative-dataset-FRV-SignalP-PredGPI.csv	8	1363697	kn_unmatched
negative			20251017-KN-negative-dataset-FRV-SignalP-PredGPI.csv	9	1749530	kn_unmatched
negative			20251017-KN-negative-dataset-FRV-SignalP-PredGPI.csv	10	640008	kn_unmatched
negative			20251017-KN-negative-dataset-FRV-SignalP-PredGPI.csv	11	6322891	kn_unmatched
negative			20251017-KN-negative-dataset-FRV-SignalP-PredGPI.csv	12	71156	kn_unmatched
negative			20251017-KN-negative-dataset-FRV-SignalP-PredGPI.csv	13	626845	kn_unmatched
negative			20251017-KN-negative-dataset-FRV-SignalP-PredGPI.csv	14	542338	kn_unmatched
negative			20251017-KN-negative-dataset-FRV-SignalP-PredGPI.csv	15	1907190	kn_unmatched
negative			20251017-KN-negative-dataset-FRV-SignalP-PredGPI.csv	16	3527	kn_unmatched
negative			20251017-KN-negative-dataset-FRV-SignalP-PredGPI.csv	17	2118114	kn_unmatched
negative			20251017-KN-negative-dataset-FRV-SignalP-PredGPI.csv	18	630261	kn_unmatched
negative			20251017-KN-negative-dataset-FRV-SignalP-PredGPI.csv	19	473141	kn_unmatched
negative			20251017-KN-negative-dataset-FRV-SignalP-PredGPI.csv	20	6322666	kn_unmatched
negative			20251017-KN-negative-dataset-FRV-SignalP-PredGPI.csv	21	1835686	kn_unmatched
negative			20251017-KN-negative-dataset-FRV-SignalP-PredGPI.csv	22	74697748	kn_unmatched
negative			20251017-KN-negative-dataset-FRV-SignalP-PredGPI.csv	23	1835684	kn_unmatched
negative			20251017-KN-negative-dataset-FRV-SignalP-PredGPI.csv	24	731660	kn_unmatched
negative			20251017-KN-negative-dataset-FRV-SignalP-PredGPI.csv	25	626865	kn_unmatched
negative			20251017-KN-negative-dataset-FRV-SignalP-PredGPI.csv	26	1352194	kn_unmatched
negative			20251017-KN-negative-dataset-FRV-SignalP-PredGPI.csv	27	74644907	kn_unmatched
negative			20251017-KN-negative-dataset-FRV-SignalP-PredGPI.csv	28	558253	kn_unmatched
negative			20251017-KN-negative-dataset-FRV-SignalP-PredGPI.csv	29	730823	kn_unmatched
negative			20251017-KN-negative-dataset-FRV-SignalP-PredGPI.csv	30	1346645	kn_unmatched
negative			20251017-KN-negative-dataset-FRV-SignalP-PredGPI.csv	31	1256848	kn_unmatched
negative			20251017-KN-negative-dataset-FRV-SignalP-PredGPI.csv	32	1170456	kn_unmatched
negative			20251017-KN-negative-dataset-FRV-SignalP-PredGPI.csv	33	1749514	kn_unmatched
negative			20251017-KN-negative-dataset-FRV-SignalP-PredGPI.csv	34	603324	kn_unmatched
negative			20251017-KN-negative-dataset-FRV-SignalP-PredGPI.csv	35	539367	kn_unmatched
negative			20251017-KN-negative-dataset-FRV-SignalP-PredGPI.csv	36	74619001	kn_unmatched
negative			20251017-KN-negative-dataset-FRV-SignalP-PredGPI.csv	37	1078596	kn_unmatched
negative			20251017-KN-negative-dataset-FRV-SignalP-PredGPI.csv	38	1077206	kn_unmatched
negative			20251017-KN-negative-dataset-FRV-SignalP-PredGPI.csv	39	14588903	kn_unmatched
negative			20251017-KN-negative-dataset-FRV-SignalP-PredGPI.csv	40	189028943	kn_unmatched
negative			20251017-KN-negative-dataset-FRV-SignalP-PredGPI.csv	41	473136	kn_unmatched
negative			20251017-KN-negative-dataset-FRV-SignalP-PredGPI.csv	42	1362425	kn_unmatched
negative			20251017-KN-negative-dataset-FRV-SignalP-PredGPI.csv	43	74605736	kn_unmatched
negative			20251017-KN-negative-dataset-FRV-SignalP-PredGPI.csv	44	74676455	kn_unmatched
negative			20251017-KN-negative-dataset-FRV-SignalP-PredGPI.csv	45	1176579	kn_unmatched
negative			20251017-KN-negative-dataset-FRV-SignalP-PredGPI.csv	46	453186	kn_unmatched
negative			20251017-KN-negative-dataset-FRV-SignalP-PredGPI.csv	47	6324437	kn_unmatched
negative			20251017-KN-negative-dataset-FRV-SignalP-PredGPI.csv	48	798900	kn_unmatched
negative			20251017-KN-negative-dataset-FRV-SignalP-PredGPI.csv	49	473137	kn_unmatched
negative			20251017-KN-negative-dataset-FRV-SignalP-PredGPI.csv	50	1149544	kn_unmatched
negative			20251017-KN-negative-dataset-FRV-SignalP-PredGPI.csv	51	74605158	kn_unmatched
negative			20251017-KN-negative-dataset-FRV-SignalP-PredGPI.csv	52	2131173	kn_unmatched
negative			20251017-KN-negative-dataset-FRV-SignalP-PredGPI.csv	53	1711459	kn_unmatched
negative			20251017-KN-negative-dataset-FRV-SignalP-PredGPI.csv	54	417039	kn_unmatched
negative			20251017-KN-negative-dataset-FRV-SignalP-PredGPI.csv	55	1403546	kn_unmatched
negative			20251017-KN-negative-dataset-FRV-SignalP-PredGPI.csv	56	854590	kn_unmatched
negative			20251017-KN-negative-dataset-FRV-SignalP-PredGPI.csv	57	1420665	kn_unmatched
negative			20251017-KN-negative-dataset-FRV-SignalP-PredGPI.csv	58	3790255	kn_unmatched
negative			20251017-KN-negative-dataset-FRV-SignalP-PredGPI.csv	59	498996	kn_unmatched
negative			20251017-KN-negative-dataset-FRV-SignalP-PredGPI.csv	60	626143	kn_unmatched
negative			20251017-KN-negative-dataset-FRV-SignalP-PredGPI.csv	61	74582014	kn_unmatched
negative			20251017-KN-negative-dataset-FRV-SignalP-PredGPI.csv	62	124393	kn_unmatched
negative			20251017-KN-negative-dataset-FRV-SignalP-PredGPI.csv	63	6320199	kn_unmatched
negative			20251017-KN-negative-dataset-FRV-SignalP-PredGPI.csv	64	1084847	kn_unmatched
negative			20251017-KN-negative-dataset-FRV-SignalP-PredGPI.csv	65	1907198	kn_unmatched
negative			20251017-KN-negative-dataset-FRV-SignalP-PredGPI.csv	66	140459	kn_unmatched
negative			20251017-KN-negative-dataset-FRV-SignalP-PredGPI.csv	67	74644914	kn_unmatched
negative			20251017-KN-negative-dataset-FRV-SignalP-PredGPI.csv	68	1420654	kn_unmatched
negative			20251017-KN-negative-dataset-FRV-SignalP-PredGPI.csv	69	456135	kn_unmatched
negative			20251017-KN-negative-dataset-FRV-SignalP-PredGPI.csv	70	320790	kn_unmatched
negative			20251017-KN-negative-dataset-FRV-SignalP-PredGPI.csv	71	1362455	kn_unmatched
negative			20251017-KN-negative-dataset-FRV-SignalP-PredGPI.csv	72	6433994	kn_unmatched
negative			20251017-KN-negative-dataset-FRV-SignalP-PredGPI.csv	73	731724	kn_unmatched
negative			20251017-KN-negative-dataset-FRV-SignalP-PredGPI.csv	74	50400301	kn_unmatched
negative			20251017-KN-negative-dataset-FRV-SignalP-PredGPI.csv	75	730744	kn_unmatched
negative			20251017-KN-negative-dataset-FRV-SignalP-PredGPI.csv	76	456136	kn_unmatched
negative			20251017-KN-negative-dataset-FRV-SignalP-PredGPI.csv	77	433630	kn_unmatched
negative			20251017-KN-negative-dataset-FRV-SignalP-PredGPI.csv	78	189043799	kn_unmatched
negative			20251017-KN-negative-dataset-FRV-SignalP-PredGPI.csv	79	630041	kn_unmatched
negative			20251017-KN-negative-dataset-FRV-SignalP-PredGPI.csv	80	74625426	kn_unmatched
negative			20251017-KN-negative-dataset-FRV-SignalP-PredGPI.csv	81	1070439	kn_unmatched
negative	fungalrv2011_neg_0001	74591477	20251017-KN-negative-dataset-FRV-SignalP-PredGPI.csv	82	74591477	direct_id_match
negative			20251017-KN-negative-dataset-FRV-SignalP-PredGPI.csv	83	9755328	kn_unmatched
negative			20251017-KN-negative-dataset-FRV-SignalP-PredGPI.csv	84	626843	kn_unmatched
negative			20251017-KN-negative-dataset-FRV-SignalP-PredGPI.csv	85	1078342	kn_unmatched
negative			20251017-KN-negative-dataset-FRV-SignalP-PredGPI.csv	86	539351	kn_unmatched
negative			20251017-KN-negative-dataset-FRV-SignalP-PredGPI.csv	87	456151	kn_unmatched
negative			20251017-KN-negative-dataset-FRV-SignalP-PredGPI.csv	88	558256	kn_unmatched
negative			20251017-KN-negative-dataset-FRV-SignalP-PredGPI.csv	89	320697	kn_unmatched
negative			20251017-KN-negative-dataset-FRV-SignalP-PredGPI.csv	90	1346099	kn_unmatched
negative			20251017-KN-negative-dataset-FRV-SignalP-PredGPI.csv	91	456138	kn_unmatched
negative			20251017-KN-negative-dataset-FRV-SignalP-PredGPI.csv	92	626570	kn_unmatched
negative			20251017-KN-negative-dataset-FRV-SignalP-PredGPI.csv	93	320696	kn_unmatched
negative			20251017-KN-negative-dataset-FRV-SignalP-PredGPI.csv	94	595544	kn_unmatched
negative			20251017-KN-negative-dataset-FRV-SignalP-PredGPI.csv	95	1077011	kn_unmatched
negative			20251017-KN-negative-dataset-FRV-SignalP-PredGPI.csv	96	499003	kn_unmatched
negative			20251017-KN-negative-dataset-FRV-SignalP-PredGPI.csv	97	74675927	kn_unmatched
negative			20251017-KN-negative-dataset-FRV-SignalP-PredGPI.csv	98	6323884	kn_unmatched
negative			20251017-KN-negative-dataset-FRV-SignalP-PredGPI.csv	99	1723244	kn_unmatched
negative			20251017-KN-negative-dataset-FRV-SignalP-PredGPI.csv	100	408956	kn_unmatched
negative			20251017-KN-negative-dataset-FRV-SignalP-PredGPI.csv	101	83014	kn_unmatched
negative			20251017-KN-negative-dataset-FRV-SignalP-PredGPI.csv	102	473139	kn_unmatched
negative			20251017-KN-negative-dataset-FRV-SignalP-PredGPI.csv	103	558257	kn_unmatched
negative			20251017-KN-negative-dataset-FRV-SignalP-PredGPI.csv	104	602896	kn_unmatched
negative			20251017-KN-negative-dataset-FRV-SignalP-PredGPI.csv	105	239938728	kn_unmatched
negative			20251017-KN-negative-dataset-FRV-SignalP-PredGPI.csv	106	2276354	kn_unmatched
negative			20251017-KN-negative-dataset-FRV-SignalP-PredGPI.csv	107	73917073	kn_unmatched
negative			20251017-KN-negative-dataset-FRV-SignalP-PredGPI.csv	108	223634670	kn_unmatched
negative			20251017-KN-negative-dataset-FRV-SignalP-PredGPI.csv	109	2118150	kn_unmatched
negative			20251017-KN-negative-dataset-FRV-SignalP-PredGPI.csv	110	66631	kn_unmatched
negative			20251017-KN-negative-dataset-FRV-SignalP-PredGPI.csv	111	1050793	kn_unmatched
negative			20251017-KN-negative-dataset-FRV-SignalP-PredGPI.csv	112	558261	kn_unmatched
negative			20251017-KN-negative-dataset-FRV-SignalP-PredGPI.csv	113	6322012	kn_unmatched
negative			20251017-KN-negative-dataset-FRV-SignalP-PredGPI.csv	114	74588961	kn_unmatched
negative			20251017-KN-negative-dataset-FRV-SignalP-PredGPI.csv	115	74680173	kn_unmatched
negative			20251017-KN-negative-dataset-FRV-SignalP-PredGPI.csv	116	2118149	kn_unmatched
negative			20251017-KN-negative-dataset-FRV-SignalP-PredGPI.csv	117	1256898	kn_unmatched
negative			20251017-KN-negative-dataset-FRV-SignalP-PredGPI.csv	118	93141247	kn_unmatched
negative			20251017-KN-negative-dataset-FRV-SignalP-PredGPI.csv	119	2498764	kn_unmatched
negative			20251017-KN-negative-dataset-FRV-SignalP-PredGPI.csv	120	68180	kn_unmatched
negative			20251017-KN-negative-dataset-FRV-SignalP-PredGPI.csv	121	115515973	kn_unmatched
negative			20251017-KN-negative-dataset-FRV-SignalP-PredGPI.csv	122	485487	kn_unmatched
negative			20251017-KN-negative-dataset-FRV-SignalP-PredGPI.csv	123	1403562	kn_unmatched
negative			20251017-KN-negative-dataset-FRV-SignalP-PredGPI.csv	124	3305	kn_unmatched
negative			20251017-KN-negative-dataset-FRV-SignalP-PredGPI.csv	125	558262	kn_unmatched
negative			20251017-KN-negative-dataset-FRV-SignalP-PredGPI.csv	126	1292890	kn_unmatched
negative			20251017-KN-negative-dataset-FRV-SignalP-PredGPI.csv	127	172047306	kn_unmatched
negative			20251017-KN-negative-dataset-FRV-SignalP-PredGPI.csv	128	1230658	kn_unmatched
negative			20251017-KN-negative-dataset-FRV-SignalP-PredGPI.csv	129	459260	kn_unmatched
negative			20251017-KN-negative-dataset-FRV-SignalP-PredGPI.csv	130	6320713	kn_unmatched
negative			20251017-KN-negative-dataset-FRV-SignalP-PredGPI.csv	131	158514090	kn_unmatched
negative			20251017-KN-negative-dataset-FRV-SignalP-PredGPI.csv	132	849201	kn_unmatched
negative			20251017-KN-negative-dataset-FRV-SignalP-PredGPI.csv	133	558244	kn_unmatched
negative			20251017-KN-negative-dataset-FRV-SignalP-PredGPI.csv	134	456945	kn_unmatched
negative			20251017-KN-negative-dataset-FRV-SignalP-PredGPI.csv	135	74626838	kn_unmatched
negative			20251017-KN-negative-dataset-FRV-SignalP-PredGPI.csv	136	395241	kn_unmatched
negative			20251017-KN-negative-dataset-FRV-SignalP-PredGPI.csv	137	539105	kn_unmatched
negative			20251017-KN-negative-dataset-FRV-SignalP-PredGPI.csv	138	74609567	kn_unmatched
negative			20251017-KN-negative-dataset-FRV-SignalP-PredGPI.csv	139	13624757	kn_unmatched
negative			20251017-KN-negative-dataset-FRV-SignalP-PredGPI.csv	140	74645058	kn_unmatched
negative			20251017-KN-negative-dataset-FRV-SignalP-PredGPI.csv	141	74655039	kn_unmatched
negative			20251017-KN-negative-dataset-FRV-SignalP-PredGPI.csv	142	6322877	kn_unmatched
negative			20251017-KN-negative-dataset-FRV-SignalP-PredGPI.csv	143	602889	kn_unmatched
negative			20251017-KN-negative-dataset-FRV-SignalP-PredGPI.csv	144	2132390	kn_unmatched
negative			20251017-KN-negative-dataset-FRV-SignalP-PredGPI.csv	145	558246	kn_unmatched
negative			20251017-KN-negative-dataset-FRV-SignalP-PredGPI.csv	146	1070506	kn_unmatched
negative			20251017-KN-negative-dataset-FRV-SignalP-PredGPI.csv	147	1078339	kn_unmatched
negative			20251017-KN-negative-dataset-FRV-SignalP-PredGPI.csv	148	2146822	kn_unmatched
negative			20251017-KN-negative-dataset-FRV-SignalP-PredGPI.csv	149	51315836	kn_unmatched
negative			20251017-KN-negative-dataset-FRV-SignalP-PredGPI.csv	150	1749466	kn_unmatched
negative			20251017-KN-negative-dataset-FRV-SignalP-PredGPI.csv	151	101298	kn_unmatched
negative			20251017-KN-negative-dataset-FRV-SignalP-PredGPI.csv	152	626909	kn_unmatched
negative			20251017-KN-negative-dataset-FRV-SignalP-PredGPI.csv	153	1071988	kn_unmatched
negative			20251017-KN-negative-dataset-FRV-SignalP-PredGPI.csv	154	463263	kn_unmatched
negative			20251017-KN-negative-dataset-FRV-SignalP-PredGPI.csv	155	130137	kn_unmatched
negative			20251017-KN-negative-dataset-FRV-SignalP-PredGPI.csv	156	74583483	kn_unmatched
negative			20251017-KN-negative-dataset-FRV-SignalP-PredGPI.csv	157	2131183	kn_unmatched
negative			20251017-KN-negative-dataset-FRV-SignalP-PredGPI.csv	158	466171	kn_unmatched
negative			20251017-KN-negative-dataset-FRV-SignalP-PredGPI.csv	159	558251	kn_unmatched
negative			20251017-KN-negative-dataset-FRV-SignalP-PredGPI.csv	160	2132654	kn_unmatched
negative			20251017-KN-negative-dataset-FRV-SignalP-PredGPI.csv	161	1778059	kn_unmatched
negative			20251017-KN-negative-dataset-FRV-SignalP-PredGPI.csv	162	279647	kn_unmatched
negative			20251017-KN-negative-dataset-FRV-SignalP-PredGPI.csv	163	2118314	kn_unmatched
negative			20251017-KN-negative-dataset-FRV-SignalP-PredGPI.csv	164	74610965	kn_unmatched
negative			20251017-KN-negative-dataset-FRV-SignalP-PredGPI.csv	165	1723846	kn_unmatched
negative			20251017-KN-negative-dataset-FRV-SignalP-PredGPI.csv	166	51704338	kn_unmatched
negative			20251017-KN-negative-dataset-FRV-SignalP-PredGPI.csv	167	6319685	kn_unmatched
negative			20251017-KN-negative-dataset-FRV-SignalP-PredGPI.csv	168	20178142	kn_unmatched
negative			20251017-KN-negative-dataset-FRV-SignalP-PredGPI.csv	169	74655046	kn_unmatched
negative			20251017-KN-negative-dataset-FRV-SignalP-PredGPI.csv	170	422175	kn_unmatched
negative			20251017-KN-negative-dataset-FRV-SignalP-PredGPI.csv	171	6324190	kn_unmatched
negative			20251017-KN-negative-dataset-FRV-SignalP-PredGPI.csv	172	626787	kn_unmatched
negative			20251017-KN-negative-dataset-FRV-SignalP-PredGPI.csv	173	320733	kn_unmatched
negative			20251017-KN-negative-dataset-FRV-SignalP-PredGPI.csv	174	26396947	kn_unmatched
negative			20251017-KN-negative-dataset-FRV-SignalP-PredGPI.csv	175	74605122	kn_unmatched
negative			20251017-KN-negative-dataset-FRV-SignalP-PredGPI.csv	176	2131421	kn_unmatched
negative			20251017-KN-negative-dataset-FRV-SignalP-PredGPI.csv	177	2829437	kn_unmatched
negative			20251017-KN-negative-dataset-FRV-SignalP-PredGPI.csv	178	2131182	kn_unmatched
negative			20251017-KN-negative-dataset-FRV-SignalP-PredGPI.csv	179	52783241	kn_unmatched
negative			20251017-KN-negative-dataset-FRV-SignalP-PredGPI.csv	180	9627982	kn_unmatched
negative			20251017-KN-negative-dataset-FRV-SignalP-PredGPI.csv	181	1353025	kn_unmatched
negative			20251017-KN-negative-dataset-FRV-SignalP-PredGPI.csv	182	400839	kn_unmatched
negative			20251017-KN-negative-dataset-FRV-SignalP-PredGPI.csv	183	1168610	kn_unmatched
negative			20251017-KN-negative-dataset-FRV-SignalP-PredGPI.csv	184	27151726	kn_unmatched
negative			20251017-KN-negative-dataset-FRV-SignalP-PredGPI.csv	185	74583758	kn_unmatched
negative			20251017-KN-negative-dataset-FRV-SignalP-PredGPI.csv	186	539088	kn_unmatched
negative			20251017-KN-negative-dataset-FRV-SignalP-PredGPI.csv	187	1778061	kn_unmatched
negative			20251017-KN-negative-dataset-FRV-SignalP-PredGPI.csv	188	1077420	kn_unmatched
negative			20251017-KN-negative-dataset-FRV-SignalP-PredGPI.csv	189	125665	kn_unmatched
negative			20251017-KN-negative-dataset-FRV-SignalP-PredGPI.csv	190	128907	kn_unmatched
negative			20251017-KN-negative-dataset-FRV-SignalP-PredGPI.csv	191	128575	kn_unmatched
negative			20251017-KN-negative-dataset-FRV-SignalP-PredGPI.csv	192	74676085	kn_unmatched
negative			20251017-KN-negative-dataset-FRV-SignalP-PredGPI.csv	193	1723241	kn_unmatched
negative			20251017-KN-negative-dataset-FRV-SignalP-PredGPI.csv	194	82896	kn_unmatched
negative			20251017-KN-negative-dataset-FRV-SignalP-PredGPI.csv	195	6729856	kn_unmatched
negative			20251017-KN-negative-dataset-FRV-SignalP-PredGPI.csv	196	1077135	kn_unmatched
negative			20251017-KN-negative-dataset-FRV-SignalP-PredGPI.csv	197	458897	kn_unmatched
negative			20251017-KN-negative-dataset-FRV-SignalP-PredGPI.csv	198	74692247	kn_unmatched
negative			20251017-KN-negative-dataset-FRV-SignalP-PredGPI.csv	199	481383	kn_unmatched
negative			20251017-KN-negative-dataset-FRV-SignalP-PredGPI.csv	200	74624848	kn_unmatched
negative			20251017-KN-negative-dataset-FRV-SignalP-PredGPI.csv	201	539300	kn_unmatched
negative			20251017-KN-negative-dataset-FRV-SignalP-PredGPI.csv	202	2132401	kn_unmatched
negative			20251017-KN-negative-dataset-FRV-SignalP-PredGPI.csv	203	2498781	kn_unmatched
negative			20251017-KN-negative-dataset-FRV-SignalP-PredGPI.csv	204	101694	kn_unmatched
negative			20251017-KN-negative-dataset-FRV-SignalP-PredGPI.csv	205	1078574	kn_unmatched
negative			20251017-KN-negative-dataset-FRV-SignalP-PredGPI.csv	206	6321026	kn_unmatched
negative			20251017-KN-negative-dataset-FRV-SignalP-PredGPI.csv	207	1907168	kn_unmatched
negative			20251017-KN-negative-dataset-FRV-SignalP-PredGPI.csv	208	6321552	kn_unmatched
negative			20251017-KN-negative-dataset-FRV-SignalP-PredGPI.csv	209	539107	kn_unmatched
negative			20251017-KN-negative-dataset-FRV-SignalP-PredGPI.csv	210	1077046	kn_unmatched
negative			20251017-KN-negative-dataset-FRV-SignalP-PredGPI.csv	211	74581989	kn_unmatched
negative			20251017-KN-negative-dataset-FRV-SignalP-PredGPI.csv	212	2144771	kn_unmatched
negative			20251017-KN-negative-dataset-FRV-SignalP-PredGPI.csv	213	18181874	kn_unmatched
negative			20251017-KN-negative-dataset-FRV-SignalP-PredGPI.csv	214	205829939	kn_unmatched
negative			20251017-KN-negative-dataset-FRV-SignalP-PredGPI.csv	215	74691919	kn_unmatched
negative			20251017-KN-negative-dataset-FRV-SignalP-PredGPI.csv	216	4379	kn_unmatched
negative			20251017-KN-negative-dataset-FRV-SignalP-PredGPI.csv	217	558260	kn_unmatched
negative			20251017-KN-negative-dataset-FRV-SignalP-PredGPI.csv	218	487080	kn_unmatched
negative			20251017-KN-negative-dataset-FRV-SignalP-PredGPI.csv	219	2119108	kn_unmatched
negative			20251017-KN-negative-dataset-FRV-SignalP-PredGPI.csv	220	558258	kn_unmatched
negative			20251017-KN-negative-dataset-FRV-SignalP-PredGPI.csv	221	67641	kn_unmatched
negative			20251017-KN-negative-dataset-FRV-SignalP-PredGPI.csv	222	117936	kn_unmatched
negative			20251017-KN-negative-dataset-FRV-SignalP-PredGPI.csv	223	1084809	kn_unmatched
negative			20251017-KN-negative-dataset-FRV-SignalP-PredGPI.csv	224	2347176	kn_unmatched
negative			20251017-KN-negative-dataset-FRV-SignalP-PredGPI.csv	225	2132969	kn_unmatched
negative			20251017-KN-negative-dataset-FRV-SignalP-PredGPI.csv	226	499001	kn_unmatched
negative			20251017-KN-negative-dataset-FRV-SignalP-PredGPI.csv	227	626632	kn_unmatched
negative			20251017-KN-negative-dataset-FRV-SignalP-PredGPI.csv	228	2133095	kn_unmatched
negative			20251017-KN-negative-dataset-FRV-SignalP-PredGPI.csv	229	1730804	kn_unmatched
negative			20251017-KN-negative-dataset-FRV-SignalP-PredGPI.csv	230	73622239	kn_unmatched
negative			20251017-KN-negative-dataset-FRV-SignalP-PredGPI.csv	231	171853	kn_unmatched
negative			20251017-KN-negative-dataset-FRV-SignalP-PredGPI.csv	232	456141	kn_unmatched
negative			20251017-KN-negative-dataset-FRV-SignalP-PredGPI.csv	233	2498763	kn_unmatched
negative			20251017-KN-negative-dataset-FRV-SignalP-PredGPI.csv	234	1050787	kn_unmatched
negative			20251017-KN-negative-dataset-FRV-SignalP-PredGPI.csv	235	12407246	kn_unmatched
negative			20251017-KN-negative-dataset-FRV-SignalP-PredGPI.csv	236	1907135	kn_unmatched
negative			20251017-KN-negative-dataset-FRV-SignalP-PredGPI.csv	237	6323759	kn_unmatched
negative			20251017-KN-negative-dataset-FRV-SignalP-PredGPI.csv	238	2497199	kn_unmatched
negative			20251017-KN-negative-dataset-FRV-SignalP-PredGPI.csv	239	2494678	kn_unmatched
negative			20251017-KN-negative-dataset-FRV-SignalP-PredGPI.csv	240	101496	kn_unmatched
negative			20251017-KN-negative-dataset-FRV-SignalP-PredGPI.csv	241	626885	kn_unmatched
negative			20251017-KN-negative-dataset-FRV-SignalP-PredGPI.csv	242	14588923	kn_unmatched
negative			20251017-KN-negative-dataset-FRV-SignalP-PredGPI.csv	243	281278	kn_unmatched
negative			20251017-KN-negative-dataset-FRV-SignalP-PredGPI.csv	244	419879	kn_unmatched
negative			20251017-KN-negative-dataset-FRV-SignalP-PredGPI.csv	245	2119126	kn_unmatched
negative			20251017-KN-negative-dataset-FRV-SignalP-PredGPI.csv	246	417695	kn_unmatched
negative			20251017-KN-negative-dataset-FRV-SignalP-PredGPI.csv	247	74676454	kn_unmatched
negative			20251017-KN-negative-dataset-FRV-SignalP-PredGPI.csv	248	1170954	kn_unmatched
negative			20251017-KN-negative-dataset-FRV-SignalP-PredGPI.csv	249	1835722	kn_unmatched
negative			20251017-KN-negative-dataset-FRV-SignalP-PredGPI.csv	250	7493888	kn_unmatched
negative			20251017-KN-negative-dataset-FRV-SignalP-PredGPI.csv	251	1084643	kn_unmatched
negative			20251017-KN-negative-dataset-FRV-SignalP-PredGPI.csv	252	205829275	kn_unmatched
negative			20251017-KN-negative-dataset-FRV-SignalP-PredGPI.csv	253	231767	kn_unmatched
negative			20251017-KN-negative-dataset-FRV-SignalP-PredGPI.csv	254	473131	kn_unmatched
negative			20251017-KN-negative-dataset-FRV-SignalP-PredGPI.csv	255	1071879	kn_unmatched
negative			20251017-KN-negative-dataset-FRV-SignalP-PredGPI.csv	256	626096	kn_unmatched
negative			20251017-KN-negative-dataset-FRV-SignalP-PredGPI.csv	257	558259	kn_unmatched
negative			20251017-KN-negative-dataset-FRV-SignalP-PredGPI.csv	258	2133050	kn_unmatched
negative			20251017-KN-negative-dataset-FRV-SignalP-PredGPI.csv	259	626927	kn_unmatched
negative			20251017-KN-negative-dataset-FRV-SignalP-PredGPI.csv	260	487066	kn_unmatched
negative			20251017-KN-negative-dataset-FRV-SignalP-PredGPI.csv	261	101418	kn_unmatched
negative			20251017-KN-negative-dataset-FRV-SignalP-PredGPI.csv	262	473135	kn_unmatched
negative			20251017-KN-negative-dataset-FRV-SignalP-PredGPI.csv	263	417765	kn_unmatched
negative			20251017-KN-negative-dataset-FRV-SignalP-PredGPI.csv	264	74606321	kn_unmatched
negative			20251017-KN-negative-dataset-FRV-SignalP-PredGPI.csv	265	74625380	kn_unmatched
negative			20251017-KN-negative-dataset-FRV-SignalP-PredGPI.csv	266	836718	kn_unmatched
negative			20251017-KN-negative-dataset-FRV-SignalP-PredGPI.csv	267	1722838	kn_unmatched
negative			20251017-KN-negative-dataset-FRV-SignalP-PredGPI.csv	268	51701460	kn_unmatched
negative			20251017-KN-negative-dataset-FRV-SignalP-PredGPI.csv	269	6323598	kn_unmatched
negative			20251017-KN-negative-dataset-FRV-SignalP-PredGPI.csv	270	82995	kn_unmatched
negative			20251017-KN-negative-dataset-FRV-SignalP-PredGPI.csv	271	74701377	kn_unmatched
negative			20251017-KN-negative-dataset-FRV-SignalP-PredGPI.csv	272	476061	kn_unmatched
negative			20251017-KN-negative-dataset-FRV-SignalP-PredGPI.csv	273	2276365	kn_unmatched
negative			20251017-KN-negative-dataset-FRV-SignalP-PredGPI.csv	274	172695	kn_unmatched
negative			20251017-KN-negative-dataset-FRV-SignalP-PredGPI.csv	275	417770	kn_unmatched
negative			20251017-KN-negative-dataset-FRV-SignalP-PredGPI.csv	276	2133153	kn_unmatched
negative			20251017-KN-negative-dataset-FRV-SignalP-PredGPI.csv	277	6322945	kn_unmatched
negative			20251017-KN-negative-dataset-FRV-SignalP-PredGPI.csv	278	456154	kn_unmatched
negative			20251017-KN-negative-dataset-FRV-SignalP-PredGPI.csv	279	457164	kn_unmatched
negative			20251017-KN-negative-dataset-FRV-SignalP-PredGPI.csv	280	166989535	kn_unmatched
negative			20251017-KN-negative-dataset-FRV-SignalP-PredGPI.csv	281	74606467	kn_unmatched
negative			20251017-KN-negative-dataset-FRV-SignalP-PredGPI.csv	282	1077573	kn_unmatched
negative			20251017-KN-negative-dataset-FRV-SignalP-PredGPI.csv	283	602387	kn_unmatched
negative			20251017-KN-negative-dataset-FRV-SignalP-PredGPI.csv	284	2133051	kn_unmatched
negative			20251017-KN-negative-dataset-FRV-SignalP-PredGPI.csv	285	6319598	kn_unmatched
negative			20251017-KN-negative-dataset-FRV-SignalP-PredGPI.csv	286	625409	kn_unmatched
negative			20251017-KN-negative-dataset-FRV-SignalP-PredGPI.csv	287	2133106	kn_unmatched
negative			20251017-KN-negative-dataset-FRV-SignalP-PredGPI.csv	288	558247	kn_unmatched
negative			20251017-KN-negative-dataset-FRV-SignalP-PredGPI.csv	289	473133	kn_unmatched
negative			20251017-KN-negative-dataset-FRV-SignalP-PredGPI.csv	290	1724030	kn_unmatched
negative			20251017-KN-negative-dataset-FRV-SignalP-PredGPI.csv	291	83445	kn_unmatched
negative			20251017-KN-negative-dataset-FRV-SignalP-PredGPI.csv	292	68008	kn_unmatched
negative			20251017-KN-negative-dataset-FRV-SignalP-PredGPI.csv	293	2498840	kn_unmatched
negative	fungalrv2011_neg_0527	74591338	20251017-KN-negative-dataset-FRV-SignalP-PredGPI.csv	294	74591338	direct_id_match
negative			20251017-KN-negative-dataset-FRV-SignalP-PredGPI.csv	295	456147	kn_unmatched
negative			20251017-KN-negative-dataset-FRV-SignalP-PredGPI.csv	296	836813	kn_unmatched
negative			20251017-KN-negative-dataset-FRV-SignalP-PredGPI.csv	297	730272	kn_unmatched
negative			20251017-KN-negative-dataset-FRV-SignalP-PredGPI.csv	298	1703459	kn_unmatched
negative			20251017-KN-negative-dataset-FRV-SignalP-PredGPI.csv	299	74609804	kn_unmatched
negative			20251017-KN-negative-dataset-FRV-SignalP-PredGPI.csv	300	630100	kn_unmatched
negative			20251017-KN-negative-dataset-FRV-SignalP-PredGPI.csv	301	422132	kn_unmatched
negative			20251017-KN-negative-dataset-FRV-SignalP-PredGPI.csv	302	2144430	kn_unmatched
negative			20251017-KN-negative-dataset-FRV-SignalP-PredGPI.csv	303	24636247	kn_unmatched
negative			20251017-KN-negative-dataset-FRV-SignalP-PredGPI.csv	304	73919289	kn_unmatched
negative			20251017-KN-negative-dataset-FRV-SignalP-PredGPI.csv	305	927730	kn_unmatched
negative			20251017-KN-negative-dataset-FRV-SignalP-PredGPI.csv	306	1084846	kn_unmatched
negative			20251017-KN-negative-dataset-FRV-SignalP-PredGPI.csv	307	205829280	kn_unmatched
negative			20251017-KN-negative-dataset-FRV-SignalP-PredGPI.csv	308	2144431	kn_unmatched
negative			20251017-KN-negative-dataset-FRV-SignalP-PredGPI.csv	309	1279688	kn_unmatched
negative			20251017-KN-negative-dataset-FRV-SignalP-PredGPI.csv	310	189082131	kn_unmatched
negative			20251017-KN-negative-dataset-FRV-SignalP-PredGPI.csv	311	1403547	kn_unmatched
negative			20251017-KN-negative-dataset-FRV-SignalP-PredGPI.csv	312	1077197	kn_unmatched
negative			20251017-KN-negative-dataset-FRV-SignalP-PredGPI.csv	313	849169	kn_unmatched
negative			20251017-KN-negative-dataset-FRV-SignalP-PredGPI.csv	314	1749634	kn_unmatched
negative			20251017-KN-negative-dataset-FRV-SignalP-PredGPI.csv	315	6323180	kn_unmatched
negative			20251017-KN-negative-dataset-FRV-SignalP-PredGPI.csv	316	74590508	kn_unmatched
negative			20251017-KN-negative-dataset-FRV-SignalP-PredGPI.csv	317	731735	kn_unmatched
negative			20251017-KN-negative-dataset-FRV-SignalP-PredGPI.csv	318	74582928	kn_unmatched
negative			20251017-KN-negative-dataset-FRV-SignalP-PredGPI.csv	319	283295	kn_unmatched
negative			20251017-KN-negative-dataset-FRV-SignalP-PredGPI.csv	320	849175	kn_unmatched
negative			20251017-KN-negative-dataset-FRV-SignalP-PredGPI.csv	321	71109	kn_unmatched
negative			20251017-KN-negative-dataset-FRV-SignalP-PredGPI.csv	322	6319848	kn_unmatched
negative			20251017-KN-negative-dataset-FRV-SignalP-PredGPI.csv	323	51315833	kn_unmatched
negative			20251017-KN-negative-dataset-FRV-SignalP-PredGPI.csv	324	322950	kn_unmatched
negative			20251017-KN-negative-dataset-FRV-SignalP-PredGPI.csv	325	56757623	kn_unmatched
negative			20251017-KN-negative-dataset-FRV-SignalP-PredGPI.csv	326	2131939	kn_unmatched
negative			20251017-KN-negative-dataset-FRV-SignalP-PredGPI.csv	327	1149546	kn_unmatched
negative			20251017-KN-negative-dataset-FRV-SignalP-PredGPI.csv	328	2144537	kn_unmatched
negative			20251017-KN-negative-dataset-FRV-SignalP-PredGPI.csv	329	3529	kn_unmatched
negative			20251017-KN-negative-dataset-FRV-SignalP-PredGPI.csv	330	1723734	kn_unmatched
negative			20251017-KN-negative-dataset-FRV-SignalP-PredGPI.csv	331	74605881	kn_unmatched
negative			20251017-KN-negative-dataset-FRV-SignalP-PredGPI.csv	332	101276	kn_unmatched
negative			20251017-KN-negative-dataset-FRV-SignalP-PredGPI.csv	333	2131159	kn_unmatched
negative			20251017-KN-negative-dataset-FRV-SignalP-PredGPI.csv	334	74689588	kn_unmatched
negative			20251017-KN-negative-dataset-FRV-SignalP-PredGPI.csv	335	2132387	kn_unmatched
negative			20251017-KN-negative-dataset-FRV-SignalP-PredGPI.csv	336	456148	kn_unmatched
negative			20251017-KN-negative-dataset-FRV-SignalP-PredGPI.csv	337	454255	kn_unmatched
negative			20251017-KN-negative-dataset-FRV-SignalP-PredGPI.csv	338	5328	kn_unmatched
negative			20251017-KN-negative-dataset-FRV-SignalP-PredGPI.csv	339	14588899	kn_unmatched
negative			20251017-KN-negative-dataset-FRV-SignalP-PredGPI.csv	340	473138	kn_unmatched
negative			20251017-KN-negative-dataset-FRV-SignalP-PredGPI.csv	341	78099785	kn_unmatched
negative			20251017-KN-negative-dataset-FRV-SignalP-PredGPI.csv	342	Q03233	kn_unmatched
negative			20251017-KN-negative-dataset-FRV-SignalP-PredGPI.csv	343	P40529	kn_unmatched
negative			20251017-KN-negative-dataset-FRV-SignalP-PredGPI.csv	344	O94510	kn_unmatched
negative			20251017-KN-negative-dataset-FRV-SignalP-PredGPI.csv	345	Q12449	kn_unmatched
negative			20251017-KN-negative-dataset-FRV-SignalP-PredGPI.csv	346	Q6BLG4	kn_unmatched
negative			20251017-KN-negative-dataset-FRV-SignalP-PredGPI.csv	347	Q6CN59	kn_unmatched
negative			20251017-KN-negative-dataset-FRV-SignalP-PredGPI.csv	348	Q9URB4	kn_unmatched
negative			20251017-KN-negative-dataset-FRV-SignalP-PredGPI.csv	349	P42058	kn_unmatched
negative			20251017-KN-negative-dataset-FRV-SignalP-PredGPI.csv	350	P38856	kn_unmatched
negative			20251017-KN-negative-dataset-FRV-SignalP-PredGPI.csv	351	Q6BSS8	kn_unmatched
negative			20251017-KN-negative-dataset-FRV-SignalP-PredGPI.csv	352	Q6BML9	kn_unmatched
negative			20251017-KN-negative-dataset-FRV-SignalP-PredGPI.csv	353	P78774	kn_unmatched
negative			20251017-KN-negative-dataset-FRV-SignalP-PredGPI.csv	354	Q6CTH8	kn_unmatched
negative			20251017-KN-negative-dataset-FRV-SignalP-PredGPI.csv	355	A7TMC5	kn_unmatched
negative			20251017-KN-negative-dataset-FRV-SignalP-PredGPI.csv	356	P38636	kn_unmatched
negative			20251017-KN-negative-dataset-FRV-SignalP-PredGPI.csv	357	O74555	kn_unmatched
negative			20251017-KN-negative-dataset-FRV-SignalP-PredGPI.csv	358	P48445	kn_unmatched
negative			20251017-KN-negative-dataset-FRV-SignalP-PredGPI.csv	359	Q5KE13	kn_unmatched
negative			20251017-KN-negative-dataset-FRV-SignalP-PredGPI.csv	360	Q6BRL3	kn_unmatched
negative			20251017-KN-negative-dataset-FRV-SignalP-PredGPI.csv	361	Q7SAN9	kn_unmatched
negative			20251017-KN-negative-dataset-FRV-SignalP-PredGPI.csv	362	Q4PHA8	kn_unmatched
negative			20251017-KN-negative-dataset-FRV-SignalP-PredGPI.csv	363	Q12191	kn_unmatched
negative			20251017-KN-negative-dataset-FRV-SignalP-PredGPI.csv	364	A6ZRG7	kn_unmatched
negative			20251017-KN-negative-dataset-FRV-SignalP-PredGPI.csv	365	P53615	kn_unmatched
negative			20251017-KN-negative-dataset-FRV-SignalP-PredGPI.csv	366	P17555	kn_unmatched
negative			20251017-KN-negative-dataset-FRV-SignalP-PredGPI.csv	367	Q2UHU9	kn_unmatched
negative			20251017-KN-negative-dataset-FRV-SignalP-PredGPI.csv	368	Q6C6Y4	kn_unmatched
negative			20251017-KN-negative-dataset-FRV-SignalP-PredGPI.csv	369	Q5AML6	kn_unmatched
negative			20251017-KN-negative-dataset-FRV-SignalP-PredGPI.csv	370	Q6FRT2	kn_unmatched
negative			20251017-KN-negative-dataset-FRV-SignalP-PredGPI.csv	371	Q6BMM5	kn_unmatched
negative			20251017-KN-negative-dataset-FRV-SignalP-PredGPI.csv	372	Q6CEJ6	kn_unmatched
negative			20251017-KN-negative-dataset-FRV-SignalP-PredGPI.csv	373	Q6CIG2	kn_unmatched
negative			20251017-KN-negative-dataset-FRV-SignalP-PredGPI.csv	374	Q10357	kn_unmatched
negative			20251017-KN-negative-dataset-FRV-SignalP-PredGPI.csv	375	P38042	kn_unmatched
negative			20251017-KN-negative-dataset-FRV-SignalP-PredGPI.csv	376	Q4I174	kn_unmatched
negative			20251017-KN-negative-dataset-FRV-SignalP-PredGPI.csv	377	P27895	kn_unmatched
negative			20251017-KN-negative-dataset-FRV-SignalP-PredGPI.csv	378	P40509	kn_unmatched
negative	fungalrv2011_neg_0046	74591744	20251017-KN-negative-dataset-FRV-SignalP-PredGPI.csv	379	Q5AL10	direct_id_match
negative			20251017-KN-negative-dataset-FRV-SignalP-PredGPI.csv	380	Q4P821	kn_unmatched
negative			20251017-KN-negative-dataset-FRV-SignalP-PredGPI.csv	381	P14306	kn_unmatched
negative			20251017-KN-negative-dataset-FRV-SignalP-PredGPI.csv	382	Q4P804	kn_unmatched
negative			20251017-KN-negative-dataset-FRV-SignalP-PredGPI.csv	383	Q6BWH6	kn_unmatched
negative			20251017-KN-negative-dataset-FRV-SignalP-PredGPI.csv	384	O60184	kn_unmatched
negative			20251017-KN-negative-dataset-FRV-SignalP-PredGPI.csv	385	Q75E95	kn_unmatched
negative			20251017-KN-negative-dataset-FRV-SignalP-PredGPI.csv	386	Q9HDZ6	kn_unmatched
negative			20251017-KN-negative-dataset-FRV-SignalP-PredGPI.csv	387	Q9HGM9	kn_unmatched
negative			20251017-KN-negative-dataset-FRV-SignalP-PredGPI.csv	388	Q5AD49	kn_unmatched
negative			20251017-KN-negative-dataset-FRV-SignalP-PredGPI.csv	389	A7TT02	kn_unmatched
negative			20251017-KN-negative-dataset-FRV-SignalP-PredGPI.csv	390	Q6CCV4	kn_unmatched
negative			20251017-KN-negative-dataset-FRV-SignalP-PredGPI.csv	391	A7A031	kn_unmatched
negative			20251017-KN-negative-dataset-FRV-SignalP-PredGPI.csv	392	Q6BZF8	kn_unmatched
negative			20251017-KN-negative-dataset-FRV-SignalP-PredGPI.csv	393	P36041	kn_unmatched
negative			20251017-KN-negative-dataset-FRV-SignalP-PredGPI.csv	394	Q753U4	kn_unmatched
negative			20251017-KN-negative-dataset-FRV-SignalP-PredGPI.csv	395	Q5ALP1	kn_unmatched
negative			20251017-KN-negative-dataset-FRV-SignalP-PredGPI.csv	396	Q6FQE3	kn_unmatched
negative			20251017-KN-negative-dataset-FRV-SignalP-PredGPI.csv	397	Q6BJD4	kn_unmatched
negative			20251017-KN-negative-dataset-FRV-SignalP-PredGPI.csv	398	A3LTE2	kn_unmatched
negative			20251017-KN-negative-dataset-FRV-SignalP-PredGPI.csv	399	P53080	kn_unmatched
negative			20251017-KN-negative-dataset-FRV-SignalP-PredGPI.csv	400	Q6C1N1	kn_unmatched
negative			20251017-KN-negative-dataset-FRV-SignalP-PredGPI.csv	401	Q59ZV5	kn_unmatched
negative			20251017-KN-negative-dataset-FRV-SignalP-PredGPI.csv	402	A6RQZ9	kn_unmatched
negative			20251017-KN-negative-dataset-FRV-SignalP-PredGPI.csv	403	A7TH19	kn_unmatched
negative			20251017-KN-negative-dataset-FRV-SignalP-PredGPI.csv	404	Q5AJ82	kn_unmatched
negative			20251017-KN-negative-dataset-FRV-SignalP-PredGPI.csv	405	B3LRX9	kn_unmatched
negative			20251017-KN-negative-dataset-FRV-SignalP-PredGPI.csv	406	O74423	kn_unmatched
negative			20251017-KN-negative-dataset-FRV-SignalP-PredGPI.csv	407	Q05785	kn_unmatched
negative			20251017-KN-negative-dataset-FRV-SignalP-PredGPI.csv	408	P23637	kn_unmatched
negative			20251017-KN-negative-dataset-FRV-SignalP-PredGPI.csv	409	P28870	kn_unmatched
negative			20251017-KN-negative-dataset-FRV-SignalP-PredGPI.csv	410	Q05015	kn_unmatched
negative			20251017-KN-negative-dataset-FRV-SignalP-PredGPI.csv	411	Q96UF2	kn_unmatched
negative			20251017-KN-negative-dataset-FRV-SignalP-PredGPI.csv	412	Q7S986	kn_unmatched
negative			20251017-KN-negative-dataset-FRV-SignalP-PredGPI.csv	413	Q04739	kn_unmatched
negative			20251017-KN-negative-dataset-FRV-SignalP-PredGPI.csv	414	Q10282	kn_unmatched
negative			20251017-KN-negative-dataset-FRV-SignalP-PredGPI.csv	415	P38011	kn_unmatched
negative			20251017-KN-negative-dataset-FRV-SignalP-PredGPI.csv	416	P40208	kn_unmatched
negative			20251017-KN-negative-dataset-FRV-SignalP-PredGPI.csv	417	P53849	kn_unmatched
negative			20251017-KN-negative-dataset-FRV-SignalP-PredGPI.csv	418	Q96UG9	kn_unmatched
negative			20251017-KN-negative-dataset-FRV-SignalP-PredGPI.csv	419	P36156	kn_unmatched
negative			20251017-KN-negative-dataset-FRV-SignalP-PredGPI.csv	420	Q01766	kn_unmatched
negative			20251017-KN-negative-dataset-FRV-SignalP-PredGPI.csv	421	Q07653	kn_unmatched
negative			20251017-KN-negative-dataset-FRV-SignalP-PredGPI.csv	422	P69852	kn_unmatched
negative			20251017-KN-negative-dataset-FRV-SignalP-PredGPI.csv	423	Q6CRM3	kn_unmatched
negative			20251017-KN-negative-dataset-FRV-SignalP-PredGPI.csv	424	A7TGR0	kn_unmatched
negative			20251017-KN-negative-dataset-FRV-SignalP-PredGPI.csv	425	Q4PCS5	kn_unmatched
negative			20251017-KN-negative-dataset-FRV-SignalP-PredGPI.csv	426	Q07551	kn_unmatched
negative			20251017-KN-negative-dataset-FRV-SignalP-PredGPI.csv	427	P25045	kn_unmatched
negative			20251017-KN-negative-dataset-FRV-SignalP-PredGPI.csv	428	Q6CWN7	kn_unmatched
negative			20251017-KN-negative-dataset-FRV-SignalP-PredGPI.csv	429	P40070	kn_unmatched
negative			20251017-KN-negative-dataset-FRV-SignalP-PredGPI.csv	430	Q4PG71	kn_unmatched
negative			20251017-KN-negative-dataset-FRV-SignalP-PredGPI.csv	431	O94289	kn_unmatched
negative			20251017-KN-negative-dataset-FRV-SignalP-PredGPI.csv	432	A6ZP43	kn_unmatched
negative			20251017-KN-negative-dataset-FRV-SignalP-PredGPI.csv	433	O60200	kn_unmatched
negative			20251017-KN-negative-dataset-FRV-SignalP-PredGPI.csv	434	O74411	kn_unmatched
negative			20251017-KN-negative-dataset-FRV-SignalP-PredGPI.csv	435	P84149	kn_unmatched
negative			20251017-KN-negative-dataset-FRV-SignalP-PredGPI.csv	436	Q9UR06	kn_unmatched
negative			20251017-KN-negative-dataset-FRV-SignalP-PredGPI.csv	437	P40484	kn_unmatched
negative			20251017-KN-negative-dataset-FRV-SignalP-PredGPI.csv	438	B2WKU1	kn_unmatched
negative			20251017-KN-negative-dataset-FRV-SignalP-PredGPI.csv	439	Q12411	kn_unmatched
negative			20251017-KN-negative-dataset-FRV-SignalP-PredGPI.csv	440	Q59N20	kn_unmatched
negative			20251017-KN-negative-dataset-FRV-SignalP-PredGPI.csv	441	Q6CPW4	kn_unmatched
negative			20251017-KN-negative-dataset-FRV-SignalP-PredGPI.csv	442	A7TIN6	kn_unmatched
negative			20251017-KN-negative-dataset-FRV-SignalP-PredGPI.csv	443	Q03825	kn_unmatched
negative			20251017-KN-negative-dataset-FRV-SignalP-PredGPI.csv	444	O14015	kn_unmatched
negative			20251017-KN-negative-dataset-FRV-SignalP-PredGPI.csv	445	O14183	kn_unmatched
negative			20251017-KN-negative-dataset-FRV-SignalP-PredGPI.csv	446	O74848	kn_unmatched
negative			20251017-KN-negative-dataset-FRV-SignalP-PredGPI.csv	447	Q03735	kn_unmatched
negative			20251017-KN-negative-dataset-FRV-SignalP-PredGPI.csv	448	Q6FJD5	kn_unmatched
negative			20251017-KN-negative-dataset-FRV-SignalP-PredGPI.csv	449	Q08689	kn_unmatched
negative			20251017-KN-negative-dataset-FRV-SignalP-PredGPI.csv	450	Q12163	kn_unmatched
negative			20251017-KN-negative-dataset-FRV-SignalP-PredGPI.csv	451	O74333	kn_unmatched
negative			20251017-KN-negative-dataset-FRV-SignalP-PredGPI.csv	452	Q08887	kn_unmatched
negative			20251017-KN-negative-dataset-FRV-SignalP-PredGPI.csv	453	Q6FQJ4	kn_unmatched
negative			20251017-KN-negative-dataset-FRV-SignalP-PredGPI.csv	454	A7TDL7	kn_unmatched
negative			20251017-KN-negative-dataset-FRV-SignalP-PredGPI.csv	455	A6ZS83	kn_unmatched
negative			20251017-KN-negative-dataset-FRV-SignalP-PredGPI.csv	456	A5DXA0	kn_unmatched
negative			20251017-KN-negative-dataset-FRV-SignalP-PredGPI.csv	457	Q75AA5	kn_unmatched
negative			20251017-KN-negative-dataset-FRV-SignalP-PredGPI.csv	458	P32336	kn_unmatched
negative			20251017-KN-negative-dataset-FRV-SignalP-PredGPI.csv	459	O60175	kn_unmatched
negative			20251017-KN-negative-dataset-FRV-SignalP-PredGPI.csv	460	Q08202	kn_unmatched
negative			20251017-KN-negative-dataset-FRV-SignalP-PredGPI.csv	461	Q2GSX8	kn_unmatched
negative			20251017-KN-negative-dataset-FRV-SignalP-PredGPI.csv	462	A5DW14	kn_unmatched
negative			20251017-KN-negative-dataset-FRV-SignalP-PredGPI.csv	463	Q873Y3	kn_unmatched
negative			20251017-KN-negative-dataset-FRV-SignalP-PredGPI.csv	464	Q7RVQ8	kn_unmatched
negative			20251017-KN-negative-dataset-FRV-SignalP-PredGPI.csv	465	Q9C1A4	kn_unmatched
negative			20251017-KN-negative-dataset-FRV-SignalP-PredGPI.csv	466	P78978	kn_unmatched
negative			20251017-KN-negative-dataset-FRV-SignalP-PredGPI.csv	467	A6R7X5	kn_unmatched
negative			20251017-KN-negative-dataset-FRV-SignalP-PredGPI.csv	468	Q75AA0	kn_unmatched
negative			20251017-KN-negative-dataset-FRV-SignalP-PredGPI.csv	469	Q6FPQ7	kn_unmatched
negative			20251017-KN-negative-dataset-FRV-SignalP-PredGPI.csv	470	Q6BNL1	kn_unmatched
negative			20251017-KN-negative-dataset-FRV-SignalP-PredGPI.csv	471	Q6CQX9	kn_unmatched
negative			20251017-KN-negative-dataset-FRV-SignalP-PredGPI.csv	472	A5DVD6	kn_unmatched
negative			20251017-KN-negative-dataset-FRV-SignalP-PredGPI.csv	473	Q7SAT8	kn_unmatched
negative			20251017-KN-negative-dataset-FRV-SignalP-PredGPI.csv	474	Q10172	kn_unmatched
negative			20251017-KN-negative-dataset-FRV-SignalP-PredGPI.csv	475	A7TSV7	kn_unmatched
negative			20251017-KN-negative-dataset-FRV-SignalP-PredGPI.csv	476	Q6C908	kn_unmatched
negative			20251017-KN-negative-dataset-FRV-SignalP-PredGPI.csv	477	P32521	kn_unmatched
negative			20251017-KN-negative-dataset-FRV-SignalP-PredGPI.csv	478	Q5APK0	kn_unmatched
negative			20251017-KN-negative-dataset-FRV-SignalP-PredGPI.csv	479	O74962	kn_unmatched
negative			20251017-KN-negative-dataset-FRV-SignalP-PredGPI.csv	480	Q04430	kn_unmatched
negative			20251017-KN-negative-dataset-FRV-SignalP-PredGPI.csv	481	Q07362	kn_unmatched
negative			20251017-KN-negative-dataset-FRV-SignalP-PredGPI.csv	482	Q9UUK0	kn_unmatched
negative			20251017-KN-negative-dataset-FRV-SignalP-PredGPI.csv	483	Q06608	kn_unmatched
negative			20251017-KN-negative-dataset-FRV-SignalP-PredGPI.csv	484	Q6FTX7	kn_unmatched
negative			20251017-KN-negative-dataset-FRV-SignalP-PredGPI.csv	485	Q6CN41	kn_unmatched
negative			20251017-KN-negative-dataset-FRV-SignalP-PredGPI.csv	486	P39108	kn_unmatched
negative			20251017-KN-negative-dataset-FRV-SignalP-PredGPI.csv	487	O74478	kn_unmatched
negative			20251017-KN-negative-dataset-FRV-SignalP-PredGPI.csv	488	Q9P931	kn_unmatched
negative			20251017-KN-negative-dataset-FRV-SignalP-PredGPI.csv	489	Q06449	kn_unmatched
negative			20251017-KN-negative-dataset-FRV-SignalP-PredGPI.csv	490	Q6CLZ6	kn_unmatched
negative			20251017-KN-negative-dataset-FRV-SignalP-PredGPI.csv	491	P39008	kn_unmatched
negative			20251017-KN-negative-dataset-FRV-SignalP-PredGPI.csv	492	P41893	kn_unmatched
negative			20251017-KN-negative-dataset-FRV-SignalP-PredGPI.csv	493	Q5B4E7	kn_unmatched
negative			20251017-KN-negative-dataset-FRV-SignalP-PredGPI.csv	494	Q9USS2	kn_unmatched
negative			20251017-KN-negative-dataset-FRV-SignalP-PredGPI.csv	495	P39825	kn_unmatched
negative			20251017-KN-negative-dataset-FRV-SignalP-PredGPI.csv	496	Q5KDR4	kn_unmatched
negative			20251017-KN-negative-dataset-FRV-SignalP-PredGPI.csv	497	P50109	kn_unmatched
negative			20251017-KN-negative-dataset-FRV-SignalP-PredGPI.csv	498	P34222	kn_unmatched
negative			20251017-KN-negative-dataset-FRV-SignalP-PredGPI.csv	499	P32588	kn_unmatched
negative			20251017-KN-negative-dataset-FRV-SignalP-PredGPI.csv	500	Q12221	kn_unmatched
negative			20251017-KN-negative-dataset-FRV-SignalP-PredGPI.csv	501	Q7Z892	kn_unmatched
negative			20251017-KN-negative-dataset-FRV-SignalP-PredGPI.csv	502	O13800	kn_unmatched
negative			20251017-KN-negative-dataset-FRV-SignalP-PredGPI.csv	503	Q99188	kn_unmatched
negative			20251017-KN-negative-dataset-FRV-SignalP-PredGPI.csv	504	P14120	kn_unmatched
negative			20251017-KN-negative-dataset-FRV-SignalP-PredGPI.csv	505	Q9UTK2	kn_unmatched
negative			20251017-KN-negative-dataset-FRV-SignalP-PredGPI.csv	506	Q4P6V4	kn_unmatched
negative			20251017-KN-negative-dataset-FRV-SignalP-PredGPI.csv	507	Q0UR95	kn_unmatched
negative			20251017-KN-negative-dataset-FRV-SignalP-PredGPI.csv	508	Q9P794	kn_unmatched
negative			20251017-KN-negative-dataset-FRV-SignalP-PredGPI.csv	509	P39743	kn_unmatched
negative			20251017-KN-negative-dataset-FRV-SignalP-PredGPI.csv	510	P38804	kn_unmatched
negative			20251017-KN-negative-dataset-FRV-SignalP-PredGPI.csv	511	A6QT51	kn_unmatched
negative			20251017-KN-negative-dataset-FRV-SignalP-PredGPI.csv	512	A6S3N2	kn_unmatched
negative			20251017-KN-negative-dataset-FRV-SignalP-PredGPI.csv	513	Q2GLX8	kn_unmatched
negative			20251017-KN-negative-dataset-FRV-SignalP-PredGPI.csv	514	A5DSN2	kn_unmatched
negative			20251017-KN-negative-dataset-FRV-SignalP-PredGPI.csv	515	Q9UTH8	kn_unmatched
negative			20251017-KN-negative-dataset-FRV-SignalP-PredGPI.csv	516	P40561	kn_unmatched
negative			20251017-KN-negative-dataset-FRV-SignalP-PredGPI.csv	517	O13797	kn_unmatched
negative			20251017-KN-negative-dataset-FRV-SignalP-PredGPI.csv	518	Q06315	kn_unmatched
negative			20251017-KN-negative-dataset-FRV-SignalP-PredGPI.csv	519	O13736	kn_unmatched
negative			20251017-KN-negative-dataset-FRV-SignalP-PredGPI.csv	520	A7E8B6	kn_unmatched
negative			20251017-KN-negative-dataset-FRV-SignalP-PredGPI.csv	521	Q6CHN0	kn_unmatched
negative			20251017-KN-negative-dataset-FRV-SignalP-PredGPI.csv	522	A6ZKU1	kn_unmatched
negative			20251017-KN-negative-dataset-FRV-SignalP-PredGPI.csv	523	Q9P7S6	kn_unmatched
negative			20251017-KN-negative-dataset-FRV-SignalP-PredGPI.csv	524	Q5AD77	kn_unmatched
negative			20251017-KN-negative-dataset-FRV-SignalP-PredGPI.csv	525	O42724	kn_unmatched
negative			20251017-KN-negative-dataset-FRV-SignalP-PredGPI.csv	526	Q59QH6	kn_unmatched
negative			20251017-KN-negative-dataset-FRV-SignalP-PredGPI.csv	527	P09007	kn_unmatched
negative			20251017-KN-negative-dataset-FRV-SignalP-PredGPI.csv	528	Q9P372	kn_unmatched
negative			20251017-KN-negative-dataset-FRV-SignalP-PredGPI.csv	529	P38985	kn_unmatched
negative			20251017-KN-negative-dataset-FRV-SignalP-PredGPI.csv	530	P32342	kn_unmatched
negative			20251017-KN-negative-dataset-FRV-SignalP-PredGPI.csv	531	Q6C3D7	kn_unmatched
negative			20251017-KN-negative-dataset-FRV-SignalP-PredGPI.csv	532	P15705	kn_unmatched
negative			20251017-KN-negative-dataset-FRV-SignalP-PredGPI.csv	533	Q755L7	kn_unmatched
negative			20251017-KN-negative-dataset-FRV-SignalP-PredGPI.csv	534	Q5BH63	kn_unmatched
negative			20251017-KN-negative-dataset-FRV-SignalP-PredGPI.csv	535	Q03088	kn_unmatched
negative			20251017-KN-negative-dataset-FRV-SignalP-PredGPI.csv	536	Q8SWI4	kn_unmatched
negative			20251017-KN-negative-dataset-FRV-SignalP-PredGPI.csv	537	Q6BP09	kn_unmatched
negative			20251017-KN-negative-dataset-FRV-SignalP-PredGPI.csv	538	Q9UQW6	kn_unmatched
negative			20251017-KN-negative-dataset-FRV-SignalP-PredGPI.csv	539	P53738	kn_unmatched
negative			20251017-KN-negative-dataset-FRV-SignalP-PredGPI.csv	540	O43041	kn_unmatched
negative			20251017-KN-negative-dataset-FRV-SignalP-PredGPI.csv	541	P22217	kn_unmatched
negative			20251017-KN-negative-dataset-FRV-SignalP-PredGPI.csv	542	P51978	kn_unmatched
negative			20251017-KN-negative-dataset-FRV-SignalP-PredGPI.csv	543	O74933	kn_unmatched
negative			20251017-KN-negative-dataset-FRV-SignalP-PredGPI.csv	544	A6R989	kn_unmatched
negative			20251017-KN-negative-dataset-FRV-SignalP-PredGPI.csv	545	Q6CQV5	kn_unmatched
negative			20251017-KN-negative-dataset-FRV-SignalP-PredGPI.csv	546	A6ZTT3	kn_unmatched
negative			20251017-KN-negative-dataset-FRV-SignalP-PredGPI.csv	547	Q9C2N1	kn_unmatched
negative			20251017-KN-negative-dataset-FRV-SignalP-PredGPI.csv	548	Q9P6R1	kn_unmatched
negative			20251017-KN-negative-dataset-FRV-SignalP-PredGPI.csv	549	P37370	kn_unmatched
negative			20251017-KN-negative-dataset-FRV-SignalP-PredGPI.csv	550	Q758Y4	kn_unmatched
negative			20251017-KN-negative-dataset-FRV-SignalP-PredGPI.csv	551	Q5AI80	kn_unmatched
negative			20251017-KN-negative-dataset-FRV-SignalP-PredGPI.csv	552	Q6FM94	kn_unmatched
negative			20251017-KN-negative-dataset-FRV-SignalP-PredGPI.csv	553	Q6BSL1	kn_unmatched
negative			20251017-KN-negative-dataset-FRV-SignalP-PredGPI.csv	554	Q6CY29	kn_unmatched
negative			20251017-KN-negative-dataset-FRV-SignalP-PredGPI.csv	555	Q6CHK0	kn_unmatched
negative			20251017-KN-negative-dataset-FRV-SignalP-PredGPI.csv	556	Q08831	kn_unmatched
negative			20251017-KN-negative-dataset-FRV-SignalP-PredGPI.csv	557	Q07655	kn_unmatched
negative			20251017-KN-negative-dataset-FRV-SignalP-PredGPI.csv	558	O36027	kn_unmatched
negative			20251017-KN-negative-dataset-FRV-SignalP-PredGPI.csv	559	O94619	kn_unmatched
negative			20251017-KN-negative-dataset-FRV-SignalP-PredGPI.csv	560	Q04925	kn_unmatched
negative			20251017-KN-negative-dataset-FRV-SignalP-PredGPI.csv	561	O14113	kn_unmatched
negative			20251017-KN-negative-dataset-FRV-SignalP-PredGPI.csv	562	O94564	kn_unmatched
negative			20251017-KN-negative-dataset-FRV-SignalP-PredGPI.csv	563	O43024	kn_unmatched
negative			20251017-KN-negative-dataset-FRV-SignalP-PredGPI.csv	564	Q05809	kn_unmatched
negative			20251017-KN-negative-dataset-FRV-SignalP-PredGPI.csv	565	Q9UUK3	kn_unmatched
negative			20251017-KN-negative-dataset-FRV-SignalP-PredGPI.csv	566	O59707	kn_unmatched
negative			20251017-KN-negative-dataset-FRV-SignalP-PredGPI.csv	567	O13598	kn_unmatched
negative			20251017-KN-negative-dataset-FRV-SignalP-PredGPI.csv	568	Q08954	kn_unmatched
negative			20251017-KN-negative-dataset-FRV-SignalP-PredGPI.csv	569	Q06325	kn_unmatched
negative			20251017-KN-negative-dataset-FRV-SignalP-PredGPI.csv	570	O74522	kn_unmatched
negative			20251017-KN-negative-dataset-FRV-SignalP-PredGPI.csv	571	Q9UTC0	kn_unmatched
negative			20251017-KN-negative-dataset-FRV-SignalP-PredGPI.csv	572	P25613	kn_unmatched
negative			20251017-KN-negative-dataset-FRV-SignalP-PredGPI.csv	573	Q524W4	kn_unmatched
negative			20251017-KN-negative-dataset-FRV-SignalP-PredGPI.csv	574	A7TPY4	kn_unmatched
negative			20251017-KN-negative-dataset-FRV-SignalP-PredGPI.csv	575	P10977	kn_unmatched
negative	fungalrv2011_neg_0009	1168803	20251017-KN-negative-dataset-FRV-SignalP-PredGPI.csv	576	P30574	direct_id_match
negative			20251017-KN-negative-dataset-FRV-SignalP-PredGPI.csv	577	P38865	kn_unmatched
negative			20251017-KN-negative-dataset-FRV-SignalP-PredGPI.csv	578	Q6C4W5	kn_unmatched
negative			20251017-KN-negative-dataset-FRV-SignalP-PredGPI.csv	579	Q9C1W8	kn_unmatched
negative			20251017-KN-negative-dataset-FRV-SignalP-PredGPI.csv	580	Q12241	kn_unmatched
negative			20251017-KN-negative-dataset-FRV-SignalP-PredGPI.csv	581	Q02948	kn_unmatched
negative			20251017-KN-negative-dataset-FRV-SignalP-PredGPI.csv	582	Q6C7M4	kn_unmatched
negative			20251017-KN-negative-dataset-FRV-SignalP-PredGPI.csv	583	O94401	kn_unmatched
negative			20251017-KN-negative-dataset-FRV-SignalP-PredGPI.csv	584	O93938	kn_unmatched
negative			20251017-KN-negative-dataset-FRV-SignalP-PredGPI.csv	585	P22804	kn_unmatched
negative			20251017-KN-negative-dataset-FRV-SignalP-PredGPI.csv	586	Q6CRX0	kn_unmatched
negative			20251017-KN-negative-dataset-FRV-SignalP-PredGPI.csv	587	Q5K9Y1	kn_unmatched
negative			20251017-KN-negative-dataset-FRV-SignalP-PredGPI.csv	588	P17898	kn_unmatched
negative			20251017-KN-negative-dataset-FRV-SignalP-PredGPI.csv	589	Q12743	kn_unmatched
negative			20251017-KN-negative-dataset-FRV-SignalP-PredGPI.csv	590	P32360	kn_unmatched
negative			20251017-KN-negative-dataset-FRV-SignalP-PredGPI.csv	591	Q03103	kn_unmatched
negative			20251017-KN-negative-dataset-FRV-SignalP-PredGPI.csv	592	P39704	kn_unmatched
negative			20251017-KN-negative-dataset-FRV-SignalP-PredGPI.csv	593	P38819	kn_unmatched
negative			20251017-KN-negative-dataset-FRV-SignalP-PredGPI.csv	594	A6RJQ8	kn_unmatched
negative			20251017-KN-negative-dataset-FRV-SignalP-PredGPI.csv	595	Q5ADN8	kn_unmatched
negative			20251017-KN-negative-dataset-FRV-SignalP-PredGPI.csv	596	Q12520	kn_unmatched
negative			20251017-KN-negative-dataset-FRV-SignalP-PredGPI.csv	597	Q6C994	kn_unmatched
negative			20251017-KN-negative-dataset-FRV-SignalP-PredGPI.csv	598	P41821	kn_unmatched
negative			20251017-KN-negative-dataset-FRV-SignalP-PredGPI.csv	599	Q6CHP1	kn_unmatched
negative			20251017-KN-negative-dataset-FRV-SignalP-PredGPI.csv	600	Q09688	kn_unmatched
negative			20251017-KN-negative-dataset-FRV-SignalP-PredGPI.csv	601	Q5AZB4	kn_unmatched
negative			20251017-KN-negative-dataset-FRV-SignalP-PredGPI.csv	602	Q9UTC8	kn_unmatched
negative			20251017-KN-negative-dataset-FRV-SignalP-PredGPI.csv	603	Q02795	kn_unmatched
negative			20251017-KN-negative-dataset-FRV-SignalP-PredGPI.csv	604	Q9P7Y3	kn_unmatched
negative			20251017-KN-negative-dataset-FRV-SignalP-PredGPI.csv	605	A6RBY1	kn_unmatched
negative			20251017-KN-negative-dataset-FRV-SignalP-PredGPI.csv	606	A6S3W1	kn_unmatched
negative			20251017-KN-negative-dataset-FRV-SignalP-PredGPI.csv	607	Q6FKL3	kn_unmatched
negative			20251017-KN-negative-dataset-FRV-SignalP-PredGPI.csv	608	O14103	kn_unmatched
negative			20251017-KN-negative-dataset-FRV-SignalP-PredGPI.csv	609	Q04947	kn_unmatched
negative			20251017-KN-negative-dataset-FRV-SignalP-PredGPI.csv	610	Q6BVA7	kn_unmatched
negative			20251017-KN-negative-dataset-FRV-SignalP-PredGPI.csv	611	P52871	kn_unmatched
negative			20251017-KN-negative-dataset-FRV-SignalP-PredGPI.csv	612	Q6CRY8	kn_unmatched
negative			20251017-KN-negative-dataset-FRV-SignalP-PredGPI.csv	613	Q9HGM4	kn_unmatched
negative			20251017-KN-negative-dataset-FRV-SignalP-PredGPI.csv	614	P11655	kn_unmatched
negative			20251017-KN-negative-dataset-FRV-SignalP-PredGPI.csv	615	Q75A30	kn_unmatched
negative			20251017-KN-negative-dataset-FRV-SignalP-PredGPI.csv	616	Q6FNU4	kn_unmatched
negative			20251017-KN-negative-dataset-FRV-SignalP-PredGPI.csv	617	A5DTX3	kn_unmatched
negative			20251017-KN-negative-dataset-FRV-SignalP-PredGPI.csv	618	Q6C4R5	kn_unmatched
negative			20251017-KN-negative-dataset-FRV-SignalP-PredGPI.csv	619	Q03784	kn_unmatched
negative			20251017-KN-negative-dataset-FRV-SignalP-PredGPI.csv	620	Q750C9	kn_unmatched
negative			20251017-KN-negative-dataset-FRV-SignalP-PredGPI.csv	621	Q6CMG6	kn_unmatched
negative			20251017-KN-negative-dataset-FRV-SignalP-PredGPI.csv	622	Q08926	kn_unmatched
negative			20251017-KN-negative-dataset-FRV-SignalP-PredGPI.csv	623	Q75EI3	kn_unmatched
negative			20251017-KN-negative-dataset-FRV-SignalP-PredGPI.csv	624	P40004	kn_unmatched
negative			20251017-KN-negative-dataset-FRV-SignalP-PredGPI.csv	625	P53845	kn_unmatched
negative			20251017-KN-negative-dataset-FRV-SignalP-PredGPI.csv	626	O94348	kn_unmatched
negative			20251017-KN-negative-dataset-FRV-SignalP-PredGPI.csv	627	P53039	kn_unmatched
negative			20251017-KN-negative-dataset-FRV-SignalP-PredGPI.csv	628	P28321	kn_unmatched
negative			20251017-KN-negative-dataset-FRV-SignalP-PredGPI.csv	629	Q9P7G3	kn_unmatched
negative			20251017-KN-negative-dataset-FRV-SignalP-PredGPI.csv	630	Q9P7Q0	kn_unmatched
negative			20251017-KN-negative-dataset-FRV-SignalP-PredGPI.csv	631	O59774	kn_unmatched
negative			20251017-KN-negative-dataset-FRV-SignalP-PredGPI.csv	632	P01123	kn_unmatched
negative			20251017-KN-negative-dataset-FRV-SignalP-PredGPI.csv	633	P38374	kn_unmatched
negative			20251017-KN-negative-dataset-FRV-SignalP-PredGPI.csv	634	P47064	kn_unmatched
negative			20251017-KN-negative-dataset-FRV-SignalP-PredGPI.csv	635	P40994	kn_unmatched
negative			20251017-KN-negative-dataset-FRV-SignalP-PredGPI.csv	636	Q6FIW0	kn_unmatched
negative			20251017-KN-negative-dataset-FRV-SignalP-PredGPI.csv	637	Q6BM18	kn_unmatched
negative			20251017-KN-negative-dataset-FRV-SignalP-PredGPI.csv	638	Q6CXQ8	kn_unmatched
negative			20251017-KN-negative-dataset-FRV-SignalP-PredGPI.csv	639	Q6CBS9	kn_unmatched
negative			20251017-KN-negative-dataset-FRV-SignalP-PredGPI.csv	640	P34237	kn_unmatched
negative			20251017-KN-negative-dataset-FRV-SignalP-PredGPI.csv	641	P53195	kn_unmatched
negative			20251017-KN-negative-dataset-FRV-SignalP-PredGPI.csv	642	P38682	kn_unmatched
negative			20251017-KN-negative-dataset-FRV-SignalP-PredGPI.csv	643	P38736	kn_unmatched
negative			20251017-KN-negative-dataset-FRV-SignalP-PredGPI.csv	644	Q00310	kn_unmatched
negative			20251017-KN-negative-dataset-FRV-SignalP-PredGPI.csv	645	O94183	kn_unmatched
negative			20251017-KN-negative-dataset-FRV-SignalP-PredGPI.csv	646	P45816	kn_unmatched
negative			20251017-KN-negative-dataset-FRV-SignalP-PredGPI.csv	647	P43682	kn_unmatched
negative			20251017-KN-negative-dataset-FRV-SignalP-PredGPI.csv	648	Q9P6K1	kn_unmatched
negative			20251017-KN-negative-dataset-FRV-SignalP-PredGPI.csv	649	O74375	kn_unmatched
negative			20251017-KN-negative-dataset-FRV-SignalP-PredGPI.csv	650	Q74ZP5	kn_unmatched
negative			20251017-KN-negative-dataset-FRV-SignalP-PredGPI.csv	651	Q5APA2	kn_unmatched
negative			20251017-KN-negative-dataset-other-features.csv	1	1403546	kn_unmatched
negative			20251017-KN-negative-dataset-other-features.csv	2	74625380	kn_unmatched
negative			20251017-KN-negative-dataset-other-features.csv	3	O42724	kn_unmatched
negative			20251017-KN-negative-dataset-other-features.csv	4	1711459	kn_unmatched
negative			20251017-KN-negative-dataset-other-features.csv	5	74676455	kn_unmatched
negative			20251017-KN-negative-dataset-other-features.csv	6	558257	kn_unmatched
negative			20251017-KN-negative-dataset-other-features.csv	7	Q6BJD4	kn_unmatched
negative			20251017-KN-negative-dataset-other-features.csv	8	239938728	kn_unmatched
negative			20251017-KN-negative-dataset-other-features.csv	9	Q6CIG2	kn_unmatched
negative			20251017-KN-negative-dataset-other-features.csv	10	Q09688	kn_unmatched
negative			20251017-KN-negative-dataset-other-features.csv	11	2494678	kn_unmatched
negative			20251017-KN-negative-dataset-other-features.csv	12	Q6CXQ8	kn_unmatched
negative			20251017-KN-negative-dataset-other-features.csv	13	93141247	kn_unmatched
negative			20251017-KN-negative-dataset-other-features.csv	14	1170954	kn_unmatched
negative			20251017-KN-negative-dataset-other-features.csv	15	P41821	kn_unmatched
negative			20251017-KN-negative-dataset-other-features.csv	16	Q5AD77	kn_unmatched
negative			20251017-KN-negative-dataset-other-features.csv	17	Q07653	kn_unmatched
negative			20251017-KN-negative-dataset-other-features.csv	18	A3LTE2	kn_unmatched
negative			20251017-KN-negative-dataset-other-features.csv	19	74581989	kn_unmatched
negative			20251017-KN-negative-dataset-other-features.csv	20	1346099	kn_unmatched
negative			20251017-KN-negative-dataset-other-features.csv	21	Q6CTH8	kn_unmatched
negative			20251017-KN-negative-dataset-other-features.csv	22	Q6BP09	kn_unmatched
negative			20251017-KN-negative-dataset-other-features.csv	23	2829437	kn_unmatched
negative			20251017-KN-negative-dataset-other-features.csv	24	Q6C6Y4	kn_unmatched
negative			20251017-KN-negative-dataset-other-features.csv	25	Q9UTC0	kn_unmatched
negative			20251017-KN-negative-dataset-other-features.csv	26	Q6CRM3	kn_unmatched
negative			20251017-KN-negative-dataset-other-features.csv	27	A7A031	kn_unmatched
negative			20251017-KN-negative-dataset-other-features.csv	28	74583758	kn_unmatched
negative			20251017-KN-negative-dataset-other-features.csv	29	Q08887	kn_unmatched
negative			20251017-KN-negative-dataset-other-features.csv	30	O43024	kn_unmatched
negative			20251017-KN-negative-dataset-other-features.csv	31	Q9UTC8	kn_unmatched
negative			20251017-KN-negative-dataset-other-features.csv	32	417695	kn_unmatched
negative			20251017-KN-negative-dataset-other-features.csv	33	Q6C7M4	kn_unmatched
negative			20251017-KN-negative-dataset-other-features.csv	34	73917073	kn_unmatched
negative			20251017-KN-negative-dataset-other-features.csv	35	Q6FIW0	kn_unmatched
negative			20251017-KN-negative-dataset-other-features.csv	36	124393	kn_unmatched
negative			20251017-KN-negative-dataset-other-features.csv	37	Q6BM18	kn_unmatched
negative			20251017-KN-negative-dataset-other-features.csv	38	128907	kn_unmatched
negative			20251017-KN-negative-dataset-other-features.csv	39	56757623	kn_unmatched
negative			20251017-KN-negative-dataset-other-features.csv	40	Q6FQE3	kn_unmatched
negative			20251017-KN-negative-dataset-other-features.csv	41	Q10357	kn_unmatched
negative			20251017-KN-negative-dataset-other-features.csv	42	1353025	kn_unmatched
negative			20251017-KN-negative-dataset-other-features.csv	43	Q5ALP1	kn_unmatched
negative			20251017-KN-negative-dataset-other-features.csv	44	73622239	kn_unmatched
negative			20251017-KN-negative-dataset-other-features.csv	45	Q12163	kn_unmatched
negative			20251017-KN-negative-dataset-other-features.csv	46	128575	kn_unmatched
negative			20251017-KN-negative-dataset-other-features.csv	47	P32342	kn_unmatched
negative			20251017-KN-negative-dataset-other-features.csv	48	Q7Z892	kn_unmatched
negative			20251017-KN-negative-dataset-other-features.csv	49	O59774	kn_unmatched
negative			20251017-KN-negative-dataset-other-features.csv	50	P37370	kn_unmatched
negative			20251017-KN-negative-dataset-other-features.csv	51	P09007	kn_unmatched
negative			20251017-KN-negative-dataset-other-features.csv	52	476061	kn_unmatched
negative			20251017-KN-negative-dataset-other-features.csv	53	74606321	kn_unmatched
negative			20251017-KN-negative-dataset-other-features.csv	54	Q6CQV5	kn_unmatched
negative			20251017-KN-negative-dataset-other-features.csv	55	1050787	kn_unmatched
negative			20251017-KN-negative-dataset-other-features.csv	56	223634670	kn_unmatched
negative			20251017-KN-negative-dataset-other-features.csv	57	Q75E95	kn_unmatched
negative			20251017-KN-negative-dataset-other-features.csv	58	O74522	kn_unmatched
negative			20251017-KN-negative-dataset-other-features.csv	59	74624848	kn_unmatched
negative			20251017-KN-negative-dataset-other-features.csv	60	Q9HGM4	kn_unmatched
negative			20251017-KN-negative-dataset-other-features.csv	61	Q06325	kn_unmatched
negative			20251017-KN-negative-dataset-other-features.csv	62	2131183	kn_unmatched
negative			20251017-KN-negative-dataset-other-features.csv	63	456151	kn_unmatched
negative			20251017-KN-negative-dataset-other-features.csv	64	487080	kn_unmatched
negative			20251017-KN-negative-dataset-other-features.csv	65	51701460	kn_unmatched
negative			20251017-KN-negative-dataset-other-features.csv	66	499001	kn_unmatched
negative			20251017-KN-negative-dataset-other-features.csv	67	O13736	kn_unmatched
negative			20251017-KN-negative-dataset-other-features.csv	68	1723241	kn_unmatched
negative			20251017-KN-negative-dataset-other-features.csv	69	P28870	kn_unmatched
negative			20251017-KN-negative-dataset-other-features.csv	70	74676085	kn_unmatched
negative			20251017-KN-negative-dataset-other-features.csv	71	74645058	kn_unmatched
negative			20251017-KN-negative-dataset-other-features.csv	72	454255	kn_unmatched
negative			20251017-KN-negative-dataset-other-features.csv	73	A5DTX3	kn_unmatched
negative			20251017-KN-negative-dataset-other-features.csv	74	O36027	kn_unmatched
negative			20251017-KN-negative-dataset-other-features.csv	75	P11655	kn_unmatched
negative			20251017-KN-negative-dataset-other-features.csv	76	74625426	kn_unmatched
negative			20251017-KN-negative-dataset-other-features.csv	77	Q9P7S6	kn_unmatched
negative			20251017-KN-negative-dataset-other-features.csv	78	Q06449	kn_unmatched
negative			20251017-KN-negative-dataset-other-features.csv	79	1730804	kn_unmatched
negative			20251017-KN-negative-dataset-other-features.csv	80	1077135	kn_unmatched
negative			20251017-KN-negative-dataset-other-features.csv	81	2498781	kn_unmatched
negative			20251017-KN-negative-dataset-other-features.csv	82	Q2UHU9	kn_unmatched
negative			20251017-KN-negative-dataset-other-features.csv	83	Q9P6R1	kn_unmatched
negative			20251017-KN-negative-dataset-other-features.csv	84	24636247	kn_unmatched
negative			20251017-KN-negative-dataset-other-features.csv	85	74655046	kn_unmatched
negative			20251017-KN-negative-dataset-other-features.csv	86	849175	kn_unmatched
negative			20251017-KN-negative-dataset-other-features.csv	87	Q6C1N1	kn_unmatched
negative			20251017-KN-negative-dataset-other-features.csv	88	Q6BZF8	kn_unmatched
negative			20251017-KN-negative-dataset-other-features.csv	89	P10977	kn_unmatched
negative			20251017-KN-negative-dataset-other-features.csv	90	74644914	kn_unmatched
negative			20251017-KN-negative-dataset-other-features.csv	91	Q05809	kn_unmatched
negative			20251017-KN-negative-dataset-other-features.csv	92	1749466	kn_unmatched
negative			20251017-KN-negative-dataset-other-features.csv	93	P53195	kn_unmatched
negative			20251017-KN-negative-dataset-other-features.csv	94	74605122	kn_unmatched
negative			20251017-KN-negative-dataset-other-features.csv	95	74626838	kn_unmatched
negative			20251017-KN-negative-dataset-other-features.csv	96	20178142	kn_unmatched
negative			20251017-KN-negative-dataset-other-features.csv	97	Q03784	kn_unmatched
negative			20251017-KN-negative-dataset-other-features.csv	98	Q6CHN0	kn_unmatched
negative			20251017-KN-negative-dataset-other-features.csv	99	400839	kn_unmatched
negative	fungalrv2011_neg_0009	1168803	20251017-KN-negative-dataset-other-features.csv	100	P30574	direct_id_match
negative			20251017-KN-negative-dataset-other-features.csv	101	74676454	kn_unmatched
negative			20251017-KN-negative-dataset-other-features.csv	102	Q04925	kn_unmatched
negative			20251017-KN-negative-dataset-other-features.csv	103	Q873Y3	kn_unmatched
negative			20251017-KN-negative-dataset-other-features.csv	104	Q9P372	kn_unmatched
negative			20251017-KN-negative-dataset-other-features.csv	105	172047306	kn_unmatched
negative			20251017-KN-negative-dataset-other-features.csv	106	6322945	kn_unmatched
negative			20251017-KN-negative-dataset-other-features.csv	107	A6S3W1	kn_unmatched
negative			20251017-KN-negative-dataset-other-features.csv	108	Q03088	kn_unmatched
negative			20251017-KN-negative-dataset-other-features.csv	109	A6QT51	kn_unmatched
negative			20251017-KN-negative-dataset-other-features.csv	110	Q00310	kn_unmatched
negative			20251017-KN-negative-dataset-other-features.csv	111	Q10282	kn_unmatched
negative			20251017-KN-negative-dataset-other-features.csv	112	730823	kn_unmatched
negative			20251017-KN-negative-dataset-other-features.csv	113	P38985	kn_unmatched
negative			20251017-KN-negative-dataset-other-features.csv	114	Q6FJD5	kn_unmatched
negative			20251017-KN-negative-dataset-other-features.csv	115	Q6BRL3	kn_unmatched
negative			20251017-KN-negative-dataset-other-features.csv	116	P32521	kn_unmatched
negative			20251017-KN-negative-dataset-other-features.csv	117	Q08202	kn_unmatched
negative			20251017-KN-negative-dataset-other-features.csv	118	Q96UF2	kn_unmatched
negative			20251017-KN-negative-dataset-other-features.csv	119	A6RJQ8	kn_unmatched
negative			20251017-KN-negative-dataset-other-features.csv	120	P53615	kn_unmatched
negative			20251017-KN-negative-dataset-other-features.csv	121	Q07362	kn_unmatched
negative			20251017-KN-negative-dataset-other-features.csv	122	Q07655	kn_unmatched
negative			20251017-KN-negative-dataset-other-features.csv	123	Q5AML6	kn_unmatched
negative			20251017-KN-negative-dataset-other-features.csv	124	Q5BH63	kn_unmatched
negative			20251017-KN-negative-dataset-other-features.csv	125	67641	kn_unmatched
negative			20251017-KN-negative-dataset-other-features.csv	126	P36156	kn_unmatched
negative			20251017-KN-negative-dataset-other-features.csv	127	A7TT02	kn_unmatched
negative			20251017-KN-negative-dataset-other-features.csv	128	1722838	kn_unmatched
negative			20251017-KN-negative-dataset-other-features.csv	129	P40529	kn_unmatched
negative			20251017-KN-negative-dataset-other-features.csv	130	Q08926	kn_unmatched
negative			20251017-KN-negative-dataset-other-features.csv	131	A6ZP43	kn_unmatched
negative			20251017-KN-negative-dataset-other-features.csv	132	O60184	kn_unmatched
negative			20251017-KN-negative-dataset-other-features.csv	133	1703459	kn_unmatched
negative			20251017-KN-negative-dataset-other-features.csv	134	Q6BLG4	kn_unmatched
negative			20251017-KN-negative-dataset-other-features.csv	135	Q9UQW6	kn_unmatched
negative			20251017-KN-negative-dataset-other-features.csv	136	A6ZS83	kn_unmatched
negative			20251017-KN-negative-dataset-other-features.csv	137	14588903	kn_unmatched
negative			20251017-KN-negative-dataset-other-features.csv	138	P53849	kn_unmatched
negative			20251017-KN-negative-dataset-other-features.csv	139	2118150	kn_unmatched
negative			20251017-KN-negative-dataset-other-features.csv	140	Q9C1W8	kn_unmatched
negative			20251017-KN-negative-dataset-other-features.csv	141	1149546	kn_unmatched
negative			20251017-KN-negative-dataset-other-features.csv	142	422132	kn_unmatched
negative			20251017-KN-negative-dataset-other-features.csv	143	205829280	kn_unmatched
negative			20251017-KN-negative-dataset-other-features.csv	144	A7TSV7	kn_unmatched
negative			20251017-KN-negative-dataset-other-features.csv	145	P39704	kn_unmatched
negative			20251017-KN-negative-dataset-other-features.csv	146	68180	kn_unmatched
negative			20251017-KN-negative-dataset-other-features.csv	147	205829275	kn_unmatched
negative			20251017-KN-negative-dataset-other-features.csv	148	A5DVD6	kn_unmatched
negative			20251017-KN-negative-dataset-other-features.csv	149	Q6BML9	kn_unmatched
negative			20251017-KN-negative-dataset-other-features.csv	150	Q6CQX9	kn_unmatched
negative			20251017-KN-negative-dataset-other-features.csv	151	Q06315	kn_unmatched
negative			20251017-KN-negative-dataset-other-features.csv	152	453186	kn_unmatched
negative			20251017-KN-negative-dataset-other-features.csv	153	O94564	kn_unmatched
negative			20251017-KN-negative-dataset-other-features.csv	154	74609567	kn_unmatched
negative			20251017-KN-negative-dataset-other-features.csv	155	Q6FQJ4	kn_unmatched
negative			20251017-KN-negative-dataset-other-features.csv	156	Q75AA5	kn_unmatched
negative			20251017-KN-negative-dataset-other-features.csv	157	P38682	kn_unmatched
negative			20251017-KN-negative-dataset-other-features.csv	158	4379	kn_unmatched
negative			20251017-KN-negative-dataset-other-features.csv	159	A7TH19	kn_unmatched
negative			20251017-KN-negative-dataset-other-features.csv	160	71109	kn_unmatched
negative			20251017-KN-negative-dataset-other-features.csv	161	A6S3N2	kn_unmatched
negative			20251017-KN-negative-dataset-other-features.csv	162	Q74ZP5	kn_unmatched
negative			20251017-KN-negative-dataset-other-features.csv	163	2131182	kn_unmatched
negative			20251017-KN-negative-dataset-other-features.csv	164	82896	kn_unmatched
negative			20251017-KN-negative-dataset-other-features.csv	165	O14015	kn_unmatched
negative			20251017-KN-negative-dataset-other-features.csv	166	P34222	kn_unmatched
negative			20251017-KN-negative-dataset-other-features.csv	167	74605158	kn_unmatched
negative			20251017-KN-negative-dataset-other-features.csv	168	Q6FKL3	kn_unmatched
negative			20251017-KN-negative-dataset-other-features.csv	169	52783241	kn_unmatched
negative			20251017-KN-negative-dataset-other-features.csv	170	1835684	kn_unmatched
negative			20251017-KN-negative-dataset-other-features.csv	171	1723846	kn_unmatched
negative			20251017-KN-negative-dataset-other-features.csv	172	Q9UTH8	kn_unmatched
negative			20251017-KN-negative-dataset-other-features.csv	173	Q6FM94	kn_unmatched
negative			20251017-KN-negative-dataset-other-features.csv	174	1362455	kn_unmatched
negative	fungalrv2011_neg_0001	74591477	20251017-KN-negative-dataset-other-features.csv	175	74591477	direct_id_match
negative			20251017-KN-negative-dataset-other-features.csv	176	1078574	kn_unmatched
negative			20251017-KN-negative-dataset-other-features.csv	177	74583483	kn_unmatched
negative			20251017-KN-negative-dataset-other-features.csv	178	Q04430	kn_unmatched
negative			20251017-KN-negative-dataset-other-features.csv	179	Q7RVQ8	kn_unmatched
negative			20251017-KN-negative-dataset-other-features.csv	180	Q6CPW4	kn_unmatched
negative			20251017-KN-negative-dataset-other-features.csv	181	P38865	kn_unmatched
negative			20251017-KN-negative-dataset-other-features.csv	182	A6ZRG7	kn_unmatched
negative			20251017-KN-negative-dataset-other-features.csv	183	Q755L7	kn_unmatched
negative			20251017-KN-negative-dataset-other-features.csv	184	Q59ZV5	kn_unmatched
negative			20251017-KN-negative-dataset-other-features.csv	185	Q9URB4	kn_unmatched
negative			20251017-KN-negative-dataset-other-features.csv	186	473137	kn_unmatched
negative			20251017-KN-negative-dataset-other-features.csv	187	Q6CBS9	kn_unmatched
negative			20251017-KN-negative-dataset-other-features.csv	188	Q9UTK2	kn_unmatched
negative			20251017-KN-negative-dataset-other-features.csv	189	O94619	kn_unmatched
negative			20251017-KN-negative-dataset-other-features.csv	190	Q03103	kn_unmatched
negative			20251017-KN-negative-dataset-other-features.csv	191	O94289	kn_unmatched
negative			20251017-KN-negative-dataset-other-features.csv	192	2131173	kn_unmatched
negative			20251017-KN-negative-dataset-other-features.csv	193	Q04739	kn_unmatched
negative			20251017-KN-negative-dataset-other-features.csv	194	A6R989	kn_unmatched
negative			20251017-KN-negative-dataset-other-features.csv	195	O94510	kn_unmatched
negative			20251017-KN-negative-dataset-other-features.csv	196	P22217	kn_unmatched
negative			20251017-KN-negative-dataset-other-features.csv	197	P53738	kn_unmatched
negative			20251017-KN-negative-dataset-other-features.csv	198	P39008	kn_unmatched
negative			20251017-KN-negative-dataset-other-features.csv	199	O74933	kn_unmatched
negative			20251017-KN-negative-dataset-other-features.csv	200	Q08831	kn_unmatched
negative			20251017-KN-negative-dataset-other-features.csv	201	6319598	kn_unmatched
negative			20251017-KN-negative-dataset-other-features.csv	202	2498764	kn_unmatched
negative			20251017-KN-negative-dataset-other-features.csv	203	74582014	kn_unmatched
negative			20251017-KN-negative-dataset-other-features.csv	204	Q6BNL1	kn_unmatched
negative			20251017-KN-negative-dataset-other-features.csv	205	74619001	kn_unmatched
negative			20251017-KN-negative-dataset-other-features.csv	206	Q9C2N1	kn_unmatched
negative			20251017-KN-negative-dataset-other-features.csv	207	Q6C4R5	kn_unmatched
negative			20251017-KN-negative-dataset-other-features.csv	208	Q0UR95	kn_unmatched
negative			20251017-KN-negative-dataset-other-features.csv	209	P78978	kn_unmatched
negative			20251017-KN-negative-dataset-other-features.csv	210	1168610	kn_unmatched
negative			20251017-KN-negative-dataset-other-features.csv	211	Q12449	kn_unmatched
negative			20251017-KN-negative-dataset-other-features.csv	212	558258	kn_unmatched
negative			20251017-KN-negative-dataset-other-features.csv	213	485487	kn_unmatched
negative			20251017-KN-negative-dataset-other-features.csv	214	539351	kn_unmatched
negative			20251017-KN-negative-dataset-other-features.csv	215	Q6C994	kn_unmatched
negative			20251017-KN-negative-dataset-other-features.csv	216	74701377	kn_unmatched
negative			20251017-KN-negative-dataset-other-features.csv	217	Q4P804	kn_unmatched
negative			20251017-KN-negative-dataset-other-features.csv	218	Q5AZB4	kn_unmatched
negative			20251017-KN-negative-dataset-other-features.csv	219	P38804	kn_unmatched
negative			20251017-KN-negative-dataset-other-features.csv	220	130137	kn_unmatched
negative			20251017-KN-negative-dataset-other-features.csv	221	458897	kn_unmatched
negative			20251017-KN-negative-dataset-other-features.csv	222	P17898	kn_unmatched
negative			20251017-KN-negative-dataset-other-features.csv	223	6320713	kn_unmatched
negative			20251017-KN-negative-dataset-other-features.csv	224	Q03825	kn_unmatched
negative			20251017-KN-negative-dataset-other-features.csv	225	625409	kn_unmatched
negative			20251017-KN-negative-dataset-other-features.csv	226	P32336	kn_unmatched
negative			20251017-KN-negative-dataset-other-features.csv	227	Q5KDR4	kn_unmatched
negative			20251017-KN-negative-dataset-other-features.csv	228	P14306	kn_unmatched
negative			20251017-KN-negative-dataset-other-features.csv	229	Q6CMG6	kn_unmatched
negative			20251017-KN-negative-dataset-other-features.csv	230	Q6CLZ6	kn_unmatched
negative			20251017-KN-negative-dataset-other-features.csv	231	6729856	kn_unmatched
negative			20251017-KN-negative-dataset-other-features.csv	232	Q4P821	kn_unmatched
negative			20251017-KN-negative-dataset-other-features.csv	233	626570	kn_unmatched
negative			20251017-KN-negative-dataset-other-features.csv	234	2133051	kn_unmatched
negative			20251017-KN-negative-dataset-other-features.csv	235	166989535	kn_unmatched
negative			20251017-KN-negative-dataset-other-features.csv	236	A7TPY4	kn_unmatched
negative			20251017-KN-negative-dataset-other-features.csv	237	1346645	kn_unmatched
negative			20251017-KN-negative-dataset-other-features.csv	238	2498849	kn_unmatched
negative			20251017-KN-negative-dataset-other-features.csv	239	189043799	kn_unmatched
negative			20251017-KN-negative-dataset-other-features.csv	240	A6RBY1	kn_unmatched
negative			20251017-KN-negative-dataset-other-features.csv	241	Q9USS2	kn_unmatched
negative			20251017-KN-negative-dataset-other-features.csv	242	3023372	kn_unmatched
negative			20251017-KN-negative-dataset-other-features.csv	243	P36041	kn_unmatched
negative			20251017-KN-negative-dataset-other-features.csv	244	A6ZTT3	kn_unmatched
negative			20251017-KN-negative-dataset-other-features.csv	245	12407246	kn_unmatched
negative			20251017-KN-negative-dataset-other-features.csv	246	Q12221	kn_unmatched
negative			20251017-KN-negative-dataset-other-features.csv	247	2144771	kn_unmatched
negative			20251017-KN-negative-dataset-other-features.csv	248	Q07551	kn_unmatched
negative			20251017-KN-negative-dataset-other-features.csv	249	172695	kn_unmatched
negative			20251017-KN-negative-dataset-other-features.csv	250	Q8SWI4	kn_unmatched
negative			20251017-KN-negative-dataset-other-features.csv	251	B2WKU1	kn_unmatched
negative			20251017-KN-negative-dataset-other-features.csv	252	Q9P931	kn_unmatched
negative			20251017-KN-negative-dataset-other-features.csv	253	2276354	kn_unmatched
negative			20251017-KN-negative-dataset-other-features.csv	254	2119126	kn_unmatched
negative			20251017-KN-negative-dataset-other-features.csv	255	171853	kn_unmatched
negative			20251017-KN-negative-dataset-other-features.csv	256	Q5ADN8	kn_unmatched
negative			20251017-KN-negative-dataset-other-features.csv	257	1907168	kn_unmatched
negative			20251017-KN-negative-dataset-other-features.csv	258	50400301	kn_unmatched
negative			20251017-KN-negative-dataset-other-features.csv	259	Q12743	kn_unmatched
negative			20251017-KN-negative-dataset-other-features.csv	260	456147	kn_unmatched
negative			20251017-KN-negative-dataset-other-features.csv	261	466171	kn_unmatched
negative			20251017-KN-negative-dataset-other-features.csv	262	473135	kn_unmatched
negative			20251017-KN-negative-dataset-other-features.csv	263	2131237	kn_unmatched
negative			20251017-KN-negative-dataset-other-features.csv	264	O74848	kn_unmatched
negative			20251017-KN-negative-dataset-other-features.csv	265	Q12411	kn_unmatched
negative			20251017-KN-negative-dataset-other-features.csv	266	P23637	kn_unmatched
negative			20251017-KN-negative-dataset-other-features.csv	267	417039	kn_unmatched
negative			20251017-KN-negative-dataset-other-features.csv	268	P28321	kn_unmatched
negative			20251017-KN-negative-dataset-other-features.csv	269	2144537	kn_unmatched
negative			20251017-KN-negative-dataset-other-features.csv	270	Q6BWH6	kn_unmatched
negative			20251017-KN-negative-dataset-other-features.csv	271	74689588	kn_unmatched
negative			20251017-KN-negative-dataset-other-features.csv	272	Q6C908	kn_unmatched
negative			20251017-KN-negative-dataset-other-features.csv	273	Q524W4	kn_unmatched
negative			20251017-KN-negative-dataset-other-features.csv	274	Q5APK0	kn_unmatched
negative			20251017-KN-negative-dataset-other-features.csv	275	1907190	kn_unmatched
negative			20251017-KN-negative-dataset-other-features.csv	276	626845	kn_unmatched
negative			20251017-KN-negative-dataset-other-features.csv	277	O74962	kn_unmatched
negative			20251017-KN-negative-dataset-other-features.csv	278	P32588	kn_unmatched
negative			20251017-KN-negative-dataset-other-features.csv	279	P01123	kn_unmatched
negative			20251017-KN-negative-dataset-other-features.csv	280	836813	kn_unmatched
negative			20251017-KN-negative-dataset-other-features.csv	281	P15705	kn_unmatched
negative			20251017-KN-negative-dataset-other-features.csv	282	2132654	kn_unmatched
negative			20251017-KN-negative-dataset-other-features.csv	283	595544	kn_unmatched
negative			20251017-KN-negative-dataset-other-features.csv	284	O74411	kn_unmatched
negative			20251017-KN-negative-dataset-other-features.csv	285	1907198	kn_unmatched
negative			20251017-KN-negative-dataset-other-features.csv	286	Q9UR06	kn_unmatched
negative			20251017-KN-negative-dataset-other-features.csv	287	13624757	kn_unmatched
negative			20251017-KN-negative-dataset-other-features.csv	288	158514090	kn_unmatched
negative			20251017-KN-negative-dataset-other-features.csv	289	1723244	kn_unmatched
negative			20251017-KN-negative-dataset-other-features.csv	290	Q10172	kn_unmatched
negative			20251017-KN-negative-dataset-other-features.csv	291	Q6CN59	kn_unmatched
negative			20251017-KN-negative-dataset-other-features.csv	292	1084809	kn_unmatched
negative			20251017-KN-negative-dataset-other-features.csv	293	927730	kn_unmatched
negative			20251017-KN-negative-dataset-other-features.csv	294	2132387	kn_unmatched
negative			20251017-KN-negative-dataset-other-features.csv	295	P45816	kn_unmatched
negative			20251017-KN-negative-dataset-other-features.csv	296	P51978	kn_unmatched
negative			20251017-KN-negative-dataset-other-features.csv	297	26396947	kn_unmatched
negative			20251017-KN-negative-dataset-other-features.csv	298	Q6FRT2	kn_unmatched
negative			20251017-KN-negative-dataset-other-features.csv	299	74680173	kn_unmatched
negative			20251017-KN-negative-dataset-other-features.csv	300	Q5AD49	kn_unmatched
negative			20251017-KN-negative-dataset-other-features.csv	301	A7E8B6	kn_unmatched
negative			20251017-KN-negative-dataset-other-features.csv	302	O43041	kn_unmatched
negative			20251017-KN-negative-dataset-other-features.csv	303	281278	kn_unmatched
negative			20251017-KN-negative-dataset-other-features.csv	304	730744	kn_unmatched
negative			20251017-KN-negative-dataset-other-features.csv	305	74588961	kn_unmatched
negative			20251017-KN-negative-dataset-other-features.csv	306	Q59N20	kn_unmatched
negative			20251017-KN-negative-dataset-other-features.csv	307	P50109	kn_unmatched
negative			20251017-KN-negative-dataset-other-features.csv	308	Q6FTX7	kn_unmatched
negative			20251017-KN-negative-dataset-other-features.csv	309	463263	kn_unmatched
negative			20251017-KN-negative-dataset-other-features.csv	310	P38819	kn_unmatched
negative			20251017-KN-negative-dataset-other-features.csv	311	456136	kn_unmatched
negative			20251017-KN-negative-dataset-other-features.csv	312	433630	kn_unmatched
negative			20251017-KN-negative-dataset-other-features.csv	313	320733	kn_unmatched
negative			20251017-KN-negative-dataset-other-features.csv	314	2497199	kn_unmatched
negative			20251017-KN-negative-dataset-other-features.csv	315	P17555	kn_unmatched
negative			20251017-KN-negative-dataset-other-features.csv	316	Q6FNU4	kn_unmatched
negative			20251017-KN-negative-dataset-other-features.csv	317	626096	kn_unmatched
negative			20251017-KN-negative-dataset-other-features.csv	318	Q03735	kn_unmatched
negative			20251017-KN-negative-dataset-other-features.csv	319	6433994	kn_unmatched
negative			20251017-KN-negative-dataset-other-features.csv	320	1835686	kn_unmatched
negative			20251017-KN-negative-dataset-other-features.csv	321	P38636	kn_unmatched
negative			20251017-KN-negative-dataset-other-features.csv	322	P38011	kn_unmatched
negative			20251017-KN-negative-dataset-other-features.csv	323	731660	kn_unmatched
negative			20251017-KN-negative-dataset-other-features.csv	324	3527	kn_unmatched
negative			20251017-KN-negative-dataset-other-features.csv	325	9755328	kn_unmatched
negative			20251017-KN-negative-dataset-other-features.csv	326	2144431	kn_unmatched
negative			20251017-KN-negative-dataset-other-features.csv	327	Q6C3D7	kn_unmatched
negative			20251017-KN-negative-dataset-other-features.csv	328	P25045	kn_unmatched
negative			20251017-KN-negative-dataset-other-features.csv	329	O14113	kn_unmatched
negative			20251017-KN-negative-dataset-other-features.csv	330	558256	kn_unmatched
negative			20251017-KN-negative-dataset-other-features.csv	331	473133	kn_unmatched
negative			20251017-KN-negative-dataset-other-features.csv	332	O60175	kn_unmatched
negative			20251017-KN-negative-dataset-other-features.csv	333	Q75A30	kn_unmatched
negative			20251017-KN-negative-dataset-other-features.csv	334	P53080	kn_unmatched
negative			20251017-KN-negative-dataset-other-features.csv	335	Q06608	kn_unmatched
negative			20251017-KN-negative-dataset-other-features.csv	336	A7TDL7	kn_unmatched
negative			20251017-KN-negative-dataset-other-features.csv	337	18181874	kn_unmatched
negative			20251017-KN-negative-dataset-other-features.csv	338	Q6CHK0	kn_unmatched
negative			20251017-KN-negative-dataset-other-features.csv	339	66631	kn_unmatched
negative			20251017-KN-negative-dataset-other-features.csv	340	499003	kn_unmatched
negative			20251017-KN-negative-dataset-other-features.csv	341	Q6FPQ7	kn_unmatched
negative			20251017-KN-negative-dataset-other-features.csv	342	1835722	kn_unmatched
negative			20251017-KN-negative-dataset-other-features.csv	343	O13598	kn_unmatched
negative			20251017-KN-negative-dataset-other-features.csv	344	1352194	kn_unmatched
negative			20251017-KN-negative-dataset-other-features.csv	345	Q5AI80	kn_unmatched
negative			20251017-KN-negative-dataset-other-features.csv	346	626787	kn_unmatched
negative			20251017-KN-negative-dataset-other-features.csv	347	74590508	kn_unmatched
negative			20251017-KN-negative-dataset-other-features.csv	348	558251	kn_unmatched
negative			20251017-KN-negative-dataset-other-features.csv	349	Q4P6V4	kn_unmatched
negative			20251017-KN-negative-dataset-other-features.csv	350	Q2GLX8	kn_unmatched
negative			20251017-KN-negative-dataset-other-features.csv	351	P40208	kn_unmatched
negative			20251017-KN-negative-dataset-other-features.csv	352	101418	kn_unmatched
negative			20251017-KN-negative-dataset-other-features.csv	353	14588923	kn_unmatched
negative			20251017-KN-negative-dataset-other-features.csv	354	6319685	kn_unmatched
negative			20251017-KN-negative-dataset-other-features.csv	355	205829939	kn_unmatched
negative			20251017-KN-negative-dataset-other-features.csv	356	A6ZKU1	kn_unmatched
negative			20251017-KN-negative-dataset-other-features.csv	357	558259	kn_unmatched
negative			20251017-KN-negative-dataset-other-features.csv	358	Q01766	kn_unmatched
negative			20251017-KN-negative-dataset-other-features.csv	359	640008	kn_unmatched
negative			20251017-KN-negative-dataset-other-features.csv	360	O14103	kn_unmatched
negative			20251017-KN-negative-dataset-other-features.csv	361	P39825	kn_unmatched
negative			20251017-KN-negative-dataset-other-features.csv	362	Q12191	kn_unmatched
negative			20251017-KN-negative-dataset-other-features.csv	363	2131159	kn_unmatched
negative			20251017-KN-negative-dataset-other-features.csv	364	2132390	kn_unmatched
negative			20251017-KN-negative-dataset-other-features.csv	365	74691919	kn_unmatched
negative			20251017-KN-negative-dataset-other-features.csv	366	Q750C9	kn_unmatched
negative			20251017-KN-negative-dataset-other-features.csv	367	539105	kn_unmatched
negative			20251017-KN-negative-dataset-other-features.csv	368	2276365	kn_unmatched
negative			20251017-KN-negative-dataset-other-features.csv	369	2133106	kn_unmatched
negative			20251017-KN-negative-dataset-other-features.csv	370	Q99188	kn_unmatched
negative			20251017-KN-negative-dataset-other-features.csv	371	2494690	kn_unmatched
negative			20251017-KN-negative-dataset-other-features.csv	372	Q05015	kn_unmatched
negative			20251017-KN-negative-dataset-other-features.csv	373	P40004	kn_unmatched
negative			20251017-KN-negative-dataset-other-features.csv	374	P40561	kn_unmatched
negative			20251017-KN-negative-dataset-other-features.csv	375	Q9HDZ6	kn_unmatched
negative			20251017-KN-negative-dataset-other-features.csv	376	1084643	kn_unmatched
negative			20251017-KN-negative-dataset-other-features.csv	377	3529	kn_unmatched
negative			20251017-KN-negative-dataset-other-features.csv	378	74605736	kn_unmatched
negative			20251017-KN-negative-dataset-other-features.csv	379	Q6CN41	kn_unmatched
negative			20251017-KN-negative-dataset-other-features.csv	380	Q9UUK0	kn_unmatched
negative			20251017-KN-negative-dataset-other-features.csv	381	Q6CWN7	kn_unmatched
negative			20251017-KN-negative-dataset-other-features.csv	382	1230658	kn_unmatched
negative			20251017-KN-negative-dataset-other-features.csv	383	539107	kn_unmatched
negative			20251017-KN-negative-dataset-other-features.csv	384	O74375	kn_unmatched
negative			20251017-KN-negative-dataset-other-features.csv	385	2133153	kn_unmatched
negative			20251017-KN-negative-dataset-other-features.csv	386	Q758Y4	kn_unmatched
negative			20251017-KN-negative-dataset-other-features.csv	387	P84149	kn_unmatched
negative			20251017-KN-negative-dataset-other-features.csv	388	626843	kn_unmatched
negative			20251017-KN-negative-dataset-other-features.csv	389	P40070	kn_unmatched
negative			20251017-KN-negative-dataset-other-features.csv	390	Q12520	kn_unmatched
negative			20251017-KN-negative-dataset-other-features.csv	391	2146822	kn_unmatched
negative			20251017-KN-negative-dataset-other-features.csv	392	Q9C1A4	kn_unmatched
negative			20251017-KN-negative-dataset-other-features.csv	393	1077011	kn_unmatched
negative			20251017-KN-negative-dataset-other-features.csv	394	101694	kn_unmatched
negative			20251017-KN-negative-dataset-other-features.csv	395	A7TMC5	kn_unmatched
negative			20251017-KN-negative-dataset-other-features.csv	396	Q4PG71	kn_unmatched
negative			20251017-KN-negative-dataset-other-features.csv	397	P38042	kn_unmatched
negative			20251017-KN-negative-dataset-other-features.csv	398	Q04947	kn_unmatched
negative			20251017-KN-negative-dataset-other-features.csv	399	1363697	kn_unmatched
negative			20251017-KN-negative-dataset-other-features.csv	400	O74478	kn_unmatched
negative			20251017-KN-negative-dataset-other-features.csv	401	B3LRX9	kn_unmatched
negative			20251017-KN-negative-dataset-other-features.csv	402	6321552	kn_unmatched
negative			20251017-KN-negative-dataset-other-features.csv	403	481383	kn_unmatched
negative			20251017-KN-negative-dataset-other-features.csv	404	O60200	kn_unmatched
negative			20251017-KN-negative-dataset-other-features.csv	405	P42058	kn_unmatched
negative			20251017-KN-negative-dataset-other-features.csv	406	P48445	kn_unmatched
negative			20251017-KN-negative-dataset-other-features.csv	407	626632	kn_unmatched
negative			20251017-KN-negative-dataset-other-features.csv	408	Q5APA2	kn_unmatched
negative			20251017-KN-negative-dataset-other-features.csv	409	189082131	kn_unmatched
negative			20251017-KN-negative-dataset-other-features.csv	410	1279688	kn_unmatched
negative			20251017-KN-negative-dataset-other-features.csv	411	Q2GSX8	kn_unmatched
negative			20251017-KN-negative-dataset-other-features.csv	412	473139	kn_unmatched
negative			20251017-KN-negative-dataset-other-features.csv	413	P27895	kn_unmatched
negative			20251017-KN-negative-dataset-other-features.csv	414	P78774	kn_unmatched
negative			20251017-KN-negative-dataset-other-features.csv	415	422175	kn_unmatched
negative			20251017-KN-negative-dataset-other-features.csv	416	73919289	kn_unmatched
negative			20251017-KN-negative-dataset-other-features.csv	417	Q6CRY8	kn_unmatched
negative			20251017-KN-negative-dataset-other-features.csv	418	6321026	kn_unmatched
negative			20251017-KN-negative-dataset-other-features.csv	419	539300	kn_unmatched
negative			20251017-KN-negative-dataset-other-features.csv	420	O94401	kn_unmatched
negative			20251017-KN-negative-dataset-other-features.csv	421	487066	kn_unmatched
negative			20251017-KN-negative-dataset-other-features.csv	422	Q03233	kn_unmatched
negative			20251017-KN-negative-dataset-other-features.csv	423	Q753U4	kn_unmatched
negative			20251017-KN-negative-dataset-other-features.csv	424	117936	kn_unmatched
negative			20251017-KN-negative-dataset-other-features.csv	425	Q02948	kn_unmatched
negative			20251017-KN-negative-dataset-other-features.csv	426	Q5AJ82	kn_unmatched
negative			20251017-KN-negative-dataset-other-features.csv	427	456138	kn_unmatched
negative			20251017-KN-negative-dataset-other-features.csv	428	Q75EI3	kn_unmatched
negative			20251017-KN-negative-dataset-other-features.csv	429	498996	kn_unmatched
negative			20251017-KN-negative-dataset-other-features.csv	430	3305	kn_unmatched
negative			20251017-KN-negative-dataset-other-features.csv	431	630100	kn_unmatched
negative			20251017-KN-negative-dataset-other-features.csv	432	101496	kn_unmatched
negative			20251017-KN-negative-dataset-other-features.csv	433	1256848	kn_unmatched
negative			20251017-KN-negative-dataset-other-features.csv	434	731735	kn_unmatched
negative			20251017-KN-negative-dataset-other-features.csv	435	P38856	kn_unmatched
negative			20251017-KN-negative-dataset-other-features.csv	436	2498763	kn_unmatched
negative			20251017-KN-negative-dataset-other-features.csv	437	Q5B4E7	kn_unmatched
negative			20251017-KN-negative-dataset-other-features.csv	438	6324190	kn_unmatched
negative			20251017-KN-negative-dataset-other-features.csv	439	Q6BSL1	kn_unmatched
negative			20251017-KN-negative-dataset-other-features.csv	440	Q12241	kn_unmatched
negative			20251017-KN-negative-dataset-other-features.csv	441	P38736	kn_unmatched
negative			20251017-KN-negative-dataset-other-features.csv	442	456154	kn_unmatched
negative			20251017-KN-negative-dataset-other-features.csv	443	1292890	kn_unmatched
negative			20251017-KN-negative-dataset-other-features.csv	444	558261	kn_unmatched
negative			20251017-KN-negative-dataset-other-features.csv	445	1078596	kn_unmatched
negative			20251017-KN-negative-dataset-other-features.csv	446	Q6BMM5	kn_unmatched
negative			20251017-KN-negative-dataset-other-features.csv	447	6322666	kn_unmatched
negative			20251017-KN-negative-dataset-other-features.csv	448	1149544	kn_unmatched
negative			20251017-KN-negative-dataset-other-features.csv	449	A5DW14	kn_unmatched
negative			20251017-KN-negative-dataset-other-features.csv	450	849169	kn_unmatched
negative			20251017-KN-negative-dataset-other-features.csv	451	140459	kn_unmatched
negative			20251017-KN-negative-dataset-other-features.csv	452	P25613	kn_unmatched
negative			20251017-KN-negative-dataset-other-features.csv	453	Q4PHA8	kn_unmatched
negative			20251017-KN-negative-dataset-other-features.csv	454	602889	kn_unmatched
negative			20251017-KN-negative-dataset-other-features.csv	455	Q6CEJ6	kn_unmatched
negative			20251017-KN-negative-dataset-other-features.csv	456	P41893	kn_unmatched
negative			20251017-KN-negative-dataset-other-features.csv	457	O74333	kn_unmatched
negative			20251017-KN-negative-dataset-other-features.csv	458	Q96UG9	kn_unmatched
negative			20251017-KN-negative-dataset-other-features.csv	459	6322891	kn_unmatched
negative			20251017-KN-negative-dataset-other-features.csv	460	6323598	kn_unmatched
negative			20251017-KN-negative-dataset-other-features.csv	461	603247	kn_unmatched
negative			20251017-KN-negative-dataset-other-features.csv	462	1070506	kn_unmatched
negative			20251017-KN-negative-dataset-other-features.csv	463	6322877	kn_unmatched
negative			20251017-KN-negative-dataset-other-features.csv	464	Q5KE13	kn_unmatched
negative			20251017-KN-negative-dataset-other-features.csv	465	558246	kn_unmatched
negative			20251017-KN-negative-dataset-other-features.csv	466	9627982	kn_unmatched
negative			20251017-KN-negative-dataset-other-features.csv	467	82995	kn_unmatched
negative			20251017-KN-negative-dataset-other-features.csv	468	P39743	kn_unmatched
negative			20251017-KN-negative-dataset-other-features.csv	469	Q7SAT8	kn_unmatched
negative			20251017-KN-negative-dataset-other-features.csv	470	P53845	kn_unmatched
negative			20251017-KN-negative-dataset-other-features.csv	471	Q6CY29	kn_unmatched
negative			20251017-KN-negative-dataset-other-features.csv	472	P34237	kn_unmatched
negative			20251017-KN-negative-dataset-other-features.csv	473	558253	kn_unmatched
negative			20251017-KN-negative-dataset-other-features.csv	474	Q08954	kn_unmatched
negative			20251017-KN-negative-dataset-other-features.csv	475	459260	kn_unmatched
negative			20251017-KN-negative-dataset-other-features.csv	476	854590	kn_unmatched
negative			20251017-KN-negative-dataset-other-features.csv	477	539088	kn_unmatched
negative			20251017-KN-negative-dataset-other-features.csv	478	Q6BSS8	kn_unmatched
negative			20251017-KN-negative-dataset-other-features.csv	479	630041	kn_unmatched
negative			20251017-KN-negative-dataset-other-features.csv	480	Q9P6K1	kn_unmatched
negative			20251017-KN-negative-dataset-other-features.csv	481	Q7SAN9	kn_unmatched
negative			20251017-KN-negative-dataset-other-features.csv	482	Q4I174	kn_unmatched
negative			20251017-KN-negative-dataset-other-features.csv	483	6320199	kn_unmatched
negative			20251017-KN-negative-dataset-other-features.csv	484	Q75AA0	kn_unmatched
negative			20251017-KN-negative-dataset-other-features.csv	485	P32360	kn_unmatched
negative			20251017-KN-negative-dataset-other-features.csv	486	408956	kn_unmatched
negative			20251017-KN-negative-dataset-other-features.csv	487	A7TGR0	kn_unmatched
negative			20251017-KN-negative-dataset-other-features.csv	488	1420654	kn_unmatched
negative			20251017-KN-negative-dataset-other-features.csv	489	283295	kn_unmatched
negative			20251017-KN-negative-dataset-other-features.csv	490	6322012	kn_unmatched
negative			20251017-KN-negative-dataset-other-features.csv	491	A6RQZ9	kn_unmatched
negative			20251017-KN-negative-dataset-other-features.csv	492	473138	kn_unmatched
negative			20251017-KN-negative-dataset-other-features.csv	493	1749530	kn_unmatched
negative			20251017-KN-negative-dataset-other-features.csv	494	Q7S986	kn_unmatched
negative			20251017-KN-negative-dataset-other-features.csv	495	A5DXA0	kn_unmatched
negative			20251017-KN-negative-dataset-other-features.csv	496	542338	kn_unmatched
negative			20251017-KN-negative-dataset-other-features.csv	497	419879	kn_unmatched
negative			20251017-KN-negative-dataset-other-features.csv	498	836718	kn_unmatched
negative			20251017-KN-negative-dataset-other-features.csv	499	Q59QH6	kn_unmatched
negative			20251017-KN-negative-dataset-other-features.csv	500	5328	kn_unmatched
negative	fungalrv2011_neg_0046	74591744	20251017-KN-negative-dataset-other-features.csv	501	Q5AL10	direct_id_match
negative			20251017-KN-negative-dataset-other-features.csv	502	6324437	kn_unmatched
negative			20251017-KN-negative-dataset-other-features.csv	503	Q02795	kn_unmatched
negative			20251017-KN-negative-dataset-other-features.csv	504	6319848	kn_unmatched
negative			20251017-KN-negative-dataset-other-features.csv	505	417770	kn_unmatched
negative			20251017-KN-negative-dataset-other-features.csv	506	2118149	kn_unmatched
negative			20251017-KN-negative-dataset-other-features.csv	507	A5DSN2	kn_unmatched
negative			20251017-KN-negative-dataset-other-features.csv	508	849201	kn_unmatched
negative			20251017-KN-negative-dataset-other-features.csv	509	473141	kn_unmatched
negative			20251017-KN-negative-dataset-other-features.csv	510	O74555	kn_unmatched
negative			20251017-KN-negative-dataset-other-features.csv	511	O93938	kn_unmatched
negative			20251017-KN-negative-dataset-other-features.csv	512	2132401	kn_unmatched
negative	fungalrv2011_neg_0527	74591338	20251017-KN-negative-dataset-other-features.csv	513	74591338	direct_id_match
negative			20251017-KN-negative-dataset-other-features.csv	514	1070439	kn_unmatched
negative			20251017-KN-negative-dataset-other-features.csv	515	473131	kn_unmatched
negative			20251017-KN-negative-dataset-other-features.csv	516	Q4PCS5	kn_unmatched
negative			20251017-KN-negative-dataset-other-features.csv	517	1362425	kn_unmatched
negative			20251017-KN-negative-dataset-other-features.csv	518	Q9HGM9	kn_unmatched
negative			20251017-KN-negative-dataset-other-features.csv	519	3790255	kn_unmatched
negative			20251017-KN-negative-dataset-other-features.csv	520	2347176	kn_unmatched
negative			20251017-KN-negative-dataset-other-features.csv	521	67365	kn_unmatched
negative			20251017-KN-negative-dataset-other-features.csv	522	1778059	kn_unmatched
negative			20251017-KN-negative-dataset-other-features.csv	523	1749634	kn_unmatched
negative			20251017-KN-negative-dataset-other-features.csv	524	730272	kn_unmatched
negative			20251017-KN-negative-dataset-other-features.csv	525	P39108	kn_unmatched
negative			20251017-KN-negative-dataset-other-features.csv	526	2131421	kn_unmatched
negative			20251017-KN-negative-dataset-other-features.csv	527	2118314	kn_unmatched
negative			20251017-KN-negative-dataset-other-features.csv	528	101276	kn_unmatched
negative			20251017-KN-negative-dataset-other-features.csv	529	2133050	kn_unmatched
negative			20251017-KN-negative-dataset-other-features.csv	530	322950	kn_unmatched
negative			20251017-KN-negative-dataset-other-features.csv	531	P40484	kn_unmatched
negative			20251017-KN-negative-dataset-other-features.csv	532	A6R7X5	kn_unmatched
negative			20251017-KN-negative-dataset-other-features.csv	533	1077420	kn_unmatched
negative			20251017-KN-negative-dataset-other-features.csv	534	602387	kn_unmatched
negative			20251017-KN-negative-dataset-other-features.csv	535	320790	kn_unmatched
negative			20251017-KN-negative-dataset-other-features.csv	536	1071879	kn_unmatched
negative			20251017-KN-negative-dataset-other-features.csv	537	Q6CCV4	kn_unmatched
negative			20251017-KN-negative-dataset-other-features.csv	538	1050793	kn_unmatched
negative			20251017-KN-negative-dataset-other-features.csv	539	Q08689	kn_unmatched
negative			20251017-KN-negative-dataset-other-features.csv	540	602896	kn_unmatched
negative			20251017-KN-negative-dataset-other-features.csv	541	74609804	kn_unmatched
negative			20251017-KN-negative-dataset-other-features.csv	542	1077046	kn_unmatched
negative			20251017-KN-negative-dataset-other-features.csv	543	Q6C4W5	kn_unmatched
negative			20251017-KN-negative-dataset-other-features.csv	544	6323884	kn_unmatched
negative			20251017-KN-negative-dataset-other-features.csv	545	2119108	kn_unmatched
negative			20251017-KN-negative-dataset-other-features.csv	546	P14120	kn_unmatched
negative			20251017-KN-negative-dataset-other-features.csv	547	78099785	kn_unmatched
negative			20251017-KN-negative-dataset-other-features.csv	548	630261	kn_unmatched
negative			20251017-KN-negative-dataset-other-features.csv	549	1077197	kn_unmatched
negative			20251017-KN-negative-dataset-other-features.csv	550	P43682	kn_unmatched
negative			20251017-KN-negative-dataset-other-features.csv	551	626865	kn_unmatched
negative			20251017-KN-negative-dataset-other-features.csv	552	O94348	kn_unmatched
negative			20251017-KN-negative-dataset-other-features.csv	553	Q9UUK3	kn_unmatched
negative			20251017-KN-negative-dataset-other-features.csv	554	1084847	kn_unmatched
negative			20251017-KN-negative-dataset-other-features.csv	555	1749514	kn_unmatched
negative			20251017-KN-negative-dataset-other-features.csv	556	74605881	kn_unmatched
negative			20251017-KN-negative-dataset-other-features.csv	557	395241	kn_unmatched
negative			20251017-KN-negative-dataset-other-features.csv	558	626143	kn_unmatched
negative			20251017-KN-negative-dataset-other-features.csv	559	2132969	kn_unmatched
negative			20251017-KN-negative-dataset-other-features.csv	560	2498840	kn_unmatched
negative			20251017-KN-negative-dataset-other-features.csv	561	2131939	kn_unmatched
negative			20251017-KN-negative-dataset-other-features.csv	562	O13800	kn_unmatched
negative			20251017-KN-negative-dataset-other-features.csv	563	74692247	kn_unmatched
negative			20251017-KN-negative-dataset-other-features.csv	564	Q9P7Y3	kn_unmatched
negative			20251017-KN-negative-dataset-other-features.csv	565	626927	kn_unmatched
negative			20251017-KN-negative-dataset-other-features.csv	566	14588899	kn_unmatched
negative			20251017-KN-negative-dataset-other-features.csv	567	Q05785	kn_unmatched
negative			20251017-KN-negative-dataset-other-features.csv	568	O74423	kn_unmatched
negative			20251017-KN-negative-dataset-other-features.csv	569	1071980	kn_unmatched
negative			20251017-KN-negative-dataset-other-features.csv	570	539367	kn_unmatched
negative			20251017-KN-negative-dataset-other-features.csv	571	P40509	kn_unmatched
negative			20251017-KN-negative-dataset-other-features.csv	572	83014	kn_unmatched
negative			20251017-KN-negative-dataset-other-features.csv	573	456945	kn_unmatched
negative			20251017-KN-negative-dataset-other-features.csv	574	74610965	kn_unmatched
negative			20251017-KN-negative-dataset-other-features.csv	575	P40994	kn_unmatched
negative			20251017-KN-negative-dataset-other-features.csv	576	798900	kn_unmatched
negative			20251017-KN-negative-dataset-other-features.csv	577	P22804	kn_unmatched
negative			20251017-KN-negative-dataset-other-features.csv	578	83445	kn_unmatched
negative			20251017-KN-negative-dataset-other-features.csv	579	558262	kn_unmatched
negative			20251017-KN-negative-dataset-other-features.csv	580	1403562	kn_unmatched
negative			20251017-KN-negative-dataset-other-features.csv	581	O94183	kn_unmatched
negative			20251017-KN-negative-dataset-other-features.csv	582	101298	kn_unmatched
negative			20251017-KN-negative-dataset-other-features.csv	583	Q9P7G3	kn_unmatched
negative			20251017-KN-negative-dataset-other-features.csv	584	P47064	kn_unmatched
negative			20251017-KN-negative-dataset-other-features.csv	585	1907135	kn_unmatched
negative			20251017-KN-negative-dataset-other-features.csv	586	189028943	kn_unmatched
negative			20251017-KN-negative-dataset-other-features.csv	587	A7TIN6	kn_unmatched
negative			20251017-KN-negative-dataset-other-features.csv	588	2118114	kn_unmatched
negative			20251017-KN-negative-dataset-other-features.csv	589	457164	kn_unmatched
negative			20251017-KN-negative-dataset-other-features.csv	590	68008	kn_unmatched
negative			20251017-KN-negative-dataset-other-features.csv	591	2144430	kn_unmatched
negative			20251017-KN-negative-dataset-other-features.csv	592	74675927	kn_unmatched
negative			20251017-KN-negative-dataset-other-features.csv	593	O13797	kn_unmatched
negative			20251017-KN-negative-dataset-other-features.csv	594	1078339	kn_unmatched
negative			20251017-KN-negative-dataset-other-features.csv	595	1403547	kn_unmatched
negative			20251017-KN-negative-dataset-other-features.csv	596	320697	kn_unmatched
negative			20251017-KN-negative-dataset-other-features.csv	597	Q9P7Q0	kn_unmatched
negative			20251017-KN-negative-dataset-other-features.csv	598	P69852	kn_unmatched
negative			20251017-KN-negative-dataset-other-features.csv	599	Q6CHP1	kn_unmatched
negative			20251017-KN-negative-dataset-other-features.csv	600	7493888	kn_unmatched
negative			20251017-KN-negative-dataset-other-features.csv	601	Q5K9Y1	kn_unmatched
negative			20251017-KN-negative-dataset-other-features.csv	602	2133095	kn_unmatched
negative			20251017-KN-negative-dataset-other-features.csv	603	6323759	kn_unmatched
negative			20251017-KN-negative-dataset-other-features.csv	604	O59707	kn_unmatched
negative			20251017-KN-negative-dataset-other-features.csv	605	6323180	kn_unmatched
negative			20251017-KN-negative-dataset-other-features.csv	606	558247	kn_unmatched
negative			20251017-KN-negative-dataset-other-features.csv	607	P52871	kn_unmatched
negative			20251017-KN-negative-dataset-other-features.csv	608	279647	kn_unmatched
negative			20251017-KN-negative-dataset-other-features.csv	609	626885	kn_unmatched
negative			20251017-KN-negative-dataset-other-features.csv	610	456148	kn_unmatched
negative			20251017-KN-negative-dataset-other-features.csv	611	71156	kn_unmatched
negative			20251017-KN-negative-dataset-other-features.csv	612	320696	kn_unmatched
negative			20251017-KN-negative-dataset-other-features.csv	613	1420665	kn_unmatched
negative			20251017-KN-negative-dataset-other-features.csv	614	456141	kn_unmatched
negative			20251017-KN-negative-dataset-other-features.csv	615	1724030	kn_unmatched
negative			20251017-KN-negative-dataset-other-features.csv	616	P53039	kn_unmatched
negative			20251017-KN-negative-dataset-other-features.csv	617	231767	kn_unmatched
negative			20251017-KN-negative-dataset-other-features.csv	618	Q9P794	kn_unmatched
negative			20251017-KN-negative-dataset-other-features.csv	619	1077206	kn_unmatched
negative			20251017-KN-negative-dataset-other-features.csv	620	1071988	kn_unmatched
negative			20251017-KN-negative-dataset-other-features.csv	621	473136	kn_unmatched
negative			20251017-KN-negative-dataset-other-features.csv	622	603324	kn_unmatched
negative			20251017-KN-negative-dataset-other-features.csv	623	1078342	kn_unmatched
negative			20251017-KN-negative-dataset-other-features.csv	624	1778061	kn_unmatched
negative			20251017-KN-negative-dataset-other-features.csv	625	558260	kn_unmatched
negative			20251017-KN-negative-dataset-other-features.csv	626	Q6CRX0	kn_unmatched
negative			20251017-KN-negative-dataset-other-features.csv	627	1084846	kn_unmatched
negative			20251017-KN-negative-dataset-other-features.csv	628	626909	kn_unmatched
negative			20251017-KN-negative-dataset-other-features.csv	629	1256898	kn_unmatched
negative			20251017-KN-negative-dataset-other-features.csv	630	Q6BVA7	kn_unmatched
negative			20251017-KN-negative-dataset-other-features.csv	631	558244	kn_unmatched
negative			20251017-KN-negative-dataset-other-features.csv	632	P38374	kn_unmatched
negative			20251017-KN-negative-dataset-other-features.csv	633	O14183	kn_unmatched
negative			20251017-KN-negative-dataset-other-features.csv	634	456135	kn_unmatched
negative			20251017-KN-negative-dataset-other-features.csv	635	1077573	kn_unmatched
positive	fungalrv2011_pos_0092	68492535	positive-df-one.csv	1	68492535	direct_id_match
positive	fungalrv2011_pos_0091	10441575	positive-df-one.csv	2	10441575	direct_id_match
positive	fungalrv2011_pos_0088	68487395	positive-df-one.csv	3	68487395	direct_id_match
positive	fungalrv2011_pos_0049	225125691	positive-df-one.csv	4	225125691	direct_id_match
positive	fungalrv2011_pos_0052	224807799	positive-df-one.csv	5	224807799	direct_id_match
positive	fungalrv2011_pos_0053	224807797	positive-df-one.csv	6	224807797	direct_id_match
positive	fungalrv2011_pos_0090	34740099	positive-df-one.csv	7	34740099	direct_id_match
positive	fungalrv2011_pos_0025	Q6FUW4	positive-df-one.csv	8	Q6FUW4	direct_id_match
positive	fungalrv2011_pos_0061	3598676	positive-df-one.csv	9	3598676	direct_id_match
positive	fungalrv2011_pos_0056	46442440	positive-df-one.csv	10	46442440	direct_id_match
positive	fungalrv2011_pos_0095	18377603	positive-df-one.csv	11	18377603	direct_id_match
positive	fungalrv2011_pos_0004	Q00048	positive-df-one.csv	12	Q00048	direct_id_match
positive	fungalrv2011_pos_0089	3925194	positive-df-one.csv	13	3925194	direct_id_match
positive	fungalrv2011_pos_0048	576627	positive-df-one.csv	14	576627	direct_id_match
positive	fungalrv2011_pos_0099	17148336	positive-df-one.csv	15	17148336	direct_id_match
positive	fungalrv2011_pos_0035	1177215	positive-df-one.csv	16	1177215	direct_id_match
positive	fungalrv2011_pos_0097	4558517	positive-df-one.csv	17	4558517	direct_id_match
positive	fungalrv2011_pos_0096	37694918	positive-df-one.csv	18	37694918	direct_id_match
positive	fungalrv2011_pos_0055	46442575	positive-df-one.csv	19	46442575	direct_id_match
positive	fungalrv2011_pos_0101	226292555	positive-df-one.csv	20	226292555	direct_id_match
positive	fungalrv2011_pos_0100	40805818	positive-df-one.csv	21	40805818	direct_id_match
positive	fungalrv2011_pos_0036	187608862	positive-df-one.csv	22	187608862	direct_id_match
positive			positive-df-three.csv	1	UPI000042E54F	kn_unmatched
positive			positive-df-three.csv	2	UPI000042DC7B	kn_unmatched
positive			positive-df-three.csv	3	Q9Y8F2	kn_unmatched
positive	fungalrv2011_pos_0059	1168422	positive-df-three.csv	4	P46590	direct_id_match
positive			positive-df-three.csv	5	O13368	kn_unmatched
positive			positive-df-three.csv	6	Q5A2Z7	kn_unmatched
positive			positive-df-three.csv	7	Q5A2Z7	kn_unmatched
positive			positive-df-three.csv	8	O72081	kn_unmatched
positive			positive-df-three.csv	9	Q6Y8G2	kn_unmatched
positive			positive-df-three.csv	10	Q5A8T7	kn_unmatched
positive			positive-df-three.csv	11	UPI000042FC4A	kn_unmatched
positive			positive-df-three.csv	12	UPI000042F98B	kn_unmatched
positive			positive-df-three.csv	13	P0CU38	kn_unmatched
positive			positive-df-three.csv	14	A0A1D8PQ86	kn_unmatched
positive			positive-df-three.csv	15	Q6Y8G1	kn_unmatched
positive	fungalrv2011_pos_0020	Q6FQ04	positive-df-three.csv	16	Q6FQ04	direct_id_match
positive			positive-df-three.csv	17	Q5A8T7	kn_unmatched
positive			positive-df-three.csv	18	UPI000042F1D1	kn_unmatched
positive			positive-df-three.csv	19	O93865	kn_unmatched
positive			positive-df-three.csv	20	Q9Y743	kn_unmatched
positive			positive-df-three.csv	21	A0A1D8PQ86	kn_unmatched
positive			positive-df-three.csv	22	Q5A312	kn_unmatched
positive			positive-df-three.csv	23	Q59L12	kn_unmatched
positive			positive-df-three.csv	24	O74623	kn_unmatched
positive			positive-df-three.csv	25	Q59L12	kn_unmatched
positive			positive-df-three.csv	26	A0A1D8PQ86	kn_unmatched
positive			positive-df-three.csv	27	A0A1D8PQB9	kn_unmatched
positive	fungalrv2011_pos_0030	Q6VBJ3	positive-df-three.csv	28	Q6VBJ3	direct_id_match
positive			positive-df-three.csv	29	Q6VBI9	kn_unmatched
positive			positive-df-three.csv	30	Q9HGK6	kn_unmatched
positive			positive-df-three.csv	31	Q6VBI8	kn_unmatched
positive	fungalrv2011_pos_0014	B4UN33	positive-df-three.csv	32	B4UN33	direct_id_match
positive	fungalrv2011_pos_0013	B4UN22	positive-df-three.csv	33	B4UN22	direct_id_match
positive	fungalrv2011_pos_0018	Q6FK96	positive-df-three.csv	34	Q6FK96	direct_id_match
positive	fungalrv2011_pos_0016	Q6FII8	positive-df-three.csv	35	Q6FII8	direct_id_match
positive	fungalrv2011_pos_0012	B4UN20	positive-df-three.csv	36	B4UN20	direct_id_match
positive	fungalrv2011_pos_0031	Q6VBJ4	positive-df-three.csv	37	Q6VBJ4	direct_id_match
positive	fungalrv2011_pos_0023	Q6FR82	positive-df-three.csv	38	Q6FR82	direct_id_match
positive	fungalrv2011_pos_0017	Q6FK94	positive-df-three.csv	39	Q6FK94	direct_id_match
positive	fungalrv2011_pos_0026	Q6FUW5	positive-df-three.csv	40	Q6FUW5	direct_id_match
positive	fungalrv2011_pos_0011	B4UMX2	positive-df-three.csv	41	B4UMX2	direct_id_match
positive	fungalrv2011_pos_0024	Q6FUW3	positive-df-three.csv	42	Q6FUW3	direct_id_match
positive			positive-df-three.csv	43	Q8NK61	kn_unmatched
positive	fungalrv2011_pos_0021	Q6FQ05	positive-df-three.csv	44	Q6FQ05	direct_id_match
positive	fungalrv2011_pos_0029	Q6FX55	positive-df-three.csv	45	Q6FX55	direct_id_match
positive			positive-df-three.csv	46	Q8NK60	kn_unmatched
positive	fungalrv2011_pos_0022	Q6FQ10	positive-df-three.csv	47	Q6FQ10	direct_id_match
positive			positive-df-three.csv	48	NA	kn_unmatched
positive			positive-df-three.csv	49	NA	kn_unmatched
positive	fungalrv2011_pos_0028	Q6FX25	positive-df-three.csv	50	Q6FX25	direct_id_match
positive	fungalrv2011_pos_0010	B4UMX0	positive-df-three.csv	51	B4UMX0	direct_id_match
positive			positive-df-three.csv	52	Q6DTM6	kn_unmatched
positive			positive-df-three.csv	53	Q6VBJ0	kn_unmatched
positive	fungalrv2011_pos_0027	Q6FVP4	positive-df-three.csv	54	Q6FVP4	direct_id_match
positive			positive-df-three.csv	55	Q6DTM7	kn_unmatched
positive	fungalrv2011_pos_0074	68488101	positive-df-two.csv	1	68488101	direct_id_match
positive	fungalrv2011_pos_0081	68491558	positive-df-two.csv	2	68491558	direct_id_match
positive	fungalrv2011_pos_0068	3598685	positive-df-two.csv	3	3598685	direct_id_match
positive	fungalrv2011_pos_0073	68491542	positive-df-two.csv	4	68491542	direct_id_match
positive	fungalrv2011_pos_0067	3598680	positive-df-two.csv	5	3598680	direct_id_match
positive	fungalrv2011_pos_0077	68475876	positive-df-two.csv	6	68475876	direct_id_match
positive	fungalrv2011_pos_0093	68491560	positive-df-two.csv	7	68491560	direct_id_match
positive	fungalrv2011_pos_0054	154845482	positive-df-two.csv	8	154845482	direct_id_match
positive	fungalrv2011_pos_0050	1915979	positive-df-two.csv	9	1915979	direct_id_match
positive	fungalrv2011_pos_0064	12656146	positive-df-two.csv	10	12656146	direct_id_match
positive	fungalrv2011_pos_0065	3598670	positive-df-two.csv	11	3598670	direct_id_match
positive	fungalrv2011_pos_0062	3598681	positive-df-two.csv	12	3598681	direct_id_match
positive	fungalrv2011_pos_0063	3598686	positive-df-two.csv	13	3598686	direct_id_match
positive	fungalrv2011_pos_0066	3598675	positive-df-two.csv	14	3598675	direct_id_match
positive	fungalrv2011_pos_0015	B4UN55	positive-df-two.csv	15	B4UN55	direct_id_match
positive	fungalrv2011_pos_0060	3598671	positive-df-two.csv	16	3598671	direct_id_match
positive	fungalrv2011_pos_0087	5326754	positive-df-two.csv	17	5326754	direct_id_match
positive	fungalrv2011_pos_0002	Afu3g09690	positive-df-two.csv	18	AAHF01000002	direct_id_match
positive	fungalrv2011_pos_0001	71001330	positive-df-two.csv	19	71001330	direct_id_match
positive	fungalrv2011_pos_0003	1022896	positive-df-two.csv	20	1022896	direct_id_match
positive	fungalrv2011_pos_0034	1916852	positive-df-two.csv	21	1916852	direct_id_match
positive	fungalrv2011_pos_0098	11496235	positive-df-two.csv	22	11496235	direct_id_match
positive	fungalrv2011_pos_0051	1184677	positive-df-two.csv	23	1184677	direct_id_match
positive	fungalrv2011_pos_0019	Q6FNG2	positive-df-two.csv	24	Q6FNG2	direct_id_match
positive	fungalrv2011_pos_0084	31580747	positive-df-two.csv	25	31580747	direct_id_match
positive	fungalrv2011_pos_0005	34809539				fasta_unmatched
positive	fungalrv2011_pos_0006	34809540				fasta_unmatched
positive	fungalrv2011_pos_0007	34809538				fasta_unmatched
positive	fungalrv2011_pos_0008	49617210				fasta_unmatched
positive	fungalrv2011_pos_0009	49617212				fasta_unmatched
positive	fungalrv2011_pos_0032	21630044				fasta_unmatched
positive	fungalrv2011_pos_0033	21630042				fasta_unmatched
positive	fungalrv2011_pos_0037	2522219				fasta_unmatched
positive	fungalrv2011_pos_0038	29373983				fasta_unmatched
positive	fungalrv2011_pos_0039	30841440				fasta_unmatched
positive	fungalrv2011_pos_0040	30841438				fasta_unmatched
positive	fungalrv2011_pos_0041	29293655				fasta_unmatched
positive	fungalrv2011_pos_0042	29373981				fasta_unmatched
positive	fungalrv2011_pos_0043	169117666				fasta_unmatched
positive	fungalrv2011_pos_0044	29373081				fasta_unmatched
positive	fungalrv2011_pos_0045	29373079				fasta_unmatched
positive	fungalrv2011_pos_0046	46439826				fasta_unmatched
positive	fungalrv2011_pos_0047	46439750				fasta_unmatched
positive	fungalrv2011_pos_0057	46439755				fasta_unmatched
positive	fungalrv2011_pos_0058	46439831				fasta_unmatched
positive	fungalrv2011_pos_0069	4903269				fasta_unmatched
positive	fungalrv2011_pos_0070	3273415				fasta_unmatched
positive	fungalrv2011_pos_0071	4105851				fasta_unmatched
positive	fungalrv2011_pos_0072	10952736				fasta_unmatched
positive	fungalrv2011_pos_0075	68486929				fasta_unmatched
positive	fungalrv2011_pos_0076	68486888				fasta_unmatched
positive	fungalrv2011_pos_0078	68475743				fasta_unmatched
positive	fungalrv2011_pos_0079	68479820				fasta_unmatched
positive	fungalrv2011_pos_0080	5326752				fasta_unmatched
positive	fungalrv2011_pos_0082	9754771				fasta_unmatched
positive	fungalrv2011_pos_0083	34740095				fasta_unmatched
positive	fungalrv2011_pos_0085	34740097				fasta_unmatched
positive	fungalrv2011_pos_0086	68479790				fasta_unmatched
positive	fungalrv2011_pos_0094	orf19.1401				fasta_unmatched
negative	fungalrv2011_neg_0002	239606518				fasta_unmatched
negative	fungalrv2011_neg_0003	239595576				fasta_unmatched
negative	fungalrv2011_neg_0004	71000802				fasta_unmatched
negative	fungalrv2011_neg_0005	74661318				fasta_unmatched
negative	fungalrv2011_neg_0006	68491206				fasta_unmatched
negative	fungalrv2011_neg_0007	51701953				fasta_unmatched
negative	fungalrv2011_neg_0008	239591255				fasta_unmatched
negative	fungalrv2011_neg_0010	239593212				fasta_unmatched
negative	fungalrv2011_neg_0011	238880428				fasta_unmatched
negative	fungalrv2011_neg_0012	239592426				fasta_unmatched
negative	fungalrv2011_neg_0013	238883612				fasta_unmatched
negative	fungalrv2011_neg_0014	74609036				fasta_unmatched
negative	fungalrv2011_neg_0015	238878994				fasta_unmatched
negative	fungalrv2011_neg_0016	239594759				fasta_unmatched
negative	fungalrv2011_neg_0017	90305487				fasta_unmatched
negative	fungalrv2011_neg_0018	74584355				fasta_unmatched
negative	fungalrv2011_neg_0019	239606317				fasta_unmatched
negative	fungalrv2011_neg_0020	239610554				fasta_unmatched
negative	fungalrv2011_neg_0021	74637534				fasta_unmatched
negative	fungalrv2011_neg_0022	238881321				fasta_unmatched
negative	fungalrv2011_neg_0023	90304340				fasta_unmatched
negative	fungalrv2011_neg_0024	238880216				fasta_unmatched
negative	fungalrv2011_neg_0025	239612260				fasta_unmatched
negative	fungalrv2011_neg_0026	71001012				fasta_unmatched
negative	fungalrv2011_neg_0027	74589127				fasta_unmatched
negative	fungalrv2011_neg_0028	74586399				fasta_unmatched
negative	fungalrv2011_neg_0029	57012637				fasta_unmatched
negative	fungalrv2011_neg_0030	70981638				fasta_unmatched
negative	fungalrv2011_neg_0031	74680418				fasta_unmatched
negative	fungalrv2011_neg_0032	74609630				fasta_unmatched
negative	fungalrv2011_neg_0033	238879020				fasta_unmatched
negative	fungalrv2011_neg_0034	70997233				fasta_unmatched
negative	fungalrv2011_neg_0035	239610119				fasta_unmatched
negative	fungalrv2011_neg_0036	239594229				fasta_unmatched
negative	fungalrv2011_neg_0037	74690777				fasta_unmatched
negative	fungalrv2011_neg_0038	4138828				fasta_unmatched
negative	fungalrv2011_neg_0039	74590347				fasta_unmatched
negative	fungalrv2011_neg_0040	82593011				fasta_unmatched
negative	fungalrv2011_neg_0041	239607032				fasta_unmatched
negative	fungalrv2011_neg_0042	57014100				fasta_unmatched
negative	fungalrv2011_neg_0043	239586538				fasta_unmatched
negative	fungalrv2011_neg_0044	74585069				fasta_unmatched
negative	fungalrv2011_neg_0045	239591301				fasta_unmatched
negative	fungalrv2011_neg_0047	74591256				fasta_unmatched
negative	fungalrv2011_neg_0048	51701650				fasta_unmatched
negative	fungalrv2011_neg_0049	1702874				fasta_unmatched
negative	fungalrv2011_neg_0050	74589300				fasta_unmatched
negative	fungalrv2011_neg_0051	93103247				fasta_unmatched
negative	fungalrv2011_neg_0052	74591187				fasta_unmatched
negative	fungalrv2011_neg_0053	239615393				fasta_unmatched
negative	fungalrv2011_neg_0054	121937550				fasta_unmatched
negative	fungalrv2011_neg_0055	239592400				fasta_unmatched
negative	fungalrv2011_neg_0056	74608154				fasta_unmatched
negative	fungalrv2011_neg_0057	238878681				fasta_unmatched
negative	fungalrv2011_neg_0058	74690891				fasta_unmatched
negative	fungalrv2011_neg_0059	71000517				fasta_unmatched
negative	fungalrv2011_neg_0060	239587600				fasta_unmatched
negative	fungalrv2011_neg_0061	239607925				fasta_unmatched
negative	fungalrv2011_neg_0062	74609391				fasta_unmatched
negative	fungalrv2011_neg_0063	238878372				fasta_unmatched
negative	fungalrv2011_neg_0064	70991076				fasta_unmatched
negative	fungalrv2011_neg_0065	108935988				fasta_unmatched
negative	fungalrv2011_neg_0066	85700424				fasta_unmatched
negative	fungalrv2011_neg_0067	238879425				fasta_unmatched
negative	fungalrv2011_neg_0068	238878264				fasta_unmatched
negative	fungalrv2011_neg_0069	238880018				fasta_unmatched
negative	fungalrv2011_neg_0070	3273718				fasta_unmatched
negative	fungalrv2011_neg_0071	90299114				fasta_unmatched
negative	fungalrv2011_neg_0072	239591809				fasta_unmatched
negative	fungalrv2011_neg_0073	146322874				fasta_unmatched
negative	fungalrv2011_neg_0074	46431243				fasta_unmatched
negative	fungalrv2011_neg_0075	74586763				fasta_unmatched
negative	fungalrv2011_neg_0076	68484242				fasta_unmatched
negative	fungalrv2011_neg_0077	74690594				fasta_unmatched
negative	fungalrv2011_neg_0078	239587956				fasta_unmatched
negative	fungalrv2011_neg_0079	239592521				fasta_unmatched
negative	fungalrv2011_neg_0080	239595292				fasta_unmatched
negative	fungalrv2011_neg_0081	70998536				fasta_unmatched
negative	fungalrv2011_neg_0082	239588401				fasta_unmatched
negative	fungalrv2011_neg_0083	1814084				fasta_unmatched
negative	fungalrv2011_neg_0084	66846691				fasta_unmatched
negative	fungalrv2011_neg_0085	239606264				fasta_unmatched
negative	fungalrv2011_neg_0086	146323010				fasta_unmatched
negative	fungalrv2011_neg_0087	74608844				fasta_unmatched
negative	fungalrv2011_neg_0088	239591945				fasta_unmatched
negative	fungalrv2011_neg_0089	70992603				fasta_unmatched
negative	fungalrv2011_neg_0090	239609219				fasta_unmatched
negative	fungalrv2011_neg_0091	70994498				fasta_unmatched
negative	fungalrv2011_neg_0092	239591484				fasta_unmatched
negative	fungalrv2011_neg_0093	239594533				fasta_unmatched
negative	fungalrv2011_neg_0094	158563986				fasta_unmatched
negative	fungalrv2011_neg_0095	238882557				fasta_unmatched
negative	fungalrv2011_neg_0096	239595925				fasta_unmatched
negative	fungalrv2011_neg_0097	239611326				fasta_unmatched
negative	fungalrv2011_neg_0098	32567795				fasta_unmatched
negative	fungalrv2011_neg_0099	70997689				fasta_unmatched
negative	fungalrv2011_neg_0100	74656226				fasta_unmatched
negative	fungalrv2011_neg_0101	239614726				fasta_unmatched
negative	fungalrv2011_neg_0102	70990052				fasta_unmatched
negative	fungalrv2011_neg_0103	239607718				fasta_unmatched
negative	fungalrv2011_neg_0104	90300644				fasta_unmatched
negative	fungalrv2011_neg_0105	47176798				fasta_unmatched
negative	fungalrv2011_neg_0106	238881237				fasta_unmatched
negative	fungalrv2011_neg_0107	239586525				fasta_unmatched
negative	fungalrv2011_neg_0108	74637707				fasta_unmatched
negative	fungalrv2011_neg_0109	239590533				fasta_unmatched
negative	fungalrv2011_neg_0110	172046101				fasta_unmatched
negative	fungalrv2011_neg_0111	74656470				fasta_unmatched
negative	fungalrv2011_neg_0112	1845347				fasta_unmatched
negative	fungalrv2011_neg_0113	239611265				fasta_unmatched
negative	fungalrv2011_neg_0114	1706238				fasta_unmatched
negative	fungalrv2011_neg_0115	239586527				fasta_unmatched
negative	fungalrv2011_neg_0116	1469801				fasta_unmatched
negative	fungalrv2011_neg_0117	74679884				fasta_unmatched
negative	fungalrv2011_neg_0118	74590233				fasta_unmatched
negative	fungalrv2011_neg_0119	71002224				fasta_unmatched
negative	fungalrv2011_neg_0120	2492605				fasta_unmatched
negative	fungalrv2011_neg_0121	239610353				fasta_unmatched
negative	fungalrv2011_neg_0122	239586520				fasta_unmatched
negative	fungalrv2011_neg_0123	13591779				fasta_unmatched
negative	fungalrv2011_neg_0124	1174777				fasta_unmatched
negative	fungalrv2011_neg_0125	146324050				fasta_unmatched
negative	fungalrv2011_neg_0126	239606474				fasta_unmatched
negative	fungalrv2011_neg_0127	70996164				fasta_unmatched
negative	fungalrv2011_neg_0128	32567804				fasta_unmatched
negative	fungalrv2011_neg_0129	5901751				fasta_unmatched
negative	fungalrv2011_neg_0130	51704307				fasta_unmatched
negative	fungalrv2011_neg_0131	239606205				fasta_unmatched
negative	fungalrv2011_neg_0132	6094291				fasta_unmatched
negative	fungalrv2011_neg_0133	74690671				fasta_unmatched
negative	fungalrv2011_neg_0134	3641642				fasta_unmatched
negative	fungalrv2011_neg_0135	66846784				fasta_unmatched
negative	fungalrv2011_neg_0136	3005850				fasta_unmatched
negative	fungalrv2011_neg_0137	239592583				fasta_unmatched
negative	fungalrv2011_neg_0138	47176818				fasta_unmatched
negative	fungalrv2011_neg_0139	66844908				fasta_unmatched
negative	fungalrv2011_neg_0140	238879354				fasta_unmatched
negative	fungalrv2011_neg_0141	77436137				fasta_unmatched
negative	fungalrv2011_neg_0142	239593572				fasta_unmatched
negative	fungalrv2011_neg_0143	71000814				fasta_unmatched
negative	fungalrv2011_neg_0144	239590681				fasta_unmatched
negative	fungalrv2011_neg_0145	239591718				fasta_unmatched
negative	fungalrv2011_neg_0146	238881117				fasta_unmatched
negative	fungalrv2011_neg_0147	239588710				fasta_unmatched
negative	fungalrv2011_neg_0148	238881099				fasta_unmatched
negative	fungalrv2011_neg_0149	239591638				fasta_unmatched
negative	fungalrv2011_neg_0150	74585253				fasta_unmatched
negative	fungalrv2011_neg_0151	239588155				fasta_unmatched
negative	fungalrv2011_neg_0152	74637743				fasta_unmatched
negative	fungalrv2011_neg_0153	229462897				fasta_unmatched
negative	fungalrv2011_neg_0154	25992752				fasta_unmatched
negative	fungalrv2011_neg_0155	70984198				fasta_unmatched
negative	fungalrv2011_neg_0156	57012668				fasta_unmatched
negative	fungalrv2011_neg_0157	239588052				fasta_unmatched
negative	fungalrv2011_neg_0158	238881360				fasta_unmatched
negative	fungalrv2011_neg_0159	239594134				fasta_unmatched
negative	fungalrv2011_neg_0160	239613968				fasta_unmatched
negative	fungalrv2011_neg_0161	238880835				fasta_unmatched
negative	fungalrv2011_neg_0162	74661134				fasta_unmatched
negative	fungalrv2011_neg_0163	239610696				fasta_unmatched
negative	fungalrv2011_neg_0164	74644369				fasta_unmatched
negative	fungalrv2011_neg_0165	239586609				fasta_unmatched
negative	fungalrv2011_neg_0166	12655858				fasta_unmatched
negative	fungalrv2011_neg_0167	74690971				fasta_unmatched
negative	fungalrv2011_neg_0168	238880527				fasta_unmatched
negative	fungalrv2011_neg_0169	239590955				fasta_unmatched
negative	fungalrv2011_neg_0170	11691943				fasta_unmatched
negative	fungalrv2011_neg_0171	239611641				fasta_unmatched
negative	fungalrv2011_neg_0172	238879017				fasta_unmatched
negative	fungalrv2011_neg_0173	70981398				fasta_unmatched
negative	fungalrv2011_neg_0174	238882400				fasta_unmatched
negative	fungalrv2011_neg_0175	66847802				fasta_unmatched
negative	fungalrv2011_neg_0176	239606485				fasta_unmatched
negative	fungalrv2011_neg_0177	2113829				fasta_unmatched
negative	fungalrv2011_neg_0178	70997105				fasta_unmatched
negative	fungalrv2011_neg_0179	46437155				fasta_unmatched
negative	fungalrv2011_neg_0180	239614239				fasta_unmatched
negative	fungalrv2011_neg_0181	74609277				fasta_unmatched
negative	fungalrv2011_neg_0182	239594369				fasta_unmatched
negative	fungalrv2011_neg_0183	74637307				fasta_unmatched
negative	fungalrv2011_neg_0184	238881054				fasta_unmatched
negative	fungalrv2011_neg_0185	159131488				fasta_unmatched
negative	fungalrv2011_neg_0186	129557047				fasta_unmatched
negative	fungalrv2011_neg_0187	239586581				fasta_unmatched
negative	fungalrv2011_neg_0188	239587811				fasta_unmatched
negative	fungalrv2011_neg_0189	238882338				fasta_unmatched
negative	fungalrv2011_neg_0190	2582369				fasta_unmatched
negative	fungalrv2011_neg_0191	74587506				fasta_unmatched
negative	fungalrv2011_neg_0192	239612960				fasta_unmatched
negative	fungalrv2011_neg_0193	238881652				fasta_unmatched
negative	fungalrv2011_neg_0194	239588743				fasta_unmatched
negative	fungalrv2011_neg_0195	238882102				fasta_unmatched
negative	fungalrv2011_neg_0196	3850141				fasta_unmatched
negative	fungalrv2011_neg_0197	239613681				fasta_unmatched
negative	fungalrv2011_neg_0198	239587214				fasta_unmatched
negative	fungalrv2011_neg_0199	239613932				fasta_unmatched
negative	fungalrv2011_neg_0200	74612818				fasta_unmatched
negative	fungalrv2011_neg_0201	239606792				fasta_unmatched
negative	fungalrv2011_neg_0202	74608572				fasta_unmatched
negative	fungalrv2011_neg_0203	239594725				fasta_unmatched
negative	fungalrv2011_neg_0204	239588469				fasta_unmatched
negative	fungalrv2011_neg_0205	239589108				fasta_unmatched
negative	fungalrv2011_neg_0206	74679939				fasta_unmatched
negative	fungalrv2011_neg_0207	74637844				fasta_unmatched
negative	fungalrv2011_neg_0208	238882416				fasta_unmatched
negative	fungalrv2011_neg_0209	239588803				fasta_unmatched
negative	fungalrv2011_neg_0210	239595796				fasta_unmatched
negative	fungalrv2011_neg_0211	70985210				fasta_unmatched
negative	fungalrv2011_neg_0212	159130857				fasta_unmatched
negative	fungalrv2011_neg_0213	239586539				fasta_unmatched
negative	fungalrv2011_neg_0214	238878529				fasta_unmatched
negative	fungalrv2011_neg_0215	54036107				fasta_unmatched
negative	fungalrv2011_neg_0216	239613873				fasta_unmatched
negative	fungalrv2011_neg_0217	74656092				fasta_unmatched
negative	fungalrv2011_neg_0218	239591511				fasta_unmatched
negative	fungalrv2011_neg_0219	239586835				fasta_unmatched
negative	fungalrv2011_neg_0220	239591524				fasta_unmatched
negative	fungalrv2011_neg_0221	66848058				fasta_unmatched
negative	fungalrv2011_neg_0222	239611086				fasta_unmatched
negative	fungalrv2011_neg_0223	74585817				fasta_unmatched
negative	fungalrv2011_neg_0224	121921768				fasta_unmatched
negative	fungalrv2011_neg_0225	74661033				fasta_unmatched
negative	fungalrv2011_neg_0226	239589459				fasta_unmatched
negative	fungalrv2011_neg_0227	238882861				fasta_unmatched
negative	fungalrv2011_neg_0228	91206539				fasta_unmatched
negative	fungalrv2011_neg_0229	3859700				fasta_unmatched
negative	fungalrv2011_neg_0230	70989641				fasta_unmatched
negative	fungalrv2011_neg_0231	239592755				fasta_unmatched
negative	fungalrv2011_neg_0232	295568				fasta_unmatched
negative	fungalrv2011_neg_0233	239606968				fasta_unmatched
negative	fungalrv2011_neg_0234	6468323				fasta_unmatched
negative	fungalrv2011_neg_0235	239608131				fasta_unmatched
negative	fungalrv2011_neg_0236	602345				fasta_unmatched
negative	fungalrv2011_neg_0237	46395914				fasta_unmatched
negative	fungalrv2011_neg_0238	70993696				fasta_unmatched
negative	fungalrv2011_neg_0239	239592337				fasta_unmatched
negative	fungalrv2011_neg_0240	51316596				fasta_unmatched
negative	fungalrv2011_neg_0241	74654532				fasta_unmatched
negative	fungalrv2011_neg_0242	66853279				fasta_unmatched
negative	fungalrv2011_neg_0243	109706861				fasta_unmatched
negative	fungalrv2011_neg_0244	239595863				fasta_unmatched
negative	fungalrv2011_neg_0245	32567798				fasta_unmatched
negative	fungalrv2011_neg_0246	238881429				fasta_unmatched
negative	fungalrv2011_neg_0247	121921995				fasta_unmatched
negative	fungalrv2011_neg_0248	70991196				fasta_unmatched
negative	fungalrv2011_neg_0249	109706863				fasta_unmatched
negative	fungalrv2011_neg_0250	238879230				fasta_unmatched
negative	fungalrv2011_neg_0251	74680357				fasta_unmatched
negative	fungalrv2011_neg_0252	74587492				fasta_unmatched
negative	fungalrv2011_neg_0253	239588890				fasta_unmatched
negative	fungalrv2011_neg_0254	123187081				fasta_unmatched
negative	fungalrv2011_neg_0255	74656359				fasta_unmatched
negative	fungalrv2011_neg_0256	52782711				fasta_unmatched
negative	fungalrv2011_neg_0257	74637685				fasta_unmatched
negative	fungalrv2011_neg_0258	239615173				fasta_unmatched
negative	fungalrv2011_neg_0259	239588119				fasta_unmatched
negative	fungalrv2011_neg_0260	239595022				fasta_unmatched
negative	fungalrv2011_neg_0261	238880567				fasta_unmatched
negative	fungalrv2011_neg_0262	90305083				fasta_unmatched
negative	fungalrv2011_neg_0263	238882761				fasta_unmatched
negative	fungalrv2011_neg_0264	74656687				fasta_unmatched
negative	fungalrv2011_neg_0265	70999462				fasta_unmatched
negative	fungalrv2011_neg_0266	29500868				fasta_unmatched
negative	fungalrv2011_neg_0267	239611192				fasta_unmatched
negative	fungalrv2011_neg_0268	238879706				fasta_unmatched
negative	fungalrv2011_neg_0269	66848777				fasta_unmatched
negative	fungalrv2011_neg_0270	70982897				fasta_unmatched
negative	fungalrv2011_neg_0271	238882036				fasta_unmatched
negative	fungalrv2011_neg_0272	90299655				fasta_unmatched
negative	fungalrv2011_neg_0273	90297927				fasta_unmatched
negative	fungalrv2011_neg_0274	66845183				fasta_unmatched
negative	fungalrv2011_neg_0275	4585664				fasta_unmatched
negative	fungalrv2011_neg_0276	239608173				fasta_unmatched
negative	fungalrv2011_neg_0277	90307354				fasta_unmatched
negative	fungalrv2011_neg_0278	51701758				fasta_unmatched
negative	fungalrv2011_neg_0279	74679737				fasta_unmatched
negative	fungalrv2011_neg_0280	90307145				fasta_unmatched
negative	fungalrv2011_neg_0281	51701395				fasta_unmatched
negative	fungalrv2011_neg_0282	56404365				fasta_unmatched
negative	fungalrv2011_neg_0283	20532182				fasta_unmatched
negative	fungalrv2011_neg_0284	62901307				fasta_unmatched
negative	fungalrv2011_neg_0285	70983071				fasta_unmatched
negative	fungalrv2011_neg_0286	66853160				fasta_unmatched
negative	fungalrv2011_neg_0287	74656669				fasta_unmatched
negative	fungalrv2011_neg_0288	70984156				fasta_unmatched
negative	fungalrv2011_neg_0289	8927038				fasta_unmatched
negative	fungalrv2011_neg_0290	238881917				fasta_unmatched
negative	fungalrv2011_neg_0291	148841143				fasta_unmatched
negative	fungalrv2011_neg_0292	74661375				fasta_unmatched
negative	fungalrv2011_neg_0293	70983430				fasta_unmatched
negative	fungalrv2011_neg_0294	71001132				fasta_unmatched
negative	fungalrv2011_neg_0295	66850113				fasta_unmatched
negative	fungalrv2011_neg_0296	70989721				fasta_unmatched
negative	fungalrv2011_neg_0297	74690881				fasta_unmatched
negative	fungalrv2011_neg_0298	146330937				fasta_unmatched
negative	fungalrv2011_neg_0299	238878241				fasta_unmatched
negative	fungalrv2011_neg_0300	239610392				fasta_unmatched
negative	fungalrv2011_neg_0301	238883009				fasta_unmatched
negative	fungalrv2011_neg_0302	239590582				fasta_unmatched
negative	fungalrv2011_neg_0303	74690855				fasta_unmatched
negative	fungalrv2011_neg_0304	70989908				fasta_unmatched
negative	fungalrv2011_neg_0305	70990136				fasta_unmatched
negative	fungalrv2011_neg_0306	90305124				fasta_unmatched
negative	fungalrv2011_neg_0307	239615620				fasta_unmatched
negative	fungalrv2011_neg_0308	74691133				fasta_unmatched
negative	fungalrv2011_neg_0309	2500018				fasta_unmatched
negative	fungalrv2011_neg_0310	239612308				fasta_unmatched
negative	fungalrv2011_neg_0311	239608298				fasta_unmatched
negative	fungalrv2011_neg_0312	238883896				fasta_unmatched
negative	fungalrv2011_neg_0313	218526407				fasta_unmatched
negative	fungalrv2011_neg_0314	2498529				fasta_unmatched
negative	fungalrv2011_neg_0315	70981969				fasta_unmatched
negative	fungalrv2011_neg_0316	951001				fasta_unmatched
negative	fungalrv2011_neg_0317	159129118				fasta_unmatched
negative	fungalrv2011_neg_0318	239588059				fasta_unmatched
negative	fungalrv2011_neg_0319	239610748				fasta_unmatched
negative	fungalrv2011_neg_0320	29500876				fasta_unmatched
negative	fungalrv2011_neg_0321	239592937				fasta_unmatched
negative	fungalrv2011_neg_0322	239611507				fasta_unmatched
negative	fungalrv2011_neg_0323	238881234				fasta_unmatched
negative	fungalrv2011_neg_0324	238881835				fasta_unmatched
negative	fungalrv2011_neg_0325	3850149				fasta_unmatched
negative	fungalrv2011_neg_0326	70997244				fasta_unmatched
negative	fungalrv2011_neg_0327	66852567				fasta_unmatched
negative	fungalrv2011_neg_0328	70985024				fasta_unmatched
negative	fungalrv2011_neg_0329	239594306				fasta_unmatched
negative	fungalrv2011_neg_0330	239592320				fasta_unmatched
negative	fungalrv2011_neg_0331	8927040				fasta_unmatched
negative	fungalrv2011_neg_0332	59799032				fasta_unmatched
negative	fungalrv2011_neg_0333	94418552				fasta_unmatched
negative	fungalrv2011_neg_0334	158564254				fasta_unmatched
negative	fungalrv2011_neg_0335	146322984				fasta_unmatched
negative	fungalrv2011_neg_0336	46438501				fasta_unmatched
negative	fungalrv2011_neg_0337	238881655				fasta_unmatched
negative	fungalrv2011_neg_0338	158564253				fasta_unmatched
negative	fungalrv2011_neg_0339	239594457				fasta_unmatched
negative	fungalrv2011_neg_0340	66847820				fasta_unmatched
negative	fungalrv2011_neg_0341	239608849				fasta_unmatched
negative	fungalrv2011_neg_0342	239586919				fasta_unmatched
negative	fungalrv2011_neg_0343	1762320				fasta_unmatched
negative	fungalrv2011_neg_0344	74690916				fasta_unmatched
negative	fungalrv2011_neg_0345	70982895				fasta_unmatched
negative	fungalrv2011_neg_0346	2494899				fasta_unmatched
negative	fungalrv2011_neg_0347	239587758				fasta_unmatched
negative	fungalrv2011_neg_0348	74590040				fasta_unmatched
negative	fungalrv2011_neg_0349	239607935				fasta_unmatched
negative	fungalrv2011_neg_0350	70989155				fasta_unmatched
negative	fungalrv2011_neg_0351	66853611				fasta_unmatched
negative	fungalrv2011_neg_0352	239587314				fasta_unmatched
negative	fungalrv2011_neg_0353	14582743				fasta_unmatched
negative	fungalrv2011_neg_0354	239587777				fasta_unmatched
negative	fungalrv2011_neg_0355	146324137				fasta_unmatched
negative	fungalrv2011_neg_0356	239594543				fasta_unmatched
negative	fungalrv2011_neg_0357	70985162				fasta_unmatched
negative	fungalrv2011_neg_0358	51701371				fasta_unmatched
negative	fungalrv2011_neg_0359	74608241				fasta_unmatched
negative	fungalrv2011_neg_0360	74670710				fasta_unmatched
negative	fungalrv2011_neg_0361	239609472				fasta_unmatched
negative	fungalrv2011_neg_0362	239592656				fasta_unmatched
negative	fungalrv2011_neg_0363	238883229				fasta_unmatched
negative	fungalrv2011_neg_0364	74585350				fasta_unmatched
negative	fungalrv2011_neg_0365	70994240				fasta_unmatched
negative	fungalrv2011_neg_0366	239613349				fasta_unmatched
negative	fungalrv2011_neg_0367	159128903				fasta_unmatched
negative	fungalrv2011_neg_0368	74661344				fasta_unmatched
negative	fungalrv2011_neg_0369	70996612				fasta_unmatched
negative	fungalrv2011_neg_0370	121752549				fasta_unmatched
negative	fungalrv2011_neg_0371	70999580				fasta_unmatched
negative	fungalrv2011_neg_0372	238882354				fasta_unmatched
negative	fungalrv2011_neg_0373	239607450				fasta_unmatched
negative	fungalrv2011_neg_0374	239595185				fasta_unmatched
negative	fungalrv2011_neg_0375	239609436				fasta_unmatched
negative	fungalrv2011_neg_0376	74661092				fasta_unmatched
negative	fungalrv2011_neg_0377	74611034				fasta_unmatched
negative	fungalrv2011_neg_0378	70999590				fasta_unmatched
negative	fungalrv2011_neg_0379	239607600				fasta_unmatched
negative	fungalrv2011_neg_0380	239591519				fasta_unmatched
negative	fungalrv2011_neg_0381	47176793				fasta_unmatched
negative	fungalrv2011_neg_0382	239589004				fasta_unmatched
negative	fungalrv2011_neg_0383	239608887				fasta_unmatched
negative	fungalrv2011_neg_0384	238880111				fasta_unmatched
negative	fungalrv2011_neg_0385	74609957				fasta_unmatched
negative	fungalrv2011_neg_0386	239595595				fasta_unmatched
negative	fungalrv2011_neg_0387	239593672				fasta_unmatched
negative	fungalrv2011_neg_0388	51235726				fasta_unmatched
negative	fungalrv2011_neg_0389	239595898				fasta_unmatched
negative	fungalrv2011_neg_0390	238881396				fasta_unmatched
negative	fungalrv2011_neg_0391	239611721				fasta_unmatched
negative	fungalrv2011_neg_0392	239592860				fasta_unmatched
negative	fungalrv2011_neg_0393	90307176				fasta_unmatched
negative	fungalrv2011_neg_0394	70983616				fasta_unmatched
negative	fungalrv2011_neg_0395	239593490				fasta_unmatched
negative	fungalrv2011_neg_0396	239588374				fasta_unmatched
negative	fungalrv2011_neg_0397	90299284				fasta_unmatched
negative	fungalrv2011_neg_0398	239610920				fasta_unmatched
negative	fungalrv2011_neg_0399	90305393				fasta_unmatched
negative	fungalrv2011_neg_0400	239586635				fasta_unmatched
negative	fungalrv2011_neg_0401	71002628				fasta_unmatched
negative	fungalrv2011_neg_0402	239610835				fasta_unmatched
negative	fungalrv2011_neg_0403	90306714				fasta_unmatched
negative	fungalrv2011_neg_0404	32567796				fasta_unmatched
negative	fungalrv2011_neg_0405	74690954				fasta_unmatched
negative	fungalrv2011_neg_0406	238879970				fasta_unmatched
negative	fungalrv2011_neg_0407	229891205				fasta_unmatched
negative	fungalrv2011_neg_0408	239607439				fasta_unmatched
negative	fungalrv2011_neg_0409	74691015				fasta_unmatched
negative	fungalrv2011_neg_0410	239592116				fasta_unmatched
negative	fungalrv2011_neg_0411	239587755				fasta_unmatched
negative	fungalrv2011_neg_0412	74691046				fasta_unmatched
negative	fungalrv2011_neg_0413	239588094				fasta_unmatched
negative	fungalrv2011_neg_0414	70981941				fasta_unmatched
negative	fungalrv2011_neg_0415	74661458				fasta_unmatched
negative	fungalrv2011_neg_0416	239610729				fasta_unmatched
negative	fungalrv2011_neg_0417	71002632				fasta_unmatched
negative	fungalrv2011_neg_0418	238878739				fasta_unmatched
negative	fungalrv2011_neg_0419	90306390				fasta_unmatched
negative	fungalrv2011_neg_0420	90305714				fasta_unmatched
negative	fungalrv2011_neg_0421	238879241				fasta_unmatched
negative	fungalrv2011_neg_0422	239606372				fasta_unmatched
negative	fungalrv2011_neg_0423	238883469				fasta_unmatched
negative	fungalrv2011_neg_0424	239595288				fasta_unmatched
negative	fungalrv2011_neg_0425	239615468				fasta_unmatched
negative	fungalrv2011_neg_0426	239610415				fasta_unmatched
negative	fungalrv2011_neg_0427	70981881				fasta_unmatched
negative	fungalrv2011_neg_0428	70989179				fasta_unmatched
negative	fungalrv2011_neg_0429	238878367				fasta_unmatched
negative	fungalrv2011_neg_0430	70982498				fasta_unmatched
negative	fungalrv2011_neg_0431	239588647				fasta_unmatched
negative	fungalrv2011_neg_0432	74690618				fasta_unmatched
negative	fungalrv2011_neg_0433	66852405				fasta_unmatched
negative	fungalrv2011_neg_0434	239589608				fasta_unmatched
negative	fungalrv2011_neg_0435	29500877				fasta_unmatched
negative	fungalrv2011_neg_0436	239608649				fasta_unmatched
negative	fungalrv2011_neg_0437	239609033				fasta_unmatched
negative	fungalrv2011_neg_0438	239588967				fasta_unmatched
negative	fungalrv2011_neg_0439	118582181				fasta_unmatched
negative	fungalrv2011_neg_0440	74627388				fasta_unmatched
negative	fungalrv2011_neg_0441	239606500				fasta_unmatched
negative	fungalrv2011_neg_0442	238881487				fasta_unmatched
negative	fungalrv2011_neg_0443	239609874				fasta_unmatched
negative	fungalrv2011_neg_0444	66845249				fasta_unmatched
negative	fungalrv2011_neg_0445	238880182				fasta_unmatched
negative	fungalrv2011_neg_0446	239595015				fasta_unmatched
negative	fungalrv2011_neg_0447	74637364				fasta_unmatched
negative	fungalrv2011_neg_0448	239609166				fasta_unmatched
negative	fungalrv2011_neg_0449	239592276				fasta_unmatched
negative	fungalrv2011_neg_0450	239610968				fasta_unmatched
negative	fungalrv2011_neg_0451	238880222				fasta_unmatched
negative	fungalrv2011_neg_0452	239613339				fasta_unmatched
negative	fungalrv2011_neg_0453	123187083				fasta_unmatched
negative	fungalrv2011_neg_0454	32567800				fasta_unmatched
negative	fungalrv2011_neg_0455	74608568				fasta_unmatched
negative	fungalrv2011_neg_0456	70990294				fasta_unmatched
negative	fungalrv2011_neg_0457	239613089				fasta_unmatched
negative	fungalrv2011_neg_0458	66852678				fasta_unmatched
negative	fungalrv2011_neg_0459	239586794				fasta_unmatched
negative	fungalrv2011_neg_0460	239594109				fasta_unmatched
negative	fungalrv2011_neg_0461	71000275				fasta_unmatched
negative	fungalrv2011_neg_0462	74679677				fasta_unmatched
negative	fungalrv2011_neg_0463	146323490				fasta_unmatched
negative	fungalrv2011_neg_0464	158564251				fasta_unmatched
negative	fungalrv2011_neg_0465	159122409				fasta_unmatched
negative	fungalrv2011_neg_0466	70996550				fasta_unmatched
negative	fungalrv2011_neg_0467	239591311				fasta_unmatched
negative	fungalrv2011_neg_0468	70989825				fasta_unmatched
negative	fungalrv2011_neg_0469	74656084				fasta_unmatched
negative	fungalrv2011_neg_0470	71002130				fasta_unmatched
negative	fungalrv2011_neg_0471	90304379				fasta_unmatched
negative	fungalrv2011_neg_0472	239592826				fasta_unmatched
negative	fungalrv2011_neg_0473	66847123				fasta_unmatched
negative	fungalrv2011_neg_0474	239590999				fasta_unmatched
negative	fungalrv2011_neg_0475	70989087				fasta_unmatched
negative	fungalrv2011_neg_0476	74661253				fasta_unmatched
negative	fungalrv2011_neg_0477	66851025				fasta_unmatched
negative	fungalrv2011_neg_0478	239589965				fasta_unmatched
negative	fungalrv2011_neg_0479	70982805				fasta_unmatched
negative	fungalrv2011_neg_0480	52783043				fasta_unmatched
negative	fungalrv2011_neg_0481	239607715				fasta_unmatched
negative	fungalrv2011_neg_0482	239608383				fasta_unmatched
negative	fungalrv2011_neg_0483	70998997				fasta_unmatched
negative	fungalrv2011_neg_0484	74610702				fasta_unmatched
negative	fungalrv2011_neg_0485	71000882				fasta_unmatched
negative	fungalrv2011_neg_0486	239588933				fasta_unmatched
negative	fungalrv2011_neg_0487	54036350				fasta_unmatched
negative	fungalrv2011_neg_0488	71001436				fasta_unmatched
negative	fungalrv2011_neg_0489	47176865				fasta_unmatched
negative	fungalrv2011_neg_0490	70995309				fasta_unmatched
negative	fungalrv2011_neg_0491	70992513				fasta_unmatched
negative	fungalrv2011_neg_0492	13182945				fasta_unmatched
negative	fungalrv2011_neg_0493	239586664				fasta_unmatched
negative	fungalrv2011_neg_0494	239594758				fasta_unmatched
negative	fungalrv2011_neg_0495	70990280				fasta_unmatched
negative	fungalrv2011_neg_0496	238879971				fasta_unmatched
negative	fungalrv2011_neg_0497	239613353				fasta_unmatched
negative	fungalrv2011_neg_0498	728536				fasta_unmatched
negative	fungalrv2011_neg_0499	70993396				fasta_unmatched
negative	fungalrv2011_neg_0500	18369812				fasta_unmatched
negative	fungalrv2011_neg_0501	74610640				fasta_unmatched
negative	fungalrv2011_neg_0502	70999464				fasta_unmatched
negative	fungalrv2011_neg_0503	70983101				fasta_unmatched
negative	fungalrv2011_neg_0504	239609724				fasta_unmatched
negative	fungalrv2011_neg_0505	239612402				fasta_unmatched
negative	fungalrv2011_neg_0506	239595314				fasta_unmatched
negative	fungalrv2011_neg_0507	238880744				fasta_unmatched
negative	fungalrv2011_neg_0508	239614028				fasta_unmatched
negative	fungalrv2011_neg_0509	239612171				fasta_unmatched
negative	fungalrv2011_neg_0510	239610121				fasta_unmatched
negative	fungalrv2011_neg_0511	239594715				fasta_unmatched
negative	fungalrv2011_neg_0512	74609021				fasta_unmatched
negative	fungalrv2011_neg_0513	239593243				fasta_unmatched
negative	fungalrv2011_neg_0514	46433129				fasta_unmatched
negative	fungalrv2011_neg_0515	29570604				fasta_unmatched
negative	fungalrv2011_neg_0516	239615166				fasta_unmatched
negative	fungalrv2011_neg_0517	239596089				fasta_unmatched
negative	fungalrv2011_neg_0518	70996726				fasta_unmatched
negative	fungalrv2011_neg_0519	239608911				fasta_unmatched
negative	fungalrv2011_neg_0520	239596138				fasta_unmatched
negative	fungalrv2011_neg_0521	238880872				fasta_unmatched
negative	fungalrv2011_neg_0522	90306612				fasta_unmatched
negative	fungalrv2011_neg_0523	90305369				fasta_unmatched
negative	fungalrv2011_neg_0524	54040793				fasta_unmatched
negative	fungalrv2011_neg_0525	239612042				fasta_unmatched
negative	fungalrv2011_neg_0526	74680371				fasta_unmatched
negative	fungalrv2011_neg_0528	239613365				fasta_unmatched
negative	fungalrv2011_neg_0529	74680157				fasta_unmatched
negative	fungalrv2011_neg_0530	74608937				fasta_unmatched
negative	fungalrv2011_neg_0531	71000757				fasta_unmatched
negative	fungalrv2011_neg_0532	239590381				fasta_unmatched
negative	fungalrv2011_neg_0533	119398027				fasta_unmatched
negative	fungalrv2011_neg_0534	239592254				fasta_unmatched
negative	fungalrv2011_neg_0535	2696030				fasta_unmatched
negative	fungalrv2011_neg_0536	90305629				fasta_unmatched
negative	fungalrv2011_neg_0537	70996754				fasta_unmatched
negative	fungalrv2011_neg_0538	239593421				fasta_unmatched
negative	fungalrv2011_neg_0539	146322696				fasta_unmatched
negative	fungalrv2011_neg_0540	54036109				fasta_unmatched
negative	fungalrv2011_neg_0541	66853155				fasta_unmatched
negative	fungalrv2011_neg_0542	239587021				fasta_unmatched
negative	fungalrv2011_neg_0543	239592811				fasta_unmatched
negative	fungalrv2011_neg_0544	239591437				fasta_unmatched
negative	fungalrv2011_neg_0545	90306799				fasta_unmatched
negative	fungalrv2011_neg_0546	238879439				fasta_unmatched
negative	fungalrv2011_neg_0547	239589888				fasta_unmatched
negative	fungalrv2011_neg_0548	239592771				fasta_unmatched
negative	fungalrv2011_neg_0549	239611025				fasta_unmatched
negative	fungalrv2011_neg_0550	239589453				fasta_unmatched
negative	fungalrv2011_neg_0551	239590453				fasta_unmatched
negative	fungalrv2011_neg_0552	239612705				fasta_unmatched
negative	fungalrv2011_neg_0553	70997928				fasta_unmatched
negative	fungalrv2011_neg_0554	239612629				fasta_unmatched
negative	fungalrv2011_neg_0555	218563520				fasta_unmatched
negative	fungalrv2011_neg_0556	70996843				fasta_unmatched
negative	fungalrv2011_neg_0557	74690698				fasta_unmatched
negative	fungalrv2011_neg_0558	70999892				fasta_unmatched
negative	fungalrv2011_neg_0559	146323311				fasta_unmatched
negative	fungalrv2011_neg_0560	74584420				fasta_unmatched
negative	fungalrv2011_neg_0561	238883692				fasta_unmatched
negative	fungalrv2011_neg_0562	90306732				fasta_unmatched
negative	fungalrv2011_neg_0563	32567793				fasta_unmatched
negative	fungalrv2011_neg_0564	20522022				fasta_unmatched
negative	fungalrv2011_neg_0565	238883420				fasta_unmatched
negative	fungalrv2011_neg_0566	239590330				fasta_unmatched
negative	fungalrv2011_neg_0567	239592060				fasta_unmatched
negative	fungalrv2011_neg_0568	239587049				fasta_unmatched
negative	fungalrv2011_neg_0569	70994686				fasta_unmatched
negative	fungalrv2011_neg_0570	239606997				fasta_unmatched
negative	fungalrv2011_neg_0571	239587472				fasta_unmatched
negative	fungalrv2011_neg_0572	70995944				fasta_unmatched
negative	fungalrv2011_neg_0573	238882575				fasta_unmatched
negative	fungalrv2011_neg_0574	239609676				fasta_unmatched
negative	fungalrv2011_neg_0575	90307665				fasta_unmatched
negative	fungalrv2011_neg_0576	239612055				fasta_unmatched
negative	fungalrv2011_neg_0577	239592912				fasta_unmatched
negative	fungalrv2011_neg_0578	239613126				fasta_unmatched
negative	fungalrv2011_neg_0579	70983700				fasta_unmatched
negative	fungalrv2011_neg_0580	70998899				fasta_unmatched
negative	fungalrv2011_neg_0581	239594716				fasta_unmatched
negative	fungalrv2011_neg_0582	239613032				fasta_unmatched
negative	fungalrv2011_neg_0583	238881220				fasta_unmatched
negative	fungalrv2011_neg_0584	238883678				fasta_unmatched
negative	fungalrv2011_neg_0585	66848262				fasta_unmatched
negative	fungalrv2011_neg_0586	90305406				fasta_unmatched
negative	fungalrv2011_neg_0587	239596122				fasta_unmatched
negative	fungalrv2011_neg_0588	239590484				fasta_unmatched
negative	fungalrv2011_neg_0589	70989509				fasta_unmatched
negative	fungalrv2011_neg_0590	57012585				fasta_unmatched
negative	fungalrv2011_neg_0591	239588998				fasta_unmatched
negative	fungalrv2011_neg_0592	239614970				fasta_unmatched
negative	fungalrv2011_neg_0593	121937180				fasta_unmatched
negative	fungalrv2011_neg_0594	239609276				fasta_unmatched
negative	fungalrv2011_neg_0595	74690583				fasta_unmatched
negative	fungalrv2011_neg_0596	66848352				fasta_unmatched
negative	fungalrv2011_neg_0597	129558602				fasta_unmatched
negative	fungalrv2011_neg_0598	239593457				fasta_unmatched
negative	fungalrv2011_neg_0599	239590345				fasta_unmatched
negative	fungalrv2011_neg_0600	74637995				fasta_unmatched
negative	fungalrv2011_neg_0601	70999526				fasta_unmatched
negative	fungalrv2011_neg_0602	239588370				fasta_unmatched
negative	fungalrv2011_neg_0603	121921635				fasta_unmatched
negative	fungalrv2011_neg_0604	239588406				fasta_unmatched
negative	fungalrv2011_neg_0605	238879227				fasta_unmatched
negative	fungalrv2011_neg_0606	238879352				fasta_unmatched
negative	fungalrv2011_neg_0607	71000489				fasta_unmatched
negative	fungalrv2011_neg_0608	74679679				fasta_unmatched
negative	fungalrv2011_neg_0609	239613858				fasta_unmatched
negative	fungalrv2011_neg_0610	6606093				fasta_unmatched
negative	fungalrv2011_neg_0611	158563878				fasta_unmatched
negative	fungalrv2011_neg_0612	239591092				fasta_unmatched
negative	fungalrv2011_neg_0613	239607028				fasta_unmatched
negative	fungalrv2011_neg_0614	239594394				fasta_unmatched
negative	fungalrv2011_neg_0615	71002800				fasta_unmatched
negative	fungalrv2011_neg_0616	70981915				fasta_unmatched
negative	fungalrv2011_neg_0617	239593908				fasta_unmatched
negative	fungalrv2011_neg_0618	239607218				fasta_unmatched
negative	fungalrv2011_neg_0619	238883162				fasta_unmatched
negative	fungalrv2011_neg_0620	90110079				fasta_unmatched
negative	fungalrv2011_neg_0621	238879667				fasta_unmatched
negative	fungalrv2011_neg_0622	74608566				fasta_unmatched
negative	fungalrv2011_neg_0623	74661046				fasta_unmatched
negative	fungalrv2011_neg_0624	74690652				fasta_unmatched
negative	fungalrv2011_neg_0625	239613719				fasta_unmatched
negative	fungalrv2011_neg_0626	18463935				fasta_unmatched
negative	fungalrv2011_neg_0627	229462742				fasta_unmatched
negative	fungalrv2011_neg_0628	239593684				fasta_unmatched
negative	fungalrv2011_neg_0629	2309076				fasta_unmatched
negative	fungalrv2011_neg_0630	238883335				fasta_unmatched
negative	fungalrv2011_neg_0631	239592395				fasta_unmatched
negative	fungalrv2011_neg_0632	74609840				fasta_unmatched
negative	fungalrv2011_neg_0633	239588437				fasta_unmatched
negative	fungalrv2011_neg_0634	158563879				fasta_unmatched
negative	fungalrv2011_neg_0635	239587297				fasta_unmatched
negative	fungalrv2011_neg_0636	74661035				fasta_unmatched
negative	fungalrv2011_neg_0637	70999344				fasta_unmatched
negative	fungalrv2011_neg_0638	239611526				fasta_unmatched
negative	fungalrv2011_neg_0639	2500523				fasta_unmatched
negative	fungalrv2011_neg_0640	70998935				fasta_unmatched
negative	fungalrv2011_neg_0641	74661189				fasta_unmatched
negative	fungalrv2011_neg_0642	74585553				fasta_unmatched
negative	fungalrv2011_neg_0643	51338747				fasta_unmatched
negative	fungalrv2011_neg_0644	32812377				fasta_unmatched
negative	fungalrv2011_neg_0645	66853474				fasta_unmatched
negative	fungalrv2011_neg_0646	74661072				fasta_unmatched
negative	fungalrv2011_neg_0647	74608533				fasta_unmatched
negative	fungalrv2011_neg_0648	536924				fasta_unmatched
negative	fungalrv2011_neg_0649	239615136				fasta_unmatched
negative	fungalrv2011_neg_0650	238881915				fasta_unmatched
negative	fungalrv2011_neg_0651	239609245				fasta_unmatched
negative	fungalrv2011_neg_0652	90306750				fasta_unmatched
negative	fungalrv2011_neg_0653	239612262				fasta_unmatched
negative	fungalrv2011_neg_0654	238881342				fasta_unmatched
negative	fungalrv2011_neg_0655	74585807				fasta_unmatched
negative	fungalrv2011_neg_0656	239595052				fasta_unmatched
negative	fungalrv2011_neg_0657	238881792				fasta_unmatched
negative	fungalrv2011_neg_0658	239611589				fasta_unmatched
negative	fungalrv2011_neg_0659	239592615				fasta_unmatched
negative	fungalrv2011_neg_0660	239588355				fasta_unmatched
negative	fungalrv2011_neg_0661	239608282				fasta_unmatched
negative	fungalrv2011_neg_0662	239611235				fasta_unmatched
negative	fungalrv2011_neg_0663	239588785				fasta_unmatched
negative	fungalrv2011_neg_0664	238880621				fasta_unmatched
negative	fungalrv2011_neg_0665	146322582				fasta_unmatched
negative	fungalrv2011_neg_0666	239610917				fasta_unmatched
negative	fungalrv2011_neg_0667	121753570				fasta_unmatched
negative	fungalrv2011_neg_0668	66849823				fasta_unmatched
negative	fungalrv2011_neg_0669	239593028				fasta_unmatched
negative	fungalrv2011_neg_0670	74691141				fasta_unmatched
negative	fungalrv2011_neg_0671	74674483				fasta_unmatched
negative	fungalrv2011_neg_0672	238880520				fasta_unmatched
negative	fungalrv2011_neg_0673	70985653				fasta_unmatched
negative	fungalrv2011_neg_0674	239607785				fasta_unmatched
negative	fungalrv2011_neg_0675	70986098				fasta_unmatched
negative	fungalrv2011_neg_0676	66853016				fasta_unmatched
negative	fungalrv2011_neg_0677	239609836				fasta_unmatched
negative	fungalrv2011_neg_0678	2981202				fasta_unmatched
negative	fungalrv2011_neg_0679	238881649				fasta_unmatched
negative	fungalrv2011_neg_0680	2579				fasta_unmatched
negative	fungalrv2011_neg_0681	70990512				fasta_unmatched
negative	fungalrv2011_neg_0682	70996342				fasta_unmatched
negative	fungalrv2011_neg_0683	70986282				fasta_unmatched
negative	fungalrv2011_neg_0684	239591282				fasta_unmatched
negative	fungalrv2011_neg_0685	239586683				fasta_unmatched
negative	fungalrv2011_neg_0686	239594412				fasta_unmatched
negative	fungalrv2011_neg_0687	90305996				fasta_unmatched
negative	fungalrv2011_neg_0688	71000393				fasta_unmatched
negative	fungalrv2011_neg_0689	66850988				fasta_unmatched
negative	fungalrv2011_neg_0690	158564262				fasta_unmatched
negative	fungalrv2011_neg_0691	239613369				fasta_unmatched
negative	fungalrv2011_neg_0692	74610363				fasta_unmatched
negative	fungalrv2011_neg_0693	71000064				fasta_unmatched
negative	fungalrv2011_neg_0694	239609709				fasta_unmatched
negative	fungalrv2011_neg_0695	239592637				fasta_unmatched
negative	fungalrv2011_neg_0696	239611677				fasta_unmatched
negative	fungalrv2011_neg_0697	70993080				fasta_unmatched
negative	fungalrv2011_neg_0698	238881675				fasta_unmatched
negative	fungalrv2011_neg_0699	70983610				fasta_unmatched
negative	fungalrv2011_neg_0700	74584366				fasta_unmatched
negative	fungalrv2011_neg_0701	66849659				fasta_unmatched
negative	fungalrv2011_neg_0702	239593744				fasta_unmatched
negative	fungalrv2011_neg_0703	146323372				fasta_unmatched
negative	fungalrv2011_neg_0704	70984174				fasta_unmatched
negative	fungalrv2011_neg_0705	74610474				fasta_unmatched
negative	fungalrv2011_neg_0706	71000180				fasta_unmatched
negative	fungalrv2011_neg_0707	238879996				fasta_unmatched
negative	fungalrv2011_neg_0708	159126923				fasta_unmatched
negative	fungalrv2011_neg_0709	74609953				fasta_unmatched
negative	fungalrv2011_neg_0710	66851009				fasta_unmatched
negative	fungalrv2011_neg_0711	74691023				fasta_unmatched
negative	fungalrv2011_neg_0712	52782863				fasta_unmatched
negative	fungalrv2011_neg_0713	239607067				fasta_unmatched
negative	fungalrv2011_neg_0714	239613821				fasta_unmatched
negative	fungalrv2011_neg_0715	74591996				fasta_unmatched
negative	fungalrv2011_neg_0716	74608422				fasta_unmatched
negative	fungalrv2011_neg_0717	70991104				fasta_unmatched
negative	fungalrv2011_neg_0718	239595669				fasta_unmatched
negative	fungalrv2011_neg_0719	74675380				fasta_unmatched
negative	fungalrv2011_neg_0720	66851927				fasta_unmatched
negative	fungalrv2011_neg_0721	239592461				fasta_unmatched
negative	fungalrv2011_neg_0722	238883241				fasta_unmatched
negative	fungalrv2011_neg_0723	119192154				fasta_unmatched
negative	fungalrv2011_neg_0724	239588817				fasta_unmatched
negative	fungalrv2011_neg_0725	239612274				fasta_unmatched
negative	fungalrv2011_neg_0726	70994460				fasta_unmatched
negative	fungalrv2011_neg_0727	239591887				fasta_unmatched
negative	fungalrv2011_neg_0728	239593262				fasta_unmatched
negative	fungalrv2011_neg_0729	70981967				fasta_unmatched
negative	fungalrv2011_neg_0730	239594966				fasta_unmatched
negative	fungalrv2011_neg_0731	74590028				fasta_unmatched
negative	fungalrv2011_neg_0732	70986300				fasta_unmatched
negative	fungalrv2011_neg_0733	70995191				fasta_unmatched
negative	fungalrv2011_neg_0734	239613891				fasta_unmatched
negative	fungalrv2011_neg_0735	70982296				fasta_unmatched
negative	fungalrv2011_neg_0736	74609249				fasta_unmatched
negative	fungalrv2011_neg_0737	239586533				fasta_unmatched
negative	fungalrv2011_neg_0738	238878555				fasta_unmatched
negative	fungalrv2011_neg_0739	239590535				fasta_unmatched
negative	fungalrv2011_neg_0740	70996198				fasta_unmatched
negative	fungalrv2011_neg_0741	90306527				fasta_unmatched
negative	fungalrv2011_neg_0742	7021323				fasta_unmatched
negative	fungalrv2011_neg_0743	70996470				fasta_unmatched
negative	fungalrv2011_neg_0744	70986740				fasta_unmatched
negative	fungalrv2011_neg_0745	41581295				fasta_unmatched
negative	fungalrv2011_neg_0746	239591920				fasta_unmatched
negative	fungalrv2011_neg_0747	159122206				fasta_unmatched
negative	fungalrv2011_neg_0748	70982063				fasta_unmatched
negative	fungalrv2011_neg_0749	239592560				fasta_unmatched
negative	fungalrv2011_neg_0750	52783443				fasta_unmatched
negative	fungalrv2011_neg_0751	91178555				fasta_unmatched
negative	fungalrv2011_neg_0752	239614149				fasta_unmatched
negative	fungalrv2011_neg_0753	74609239				fasta_unmatched
negative	fungalrv2011_neg_0754	239586830				fasta_unmatched
negative	fungalrv2011_neg_0755	70997075				fasta_unmatched
negative	fungalrv2011_neg_0756	239594057				fasta_unmatched
negative	fungalrv2011_neg_0757	239607405				fasta_unmatched
negative	fungalrv2011_neg_0758	239588855				fasta_unmatched
negative	fungalrv2011_neg_0759	239593713				fasta_unmatched
negative	fungalrv2011_neg_0760	142985565				fasta_unmatched
negative	fungalrv2011_neg_0761	71000994				fasta_unmatched
negative	fungalrv2011_neg_0762	121932239				fasta_unmatched
negative	fungalrv2011_neg_0763	239589829				fasta_unmatched
negative	fungalrv2011_neg_0764	70995884				fasta_unmatched
negative	fungalrv2011_neg_0765	239611288				fasta_unmatched
negative	fungalrv2011_neg_0766	238879549				fasta_unmatched
negative	fungalrv2011_neg_0767	74661121				fasta_unmatched
negative	fungalrv2011_neg_0768	66848621				fasta_unmatched
negative	fungalrv2011_neg_0769	239606658				fasta_unmatched
negative	fungalrv2011_neg_0770	146323633				fasta_unmatched
negative	fungalrv2011_neg_0771	70986344				fasta_unmatched
negative	fungalrv2011_neg_0772	239609194				fasta_unmatched
negative	fungalrv2011_neg_0773	239607795				fasta_unmatched
negative	fungalrv2011_neg_0774	74691000				fasta_unmatched
negative	fungalrv2011_neg_0775	239612982				fasta_unmatched
negative	fungalrv2011_neg_0776	70989807				fasta_unmatched
negative	fungalrv2011_neg_0777	239594205				fasta_unmatched
negative	fungalrv2011_neg_0778	239588619				fasta_unmatched
negative	fungalrv2011_neg_0779	6980002				fasta_unmatched
negative	fungalrv2011_neg_0780	118575174				fasta_unmatched
negative	fungalrv2011_neg_0781	74585725				fasta_unmatched
negative	fungalrv2011_neg_0782	70998074				fasta_unmatched
negative	fungalrv2011_neg_0783	74661442				fasta_unmatched
negative	fungalrv2011_neg_0784	239593718				fasta_unmatched
negative	fungalrv2011_neg_0785	9931532				fasta_unmatched
negative	fungalrv2011_neg_0786	71001450				fasta_unmatched
negative	fungalrv2011_neg_0787	70999604				fasta_unmatched
negative	fungalrv2011_neg_0788	91206537				fasta_unmatched
negative	fungalrv2011_neg_0789	74661116				fasta_unmatched
negative	fungalrv2011_neg_0790	66848609				fasta_unmatched
negative	fungalrv2011_neg_0791	239593431				fasta_unmatched
negative	fungalrv2011_neg_0792	90306908				fasta_unmatched
negative	fungalrv2011_neg_0793	239609240				fasta_unmatched
negative	fungalrv2011_neg_0794	239611211				fasta_unmatched
negative	fungalrv2011_neg_0795	66850285				fasta_unmatched
negative	fungalrv2011_neg_0796	71002706				fasta_unmatched
negative	fungalrv2011_neg_0797	121767415				fasta_unmatched
negative	fungalrv2011_neg_0798	74668904				fasta_unmatched
negative	fungalrv2011_neg_0799	74690584				fasta_unmatched
negative	fungalrv2011_neg_0800	7270996				fasta_unmatched
negative	fungalrv2011_neg_0801	90302153				fasta_unmatched
negative	fungalrv2011_neg_0802	74661150				fasta_unmatched
negative	fungalrv2011_neg_0803	74691178				fasta_unmatched
negative	fungalrv2011_neg_0804	239612006				fasta_unmatched
negative	fungalrv2011_neg_0805	239589963				fasta_unmatched
negative	fungalrv2011_neg_0806	238883622				fasta_unmatched
negative	fungalrv2011_neg_0807	161784286				fasta_unmatched
negative	fungalrv2011_neg_0808	239594697				fasta_unmatched
negative	fungalrv2011_neg_0809	239607008				fasta_unmatched
negative	fungalrv2011_neg_0810	239606505				fasta_unmatched
negative	fungalrv2011_neg_0811	66846981				fasta_unmatched
negative	fungalrv2011_neg_0812	239607410				fasta_unmatched
negative	fungalrv2011_neg_0813	70998030				fasta_unmatched
negative	fungalrv2011_neg_0814	239607513				fasta_unmatched
negative	fungalrv2011_neg_0815	90306137				fasta_unmatched
negative	fungalrv2011_neg_0816	239595589				fasta_unmatched
negative	fungalrv2011_neg_0817	74591129				fasta_unmatched
negative	fungalrv2011_neg_0818	70993354				fasta_unmatched
negative	fungalrv2011_neg_0819	239590296				fasta_unmatched
negative	fungalrv2011_neg_0820	239587348				fasta_unmatched
negative	fungalrv2011_neg_0821	55585441				fasta_unmatched
negative	fungalrv2011_neg_0822	239609123				fasta_unmatched
negative	fungalrv2011_neg_0823	238881190				fasta_unmatched
negative	fungalrv2011_neg_0824	70990794				fasta_unmatched
negative	fungalrv2011_neg_0825	90307003				fasta_unmatched
negative	fungalrv2011_neg_0826	70993268				fasta_unmatched
negative	fungalrv2011_neg_0827	239593624				fasta_unmatched
negative	fungalrv2011_neg_0828	238880030				fasta_unmatched
negative	fungalrv2011_neg_0829	70985026				fasta_unmatched
negative	fungalrv2011_neg_0830	70994276				fasta_unmatched
negative	fungalrv2011_neg_0831	121771771				fasta_unmatched
negative	fungalrv2011_neg_0832	239588427				fasta_unmatched
negative	fungalrv2011_neg_0833	238883878				fasta_unmatched
negative	fungalrv2011_neg_0834	239589618				fasta_unmatched
negative	fungalrv2011_neg_0835	51701949				fasta_unmatched
negative	fungalrv2011_neg_0836	238883710				fasta_unmatched
negative	fungalrv2011_neg_0837	59800207				fasta_unmatched
negative	fungalrv2011_neg_0838	239591489				fasta_unmatched
negative	fungalrv2011_neg_0839	70994526				fasta_unmatched
negative	fungalrv2011_neg_0840	239595365				fasta_unmatched
negative	fungalrv2011_neg_0841	146323984				fasta_unmatched
negative	fungalrv2011_neg_0842	239608442				fasta_unmatched
negative	fungalrv2011_neg_0843	239588097				fasta_unmatched
negative	fungalrv2011_neg_0844	239589423				fasta_unmatched
negative	fungalrv2011_neg_0845	239590861				fasta_unmatched
negative	fungalrv2011_neg_0846	239594198				fasta_unmatched
negative	fungalrv2011_neg_0847	74610271				fasta_unmatched
negative	fungalrv2011_neg_0848	239591145				fasta_unmatched
negative	fungalrv2011_neg_0849	239590100				fasta_unmatched
negative	fungalrv2011_neg_0850	74697717				fasta_unmatched
negative	fungalrv2011_neg_0851	239596073				fasta_unmatched
negative	fungalrv2011_neg_0852	7271028				fasta_unmatched
negative	fungalrv2011_neg_0853	74656726				fasta_unmatched
negative	fungalrv2011_neg_0854	159124557				fasta_unmatched
negative	fungalrv2011_neg_0855	239595762				fasta_unmatched
negative	fungalrv2011_neg_0856	118572554				fasta_unmatched
negative	fungalrv2011_neg_0857	239589718				fasta_unmatched
negative	fungalrv2011_neg_0858	239612553				fasta_unmatched
negative	fungalrv2011_neg_0859	239607498				fasta_unmatched
negative	fungalrv2011_neg_0860	239588629				fasta_unmatched
negative	fungalrv2011_neg_0861	239614113				fasta_unmatched
negative	fungalrv2011_neg_0862	51704220				fasta_unmatched
negative	fungalrv2011_neg_0863	388365				fasta_unmatched
negative	fungalrv2011_neg_0864	239608903				fasta_unmatched
negative	fungalrv2011_neg_0865	238882441				fasta_unmatched
negative	fungalrv2011_neg_0866	238880244				fasta_unmatched
negative	fungalrv2011_neg_0867	239589391				fasta_unmatched
negative	fungalrv2011_neg_0868	90306730				fasta_unmatched
negative	fungalrv2011_neg_0869	239609658				fasta_unmatched
negative	fungalrv2011_neg_0870	239588553				fasta_unmatched
negative	fungalrv2011_neg_0871	74584909				fasta_unmatched
negative	fungalrv2011_neg_0872	47176859				fasta_unmatched
negative	fungalrv2011_neg_0873	70982598				fasta_unmatched
negative	fungalrv2011_neg_0874	239593608				fasta_unmatched
negative	fungalrv2011_neg_0875	239588390				fasta_unmatched
negative	fungalrv2011_neg_0876	239590876				fasta_unmatched
negative	fungalrv2011_neg_0877	239594305				fasta_unmatched
negative	fungalrv2011_neg_0878	6625790				fasta_unmatched
negative	fungalrv2011_neg_0879	70990232				fasta_unmatched
negative	fungalrv2011_neg_0880	239614944				fasta_unmatched
negative	fungalrv2011_neg_0881	70992383				fasta_unmatched
negative	fungalrv2011_neg_0882	158564246				fasta_unmatched
negative	fungalrv2011_neg_0883	239594703				fasta_unmatched
negative	fungalrv2011_neg_0884	239595355				fasta_unmatched
negative	fungalrv2011_neg_0885	91178110				fasta_unmatched
negative	fungalrv2011_neg_0886	239587312				fasta_unmatched
negative	fungalrv2011_neg_0887	159127129				fasta_unmatched
negative	fungalrv2011_neg_0888	90307633				fasta_unmatched
negative	fungalrv2011_neg_0889	91178547				fasta_unmatched
negative	fungalrv2011_neg_0890	74585523				fasta_unmatched
negative	fungalrv2011_neg_0891	121931649				fasta_unmatched
negative	fungalrv2011_neg_0892	239613233				fasta_unmatched
negative	fungalrv2011_neg_0893	74590267				fasta_unmatched
negative	fungalrv2011_neg_0894	70996010				fasta_unmatched
negative	fungalrv2011_neg_0895	239607503				fasta_unmatched
negative	fungalrv2011_neg_0896	70995808				fasta_unmatched
negative	fungalrv2011_neg_0897	71002884				fasta_unmatched
negative	fungalrv2011_neg_0898	70983249				fasta_unmatched
negative	fungalrv2011_neg_0899	159131514				fasta_unmatched
negative	fungalrv2011_neg_0900	239613714				fasta_unmatched
negative	fungalrv2011_neg_0901	27884036				fasta_unmatched
negative	fungalrv2011_neg_0902	55585451				fasta_unmatched
negative	fungalrv2011_neg_0903	74584525				fasta_unmatched
negative	fungalrv2011_neg_0904	73621058				fasta_unmatched
negative	fungalrv2011_neg_0905	74608452				fasta_unmatched
negative	fungalrv2011_neg_0906	66848858				fasta_unmatched
negative	fungalrv2011_neg_0907	239612784				fasta_unmatched
negative	fungalrv2011_neg_0908	66847176				fasta_unmatched
negative	fungalrv2011_neg_0909	51704337				fasta_unmatched
negative	fungalrv2011_neg_0910	239587401				fasta_unmatched
negative	fungalrv2011_neg_0911	32879634				fasta_unmatched
negative	fungalrv2011_neg_0912	238879484				fasta_unmatched
negative	fungalrv2011_neg_0913	74669406				fasta_unmatched
negative	fungalrv2011_neg_0914	239607663				fasta_unmatched
negative	fungalrv2011_neg_0915	239591896				fasta_unmatched
negative	fungalrv2011_neg_0916	62899751				fasta_unmatched
negative	fungalrv2011_neg_0917	239586723				fasta_unmatched
negative	fungalrv2011_neg_0918	121770687				fasta_unmatched
negative	fungalrv2011_neg_0919	239589301				fasta_unmatched
negative	fungalrv2011_neg_0920	239608247				fasta_unmatched
negative	fungalrv2011_neg_0921	90306882				fasta_unmatched
negative	fungalrv2011_neg_0922	239590578				fasta_unmatched
negative	fungalrv2011_neg_0923	239590897				fasta_unmatched
negative	fungalrv2011_neg_0924	90304341				fasta_unmatched
negative	fungalrv2011_neg_0925	239615106				fasta_unmatched
negative	fungalrv2011_neg_0926	239592100				fasta_unmatched
negative	fungalrv2011_neg_0927	238879347				fasta_unmatched
negative	fungalrv2011_neg_0928	66853638				fasta_unmatched
negative	fungalrv2011_neg_0929	239615467				fasta_unmatched
negative	fungalrv2011_neg_0930	239613015				fasta_unmatched
negative	fungalrv2011_neg_0931	71002692				fasta_unmatched
negative	fungalrv2011_neg_0932	90305868				fasta_unmatched
negative	fungalrv2011_neg_0933	90307115				fasta_unmatched
negative	fungalrv2011_neg_0934	29500874				fasta_unmatched
negative	fungalrv2011_neg_0935	66851716				fasta_unmatched
negative	fungalrv2011_neg_0936	90301164				fasta_unmatched
negative	fungalrv2011_neg_0937	38326785				fasta_unmatched
negative	fungalrv2011_neg_0938	239589077				fasta_unmatched
negative	fungalrv2011_neg_0939	239590384				fasta_unmatched
negative	fungalrv2011_neg_0940	74608142				fasta_unmatched
negative	fungalrv2011_neg_0941	239590959				fasta_unmatched
negative	fungalrv2011_neg_0942	238882235				fasta_unmatched
negative	fungalrv2011_neg_0943	70989289				fasta_unmatched
negative	fungalrv2011_neg_0944	74690878				fasta_unmatched
negative	fungalrv2011_neg_0945	74610502				fasta_unmatched
negative	fungalrv2011_neg_0946	121922193				fasta_unmatched
negative	fungalrv2011_neg_0947	239590816				fasta_unmatched
negative	fungalrv2011_neg_0948	239608900				fasta_unmatched
negative	fungalrv2011_neg_0949	239614054				fasta_unmatched
negative	fungalrv2011_neg_0950	239606757				fasta_unmatched
negative	fungalrv2011_neg_0951	90300401				fasta_unmatched
negative	fungalrv2011_neg_0952	239594084				fasta_unmatched
negative	fungalrv2011_neg_0953	70989057				fasta_unmatched
negative	fungalrv2011_neg_0954	2707897				fasta_unmatched
negative	fungalrv2011_neg_0955	74609002				fasta_unmatched
negative	fungalrv2011_neg_0956	238881138				fasta_unmatched
negative	fungalrv2011_neg_0957	121753835				fasta_unmatched
negative	fungalrv2011_neg_0958	71002440				fasta_unmatched
negative	fungalrv2011_neg_0959	239594117				fasta_unmatched
negative	fungalrv2011_neg_0960	74586831				fasta_unmatched
negative	fungalrv2011_neg_0961	152211869				fasta_unmatched
negative	fungalrv2011_neg_0962	90298671				fasta_unmatched
negative	fungalrv2011_neg_0963	71001348				fasta_unmatched
negative	fungalrv2011_neg_0964	239609170				fasta_unmatched
negative	fungalrv2011_neg_0965	90303357				fasta_unmatched
negative	fungalrv2011_neg_0966	70993620				fasta_unmatched
negative	fungalrv2011_neg_0967	74587879				fasta_unmatched
negative	fungalrv2011_neg_0968	239615336				fasta_unmatched
negative	fungalrv2011_neg_0969	66851132				fasta_unmatched
negative	fungalrv2011_neg_0970	70988705				fasta_unmatched
negative	fungalrv2011_neg_0971	239607683				fasta_unmatched
negative	fungalrv2011_neg_0972	146324510				fasta_unmatched
negative	fungalrv2011_neg_0973	74610903				fasta_unmatched
negative	fungalrv2011_neg_0974	66853130				fasta_unmatched
negative	fungalrv2011_neg_0975	70982366				fasta_unmatched
negative	fungalrv2011_neg_0976	239588259				fasta_unmatched
negative	fungalrv2011_neg_0977	70984234				fasta_unmatched
negative	fungalrv2011_neg_0978	239590827				fasta_unmatched
negative	fungalrv2011_neg_0979	146324113				fasta_unmatched
negative	fungalrv2011_neg_0980	239594897				fasta_unmatched
negative	fungalrv2011_neg_0981	90305762				fasta_unmatched
negative	fungalrv2011_neg_0982	239610732				fasta_unmatched
negative	fungalrv2011_neg_0983	239592039				fasta_unmatched
negative	fungalrv2011_neg_0984	239614510				fasta_unmatched
negative	fungalrv2011_neg_0985	239591975				fasta_unmatched
negative	fungalrv2011_neg_0986	239591454				fasta_unmatched
negative	fungalrv2011_neg_0987	158706456				fasta_unmatched
negative	fungalrv2011_neg_0988	239587559				fasta_unmatched
negative	fungalrv2011_neg_0989	121926971				fasta_unmatched
negative	fungalrv2011_neg_0990	239588608				fasta_unmatched
negative	fungalrv2011_neg_0991	239587739				fasta_unmatched
negative	fungalrv2011_neg_0992	239611454				fasta_unmatched
negative	fungalrv2011_neg_0993	71002516				fasta_unmatched
negative	fungalrv2011_neg_0994	239587175				fasta_unmatched
negative	fungalrv2011_neg_0995	70997916				fasta_unmatched
negative	fungalrv2011_neg_0996	239593184				fasta_unmatched
negative	fungalrv2011_neg_0997	239595621				fasta_unmatched
negative	fungalrv2011_neg_0998	152212003				fasta_unmatched
negative	fungalrv2011_neg_0999	239611792				fasta_unmatched
negative	fungalrv2011_neg_1000	2121286				fasta_unmatched
negative	fungalrv2011_neg_1001	74587680				fasta_unmatched
negative	fungalrv2011_neg_1002	146323161				fasta_unmatched
negative	fungalrv2011_neg_1003	74610987				fasta_unmatched
negative	fungalrv2011_neg_1004	90306168				fasta_unmatched
negative	fungalrv2011_neg_1005	239612084				fasta_unmatched
negative	fungalrv2011_neg_1006	3023886				fasta_unmatched
negative	fungalrv2011_neg_1007	66849943				fasta_unmatched
negative	fungalrv2011_neg_1008	239590850				fasta_unmatched
negative	fungalrv2011_neg_1009	239590547				fasta_unmatched
negative	fungalrv2011_neg_1010	70984096				fasta_unmatched
negative	fungalrv2011_neg_1011	146324693				fasta_unmatched
negative	fungalrv2011_neg_1012	52783189				fasta_unmatched
negative	fungalrv2011_neg_1013	239595246				fasta_unmatched
negative	fungalrv2011_neg_1014	45545307				fasta_unmatched
negative	fungalrv2011_neg_1015	47176733				fasta_unmatched
negative	fungalrv2011_neg_1016	239610812				fasta_unmatched
negative	fungalrv2011_neg_1017	238879624				fasta_unmatched
negative	fungalrv2011_neg_1018	239613506				fasta_unmatched
negative	fungalrv2011_neg_1019	239614285				fasta_unmatched
negative	fungalrv2011_neg_1020	66848643				fasta_unmatched
negative	fungalrv2011_neg_1021	74609096				fasta_unmatched
negative	fungalrv2011_neg_1022	51701391				fasta_unmatched
negative	fungalrv2011_neg_1023	239594898				fasta_unmatched
negative	fungalrv2011_neg_1024	239595049				fasta_unmatched
negative	fungalrv2011_neg_1025	90303341				fasta_unmatched
negative	fungalrv2011_neg_1026	239594842				fasta_unmatched
negative	fungalrv2011_neg_1027	51701759				fasta_unmatched
negative	fungalrv2011_neg_1028	74608117				fasta_unmatched
negative	fungalrv2011_neg_1029	74680423				fasta_unmatched
negative	fungalrv2011_neg_1030	239587330				fasta_unmatched
negative	fungalrv2011_neg_1031	239588482				fasta_unmatched
negative	fungalrv2011_neg_1032	239595260				fasta_unmatched
negative	fungalrv2011_neg_1033	52782714				fasta_unmatched
negative	fungalrv2011_neg_1034	114331				fasta_unmatched
negative	fungalrv2011_neg_1035	239587775				fasta_unmatched
negative	fungalrv2011_neg_1036	118574056				fasta_unmatched
negative	fungalrv2011_neg_1037	70997125				fasta_unmatched
negative	fungalrv2011_neg_1038	239593708				fasta_unmatched
negative	fungalrv2011_neg_1039	54036108				fasta_unmatched
negative	fungalrv2011_neg_1040	32567802				fasta_unmatched
negative	fungalrv2011_neg_1041	146324293				fasta_unmatched
negative	fungalrv2011_neg_1042	239606812				fasta_unmatched
negative	fungalrv2011_neg_1043	2498				fasta_unmatched
negative	fungalrv2011_neg_1044	70986914				fasta_unmatched
negative	fungalrv2011_neg_1045	121771430				fasta_unmatched
negative	fungalrv2011_neg_1046	66847887				fasta_unmatched
negative	fungalrv2011_neg_1047	158563753				fasta_unmatched
negative	fungalrv2011_neg_1048	90111965				fasta_unmatched
negative	fungalrv2011_neg_1049	74661246				fasta_unmatched
negative	fungalrv2011_neg_1050	70986713				fasta_unmatched
negative	fungalrv2011_neg_1051	2521				fasta_unmatched
negative	fungalrv2011_neg_1052	55585449				fasta_unmatched
negative	fungalrv2011_neg_1053	239590954				fasta_unmatched
negative	fungalrv2011_neg_1054	55585453				fasta_unmatched
negative	fungalrv2011_neg_1055	239588213				fasta_unmatched
negative	fungalrv2011_neg_1056	238880498				fasta_unmatched
negative	fungalrv2011_neg_1057	239614151				fasta_unmatched
negative	fungalrv2011_neg_1058	74638033				fasta_unmatched
negative	fungalrv2011_neg_1059	238878625				fasta_unmatched
negative	fungalrv2011_neg_1060	239592397				fasta_unmatched
negative	fungalrv2011_neg_1061	158706444				fasta_unmatched
negative	fungalrv2011_neg_1062	118582048				fasta_unmatched
negative	fungalrv2011_neg_1063	118585846				fasta_unmatched
negative	fungalrv2011_neg_1064	119192776				fasta_unmatched
negative	fungalrv2011_neg_1065	239612568				fasta_unmatched
negative	fungalrv2011_neg_1066	239591435				fasta_unmatched
negative	fungalrv2011_neg_1067	239613518				fasta_unmatched
negative	fungalrv2011_neg_1068	55585455				fasta_unmatched
negative	fungalrv2011_neg_1069	46432652				fasta_unmatched
negative	fungalrv2011_neg_1070	55585395				fasta_unmatched
negative	fungalrv2011_neg_1071	239589848				fasta_unmatched
negative	fungalrv2011_neg_1072	239587443				fasta_unmatched
negative	fungalrv2011_neg_1073	239593013				fasta_unmatched
negative	fungalrv2011_neg_1074	239586979				fasta_unmatched
negative	fungalrv2011_neg_1075	239588198				fasta_unmatched
negative	fungalrv2011_neg_1076	239593934				fasta_unmatched
negative	fungalrv2011_neg_1077	238883927				fasta_unmatched
negative	fungalrv2011_neg_1078	90301216				fasta_unmatched
negative	fungalrv2011_neg_1079	239593619				fasta_unmatched
negative	fungalrv2011_neg_1080	239591633				fasta_unmatched
negative	fungalrv2011_neg_1081	70991162				fasta_unmatched
negative	fungalrv2011_neg_1082	239594425				fasta_unmatched
negative	fungalrv2011_neg_1083	51701390				fasta_unmatched
negative	fungalrv2011_neg_1084	238879353				fasta_unmatched
negative	fungalrv2011_neg_1085	66844364				fasta_unmatched
negative	fungalrv2011_neg_1086	90305407				fasta_unmatched
negative	fungalrv2011_neg_1087	55585421				fasta_unmatched
negative	fungalrv2011_neg_1088	66852560				fasta_unmatched
negative	fungalrv2011_neg_1089	66846976				fasta_unmatched
negative	fungalrv2011_neg_1090	239613137				fasta_unmatched
negative	fungalrv2011_neg_1091	239591897				fasta_unmatched
negative	fungalrv2011_neg_1092	239612454				fasta_unmatched
negative	fungalrv2011_neg_1093	74608396				fasta_unmatched
negative	fungalrv2011_neg_1094	239612745				fasta_unmatched
negative	fungalrv2011_neg_1095	239594478				fasta_unmatched
negative	fungalrv2011_neg_1096	239615643				fasta_unmatched
negative	fungalrv2011_neg_1097	66849755				fasta_unmatched
negative	fungalrv2011_neg_1098	70983125				fasta_unmatched
negative	fungalrv2011_neg_1099	74675558				fasta_unmatched
negative	fungalrv2011_neg_1100	239587462				fasta_unmatched
negative	fungalrv2011_neg_1101	238882319				fasta_unmatched
negative	fungalrv2011_neg_1102	239609171				fasta_unmatched
negative	fungalrv2011_neg_1103	90307829				fasta_unmatched
negative	fungalrv2011_neg_1104	239613034				fasta_unmatched
negative	fungalrv2011_neg_1105	239608789				fasta_unmatched
negative	fungalrv2011_neg_1106	239593381				fasta_unmatched
negative	fungalrv2011_neg_1107	74672187				fasta_unmatched
negative	fungalrv2011_neg_1108	74679876				fasta_unmatched
negative	fungalrv2011_neg_1109	239612811				fasta_unmatched
negative	fungalrv2011_neg_1110	46432703				fasta_unmatched
negative	fungalrv2011_neg_1111	74608503				fasta_unmatched
negative	fungalrv2011_neg_1112	239589481				fasta_unmatched
negative	fungalrv2011_neg_1113	239590735				fasta_unmatched
negative	fungalrv2011_neg_1114	239606973				fasta_unmatched
negative	fungalrv2011_neg_1115	90305903				fasta_unmatched
negative	fungalrv2011_neg_1116	239591802				fasta_unmatched
negative	fungalrv2011_neg_1117	66850537				fasta_unmatched
negative	fungalrv2011_neg_1118	239587773				fasta_unmatched
negative	fungalrv2011_neg_1119	239611216				fasta_unmatched
negative	fungalrv2011_neg_1120	74680391				fasta_unmatched
negative	fungalrv2011_neg_1121	73621935				fasta_unmatched
negative	fungalrv2011_neg_1122	74661452				fasta_unmatched
negative	fungalrv2011_neg_1123	90304986				fasta_unmatched
negative	fungalrv2011_neg_1124	239594207				fasta_unmatched
negative	fungalrv2011_neg_1125	239590373				fasta_unmatched
negative	fungalrv2011_neg_1126	70982554				fasta_unmatched
negative	fungalrv2011_neg_1127	239609839				fasta_unmatched
negative	fungalrv2011_neg_1128	2369659				fasta_unmatched
negative	fungalrv2011_neg_1129	146323380				fasta_unmatched
negative	fungalrv2011_neg_1130	239609238				fasta_unmatched
negative	fungalrv2011_neg_1131	70995580				fasta_unmatched
negative	fungalrv2011_neg_1132	239607046				fasta_unmatched
negative	fungalrv2011_neg_1133	239615197				fasta_unmatched
negative	fungalrv2011_neg_1134	70990630				fasta_unmatched
negative	fungalrv2011_neg_1135	239589071				fasta_unmatched
negative	fungalrv2011_neg_1136	239590565				fasta_unmatched
negative	fungalrv2011_neg_1137	239612835				fasta_unmatched
negative	fungalrv2011_neg_1138	121932141				fasta_unmatched
negative	fungalrv2011_neg_1139	121936818				fasta_unmatched
negative	fungalrv2011_neg_1140	129558495				fasta_unmatched
negative	fungalrv2011_neg_1141	239593706				fasta_unmatched
negative	fungalrv2011_neg_1142	90301262				fasta_unmatched
negative	fungalrv2011_neg_1143	239595815				fasta_unmatched
negative	fungalrv2011_neg_1144	239586868				fasta_unmatched
negative	fungalrv2011_neg_1145	70993736				fasta_unmatched
negative	fungalrv2011_neg_1146	74656630				fasta_unmatched
negative	fungalrv2011_neg_1147	70982438				fasta_unmatched
negative	fungalrv2011_neg_1148	239610786				fasta_unmatched
negative	fungalrv2011_neg_1149	239594893				fasta_unmatched
negative	fungalrv2011_neg_1150	66847691				fasta_unmatched
negative	fungalrv2011_neg_1151	239588464				fasta_unmatched
negative	fungalrv2011_neg_1152	239606574				fasta_unmatched
negative	fungalrv2011_neg_1153	74675746				fasta_unmatched
negative	fungalrv2011_neg_1154	239596137				fasta_unmatched
negative	fungalrv2011_neg_1155	55585135				fasta_unmatched
negative	fungalrv2011_neg_1156	71000431				fasta_unmatched
negative	fungalrv2011_neg_1157	238882167				fasta_unmatched
negative	fungalrv2011_neg_1158	146323881				fasta_unmatched
negative	fungalrv2011_neg_1159	239593224				fasta_unmatched
negative	fungalrv2011_neg_1160	239590126				fasta_unmatched
negative	fungalrv2011_neg_1161	239589850				fasta_unmatched
negative	fungalrv2011_neg_1162	239589878				fasta_unmatched
negative	fungalrv2011_neg_1163	239594250				fasta_unmatched
negative	fungalrv2011_neg_1164	239614428				fasta_unmatched
negative	fungalrv2011_neg_1165	4062995				fasta_unmatched
negative	fungalrv2011_neg_1166	238881966				fasta_unmatched
negative	fungalrv2011_neg_1167	239595429				fasta_unmatched
negative	fungalrv2011_neg_1168	66849747				fasta_unmatched
negative	fungalrv2011_neg_1169	66849883				fasta_unmatched
negative	fungalrv2011_neg_1170	239613653				fasta_unmatched
negative	fungalrv2011_neg_1171	239607415				fasta_unmatched
negative	fungalrv2011_neg_1172	239591121				fasta_unmatched
negative	fungalrv2011_neg_1173	159122203				fasta_unmatched
negative	fungalrv2011_neg_1174	70991228				fasta_unmatched
negative	fungalrv2011_neg_1175	71000529				fasta_unmatched
negative	fungalrv2011_neg_1176	239593506				fasta_unmatched
negative	fungalrv2011_neg_1177	239593709				fasta_unmatched
negative	fungalrv2011_neg_1178	238883214				fasta_unmatched
negative	fungalrv2011_neg_1179	74627346				fasta_unmatched
negative	fungalrv2011_neg_1180	51701503				fasta_unmatched
negative	fungalrv2011_neg_1181	7270998				fasta_unmatched
negative	fungalrv2011_neg_1182	239593123				fasta_unmatched
negative	fungalrv2011_neg_1183	74661154				fasta_unmatched
negative	fungalrv2011_neg_1184	66848834				fasta_unmatched
negative	fungalrv2011_neg_1185	239591617				fasta_unmatched
negative	fungalrv2011_neg_1186	55585435				fasta_unmatched
negative	fungalrv2011_neg_1187	239586740				fasta_unmatched
negative	fungalrv2011_neg_1188	239587718				fasta_unmatched
negative	fungalrv2011_neg_1189	239589150				fasta_unmatched
negative	fungalrv2011_neg_1190	90299296				fasta_unmatched
negative	fungalrv2011_neg_1191	70997806				fasta_unmatched
negative	fungalrv2011_neg_1192	70994532				fasta_unmatched
negative	fungalrv2011_neg_1193	31581402				fasta_unmatched
negative	fungalrv2011_neg_1194	239589882				fasta_unmatched
negative	fungalrv2011_neg_1195	239590214				fasta_unmatched
negative	fungalrv2011_neg_1196	118593421				fasta_unmatched
negative	fungalrv2011_neg_1197	90298957				fasta_unmatched
negative	fungalrv2011_neg_1198	90304625				fasta_unmatched
negative	fungalrv2011_neg_1199	70987231				fasta_unmatched
negative	fungalrv2011_neg_1200	239611333				fasta_unmatched
negative	fungalrv2011_neg_1201	239615414				fasta_unmatched
negative	fungalrv2011_neg_1202	239592388				fasta_unmatched
negative	fungalrv2011_neg_1203	66850103				fasta_unmatched
negative	fungalrv2011_neg_1204	239609367				fasta_unmatched
negative	fungalrv2011_neg_1205	239612711				fasta_unmatched
negative	fungalrv2011_neg_1206	129558491				fasta_unmatched
negative	fungalrv2011_neg_1207	239586778				fasta_unmatched
negative	fungalrv2011_neg_1208	66848265				fasta_unmatched
negative	fungalrv2011_neg_1209	239594665				fasta_unmatched
negative	fungalrv2011_neg_1210	238882270				fasta_unmatched
negative	fungalrv2011_neg_1211	238882092				fasta_unmatched
negative	fungalrv2011_neg_1212	74656119				fasta_unmatched
negative	fungalrv2011_neg_1213	239593204				fasta_unmatched
negative	fungalrv2011_neg_1214	70997367				fasta_unmatched
negative	fungalrv2011_neg_1215	32567794				fasta_unmatched
negative	fungalrv2011_neg_1216	70986020				fasta_unmatched
negative	fungalrv2011_neg_1217	74680204				fasta_unmatched
negative	fungalrv2011_neg_1218	70988982				fasta_unmatched
negative	fungalrv2011_neg_1219	238880669				fasta_unmatched
negative	fungalrv2011_neg_1220	52783193				fasta_unmatched
negative	fungalrv2011_neg_1221	62901305				fasta_unmatched
negative	fungalrv2011_neg_1222	66851207				fasta_unmatched
negative	fungalrv2011_neg_1223	45545303				fasta_unmatched
negative	fungalrv2011_neg_1224	121767841				fasta_unmatched
negative	fungalrv2011_neg_1225	239606666				fasta_unmatched
negative	fungalrv2011_neg_1226	55585165				fasta_unmatched
negative	fungalrv2011_neg_1227	66850579				fasta_unmatched
negative	fungalrv2011_neg_1228	239592270				fasta_unmatched
negative	fungalrv2011_neg_1229	70997101				fasta_unmatched
negative	fungalrv2011_neg_1230	3377679				fasta_unmatched
negative	fungalrv2011_neg_1231	146323823				fasta_unmatched
negative	fungalrv2011_neg_1232	239595779				fasta_unmatched
negative	fungalrv2011_neg_1233	74585104				fasta_unmatched
negative	fungalrv2011_neg_1234	55585123				fasta_unmatched
negative	fungalrv2011_neg_1235	239608188				fasta_unmatched
negative	fungalrv2011_neg_1236	238878945				fasta_unmatched
negative	fungalrv2011_neg_1237	239590504				fasta_unmatched
negative	fungalrv2011_neg_1238	239607417				fasta_unmatched
negative	fungalrv2011_neg_1239	70984665				fasta_unmatched
negative	fungalrv2011_neg_1240	239612853				fasta_unmatched
negative	fungalrv2011_neg_1241	159124191				fasta_unmatched
negative	fungalrv2011_neg_1242	70982069				fasta_unmatched
negative	fungalrv2011_neg_1243	70994656				fasta_unmatched
negative	fungalrv2011_neg_1244	239613708				fasta_unmatched
negative	fungalrv2011_neg_1245	74637290				fasta_unmatched
negative	fungalrv2011_neg_1246	74637331				fasta_unmatched
negative	fungalrv2011_neg_1247	146323261				fasta_unmatched
negative	fungalrv2011_neg_1248	66845030				fasta_unmatched
negative	fungalrv2011_neg_1249	239593202				fasta_unmatched
negative	fungalrv2011_neg_1250	52783119				fasta_unmatched
negative	fungalrv2011_neg_1251	239591363				fasta_unmatched
negative	fungalrv2011_neg_1252	121752962				fasta_unmatched
negative	fungalrv2011_neg_1253	239593585				fasta_unmatched
negative	fungalrv2011_neg_1254	70986558				fasta_unmatched
negative	fungalrv2011_neg_1255	239587476				fasta_unmatched
negative	fungalrv2011_neg_1256	70992355				fasta_unmatched
negative	fungalrv2011_neg_1257	239587682				fasta_unmatched
negative	fungalrv2011_neg_1258	238879194				fasta_unmatched
negative	fungalrv2011_neg_1259	71000641				fasta_unmatched
negative	fungalrv2011_neg_1260	74656094				fasta_unmatched
negative	fungalrv2011_neg_1261	239611545				fasta_unmatched
negative	fungalrv2011_neg_1262	70987032				fasta_unmatched
negative	fungalrv2011_neg_1263	238881456				fasta_unmatched
negative	fungalrv2011_neg_1264	74609712				fasta_unmatched
negative	fungalrv2011_neg_1265	146322469				fasta_unmatched
negative	fungalrv2011_neg_1266	239587841				fasta_unmatched
negative	fungalrv2011_neg_1267	52782713				fasta_unmatched
negative	fungalrv2011_neg_1268	70998550				fasta_unmatched
negative	fungalrv2011_neg_1269	70989797				fasta_unmatched
negative	fungalrv2011_neg_1270	239592236				fasta_unmatched
negative	fungalrv2011_neg_1271	70998048				fasta_unmatched
negative	fungalrv2011_neg_1272	159129261				fasta_unmatched
negative	fungalrv2011_neg_1273	239592630				fasta_unmatched
negative	fungalrv2011_neg_1274	239613503				fasta_unmatched
negative	fungalrv2011_neg_1275	239586754				fasta_unmatched
negative	fungalrv2011_neg_1276	239613153				fasta_unmatched
negative	fungalrv2011_neg_1277	118578052				fasta_unmatched
negative	fungalrv2011_neg_1278	55585179				fasta_unmatched
negative	fungalrv2011_neg_1279	116256792				fasta_unmatched
negative	fungalrv2011_neg_1280	121937034				fasta_unmatched
negative	fungalrv2011_neg_1281	239612290				fasta_unmatched
negative	fungalrv2011_neg_1282	121753448				fasta_unmatched
negative	fungalrv2011_neg_1283	74656107				fasta_unmatched
negative	fungalrv2011_neg_1284	239595749				fasta_unmatched
negative	fungalrv2011_neg_1285	239595391				fasta_unmatched
negative	fungalrv2011_neg_1286	146324612				fasta_unmatched
negative	fungalrv2011_neg_1287	32567801				fasta_unmatched
negative	fungalrv2011_neg_1288	70996374				fasta_unmatched
negative	fungalrv2011_neg_1289	70986963				fasta_unmatched
negative	fungalrv2011_neg_1290	238879272				fasta_unmatched
negative	fungalrv2011_neg_1291	239589462				fasta_unmatched
negative	fungalrv2011_neg_1292	74610133				fasta_unmatched
negative	fungalrv2011_neg_1293	66849798				fasta_unmatched
negative	fungalrv2011_neg_1294	70984128				fasta_unmatched
negative	fungalrv2011_neg_1295	90306130				fasta_unmatched
negative	fungalrv2011_neg_1296	239612231				fasta_unmatched
negative	fungalrv2011_neg_1297	239591352				fasta_unmatched
negative	fungalrv2011_neg_1298	239610135				fasta_unmatched
negative	fungalrv2011_neg_1299	239592778				fasta_unmatched
negative	fungalrv2011_neg_1300	239589903				fasta_unmatched
negative	fungalrv2011_neg_1301	239587911				fasta_unmatched
negative	fungalrv2011_neg_1302	90306467				fasta_unmatched
negative	fungalrv2011_neg_1303	239588217				fasta_unmatched
negative	fungalrv2011_neg_1304	74590344				fasta_unmatched
negative	fungalrv2011_neg_1305	3859690				fasta_unmatched
negative	fungalrv2011_neg_1306	70982141				fasta_unmatched
negative	fungalrv2011_neg_1307	239587929				fasta_unmatched
negative	fungalrv2011_neg_1308	74637551				fasta_unmatched
negative	fungalrv2011_neg_1309	239596069				fasta_unmatched
negative	fungalrv2011_neg_1310	74661294				fasta_unmatched
negative	fungalrv2011_neg_1311	238880151				fasta_unmatched
negative	fungalrv2011_neg_1312	238880720				fasta_unmatched
negative	fungalrv2011_neg_1313	74679771				fasta_unmatched
negative	fungalrv2011_neg_1314	90305636				fasta_unmatched
negative	fungalrv2011_neg_1315	239587434				fasta_unmatched
negative	fungalrv2011_neg_1316	3334374				fasta_unmatched
negative	fungalrv2011_neg_1317	74675019				fasta_unmatched
negative	fungalrv2011_neg_1318	239590097				fasta_unmatched
negative	fungalrv2011_neg_1319	239587457				fasta_unmatched
negative	fungalrv2011_neg_1320	70995416				fasta_unmatched
negative	fungalrv2011_neg_1321	239607416				fasta_unmatched
negative	fungalrv2011_neg_1322	166222394				fasta_unmatched
negative	fungalrv2011_neg_1323	74627338				fasta_unmatched
negative	fungalrv2011_neg_1324	71002544				fasta_unmatched
negative	fungalrv2011_neg_1325	238878492				fasta_unmatched
negative	fungalrv2011_neg_1326	239588357				fasta_unmatched
negative	fungalrv2011_neg_1327	239611576				fasta_unmatched
negative	fungalrv2011_neg_1328	239593122				fasta_unmatched
negative	fungalrv2011_neg_1329	239592301				fasta_unmatched
negative	fungalrv2011_neg_1330	74690788				fasta_unmatched
negative	fungalrv2011_neg_1331	90299260				fasta_unmatched
negative	fungalrv2011_neg_1332	239594744				fasta_unmatched
negative	fungalrv2011_neg_1333	239588655				fasta_unmatched
negative	fungalrv2011_neg_1334	71000942				fasta_unmatched
negative	fungalrv2011_neg_1335	238882026				fasta_unmatched
negative	fungalrv2011_neg_1336	74586549				fasta_unmatched
negative	fungalrv2011_neg_1337	74679968				fasta_unmatched
negative	fungalrv2011_neg_1338	121752136				fasta_unmatched
negative	fungalrv2011_neg_1339	239609575				fasta_unmatched
negative	fungalrv2011_neg_1340	90307175				fasta_unmatched
negative	fungalrv2011_neg_1341	70982620				fasta_unmatched
negative	fungalrv2011_neg_1342	70981666				fasta_unmatched
negative	fungalrv2011_neg_1343	239596123				fasta_unmatched
negative	fungalrv2011_neg_1344	239591425				fasta_unmatched
negative	fungalrv2011_neg_1345	239590941				fasta_unmatched
negative	fungalrv2011_neg_1346	70990526				fasta_unmatched
negative	fungalrv2011_neg_1347	70992231				fasta_unmatched
negative	fungalrv2011_neg_1348	238879406				fasta_unmatched
negative	fungalrv2011_neg_1349	239593707				fasta_unmatched
negative	fungalrv2011_neg_1350	239610580				fasta_unmatched
negative	fungalrv2011_neg_1351	121767218				fasta_unmatched
negative	fungalrv2011_neg_1352	239591225				fasta_unmatched
negative	fungalrv2011_neg_1353	70983858				fasta_unmatched
negative	fungalrv2011_neg_1354	27948804				fasta_unmatched
negative	fungalrv2011_neg_1355	90305517				fasta_unmatched
negative	fungalrv2011_neg_1356	239594421				fasta_unmatched
negative	fungalrv2011_neg_1357	55976396				fasta_unmatched
negative	fungalrv2011_neg_1358	238882140				fasta_unmatched
negative	fungalrv2011_neg_1359	239609846				fasta_unmatched
negative	fungalrv2011_neg_1360	238883579				fasta_unmatched
negative	fungalrv2011_neg_1361	239611205				fasta_unmatched
negative	fungalrv2011_neg_1362	52783115				fasta_unmatched
negative	fungalrv2011_neg_1363	239611269				fasta_unmatched
negative	fungalrv2011_neg_1364	70989900				fasta_unmatched
negative	fungalrv2011_neg_1365	74609416				fasta_unmatched
negative	fungalrv2011_neg_1366	239595042				fasta_unmatched
negative	fungalrv2011_neg_1367	239587835				fasta_unmatched
negative	fungalrv2011_neg_1368	239592579				fasta_unmatched
negative	fungalrv2011_neg_1369	66847211				fasta_unmatched
negative	fungalrv2011_neg_1370	52783292				fasta_unmatched
negative	fungalrv2011_neg_1371	70997333				fasta_unmatched
negative	fungalrv2011_neg_1372	239615592				fasta_unmatched
negative	fungalrv2011_neg_1373	187609711				fasta_unmatched
negative	fungalrv2011_neg_1374	187609701				fasta_unmatched
negative	fungalrv2011_neg_1375	239590627				fasta_unmatched
negative	fungalrv2011_neg_1376	71000970				fasta_unmatched
negative	fungalrv2011_neg_1377	239609710				fasta_unmatched
negative	fungalrv2011_neg_1378	20086302				fasta_unmatched
negative	fungalrv2011_neg_1379	239595996				fasta_unmatched
negative	fungalrv2011_neg_1380	239588359				fasta_unmatched
negative	fungalrv2011_neg_1381	239610025				fasta_unmatched
negative	fungalrv2011_neg_1382	118575169				fasta_unmatched
negative	fungalrv2011_neg_1383	239613201				fasta_unmatched
negative	fungalrv2011_neg_1384	239594000				fasta_unmatched
negative	fungalrv2011_neg_1385	70989559				fasta_unmatched
negative	fungalrv2011_neg_1386	239613615				fasta_unmatched
negative	fungalrv2011_neg_1387	239606411				fasta_unmatched
negative	fungalrv2011_neg_1388	239613660				fasta_unmatched
negative	fungalrv2011_neg_1389	239613367				fasta_unmatched
negative	fungalrv2011_neg_1390	166222405				fasta_unmatched
negative	fungalrv2011_neg_1391	239587585				fasta_unmatched
negative	fungalrv2011_neg_1392	239611036				fasta_unmatched
negative	fungalrv2011_neg_1393	74630336				fasta_unmatched
negative	fungalrv2011_neg_1394	226731865				fasta_unmatched
negative	fungalrv2011_neg_1395	74661437				fasta_unmatched
negative	fungalrv2011_neg_1396	239590893				fasta_unmatched
negative	fungalrv2011_neg_1397	57012906				fasta_unmatched
negative	fungalrv2011_neg_1398	74664283				fasta_unmatched
negative	fungalrv2011_neg_1399	74690687				fasta_unmatched
negative	fungalrv2011_neg_1400	70983376				fasta_unmatched
negative	fungalrv2011_neg_1401	239615638				fasta_unmatched
negative	fungalrv2011_neg_1402	90298783				fasta_unmatched
negative	fungalrv2011_neg_1403	57013284				fasta_unmatched
negative	fungalrv2011_neg_1404	66847847				fasta_unmatched
negative	fungalrv2011_neg_1405	239594078				fasta_unmatched
negative	fungalrv2011_neg_1406	66849686				fasta_unmatched
negative	fungalrv2011_neg_1407	239595971				fasta_unmatched
negative	fungalrv2011_neg_1408	70998274				fasta_unmatched
negative	fungalrv2011_neg_1409	159131172				fasta_unmatched
negative	fungalrv2011_neg_1410	239606746				fasta_unmatched
negative	fungalrv2011_neg_1411	121937249				fasta_unmatched
negative	fungalrv2011_neg_1412	70984870				fasta_unmatched
negative	fungalrv2011_neg_1413	66850628				fasta_unmatched
negative	fungalrv2011_neg_1414	239590833				fasta_unmatched
negative	fungalrv2011_neg_1415	159128988				fasta_unmatched
negative	fungalrv2011_neg_1416	238879810				fasta_unmatched
negative	fungalrv2011_neg_1417	239587898				fasta_unmatched
negative	fungalrv2011_neg_1418	239594474				fasta_unmatched
negative	fungalrv2011_neg_1419	239587063				fasta_unmatched
negative	fungalrv2011_neg_1420	239610612				fasta_unmatched
negative	fungalrv2011_neg_1421	74591090				fasta_unmatched
negative	fungalrv2011_neg_1422	239611811				fasta_unmatched
negative	fungalrv2011_neg_1423	238880618				fasta_unmatched
negative	fungalrv2011_neg_1424	74608687				fasta_unmatched
negative	fungalrv2011_neg_1425	90307462				fasta_unmatched
negative	fungalrv2011_neg_1426	239589874				fasta_unmatched
negative	fungalrv2011_neg_1427	239592641				fasta_unmatched
negative	fungalrv2011_neg_1428	239589079				fasta_unmatched
negative	fungalrv2011_neg_1429	74672521				fasta_unmatched
negative	fungalrv2011_neg_1430	71001404				fasta_unmatched
negative	fungalrv2011_neg_1431	70985888				fasta_unmatched
negative	fungalrv2011_neg_1432	70989029				fasta_unmatched
negative	fungalrv2011_neg_1433	239595677				fasta_unmatched
negative	fungalrv2011_neg_1434	158564252				fasta_unmatched
negative	fungalrv2011_neg_1435	239614541				fasta_unmatched
negative	fungalrv2011_neg_1436	52782865				fasta_unmatched
negative	fungalrv2011_neg_1437	239607858				fasta_unmatched
negative	fungalrv2011_neg_1438	239594749				fasta_unmatched
negative	fungalrv2011_neg_1439	90306602				fasta_unmatched
negative	fungalrv2011_neg_1440	239609287				fasta_unmatched
negative	fungalrv2011_neg_1441	74691095				fasta_unmatched
negative	fungalrv2011_neg_1442	66849627				fasta_unmatched
negative	fungalrv2011_neg_1443	70984834				fasta_unmatched
negative	fungalrv2011_neg_1444	159129276				fasta_unmatched
negative	fungalrv2011_neg_1445	66847833				fasta_unmatched
negative	fungalrv2011_neg_1446	238881277				fasta_unmatched
negative	fungalrv2011_neg_1447	70998807				fasta_unmatched
negative	fungalrv2011_neg_1448	121927136				fasta_unmatched
negative	fungalrv2011_neg_1449	239608676				fasta_unmatched
negative	fungalrv2011_neg_1450	238883265				fasta_unmatched
negative	fungalrv2011_neg_1451	70984012				fasta_unmatched
negative	fungalrv2011_neg_1452	118574937				fasta_unmatched
negative	fungalrv2011_neg_1453	68566354				fasta_unmatched
negative	fungalrv2011_neg_1454	239591054				fasta_unmatched
negative	fungalrv2011_neg_1455	239607360				fasta_unmatched
negative	fungalrv2011_neg_1456	66853022				fasta_unmatched
negative	fungalrv2011_neg_1457	238878510				fasta_unmatched
negative	fungalrv2011_neg_1458	239608136				fasta_unmatched
negative	fungalrv2011_neg_1459	239594853				fasta_unmatched
negative	fungalrv2011_neg_1460	52783192				fasta_unmatched
negative	fungalrv2011_neg_1461	239593092				fasta_unmatched
negative	fungalrv2011_neg_1462	239610130				fasta_unmatched
negative	fungalrv2011_neg_1463	77416683				fasta_unmatched
negative	fungalrv2011_neg_1464	239589032				fasta_unmatched
negative	fungalrv2011_neg_1465	557223				fasta_unmatched
negative	fungalrv2011_neg_1466	14326103				fasta_unmatched
negative	fungalrv2011_neg_1467	74589398				fasta_unmatched
negative	fungalrv2011_neg_1468	70983812				fasta_unmatched
negative	fungalrv2011_neg_1469	239588460				fasta_unmatched
negative	fungalrv2011_neg_1470	70982638				fasta_unmatched
negative	fungalrv2011_neg_1471	90303691				fasta_unmatched
negative	fungalrv2011_neg_1472	238881581				fasta_unmatched
negative	fungalrv2011_neg_1473	239606697				fasta_unmatched
negative	fungalrv2011_neg_1474	239589440				fasta_unmatched
negative	fungalrv2011_neg_1475	118597491				fasta_unmatched
negative	fungalrv2011_neg_1476	239591038				fasta_unmatched
negative	fungalrv2011_neg_1477	239606775				fasta_unmatched
negative	fungalrv2011_neg_1478	70991114				fasta_unmatched
negative	fungalrv2011_neg_1479	121931788				fasta_unmatched
negative	fungalrv2011_neg_1480	239593170				fasta_unmatched
negative	fungalrv2011_neg_1481	90306822				fasta_unmatched
negative	fungalrv2011_neg_1482	41581285				fasta_unmatched
negative	fungalrv2011_neg_1483	32567799				fasta_unmatched
negative	fungalrv2011_neg_1484	239593539				fasta_unmatched
negative	fungalrv2011_neg_1485	146323382				fasta_unmatched
negative	fungalrv2011_neg_1486	239594608				fasta_unmatched
negative	fungalrv2011_neg_1487	238883338				fasta_unmatched
negative	fungalrv2011_neg_1488	70982606				fasta_unmatched
negative	fungalrv2011_neg_1489	66850172				fasta_unmatched
negative	fungalrv2011_neg_1490	70995175				fasta_unmatched
negative	fungalrv2011_neg_1491	66850209				fasta_unmatched
negative	fungalrv2011_neg_1492	121932320				fasta_unmatched
negative	fungalrv2011_neg_1493	239606977				fasta_unmatched
negative	fungalrv2011_neg_1494	52782712				fasta_unmatched
negative	fungalrv2011_neg_1495	239592407				fasta_unmatched
negative	fungalrv2011_neg_1496	239610763				fasta_unmatched
negative	fungalrv2011_neg_1497	239608626				fasta_unmatched
negative	fungalrv2011_neg_1498	239593766				fasta_unmatched
negative	fungalrv2011_neg_1499	70982195				fasta_unmatched
negative	fungalrv2011_neg_1500	70986224				fasta_unmatched
negative	fungalrv2011_neg_1501	121936661				fasta_unmatched
negative	fungalrv2011_neg_1502	159127684				fasta_unmatched
negative	fungalrv2011_neg_1503	66845615				fasta_unmatched
negative	fungalrv2011_neg_1504	94418550				fasta_unmatched
negative	fungalrv2011_neg_1505	51701708				fasta_unmatched
negative	fungalrv2011_neg_1506	90307094				fasta_unmatched
negative	fungalrv2011_neg_1507	71000737				fasta_unmatched
negative	fungalrv2011_neg_1508	66844198				fasta_unmatched
negative	fungalrv2011_neg_1509	70983614				fasta_unmatched
negative	fungalrv2011_neg_1510	52783352				fasta_unmatched
negative	fungalrv2011_neg_1511	239606245				fasta_unmatched
negative	fungalrv2011_neg_1512	239590079				fasta_unmatched
negative	fungalrv2011_neg_1513	115503787				fasta_unmatched
negative	fungalrv2011_neg_1514	239587742				fasta_unmatched
negative	fungalrv2011_neg_1515	118597485				fasta_unmatched
negative	fungalrv2011_neg_1516	118578045				fasta_unmatched
negative	fungalrv2011_neg_1517	239607997				fasta_unmatched
negative	fungalrv2011_neg_1518	51701954				fasta_unmatched
negative	fungalrv2011_neg_1519	74673863				fasta_unmatched
negative	fungalrv2011_neg_1520	239587655				fasta_unmatched
negative	fungalrv2011_neg_1521	70986899				fasta_unmatched
negative	fungalrv2011_neg_1522	239609703				fasta_unmatched
negative	fungalrv2011_neg_1523	619452				fasta_unmatched
negative	fungalrv2011_neg_1524	66850337				fasta_unmatched
negative	fungalrv2011_neg_1525	239615137				fasta_unmatched
negative	fungalrv2011_neg_1526	70990580				fasta_unmatched
negative	fungalrv2011_neg_1527	70990942				fasta_unmatched
negative	fungalrv2011_neg_1528	728887				fasta_unmatched
negative	fungalrv2011_neg_1529	121752201				fasta_unmatched
negative	fungalrv2011_neg_1530	239590500				fasta_unmatched
negative	fungalrv2011_neg_1531	118578048				fasta_unmatched
negative	fungalrv2011_neg_1532	70997417				fasta_unmatched
negative	fungalrv2011_neg_1533	74669679				fasta_unmatched
negative	fungalrv2011_neg_1534	239593389				fasta_unmatched
negative	fungalrv2011_neg_1535	239610852				fasta_unmatched
negative	fungalrv2011_neg_1536	187609699				fasta_unmatched
negative	fungalrv2011_neg_1537	46443138				fasta_unmatched
negative	fungalrv2011_neg_1538	74691026				fasta_unmatched
negative	fungalrv2011_neg_1539	239612509				fasta_unmatched
negative	fungalrv2011_neg_1540	119193094				fasta_unmatched
negative	fungalrv2011_neg_1541	239593348				fasta_unmatched
negative	fungalrv2011_neg_1542	239593033				fasta_unmatched
negative	fungalrv2011_neg_1543	239609131				fasta_unmatched
negative	fungalrv2011_neg_1544	70994616				fasta_unmatched
negative	fungalrv2011_neg_1545	90306624				fasta_unmatched
negative	fungalrv2011_neg_1546	66852712				fasta_unmatched
negative	fungalrv2011_neg_1547	239594174				fasta_unmatched
negative	fungalrv2011_neg_1548	14326102				fasta_unmatched
negative	fungalrv2011_neg_1549	239590790				fasta_unmatched
negative	fungalrv2011_neg_1550	239596116				fasta_unmatched
negative	fungalrv2011_neg_1551	70994214				fasta_unmatched
negative	fungalrv2011_neg_1552	121927334				fasta_unmatched
negative	fungalrv2011_neg_1553	129557582				fasta_unmatched
negative	fungalrv2011_neg_1554	70985070				fasta_unmatched
negative	fungalrv2011_neg_1555	239610362				fasta_unmatched
negative	fungalrv2011_neg_1556	239592537				fasta_unmatched
negative	fungalrv2011_neg_1557	239590370				fasta_unmatched
negative	fungalrv2011_neg_1558	239588147				fasta_unmatched
negative	fungalrv2011_neg_1559	239608576				fasta_unmatched
negative	fungalrv2011_neg_1560	121770650				fasta_unmatched
negative	fungalrv2011_neg_1561	66851721				fasta_unmatched
negative	fungalrv2011_neg_1562	239595588				fasta_unmatched
negative	fungalrv2011_neg_1563	239589917				fasta_unmatched
negative	fungalrv2011_neg_1564	74627403				fasta_unmatched
negative	fungalrv2011_neg_1565	70983241				fasta_unmatched
negative	fungalrv2011_neg_1566	71002274				fasta_unmatched
negative	fungalrv2011_neg_1567	239591487				fasta_unmatched
negative	fungalrv2011_neg_1568	239612721				fasta_unmatched
negative	fungalrv2011_neg_1569	239593100				fasta_unmatched
negative	fungalrv2011_neg_1570	239595624				fasta_unmatched
negative	fungalrv2011_neg_1571	239593387				fasta_unmatched
negative	fungalrv2011_neg_1572	238881698				fasta_unmatched
negative	fungalrv2011_neg_1573	238882902				fasta_unmatched
negative	fungalrv2011_neg_1574	74656492				fasta_unmatched
negative	fungalrv2011_neg_1575	74665945				fasta_unmatched
negative	fungalrv2011_neg_1576	146322894				fasta_unmatched
negative	fungalrv2011_neg_1577	70999177				fasta_unmatched
negative	fungalrv2011_neg_1578	90302504				fasta_unmatched
negative	fungalrv2011_neg_1579	239614290				fasta_unmatched
negative	fungalrv2011_neg_1580	146322854				fasta_unmatched
negative	fungalrv2011_neg_1581	239595563				fasta_unmatched
negative	fungalrv2011_neg_1582	66844301				fasta_unmatched
negative	fungalrv2011_neg_1583	239591302				fasta_unmatched
negative	fungalrv2011_neg_1584	239591984				fasta_unmatched
negative	fungalrv2011_neg_1585	70992123				fasta_unmatched
negative	fungalrv2011_neg_1586	239612984				fasta_unmatched
negative	fungalrv2011_neg_1587	71002430				fasta_unmatched
negative	fungalrv2011_neg_1588	91207158				fasta_unmatched
negative	fungalrv2011_neg_1589	118574275				fasta_unmatched
negative	fungalrv2011_neg_1590	70999472				fasta_unmatched
negative	fungalrv2011_neg_1591	118595828				fasta_unmatched
negative	fungalrv2011_neg_1592	238879344				fasta_unmatched
negative	fungalrv2011_neg_1593	66845184				fasta_unmatched
negative	fungalrv2011_neg_1594	159122616				fasta_unmatched
negative	fungalrv2011_neg_1595	239606254				fasta_unmatched
negative	fungalrv2011_neg_1596	239606614				fasta_unmatched
negative	fungalrv2011_neg_1597	70996110				fasta_unmatched
negative	fungalrv2011_neg_1598	238882426				fasta_unmatched
negative	fungalrv2011_neg_1599	239587958				fasta_unmatched
negative	fungalrv2011_neg_1600	239609129				fasta_unmatched
negative	fungalrv2011_neg_1601	239591997				fasta_unmatched
negative	fungalrv2011_neg_1602	239609177				fasta_unmatched
negative	fungalrv2011_neg_1603	90300796				fasta_unmatched
negative	fungalrv2011_neg_1604	238879287				fasta_unmatched
negative	fungalrv2011_neg_1605	7271018				fasta_unmatched
negative	fungalrv2011_neg_1606	74608283				fasta_unmatched
negative	fungalrv2011_neg_1607	239610312				fasta_unmatched
negative	fungalrv2011_neg_1608	239612676				fasta_unmatched
negative	fungalrv2011_neg_1609	239592032				fasta_unmatched
negative	fungalrv2011_neg_1610	29469902				fasta_unmatched
negative	fungalrv2011_neg_1611	71002066				fasta_unmatched
negative	fungalrv2011_neg_1612	239594294				fasta_unmatched
negative	fungalrv2011_neg_1613	239590466				fasta_unmatched
negative	fungalrv2011_neg_1614	71001364				fasta_unmatched
negative	fungalrv2011_neg_1615	66848773				fasta_unmatched
negative	fungalrv2011_neg_1616	70982392				fasta_unmatched
negative	fungalrv2011_neg_1617	158705871				fasta_unmatched
negative	fungalrv2011_neg_1618	70983654				fasta_unmatched
negative	fungalrv2011_neg_1619	239610987				fasta_unmatched
negative	fungalrv2011_neg_1620	239593823				fasta_unmatched
negative	fungalrv2011_neg_1621	118575177				fasta_unmatched
negative	fungalrv2011_neg_1622	239589691				fasta_unmatched
negative	fungalrv2011_neg_1623	239586976				fasta_unmatched
negative	fungalrv2011_neg_1624	74661162				fasta_unmatched
negative	fungalrv2011_neg_1625	118595360				fasta_unmatched
negative	fungalrv2011_neg_1626	66850574				fasta_unmatched
negative	fungalrv2011_neg_1627	90304307				fasta_unmatched
negative	fungalrv2011_neg_1628	129557738				fasta_unmatched
negative	fungalrv2011_neg_1629	70993286				fasta_unmatched
negative	fungalrv2011_neg_1630	66847889				fasta_unmatched
negative	fungalrv2011_neg_1631	74661507				fasta_unmatched
negative	fungalrv2011_neg_1632	71001146				fasta_unmatched
negative	fungalrv2011_neg_1633	90307238				fasta_unmatched
negative	fungalrv2011_neg_1634	51701756				fasta_unmatched
negative	fungalrv2011_neg_1635	66850278				fasta_unmatched
negative	fungalrv2011_neg_1636	239589197				fasta_unmatched
negative	fungalrv2011_neg_1637	90301184				fasta_unmatched
negative	fungalrv2011_neg_1638	71000747				fasta_unmatched
negative	fungalrv2011_neg_1639	6708310				fasta_unmatched
negative	fungalrv2011_neg_1640	74585682				fasta_unmatched
negative	fungalrv2011_neg_1641	239590775				fasta_unmatched
negative	fungalrv2011_neg_1642	70982925				fasta_unmatched
negative	fungalrv2011_neg_1643	66851437				fasta_unmatched
negative	fungalrv2011_neg_1644	70993408				fasta_unmatched
negative	fungalrv2011_neg_1645	239586802				fasta_unmatched
negative	fungalrv2011_neg_1646	90302458				fasta_unmatched
negative	fungalrv2011_neg_1647	239592952				fasta_unmatched
negative	fungalrv2011_neg_1648	239591037				fasta_unmatched
negative	fungalrv2011_neg_1649	239595870				fasta_unmatched
negative	fungalrv2011_neg_1650	85541640				fasta_unmatched
negative	fungalrv2011_neg_1651	239591495				fasta_unmatched
negative	fungalrv2011_neg_1652	66851705				fasta_unmatched
negative	fungalrv2011_neg_1653	239608164				fasta_unmatched
negative	fungalrv2011_neg_1654	239607305				fasta_unmatched
negative	fungalrv2011_neg_1655	238879871				fasta_unmatched
negative	fungalrv2011_neg_1656	239586518				fasta_unmatched
negative	fungalrv2011_neg_1657	239609443				fasta_unmatched
negative	fungalrv2011_neg_1658	94418548				fasta_unmatched
negative	fungalrv2011_neg_1659	66845321				fasta_unmatched
negative	fungalrv2011_neg_1660	70996052				fasta_unmatched
negative	fungalrv2011_neg_1661	239613763				fasta_unmatched
negative	fungalrv2011_neg_1662	90306048				fasta_unmatched
negative	fungalrv2011_neg_1663	239593540				fasta_unmatched
negative	fungalrv2011_neg_1664	52783269				fasta_unmatched
negative	fungalrv2011_neg_1665	74584724				fasta_unmatched
negative	fungalrv2011_neg_1666	238882246				fasta_unmatched
negative	fungalrv2011_neg_1667	239609584				fasta_unmatched
negative	fungalrv2011_neg_1668	70990810				fasta_unmatched
negative	fungalrv2011_neg_1669	70996634				fasta_unmatched
negative	fungalrv2011_neg_1670	239596005				fasta_unmatched
negative	fungalrv2011_neg_1671	239610239				fasta_unmatched
negative	fungalrv2011_neg_1672	74610732				fasta_unmatched
negative	fungalrv2011_neg_1673	239612976				fasta_unmatched
negative	fungalrv2011_neg_1674	238880090				fasta_unmatched
negative	fungalrv2011_neg_1675	239608155				fasta_unmatched
negative	fungalrv2011_neg_1676	70996845				fasta_unmatched
negative	fungalrv2011_neg_1677	239593308				fasta_unmatched
negative	fungalrv2011_neg_1678	239586811				fasta_unmatched
negative	fungalrv2011_neg_1679	238881020				fasta_unmatched
negative	fungalrv2011_neg_1680	70998418				fasta_unmatched
negative	fungalrv2011_neg_1681	66851619				fasta_unmatched
negative	fungalrv2011_neg_1682	74609417				fasta_unmatched
negative	fungalrv2011_neg_1683	146322436				fasta_unmatched
negative	fungalrv2011_neg_1684	239590739				fasta_unmatched
negative	fungalrv2011_neg_1685	239591509				fasta_unmatched
negative	fungalrv2011_neg_1686	70999199				fasta_unmatched
negative	fungalrv2011_neg_1687	20086301				fasta_unmatched
negative	fungalrv2011_neg_1688	70990348				fasta_unmatched
negative	fungalrv2011_neg_1689	146322946				fasta_unmatched
negative	fungalrv2011_neg_1690	74669820				fasta_unmatched
negative	fungalrv2011_neg_1691	239589068				fasta_unmatched
negative	fungalrv2011_neg_1692	74609152				fasta_unmatched
negative	fungalrv2011_neg_1693	70993862				fasta_unmatched
negative	fungalrv2011_neg_1694	239591488				fasta_unmatched
negative	fungalrv2011_neg_1695	239610731				fasta_unmatched
negative	fungalrv2011_neg_1696	238878810				fasta_unmatched
negative	fungalrv2011_neg_1697	239612962				fasta_unmatched
negative	fungalrv2011_neg_1698	239588915				fasta_unmatched
negative	fungalrv2011_neg_1699	74609918				fasta_unmatched
negative	fungalrv2011_neg_1700	239589224				fasta_unmatched
negative	fungalrv2011_neg_1701	239591903				fasta_unmatched
negative	fungalrv2011_neg_1702	238883166				fasta_unmatched
negative	fungalrv2011_neg_1703	239592573				fasta_unmatched
negative	fungalrv2011_neg_1704	70991455				fasta_unmatched
negative	fungalrv2011_neg_1705	239588299				fasta_unmatched
negative	fungalrv2011_neg_1706	66847812				fasta_unmatched
negative	fungalrv2011_neg_1707	70989025				fasta_unmatched
negative	fungalrv2011_neg_1708	239586534				fasta_unmatched
negative	fungalrv2011_neg_1709	239594907				fasta_unmatched
negative	fungalrv2011_neg_1710	115502566				fasta_unmatched
negative	fungalrv2011_neg_1711	239593999				fasta_unmatched
negative	fungalrv2011_neg_1712	74610071				fasta_unmatched
negative	fungalrv2011_neg_1713	239612338				fasta_unmatched
negative	fungalrv2011_neg_1714	68052142				fasta_unmatched
negative	fungalrv2011_neg_1715	239610039				fasta_unmatched
negative	fungalrv2011_neg_1716	159129354				fasta_unmatched
negative	fungalrv2011_neg_1717	52783161				fasta_unmatched
negative	fungalrv2011_neg_1718	239608140				fasta_unmatched
negative	fungalrv2011_neg_1719	239586528				fasta_unmatched
negative	fungalrv2011_neg_1720	239590612				fasta_unmatched
negative	fungalrv2011_neg_1721	70981546				fasta_unmatched
negative	fungalrv2011_neg_1722	239586620				fasta_unmatched
negative	fungalrv2011_neg_1723	66847931				fasta_unmatched
negative	fungalrv2011_neg_1724	239595138				fasta_unmatched
negative	fungalrv2011_neg_1725	239589954				fasta_unmatched
negative	fungalrv2011_neg_1726	70997856				fasta_unmatched
negative	fungalrv2011_neg_1727	239587868				fasta_unmatched
negative	fungalrv2011_neg_1728	238883268				fasta_unmatched
negative	fungalrv2011_neg_1729	121754656				fasta_unmatched
negative	fungalrv2011_neg_1730	74590034				fasta_unmatched
negative	fungalrv2011_neg_1731	70990852				fasta_unmatched
negative	fungalrv2011_neg_1732	70996232				fasta_unmatched
negative	fungalrv2011_neg_1733	238880420				fasta_unmatched
negative	fungalrv2011_neg_1734	66844410				fasta_unmatched
negative	fungalrv2011_neg_1735	13446612				fasta_unmatched
negative	fungalrv2011_neg_1736	121769092				fasta_unmatched
negative	fungalrv2011_neg_1737	239612460				fasta_unmatched
negative	fungalrv2011_neg_1738	239609768				fasta_unmatched
negative	fungalrv2011_neg_1739	90305768				fasta_unmatched
negative	fungalrv2011_neg_1740	239594217				fasta_unmatched
negative	fungalrv2011_neg_1741	239586731				fasta_unmatched
negative	fungalrv2011_neg_1742	239593201				fasta_unmatched
negative	fungalrv2011_neg_1743	238881717				fasta_unmatched
negative	fungalrv2011_neg_1744	66849735				fasta_unmatched
negative	fungalrv2011_neg_1745	70992657				fasta_unmatched
negative	fungalrv2011_neg_1746	74610686				fasta_unmatched
negative	fungalrv2011_neg_1747	189045115				fasta_unmatched
negative	fungalrv2011_neg_1748	74585349				fasta_unmatched
negative	fungalrv2011_neg_1749	239615380				fasta_unmatched
negative	fungalrv2011_neg_1750	239595496				fasta_unmatched
negative	fungalrv2011_neg_1751	118578050				fasta_unmatched
negative	fungalrv2011_neg_1752	13446620				fasta_unmatched
negative	fungalrv2011_neg_1753	238878495				fasta_unmatched
negative	fungalrv2011_neg_1754	13446618				fasta_unmatched
negative	fungalrv2011_neg_1755	239612263				fasta_unmatched
negative	fungalrv2011_neg_1756	74637470				fasta_unmatched
negative	fungalrv2011_neg_1757	239596139				fasta_unmatched
negative	fungalrv2011_neg_1758	238882240				fasta_unmatched
negative	fungalrv2011_neg_1759	239594097				fasta_unmatched
negative	fungalrv2011_neg_1760	66849387				fasta_unmatched
negative	fungalrv2011_neg_1761	51338736				fasta_unmatched
negative	fungalrv2011_neg_1762	29500875				fasta_unmatched
negative	fungalrv2011_neg_1763	121752976				fasta_unmatched
negative	fungalrv2011_neg_1764	239593432				fasta_unmatched
negative	fungalrv2011_neg_1765	239595528				fasta_unmatched
negative	fungalrv2011_neg_1766	129555387				fasta_unmatched
negative	fungalrv2011_neg_1767	239587833				fasta_unmatched
negative	fungalrv2011_neg_1768	238880579				fasta_unmatched
negative	fungalrv2011_neg_1769	239587098				fasta_unmatched
negative	fungalrv2011_neg_1770	70999504				fasta_unmatched
negative	fungalrv2011_neg_1771	159124985				fasta_unmatched
negative	fungalrv2011_neg_1772	70983638				fasta_unmatched
negative	fungalrv2011_neg_1773	70988769				fasta_unmatched
negative	fungalrv2011_neg_1774	70997441				fasta_unmatched
negative	fungalrv2011_neg_1775	70992871				fasta_unmatched
negative	fungalrv2011_neg_1776	70983751				fasta_unmatched
negative	fungalrv2011_neg_1777	239594839				fasta_unmatched
negative	fungalrv2011_neg_1778	239586826				fasta_unmatched
negative	fungalrv2011_neg_1779	239589463				fasta_unmatched
negative	fungalrv2011_neg_1780	239595767				fasta_unmatched
negative	fungalrv2011_neg_1781	239608923				fasta_unmatched
negative	fungalrv2011_neg_1782	239615019				fasta_unmatched
negative	fungalrv2011_neg_1783	70986424				fasta_unmatched
negative	fungalrv2011_neg_1784	66848868				fasta_unmatched
negative	fungalrv2011_neg_1785	239587900				fasta_unmatched
negative	fungalrv2011_neg_1786	74637387				fasta_unmatched
negative	fungalrv2011_neg_1787	239594146				fasta_unmatched
negative	fungalrv2011_neg_1788	70984990				fasta_unmatched
negative	fungalrv2011_neg_1789	239614293				fasta_unmatched
negative	fungalrv2011_neg_1790	239593113				fasta_unmatched
negative	fungalrv2011_neg_1791	239589580				fasta_unmatched
negative	fungalrv2011_neg_1792	70999139				fasta_unmatched
negative	fungalrv2011_neg_1793	239596016				fasta_unmatched
negative	fungalrv2011_neg_1794	239590960				fasta_unmatched
negative	fungalrv2011_neg_1795	121768096				fasta_unmatched
negative	fungalrv2011_neg_1796	66852447				fasta_unmatched
negative	fungalrv2011_neg_1797	74587407				fasta_unmatched
negative	fungalrv2011_neg_1798	239594557				fasta_unmatched
negative	fungalrv2011_neg_1799	51701757				fasta_unmatched
negative	fungalrv2011_neg_1800	239587167				fasta_unmatched
negative	fungalrv2011_neg_1801	239613136				fasta_unmatched
negative	fungalrv2011_neg_1802	238883139				fasta_unmatched
negative	fungalrv2011_neg_1803	90303917				fasta_unmatched
negative	fungalrv2011_neg_1804	70987175				fasta_unmatched
negative	fungalrv2011_neg_1805	118577977				fasta_unmatched
negative	fungalrv2011_neg_1806	238878218				fasta_unmatched
negative	fungalrv2011_neg_1807	146322664				fasta_unmatched
negative	fungalrv2011_neg_1808	90303693				fasta_unmatched
negative	fungalrv2011_neg_1809	74667363				fasta_unmatched
negative	fungalrv2011_neg_1810	70995024				fasta_unmatched
negative	fungalrv2011_neg_1811	90303934				fasta_unmatched
negative	fungalrv2011_neg_1812	239595940				fasta_unmatched
negative	fungalrv2011_neg_1813	70992099				fasta_unmatched
negative	fungalrv2011_neg_1814	238879522				fasta_unmatched
negative	fungalrv2011_neg_1815	66850446				fasta_unmatched
negative	fungalrv2011_neg_1816	239610610				fasta_unmatched
negative	fungalrv2011_neg_1817	54036349				fasta_unmatched
negative	fungalrv2011_neg_1818	239591590				fasta_unmatched
negative	fungalrv2011_neg_1819	239590541				fasta_unmatched
negative	fungalrv2011_neg_1820	70990878				fasta_unmatched
negative	fungalrv2011_neg_1821	238880927				fasta_unmatched
negative	fungalrv2011_neg_1822	70985232				fasta_unmatched
negative	fungalrv2011_neg_1823	74656286				fasta_unmatched
negative	fungalrv2011_neg_1824	239611933				fasta_unmatched
negative	fungalrv2011_neg_1825	146324361				fasta_unmatched
negative	fungalrv2011_neg_1826	70984948				fasta_unmatched
negative	fungalrv2011_neg_1827	239593467				fasta_unmatched
negative	fungalrv2011_neg_1828	74638049				fasta_unmatched
negative	fungalrv2011_neg_1829	5918018				fasta_unmatched
negative	fungalrv2011_neg_1830	159131315				fasta_unmatched
negative	fungalrv2011_neg_1831	90303248				fasta_unmatched
negative	fungalrv2011_neg_1832	90302539				fasta_unmatched
negative	fungalrv2011_neg_1833	239610206				fasta_unmatched
negative	fungalrv2011_neg_1834	91208168				fasta_unmatched
negative	fungalrv2011_neg_1835	238880480				fasta_unmatched
negative	fungalrv2011_neg_1836	66848864				fasta_unmatched
negative	fungalrv2011_neg_1837	52783293				fasta_unmatched
negative	fungalrv2011_neg_1838	238881379				fasta_unmatched
negative	fungalrv2011_neg_1839	239593117				fasta_unmatched
negative	fungalrv2011_neg_1840	239589258				fasta_unmatched
negative	fungalrv2011_neg_1841	239594550				fasta_unmatched
negative	fungalrv2011_neg_1842	51701762				fasta_unmatched
negative	fungalrv2011_neg_1843	90303276				fasta_unmatched
negative	fungalrv2011_neg_1844	238881378				fasta_unmatched
negative	fungalrv2011_neg_1845	52783250				fasta_unmatched
negative	fungalrv2011_neg_1846	239606981				fasta_unmatched
negative	fungalrv2011_neg_1847	121769070				fasta_unmatched
negative	fungalrv2011_neg_1848	7271014				fasta_unmatched
negative	fungalrv2011_neg_1849	66849381				fasta_unmatched
negative	fungalrv2011_neg_1850	238880855				fasta_unmatched
negative	fungalrv2011_neg_1851	239587657				fasta_unmatched
negative	fungalrv2011_neg_1852	70999678				fasta_unmatched
negative	fungalrv2011_neg_1853	70998632				fasta_unmatched
negative	fungalrv2011_neg_1854	239595100				fasta_unmatched
negative	fungalrv2011_neg_1855	54036325				fasta_unmatched
negative	fungalrv2011_neg_1856	66853663				fasta_unmatched
negative	fungalrv2011_neg_1857	239589460				fasta_unmatched
negative	fungalrv2011_neg_1858	239606389				fasta_unmatched
negative	fungalrv2011_neg_1859	66849716				fasta_unmatched
negative	fungalrv2011_neg_1860	239592016				fasta_unmatched
negative	fungalrv2011_neg_1861	66847037				fasta_unmatched
negative	fungalrv2011_neg_1862	74589278				fasta_unmatched
negative	fungalrv2011_neg_1863	239590874				fasta_unmatched
negative	fungalrv2011_neg_1864	66853015				fasta_unmatched
negative	fungalrv2011_neg_1865	51701952				fasta_unmatched
negative	fungalrv2011_neg_1866	239613220				fasta_unmatched
negative	fungalrv2011_neg_1867	70990424				fasta_unmatched
negative	fungalrv2011_neg_1868	239591381				fasta_unmatched
negative	fungalrv2011_neg_1869	239612448				fasta_unmatched
negative	fungalrv2011_neg_1870	66852771				fasta_unmatched
negative	fungalrv2011_neg_1871	239587528				fasta_unmatched
negative	fungalrv2011_neg_1872	239614478				fasta_unmatched
negative	fungalrv2011_neg_1873	70994156				fasta_unmatched
negative	fungalrv2011_neg_1874	51701948				fasta_unmatched
negative	fungalrv2011_neg_1875	239592193				fasta_unmatched
negative	fungalrv2011_neg_1876	239592251				fasta_unmatched
negative	fungalrv2011_neg_1877	238880900				fasta_unmatched
negative	fungalrv2011_neg_1878	121932112				fasta_unmatched
negative	fungalrv2011_neg_1879	239588554				fasta_unmatched
negative	fungalrv2011_neg_1880	90305927				fasta_unmatched
negative	fungalrv2011_neg_1881	66852183				fasta_unmatched
negative	fungalrv2011_neg_1882	238879472				fasta_unmatched
negative	fungalrv2011_neg_1883	90302650				fasta_unmatched
negative	fungalrv2011_neg_1884	238880921				fasta_unmatched
negative	fungalrv2011_neg_1885	239615407				fasta_unmatched
negative	fungalrv2011_neg_1886	66850195				fasta_unmatched
negative	fungalrv2011_neg_1887	121753201				fasta_unmatched
negative	fungalrv2011_neg_1888	121927235				fasta_unmatched
negative	fungalrv2011_neg_1889	239592708				fasta_unmatched
negative	fungalrv2011_neg_1890	239589985				fasta_unmatched
negative	fungalrv2011_neg_1891	239596031				fasta_unmatched
negative	fungalrv2011_neg_1892	66847915				fasta_unmatched
negative	fungalrv2011_neg_1893	70989765				fasta_unmatched
negative	fungalrv2011_neg_1894	239594243				fasta_unmatched
negative	fungalrv2011_neg_1895	70988821				fasta_unmatched
negative	fungalrv2011_neg_1896	74671330				fasta_unmatched
negative	fungalrv2011_neg_1897	238879075				fasta_unmatched
negative	fungalrv2011_neg_1898	159130756				fasta_unmatched
negative	fungalrv2011_neg_1899	66849946				fasta_unmatched
negative	fungalrv2011_neg_1900	239614588				fasta_unmatched
negative	fungalrv2011_neg_1901	239611648				fasta_unmatched
negative	fungalrv2011_neg_1902	239610808				fasta_unmatched
negative	fungalrv2011_neg_1903	74610404				fasta_unmatched
negative	fungalrv2011_neg_1904	239593017				fasta_unmatched
negative	fungalrv2011_neg_1905	238882168				fasta_unmatched
negative	fungalrv2011_neg_1906	239591329				fasta_unmatched
negative	fungalrv2011_neg_1907	239614129				fasta_unmatched
negative	fungalrv2011_neg_1908	239593805				fasta_unmatched
negative	fungalrv2011_neg_1909	66849695				fasta_unmatched
negative	fungalrv2011_neg_1910	66853085				fasta_unmatched
negative	fungalrv2011_neg_1911	239606267				fasta_unmatched
negative	fungalrv2011_neg_1912	14326104				fasta_unmatched
negative	fungalrv2011_neg_1913	90306497				fasta_unmatched
negative	fungalrv2011_neg_1914	239594963				fasta_unmatched
negative	fungalrv2011_neg_1915	239595703				fasta_unmatched
negative	fungalrv2011_neg_1916	129555329				fasta_unmatched
negative	fungalrv2011_neg_1917	239595822				fasta_unmatched
negative	fungalrv2011_neg_1918	74610104				fasta_unmatched
negative	fungalrv2011_neg_1919	239592703				fasta_unmatched
negative	fungalrv2011_neg_1920	1051264				fasta_unmatched
negative	fungalrv2011_neg_1921	239593038				fasta_unmatched
negative	fungalrv2011_neg_1922	90302016				fasta_unmatched
negative	fungalrv2011_neg_1923	121772110				fasta_unmatched
negative	fungalrv2011_neg_1924	52783291				fasta_unmatched
negative	fungalrv2011_neg_1925	239590480				fasta_unmatched
negative	fungalrv2011_neg_1926	129557563				fasta_unmatched
negative	fungalrv2011_neg_1927	239588373				fasta_unmatched
negative	fungalrv2011_neg_1928	238882329				fasta_unmatched
negative	fungalrv2011_neg_1929	74669243				fasta_unmatched
negative	fungalrv2011_neg_1930	66845460				fasta_unmatched
negative	fungalrv2011_neg_1931	90305392				fasta_unmatched
negative	fungalrv2011_neg_1932	52783251				fasta_unmatched
negative	fungalrv2011_neg_1933	66852546				fasta_unmatched
negative	fungalrv2011_neg_1934	129557039				fasta_unmatched
negative	fungalrv2011_neg_1935	70990422				fasta_unmatched
negative	fungalrv2011_neg_1936	239615493				fasta_unmatched
negative	fungalrv2011_neg_1937	159130823				fasta_unmatched
negative	fungalrv2011_neg_1938	239589314				fasta_unmatched
negative	fungalrv2011_neg_1939	238878494				fasta_unmatched
negative	fungalrv2011_neg_1940	74608889				fasta_unmatched
negative	fungalrv2011_neg_1941	238882445				fasta_unmatched
negative	fungalrv2011_neg_1942	239588124				fasta_unmatched
negative	fungalrv2011_neg_1943	1051262				fasta_unmatched
negative	fungalrv2011_neg_1944	238879222				fasta_unmatched
negative	fungalrv2011_neg_1945	12539620				fasta_unmatched
negative	fungalrv2011_neg_1946	11229036				fasta_unmatched
negative	fungalrv2011_neg_1947	46436850				fasta_unmatched
negative	fungalrv2011_neg_1948	3859692				fasta_unmatched
negative	fungalrv2011_neg_1949	90303363				fasta_unmatched
negative	fungalrv2011_neg_1950	11229038				fasta_unmatched
negative	fungalrv2011_neg_1951	11229040				fasta_unmatched
negative	fungalrv2011_neg_1952	29500867				fasta_unmatched
negative	fungalrv2011_neg_1953	11229042				fasta_unmatched
negative	fungalrv2011_neg_1954	238878914				fasta_unmatched
negative	fungalrv2011_neg_1955	68465557				fasta_unmatched
negative	fungalrv2011_neg_1956	239592219				fasta_unmatched
negative	fungalrv2011_neg_1957	239595527				fasta_unmatched
negative	fungalrv2011_neg_1958	520628				fasta_unmatched
negative	fungalrv2011_neg_1959	3334315				fasta_unmatched
negative	fungalrv2011_neg_1960	46444978				fasta_unmatched
negative	fungalrv2011_neg_1961	46436545				fasta_unmatched
negative	fungalrv2011_neg_1962	11596393				fasta_unmatched
negative	fungalrv2011_neg_1963	2088591				fasta_unmatched
negative	fungalrv2011_neg_1964	1653974				fasta_unmatched
negative	fungalrv2011_neg_1965	46442726				fasta_unmatched
negative	fungalrv2011_neg_1966	1469803				fasta_unmatched
negative	fungalrv2011_neg_1967	1710896				fasta_unmatched
negative	fungalrv2011_neg_1968	619450				fasta_unmatched
negative	fungalrv2011_neg_1969	799385				fasta_unmatched
negative	fungalrv2011_neg_1970	1169549				fasta_unmatched
negative	fungalrv2011_neg_1971	148886842				fasta_unmatched
negative	fungalrv2011_neg_1972	229462923				fasta_unmatched
negative	fungalrv2011_neg_1973	3093417				fasta_unmatched
negative	fungalrv2011_neg_1974	74656223				fasta_unmatched
negative	fungalrv2011_neg_1975	2088603				fasta_unmatched
negative	fungalrv2011_neg_1976	74590991				fasta_unmatched
negative	fungalrv2011_neg_1977	2961066				fasta_unmatched
negative	fungalrv2011_neg_1978	14571648				fasta_unmatched
negative	fungalrv2011_neg_1979	74588866				fasta_unmatched
negative	fungalrv2011_neg_1980	2286042				fasta_unmatched
negative	fungalrv2011_neg_1981	116258688				fasta_unmatched
negative	fungalrv2011_neg_1982	832908				fasta_unmatched
negative	fungalrv2011_neg_1983	3243089				fasta_unmatched
negative	fungalrv2011_neg_1984	3850150				fasta_unmatched
negative	fungalrv2011_neg_1985	17366237				fasta_unmatched
negative	fungalrv2011_neg_1986	3688225				fasta_unmatched
negative	fungalrv2011_neg_1987	62900710				fasta_unmatched
negative	fungalrv2011_neg_1988	3334151				fasta_unmatched
negative	fungalrv2011_neg_1989	62900745				fasta_unmatched
negative	fungalrv2011_neg_1990	17366234				fasta_unmatched
negative	fungalrv2011_neg_1991	71152276				fasta_unmatched
negative	fungalrv2011_neg_1992	3850140				fasta_unmatched
negative	fungalrv2011_neg_1993	238882177				fasta_unmatched
negative	fungalrv2011_neg_1994	4584846				fasta_unmatched
negative	fungalrv2011_neg_1995	238878556				fasta_unmatched
negative	fungalrv2011_neg_1996	238878725				fasta_unmatched
negative	fungalrv2011_neg_1997	74656627				fasta_unmatched
negative	fungalrv2011_neg_1998	238878943				fasta_unmatched
negative	fungalrv2011_neg_1999	238879405				fasta_unmatched
negative	fungalrv2011_neg_2000	238879975				fasta_unmatched
negative	fungalrv2011_neg_2001	238880037				fasta_unmatched
negative	fungalrv2011_neg_2002	238882537				fasta_unmatched
negative	fungalrv2011_neg_2003	1228927				fasta_unmatched
negative	fungalrv2011_neg_2004	74587243				fasta_unmatched
negative	fungalrv2011_neg_2005	238878667				fasta_unmatched
negative	fungalrv2011_neg_2006	974714				fasta_unmatched
negative	fungalrv2011_neg_2007	74588894				fasta_unmatched
negative	fungalrv2011_neg_2008	238883607				fasta_unmatched
negative	fungalrv2011_neg_2009	62900711				fasta_unmatched
negative	fungalrv2011_neg_2010	238880828				fasta_unmatched
negative	fungalrv2011_neg_2011	68052039				fasta_unmatched
negative	fungalrv2011_neg_2012	143811418				fasta_unmatched
negative	fungalrv2011_neg_2013	238883131				fasta_unmatched
negative	fungalrv2011_neg_2014	2494674				fasta_unmatched
negative	fungalrv2011_neg_2015	238879512				fasta_unmatched
negative	fungalrv2011_neg_2016	238882315				fasta_unmatched
negative	fungalrv2011_neg_2017	238880963				fasta_unmatched
negative	fungalrv2011_neg_2018	238878503				fasta_unmatched
negative	fungalrv2011_neg_2019	238882419				fasta_unmatched
negative	fungalrv2011_neg_2020	238883880				fasta_unmatched
negative	fungalrv2011_neg_2021	1168892				fasta_unmatched
negative	fungalrv2011_neg_2022	238883707				fasta_unmatched
negative	fungalrv2011_neg_2023	238883613				fasta_unmatched
negative	fungalrv2011_neg_2024	11596395				fasta_unmatched
negative	fungalrv2011_neg_2025	74590512				fasta_unmatched
negative	fungalrv2011_neg_2026	238883129				fasta_unmatched
negative	fungalrv2011_neg_2027	238880212				fasta_unmatched
negative	fungalrv2011_neg_2028	238880418				fasta_unmatched
negative	fungalrv2011_neg_2029	238881244				fasta_unmatched
negative	fungalrv2011_neg_2030	238883144				fasta_unmatched
negative	fungalrv2011_neg_2031	238878571				fasta_unmatched
negative	fungalrv2011_neg_2032	238878227				fasta_unmatched
negative	fungalrv2011_neg_2033	238880028				fasta_unmatched
negative	fungalrv2011_neg_2034	12001932				fasta_unmatched
negative	fungalrv2011_neg_2035	68482251				fasta_unmatched
negative	fungalrv2011_neg_2036	74588685				fasta_unmatched
negative	fungalrv2011_neg_2037	238883059				fasta_unmatched
negative	fungalrv2011_neg_2038	3859672				fasta_unmatched
negative	fungalrv2011_neg_2039	238878891				fasta_unmatched
negative	fungalrv2011_neg_2040	238880426				fasta_unmatched
negative	fungalrv2011_neg_2041	238882273				fasta_unmatched
negative	fungalrv2011_neg_2042	52783216				fasta_unmatched
negative	fungalrv2011_neg_2043	1170691				fasta_unmatched
negative	fungalrv2011_neg_2044	7271026				fasta_unmatched
negative	fungalrv2011_neg_2045	74680246				fasta_unmatched
negative	fungalrv2011_neg_2046	238882642				fasta_unmatched
negative	fungalrv2011_neg_2047	5815416				fasta_unmatched
negative	fungalrv2011_neg_2048	46436611				fasta_unmatched
negative	fungalrv2011_neg_2049	238879093				fasta_unmatched
negative	fungalrv2011_neg_2050	30059126				fasta_unmatched
negative	fungalrv2011_neg_2051	74656369				fasta_unmatched
negative	fungalrv2011_neg_2052	60390123				fasta_unmatched
negative	fungalrv2011_neg_2053	1857157				fasta_unmatched
negative	fungalrv2011_neg_2054	238883180				fasta_unmatched
negative	fungalrv2011_neg_2055	238882675				fasta_unmatched
negative	fungalrv2011_neg_2056	238882455				fasta_unmatched
negative	fungalrv2011_neg_2057	238882763				fasta_unmatched
negative	fungalrv2011_neg_2058	238879835				fasta_unmatched
negative	fungalrv2011_neg_2059	238882685				fasta_unmatched
negative	fungalrv2011_neg_2060	1546063				fasta_unmatched
negative	fungalrv2011_neg_2061	21542347				fasta_unmatched
negative	fungalrv2011_neg_2062	6708498				fasta_unmatched
negative	fungalrv2011_neg_2063	2088609				fasta_unmatched
negative	fungalrv2011_neg_2064	2088589				fasta_unmatched
negative	fungalrv2011_neg_2065	2088597				fasta_unmatched
negative	fungalrv2011_neg_2066	2088605				fasta_unmatched
negative	fungalrv2011_neg_2067	2088599				fasta_unmatched
negative	fungalrv2011_neg_2068	2088601				fasta_unmatched
negative	fungalrv2011_neg_2069	2088587				fasta_unmatched
negative	fungalrv2011_neg_2070	2088581				fasta_unmatched
negative	fungalrv2011_neg_2071	2088585				fasta_unmatched
negative	fungalrv2011_neg_2072	2088583				fasta_unmatched
negative	fungalrv2011_neg_2073	32527512				fasta_unmatched
negative	fungalrv2011_neg_2074	9887210				fasta_unmatched
negative	fungalrv2011_neg_2075	15825180				fasta_unmatched
negative	fungalrv2011_neg_2076	89242509				fasta_unmatched
negative	fungalrv2011_neg_2077	66850299				fasta_unmatched
negative	fungalrv2011_neg_2078	66849785				fasta_unmatched
negative	fungalrv2011_neg_2079	66851090				fasta_unmatched
negative	fungalrv2011_neg_2080	129558086				fasta_unmatched
negative	fungalrv2011_neg_2081	66848269				fasta_unmatched
negative	fungalrv2011_neg_2082	66851212				fasta_unmatched
negative	fungalrv2011_neg_2083	66849093				fasta_unmatched
negative	fungalrv2011_neg_2084	66849248				fasta_unmatched
negative	fungalrv2011_neg_2085	66845559				fasta_unmatched
negative	fungalrv2011_neg_2086	66848793				fasta_unmatched
negative	fungalrv2011_neg_2087	66847724				fasta_unmatched
negative	fungalrv2011_neg_2088	66846739				fasta_unmatched
negative	fungalrv2011_neg_2089	66849886				fasta_unmatched
negative	fungalrv2011_neg_2090	66845626				fasta_unmatched
negative	fungalrv2011_neg_2091	70989723				fasta_unmatched
negative	fungalrv2011_neg_2092	66850082				fasta_unmatched
negative	fungalrv2011_neg_2093	66849485				fasta_unmatched
negative	fungalrv2011_neg_2094	129556998				fasta_unmatched
negative	fungalrv2011_neg_2095	66846610				fasta_unmatched
negative	fungalrv2011_neg_2096	70995406				fasta_unmatched
negative	fungalrv2011_neg_2097	70994146				fasta_unmatched
negative	fungalrv2011_neg_2098	66847115				fasta_unmatched
negative	fungalrv2011_neg_2099	70998714				fasta_unmatched
negative	fungalrv2011_neg_2100	66849681				fasta_unmatched
negative	fungalrv2011_neg_2101	66852651				fasta_unmatched
negative	fungalrv2011_neg_2102	66853190				fasta_unmatched
negative	fungalrv2011_neg_2103	40641908				fasta_unmatched
negative	fungalrv2011_neg_2104	66848086				fasta_unmatched
negative	fungalrv2011_neg_2105	146324016				fasta_unmatched
negative	fungalrv2011_neg_2106	129558089				fasta_unmatched
negative	fungalrv2011_neg_2107	70998951				fasta_unmatched
negative	fungalrv2011_neg_2108	70991300				fasta_unmatched
negative	fungalrv2011_neg_2109	70991891				fasta_unmatched
negative	fungalrv2011_neg_2110	9887212				fasta_unmatched
negative	fungalrv2011_neg_2111	70997272				fasta_unmatched
negative	fungalrv2011_neg_2112	90111970				fasta_unmatched
negative	fungalrv2011_neg_2113	146323675				fasta_unmatched
negative	fungalrv2011_neg_2114	71002306				fasta_unmatched
negative	fungalrv2011_neg_2115	74670390				fasta_unmatched
negative	fungalrv2011_neg_2116	70992309				fasta_unmatched
negative	fungalrv2011_neg_2117	70999588				fasta_unmatched
negative	fungalrv2011_neg_2118	119399257				fasta_unmatched
negative	fungalrv2011_neg_2119	70998472				fasta_unmatched
negative	fungalrv2011_neg_2120	70997151				fasta_unmatched
negative	fungalrv2011_neg_2121	70988873				fasta_unmatched
negative	fungalrv2011_neg_2122	146324309				fasta_unmatched
negative	fungalrv2011_neg_2123	70984681				fasta_unmatched
negative	fungalrv2011_neg_2124	70991184				fasta_unmatched
negative	fungalrv2011_neg_2125	70990146				fasta_unmatched
negative	fungalrv2011_neg_2126	70996190				fasta_unmatched
negative	fungalrv2011_neg_2127	70983684				fasta_unmatched
negative	fungalrv2011_neg_2128	70985042				fasta_unmatched
negative	fungalrv2011_neg_2129	71000846				fasta_unmatched
negative	fungalrv2011_neg_2130	70995436				fasta_unmatched
negative	fungalrv2011_neg_2131	70989141				fasta_unmatched
negative	fungalrv2011_neg_2132	71002288				fasta_unmatched
negative	fungalrv2011_neg_2133	70990988				fasta_unmatched
negative	fungalrv2011_neg_2134	70991799				fasta_unmatched
negative	fungalrv2011_neg_2135	159129373				fasta_unmatched
negative	fungalrv2011_neg_2136	70984557				fasta_unmatched
negative	fungalrv2011_neg_2137	159129573				fasta_unmatched
negative	fungalrv2011_neg_2138	70982087				fasta_unmatched
negative	fungalrv2011_neg_2139	70991433				fasta_unmatched
negative	fungalrv2011_neg_2140	71002032				fasta_unmatched
negative	fungalrv2011_neg_2141	70984886				fasta_unmatched
negative	fungalrv2011_neg_2142	74697392				fasta_unmatched
negative	fungalrv2011_neg_2143	71000174				fasta_unmatched
negative	fungalrv2011_neg_2144	70999270				fasta_unmatched
negative	fungalrv2011_neg_2145	70998640				fasta_unmatched
negative	fungalrv2011_neg_2146	74672247				fasta_unmatched
negative	fungalrv2011_neg_2147	70997439				fasta_unmatched
negative	fungalrv2011_neg_2148	70997503				fasta_unmatched
negative	fungalrv2011_neg_2149	148877252				fasta_unmatched
negative	fungalrv2011_neg_2150	159129007				fasta_unmatched
negative	fungalrv2011_neg_2151	70999700				fasta_unmatched
negative	fungalrv2011_neg_2152	74666130				fasta_unmatched
negative	fungalrv2011_neg_2153	74672827				fasta_unmatched
negative	fungalrv2011_neg_2154	70988907				fasta_unmatched
negative	fungalrv2011_neg_2155	74670609				fasta_unmatched
negative	fungalrv2011_neg_2156	4249370				fasta_unmatched
negative	fungalrv2011_neg_2157	159131085				fasta_unmatched
negative	fungalrv2011_neg_2158	74673411				fasta_unmatched
negative	fungalrv2011_neg_2159	74672120				fasta_unmatched
negative	fungalrv2011_neg_2160	229891200				fasta_unmatched
negative	fungalrv2011_neg_2161	70996408				fasta_unmatched
negative	fungalrv2011_neg_2162	70994170				fasta_unmatched
negative	fungalrv2011_neg_2163	70998624				fasta_unmatched
negative	fungalrv2011_neg_2164	71002144				fasta_unmatched
negative	fungalrv2011_neg_2165	70998230				fasta_unmatched
negative	fungalrv2011_neg_2166	70996582				fasta_unmatched
negative	fungalrv2011_neg_2167	70996412				fasta_unmatched
negative	fungalrv2011_neg_2168	74675200				fasta_unmatched
negative	fungalrv2011_neg_2169	70998528				fasta_unmatched
negative	fungalrv2011_neg_2170	70993588				fasta_unmatched
negative	fungalrv2011_neg_2171	70984573				fasta_unmatched
negative	fungalrv2011_neg_2172	70995608				fasta_unmatched
negative	fungalrv2011_neg_2173	71001428				fasta_unmatched
negative	fungalrv2011_neg_2174	91206842				fasta_unmatched
negative	fungalrv2011_neg_2175	70998118				fasta_unmatched
negative	fungalrv2011_neg_2176	70997266				fasta_unmatched
negative	fungalrv2011_neg_2177	70991775				fasta_unmatched
negative	fungalrv2011_neg_2178	70999790				fasta_unmatched
negative	fungalrv2011_neg_2179	74674590				fasta_unmatched
negative	fungalrv2011_neg_2180	70981943				fasta_unmatched
negative	fungalrv2011_neg_2181	159126962				fasta_unmatched
negative	fungalrv2011_neg_2182	70991925				fasta_unmatched
negative	fungalrv2011_neg_2183	70993658				fasta_unmatched
negative	fungalrv2011_neg_2184	74665880				fasta_unmatched
negative	fungalrv2011_neg_2185	70998628				fasta_unmatched
negative	fungalrv2011_neg_2186	159125039				fasta_unmatched
negative	fungalrv2011_neg_2187	159128028				fasta_unmatched
negative	fungalrv2011_neg_2188	74674345				fasta_unmatched
negative	fungalrv2011_neg_2189	70985228				fasta_unmatched
negative	fungalrv2011_neg_2190	70992689				fasta_unmatched
negative	fungalrv2011_neg_2191	70990962				fasta_unmatched
negative	fungalrv2011_neg_2192	74668891				fasta_unmatched
negative	fungalrv2011_neg_2193	27524356				fasta_unmatched
negative	fungalrv2011_neg_2194	16580138				fasta_unmatched
negative	fungalrv2011_neg_2195	74671257				fasta_unmatched
negative	fungalrv2011_neg_2196	70995414				fasta_unmatched
negative	fungalrv2011_neg_2197	71001246				fasta_unmatched
negative	fungalrv2011_neg_2198	74669652				fasta_unmatched
negative	fungalrv2011_neg_2199	146324765				fasta_unmatched
negative	fungalrv2011_neg_2200	70999654				fasta_unmatched
negative	fungalrv2011_neg_2201	71000731				fasta_unmatched
negative	fungalrv2011_neg_2202	70984222				fasta_unmatched
negative	fungalrv2011_neg_2203	70989647				fasta_unmatched
negative	fungalrv2011_neg_2204	146323203				fasta_unmatched
negative	fungalrv2011_neg_2205	70982656				fasta_unmatched
negative	fungalrv2011_neg_2206	71002024				fasta_unmatched
negative	fungalrv2011_neg_2207	71002040				fasta_unmatched
negative	fungalrv2011_neg_2208	146324193				fasta_unmatched
negative	fungalrv2011_neg_2209	166222396				fasta_unmatched
negative	fungalrv2011_neg_2210	74675687				fasta_unmatched
negative	fungalrv2011_neg_2211	70993022				fasta_unmatched
negative	fungalrv2011_neg_2212	70999698				fasta_unmatched
negative	fungalrv2011_neg_2213	70983806				fasta_unmatched
negative	fungalrv2011_neg_2214	159124741				fasta_unmatched
negative	fungalrv2011_neg_2215	70998476				fasta_unmatched
negative	fungalrv2011_neg_2216	70995281				fasta_unmatched
negative	fungalrv2011_neg_2217	70998670				fasta_unmatched
negative	fungalrv2011_neg_2218	159127753				fasta_unmatched
negative	fungalrv2011_neg_2219	70984090				fasta_unmatched
negative	fungalrv2011_neg_2220	70997459				fasta_unmatched
negative	fungalrv2011_neg_2221	70987439				fasta_unmatched
negative	fungalrv2011_neg_2222	74674080				fasta_unmatched
negative	fungalrv2011_neg_2223	70987446				fasta_unmatched
negative	fungalrv2011_neg_2224	91206662				fasta_unmatched
negative	fungalrv2011_neg_2225	71000820				fasta_unmatched
negative	fungalrv2011_neg_2226	70999894				fasta_unmatched
negative	fungalrv2011_neg_2227	70996831				fasta_unmatched
negative	fungalrv2011_neg_2228	21215170				fasta_unmatched
negative	fungalrv2011_neg_2229	159125703				fasta_unmatched
negative	fungalrv2011_neg_2230	70987150				fasta_unmatched
negative	fungalrv2011_neg_2231	70989077				fasta_unmatched
negative	fungalrv2011_neg_2232	70999007				fasta_unmatched
negative	fungalrv2011_neg_2233	159126537				fasta_unmatched
negative	fungalrv2011_neg_2234	70988693				fasta_unmatched
negative	fungalrv2011_neg_2235	159124881				fasta_unmatched
negative	fungalrv2011_neg_2236	70990382				fasta_unmatched
negative	fungalrv2011_neg_2237	70998544				fasta_unmatched
negative	fungalrv2011_neg_2238	159125151				fasta_unmatched
negative	fungalrv2011_neg_2239	70983520				fasta_unmatched
negative	fungalrv2011_neg_2240	159128705				fasta_unmatched
negative	fungalrv2011_neg_2241	70996422				fasta_unmatched
negative	fungalrv2011_neg_2242	70998642				fasta_unmatched
negative	fungalrv2011_neg_2243	159129854				fasta_unmatched
negative	fungalrv2011_neg_2244	70990926				fasta_unmatched
negative	fungalrv2011_neg_2245	71000467				fasta_unmatched
negative	fungalrv2011_neg_2246	37594598				fasta_unmatched
negative	fungalrv2011_neg_2247	70986400				fasta_unmatched
negative	fungalrv2011_neg_2248	74669364				fasta_unmatched
negative	fungalrv2011_neg_2249	71001148				fasta_unmatched
negative	fungalrv2011_neg_2250	37594596				fasta_unmatched
negative	fungalrv2011_neg_2251	70985869				fasta_unmatched
negative	fungalrv2011_neg_2252	13432032				fasta_unmatched
negative	fungalrv2011_neg_2253	41393714				fasta_unmatched
negative	fungalrv2011_neg_2254	70995022				fasta_unmatched
negative	fungalrv2011_neg_2255	70671877				fasta_unmatched
negative	fungalrv2011_neg_2256	8745509				fasta_unmatched
negative	fungalrv2011_neg_2257	3253053				fasta_unmatched
negative	fungalrv2011_neg_2258	537275				fasta_unmatched
negative	fungalrv2011_neg_2259	150408839				fasta_unmatched
negative	fungalrv2011_neg_2260	150408071				fasta_unmatched
negative	fungalrv2011_neg_2261	269969554				fasta_unmatched
negative	fungalrv2011_neg_2262	4753146				fasta_unmatched
negative	fungalrv2011_neg_2263	240276365				fasta_unmatched
negative	fungalrv2011_neg_2264	240274319				fasta_unmatched
negative	fungalrv2011_neg_2265	225555766				fasta_unmatched
negative	fungalrv2011_neg_2266	240276721				fasta_unmatched
negative	fungalrv2011_neg_2267	240276502				fasta_unmatched
negative	fungalrv2011_neg_2268	154283185				fasta_unmatched
negative	fungalrv2011_neg_2269	240276225				fasta_unmatched
negative	fungalrv2011_neg_2270	225559652				fasta_unmatched
negative	fungalrv2011_neg_2271	240275320				fasta_unmatched
negative	fungalrv2011_neg_2272	240282344				fasta_unmatched
negative	fungalrv2011_neg_2273	240276965				fasta_unmatched
negative	fungalrv2011_neg_2274	225557526				fasta_unmatched
negative	fungalrv2011_neg_2275	225558540				fasta_unmatched
negative	fungalrv2011_neg_2276	240274624				fasta_unmatched
negative	fungalrv2011_neg_2277	225559206				fasta_unmatched
negative	fungalrv2011_neg_2278	160380608				fasta_unmatched
negative	fungalrv2011_neg_2279	240276813				fasta_unmatched
negative	fungalrv2011_neg_2280	240281151				fasta_unmatched
negative	fungalrv2011_neg_2281	240280098				fasta_unmatched
negative	fungalrv2011_neg_2282	240276108				fasta_unmatched
negative	fungalrv2011_neg_2283	240275977				fasta_unmatched
negative	fungalrv2011_neg_2284	154271754				fasta_unmatched
negative	fungalrv2011_neg_2285	225560355				fasta_unmatched
negative	fungalrv2011_neg_2286	240276503				fasta_unmatched
negative	fungalrv2011_neg_2287	240281997				fasta_unmatched
negative	fungalrv2011_neg_2288	240277654				fasta_unmatched
negative	fungalrv2011_neg_2289	239591008				fasta_unmatched
negative	fungalrv2011_neg_2290	239592167				fasta_unmatched
negative	fungalrv2011_neg_2291	239591732				fasta_unmatched
negative	fungalrv2011_neg_2292	239589904				fasta_unmatched
negative	fungalrv2011_neg_2293	239590216				fasta_unmatched
negative	fungalrv2011_neg_2294	239591799				fasta_unmatched
negative	fungalrv2011_neg_2295	239589631				fasta_unmatched
negative	fungalrv2011_neg_2296	239593414				fasta_unmatched
negative	fungalrv2011_neg_2297	239588126				fasta_unmatched
negative	fungalrv2011_neg_2298	239594755				fasta_unmatched
negative	fungalrv2011_neg_2299	239591942				fasta_unmatched
negative	fungalrv2011_neg_2300	239587996				fasta_unmatched
negative	fungalrv2011_neg_2301	239592544				fasta_unmatched
negative	fungalrv2011_neg_2302	239590935				fasta_unmatched
negative	fungalrv2011_neg_2303	239591562				fasta_unmatched
negative	fungalrv2011_neg_2304	239595797				fasta_unmatched
negative	fungalrv2011_neg_2305	239593180				fasta_unmatched
negative	fungalrv2011_neg_2306	239586803				fasta_unmatched
negative	fungalrv2011_neg_2307	239588505				fasta_unmatched
negative	fungalrv2011_neg_2308	239595701				fasta_unmatched
negative	fungalrv2011_neg_2309	239590333				fasta_unmatched
negative	fungalrv2011_neg_2310	239595920				fasta_unmatched
negative	fungalrv2011_neg_2311	239587020				fasta_unmatched
negative	fungalrv2011_neg_2312	239592068				fasta_unmatched
negative	fungalrv2011_neg_2313	239594693				fasta_unmatched
negative	fungalrv2011_neg_2314	239595620				fasta_unmatched
negative	fungalrv2011_neg_2315	239595372				fasta_unmatched
negative	fungalrv2011_neg_2316	239592358				fasta_unmatched
negative	fungalrv2011_neg_2317	239589002				fasta_unmatched
negative	fungalrv2011_neg_2318	239593814				fasta_unmatched
negative	fungalrv2011_neg_2319	239588306				fasta_unmatched
negative	fungalrv2011_neg_2320	239591173				fasta_unmatched
negative	fungalrv2011_neg_2321	239594172				fasta_unmatched
negative	fungalrv2011_neg_2322	239587803				fasta_unmatched
negative	fungalrv2011_neg_2323	239595632				fasta_unmatched
negative	fungalrv2011_neg_2324	239590555				fasta_unmatched
negative	fungalrv2011_neg_2325	239586768				fasta_unmatched
negative	fungalrv2011_neg_2326	239590550				fasta_unmatched
negative	fungalrv2011_neg_2327	239613012				fasta_unmatched
negative	fungalrv2011_neg_2328	239586608				fasta_unmatched
negative	fungalrv2011_neg_2329	239608355				fasta_unmatched
negative	fungalrv2011_neg_2330	239593771				fasta_unmatched
negative	fungalrv2011_neg_2331	239588688				fasta_unmatched
negative	fungalrv2011_neg_2332	239613990				fasta_unmatched
negative	fungalrv2011_neg_2333	239607356				fasta_unmatched
negative	fungalrv2011_neg_2334	239610069				fasta_unmatched
negative	fungalrv2011_neg_2335	239594810				fasta_unmatched
negative	fungalrv2011_neg_2336	239590766				fasta_unmatched
negative	fungalrv2011_neg_2337	239612486				fasta_unmatched
negative	fungalrv2011_neg_2338	239613875				fasta_unmatched
negative	fungalrv2011_neg_2339	239595977				fasta_unmatched
negative	fungalrv2011_neg_2340	239608182				fasta_unmatched
negative	fungalrv2011_neg_2341	239612311				fasta_unmatched
negative	fungalrv2011_neg_2342	239586785				fasta_unmatched
negative	fungalrv2011_neg_2343	239610165				fasta_unmatched
negative	fungalrv2011_neg_2344	239589297				fasta_unmatched
negative	fungalrv2011_neg_2345	239596142				fasta_unmatched
negative	fungalrv2011_neg_2346	239609727				fasta_unmatched
negative	fungalrv2011_neg_2347	239592956				fasta_unmatched
negative	fungalrv2011_neg_2348	239610869				fasta_unmatched
negative	fungalrv2011_neg_2349	93609097				fasta_unmatched
negative	fungalrv2011_neg_2350	239594418				fasta_unmatched
negative	fungalrv2011_neg_2351	239615589				fasta_unmatched
negative	fungalrv2011_neg_2352	239606464				fasta_unmatched
negative	fungalrv2011_neg_2353	239591620				fasta_unmatched
negative	fungalrv2011_neg_2354	239595063				fasta_unmatched
negative	fungalrv2011_neg_2355	239609824				fasta_unmatched
negative	fungalrv2011_neg_2356	239595732				fasta_unmatched
negative	fungalrv2011_neg_2357	239606723				fasta_unmatched
negative	fungalrv2011_neg_2358	239612849				fasta_unmatched
negative	fungalrv2011_neg_2359	239592770				fasta_unmatched
negative	fungalrv2011_neg_2360	239611071				fasta_unmatched
negative	fungalrv2011_neg_2361	239615023				fasta_unmatched
negative	fungalrv2011_neg_2362	239590597				fasta_unmatched
negative	fungalrv2011_neg_2363	239612322				fasta_unmatched
negative	fungalrv2011_neg_2364	239586799				fasta_unmatched
negative	fungalrv2011_neg_2365	239587209				fasta_unmatched
negative	fungalrv2011_neg_2366	239586565				fasta_unmatched
negative	fungalrv2011_neg_2367	239608398				fasta_unmatched
negative	fungalrv2011_neg_2368	239614343				fasta_unmatched
negative	fungalrv2011_neg_2369	239614244				fasta_unmatched
negative	fungalrv2011_neg_2370	239589324				fasta_unmatched
negative	fungalrv2011_neg_2371	239615044				fasta_unmatched
negative	fungalrv2011_neg_2372	239595814				fasta_unmatched
negative	fungalrv2011_neg_2373	239606811				fasta_unmatched
negative	fungalrv2011_neg_2374	239608167				fasta_unmatched
negative	fungalrv2011_neg_2375	239606548				fasta_unmatched
negative	fungalrv2011_neg_2376	239594760				fasta_unmatched
negative	fungalrv2011_neg_2377	239610118				fasta_unmatched
negative	fungalrv2011_neg_2378	239593436				fasta_unmatched
negative	fungalrv2011_neg_2379	239595545				fasta_unmatched
negative	fungalrv2011_neg_2380	239611659				fasta_unmatched
negative	fungalrv2011_neg_2381	239587105				fasta_unmatched
negative	fungalrv2011_neg_2382	239591689				fasta_unmatched
negative	fungalrv2011_neg_2383	239606939				fasta_unmatched
negative	fungalrv2011_neg_2384	239610485				fasta_unmatched
negative	fungalrv2011_neg_2385	239588500				fasta_unmatched
negative	fungalrv2011_neg_2386	239609556				fasta_unmatched
negative	fungalrv2011_neg_2387	239587477				fasta_unmatched
negative	fungalrv2011_neg_2388	239615720				fasta_unmatched
negative	fungalrv2011_neg_2389	239595426				fasta_unmatched
negative	fungalrv2011_neg_2390	239592976				fasta_unmatched
negative	fungalrv2011_neg_2391	239610846				fasta_unmatched
negative	fungalrv2011_neg_2392	239593842				fasta_unmatched
negative	fungalrv2011_neg_2393	239607285				fasta_unmatched
negative	fungalrv2011_neg_2394	239595495				fasta_unmatched
negative	fungalrv2011_neg_2395	239607879				fasta_unmatched
negative	fungalrv2011_neg_2396	239607446				fasta_unmatched
negative	fungalrv2011_neg_2397	239614429				fasta_unmatched
negative	fungalrv2011_neg_2398	239587810				fasta_unmatched
negative	fungalrv2011_neg_2399	239595942				fasta_unmatched
negative	fungalrv2011_neg_2400	239609518				fasta_unmatched
negative	fungalrv2011_neg_2401	239587541				fasta_unmatched
negative	fungalrv2011_neg_2402	239614492				fasta_unmatched
negative	fungalrv2011_neg_2403	239593677				fasta_unmatched
negative	fungalrv2011_neg_2404	239606863				fasta_unmatched
negative	fungalrv2011_neg_2405	239592272				fasta_unmatched
negative	fungalrv2011_neg_2406	239611574				fasta_unmatched
negative	fungalrv2011_neg_2407	239589819				fasta_unmatched
negative	fungalrv2011_neg_2408	239608963				fasta_unmatched
negative	fungalrv2011_neg_2409	239591723				fasta_unmatched
negative	fungalrv2011_neg_2410	239615523				fasta_unmatched
negative	fungalrv2011_neg_2411	239594019				fasta_unmatched
negative	fungalrv2011_neg_2412	239607107				fasta_unmatched
negative	fungalrv2011_neg_2413	239615506				fasta_unmatched
negative	fungalrv2011_neg_2414	239611027				fasta_unmatched
negative	fungalrv2011_neg_2415	239587883				fasta_unmatched
negative	fungalrv2011_neg_2416	239610628				fasta_unmatched
negative	fungalrv2011_neg_2417	239589792				fasta_unmatched
negative	fungalrv2011_neg_2418	239592748				fasta_unmatched
negative	fungalrv2011_neg_2419	239611092				fasta_unmatched
negative	fungalrv2011_neg_2420	239594357				fasta_unmatched
negative	fungalrv2011_neg_2421	239588968				fasta_unmatched
negative	fungalrv2011_neg_2422	239592809				fasta_unmatched
negative	fungalrv2011_neg_2423	239592182				fasta_unmatched
negative	fungalrv2011_neg_2424	239614879				fasta_unmatched
negative	fungalrv2011_neg_2425	239591193				fasta_unmatched
negative	fungalrv2011_neg_2426	239591782				fasta_unmatched
negative	fungalrv2011_neg_2427	239614700				fasta_unmatched
negative	fungalrv2011_neg_2428	239587089				fasta_unmatched
negative	fungalrv2011_neg_2429	239614358				fasta_unmatched
negative	fungalrv2011_neg_2430	239590316				fasta_unmatched
negative	fungalrv2011_neg_2431	239612026				fasta_unmatched
negative	fungalrv2011_neg_2432	239589910				fasta_unmatched
negative	fungalrv2011_neg_2433	239612684				fasta_unmatched
negative	fungalrv2011_neg_2434	239592065				fasta_unmatched
negative	fungalrv2011_neg_2435	239589984				fasta_unmatched
negative	fungalrv2011_neg_2436	239612608				fasta_unmatched
negative	fungalrv2011_neg_2437	239614181				fasta_unmatched
negative	fungalrv2011_neg_2438	239587280				fasta_unmatched
negative	fungalrv2011_neg_2439	239589546				fasta_unmatched
negative	fungalrv2011_neg_2440	239611770				fasta_unmatched
negative	fungalrv2011_neg_2441	239613620				fasta_unmatched
negative	fungalrv2011_neg_2442	239613718				fasta_unmatched
negative	fungalrv2011_neg_2443	239588529				fasta_unmatched
negative	fungalrv2011_neg_2444	239606900				fasta_unmatched
negative	fungalrv2011_neg_2445	239596147				fasta_unmatched
negative	fungalrv2011_neg_2446	239609732				fasta_unmatched
negative	fungalrv2011_neg_2447	239613009				fasta_unmatched
negative	fungalrv2011_neg_2448	239612772				fasta_unmatched
negative	fungalrv2011_neg_2449	239594340				fasta_unmatched
negative	fungalrv2011_neg_2450	239589533				fasta_unmatched
negative	fungalrv2011_neg_2451	239615249				fasta_unmatched
negative	fungalrv2011_neg_2452	239590734				fasta_unmatched
negative	fungalrv2011_neg_2453	239612453				fasta_unmatched
negative	fungalrv2011_neg_2454	239608168				fasta_unmatched
negative	fungalrv2011_neg_2455	239591460				fasta_unmatched
negative	fungalrv2011_neg_2456	239593263				fasta_unmatched
negative	fungalrv2011_neg_2457	239614942				fasta_unmatched
negative	fungalrv2011_neg_2458	239589037				fasta_unmatched
negative	fungalrv2011_neg_2459	239610484				fasta_unmatched
negative	fungalrv2011_neg_2460	239588025				fasta_unmatched
negative	fungalrv2011_neg_2461	239615128				fasta_unmatched
negative	fungalrv2011_neg_2462	239615260				fasta_unmatched
negative	fungalrv2011_neg_2463	239587997				fasta_unmatched
negative	fungalrv2011_neg_2464	239610514				fasta_unmatched
negative	fungalrv2011_neg_2465	239613232				fasta_unmatched
negative	fungalrv2011_neg_2466	239592246				fasta_unmatched
negative	fungalrv2011_neg_2467	239593135				fasta_unmatched
negative	fungalrv2011_neg_2468	239590862				fasta_unmatched
negative	fungalrv2011_neg_2469	239611221				fasta_unmatched
negative	fungalrv2011_neg_2470	239606241				fasta_unmatched
negative	fungalrv2011_neg_2471	239589592				fasta_unmatched
negative	fungalrv2011_neg_2472	239608666				fasta_unmatched
negative	fungalrv2011_neg_2473	239611598				fasta_unmatched
negative	fungalrv2011_neg_2474	239613294				fasta_unmatched
negative	fungalrv2011_neg_2475	239594087				fasta_unmatched
negative	fungalrv2011_neg_2476	239594655				fasta_unmatched
negative	fungalrv2011_neg_2477	239608045				fasta_unmatched
negative	fungalrv2011_neg_2478	239608482				fasta_unmatched
negative	fungalrv2011_neg_2479	239608121				fasta_unmatched
negative	fungalrv2011_neg_2480	239588853				fasta_unmatched
negative	fungalrv2011_neg_2481	239593430				fasta_unmatched
negative	fungalrv2011_neg_2482	239613823				fasta_unmatched
negative	fungalrv2011_neg_2483	239595159				fasta_unmatched
negative	fungalrv2011_neg_2484	239592968				fasta_unmatched
negative	fungalrv2011_neg_2485	239610854				fasta_unmatched
negative	fungalrv2011_neg_2486	239593088				fasta_unmatched
negative	fungalrv2011_neg_2487	239615017				fasta_unmatched
negative	fungalrv2011_neg_2488	239612996				fasta_unmatched
negative	fungalrv2011_neg_2489	239593438				fasta_unmatched
negative	fungalrv2011_neg_2490	239615035				fasta_unmatched
negative	fungalrv2011_neg_2491	239591473				fasta_unmatched
negative	fungalrv2011_neg_2492	239613942				fasta_unmatched
negative	fungalrv2011_neg_2493	239614105				fasta_unmatched
negative	fungalrv2011_neg_2494	239592982				fasta_unmatched
negative	fungalrv2011_neg_2495	239591733				fasta_unmatched
negative	fungalrv2011_neg_2496	239608953				fasta_unmatched
negative	fungalrv2011_neg_2497	239610842				fasta_unmatched
negative	fungalrv2011_neg_2498	239590519				fasta_unmatched
negative	fungalrv2011_neg_2499	239612245				fasta_unmatched
negative	fungalrv2011_neg_2500	239587355				fasta_unmatched
negative	fungalrv2011_neg_2501	239593418				fasta_unmatched
negative	fungalrv2011_neg_2502	239588366				fasta_unmatched
negative	fungalrv2011_neg_2503	239587409				fasta_unmatched
negative	fungalrv2011_neg_2504	239614045				fasta_unmatched
negative	fungalrv2011_neg_2505	239595082				fasta_unmatched
negative	fungalrv2011_neg_2506	239595361				fasta_unmatched
negative	fungalrv2011_neg_2507	239607789				fasta_unmatched
negative	fungalrv2011_neg_2508	239614735				fasta_unmatched
negative	fungalrv2011_neg_2509	239591817				fasta_unmatched
negative	fungalrv2011_neg_2510	239592371				fasta_unmatched
negative	fungalrv2011_neg_2511	239611471				fasta_unmatched
negative	fungalrv2011_neg_2512	239590990				fasta_unmatched
negative	fungalrv2011_neg_2513	239613097				fasta_unmatched
negative	fungalrv2011_neg_2514	239595975				fasta_unmatched
negative	fungalrv2011_neg_2515	239609554				fasta_unmatched
negative	fungalrv2011_neg_2516	239613358				fasta_unmatched
negative	fungalrv2011_neg_2517	239588733				fasta_unmatched
negative	fungalrv2011_neg_2518	239586747				fasta_unmatched
negative	fungalrv2011_neg_2519	239608222				fasta_unmatched
negative	fungalrv2011_neg_2520	239592883				fasta_unmatched
negative	fungalrv2011_neg_2521	239610692				fasta_unmatched
negative	fungalrv2011_neg_2522	239594985				fasta_unmatched
negative	fungalrv2011_neg_2523	239613218				fasta_unmatched
negative	fungalrv2011_neg_2524	239592134				fasta_unmatched
negative	fungalrv2011_neg_2525	239609740				fasta_unmatched
negative	fungalrv2011_neg_2526	239611703				fasta_unmatched
negative	fungalrv2011_neg_2527	239588348				fasta_unmatched
negative	fungalrv2011_neg_2528	239613374				fasta_unmatched
negative	fungalrv2011_neg_2529	239591570				fasta_unmatched
negative	fungalrv2011_neg_2530	239613669				fasta_unmatched
negative	fungalrv2011_neg_2531	239589796				fasta_unmatched
negative	fungalrv2011_neg_2532	239595843				fasta_unmatched
negative	fungalrv2011_neg_2533	239606867				fasta_unmatched
negative	fungalrv2011_neg_2534	239609418				fasta_unmatched
negative	fungalrv2011_neg_2535	239587726				fasta_unmatched
negative	fungalrv2011_neg_2536	239610778				fasta_unmatched
negative	fungalrv2011_neg_2537	239594887				fasta_unmatched
negative	fungalrv2011_neg_2538	239609991				fasta_unmatched
negative	fungalrv2011_neg_2539	239596154				fasta_unmatched
negative	fungalrv2011_neg_2540	239587218				fasta_unmatched
negative	fungalrv2011_neg_2541	239614235				fasta_unmatched
negative	fungalrv2011_neg_2542	239592062				fasta_unmatched
negative	fungalrv2011_neg_2543	239594122				fasta_unmatched
negative	fungalrv2011_neg_2544	239611778				fasta_unmatched
negative	fungalrv2011_neg_2545	239608814				fasta_unmatched
negative	fungalrv2011_neg_2546	239607210				fasta_unmatched
negative	fungalrv2011_neg_2547	239589272				fasta_unmatched
negative	fungalrv2011_neg_2548	239610191				fasta_unmatched
negative	fungalrv2011_neg_2549	239609804				fasta_unmatched
negative	fungalrv2011_neg_2550	239610946				fasta_unmatched
negative	fungalrv2011_neg_2551	239612901				fasta_unmatched
negative	fungalrv2011_neg_2552	239590077				fasta_unmatched
negative	fungalrv2011_neg_2553	239608899				fasta_unmatched
negative	fungalrv2011_neg_2554	239612571				fasta_unmatched
negative	fungalrv2011_neg_2555	239612884				fasta_unmatched
negative	fungalrv2011_neg_2556	239595511				fasta_unmatched
negative	fungalrv2011_neg_2557	239607863				fasta_unmatched
negative	fungalrv2011_neg_2558	239594265				fasta_unmatched
negative	fungalrv2011_neg_2559	239614360				fasta_unmatched
negative	fungalrv2011_neg_2560	239610938				fasta_unmatched
negative	fungalrv2011_neg_2561	239611790				fasta_unmatched
negative	fungalrv2011_neg_2562	239586955				fasta_unmatched
negative	fungalrv2011_neg_2563	239591893				fasta_unmatched
negative	fungalrv2011_neg_2564	239593265				fasta_unmatched
negative	fungalrv2011_neg_2565	239609161				fasta_unmatched
negative	fungalrv2011_neg_2566	239608243				fasta_unmatched
negative	fungalrv2011_neg_2567	239606551				fasta_unmatched
negative	fungalrv2011_neg_2568	239595541				fasta_unmatched
negative	fungalrv2011_neg_2569	239586845				fasta_unmatched
negative	fungalrv2011_neg_2570	239591588				fasta_unmatched
negative	fungalrv2011_neg_2571	239594747				fasta_unmatched
negative	fungalrv2011_neg_2572	239610132				fasta_unmatched
negative	fungalrv2011_neg_2573	239593915				fasta_unmatched
negative	fungalrv2011_neg_2574	239615274				fasta_unmatched
negative	fungalrv2011_neg_2575	239590877				fasta_unmatched
negative	fungalrv2011_neg_2576	239615429				fasta_unmatched
negative	fungalrv2011_neg_2577	239613881				fasta_unmatched
negative	fungalrv2011_neg_2578	239611042				fasta_unmatched
negative	fungalrv2011_neg_2579	239612834				fasta_unmatched
negative	fungalrv2011_neg_2580	239588795				fasta_unmatched
negative	fungalrv2011_neg_2581	239595008				fasta_unmatched
negative	fungalrv2011_neg_2582	239592891				fasta_unmatched
negative	fungalrv2011_neg_2583	239591853				fasta_unmatched
negative	fungalrv2011_neg_2584	239588798				fasta_unmatched
negative	fungalrv2011_neg_2585	239613878				fasta_unmatched
negative	fungalrv2011_neg_2586	239594445				fasta_unmatched
negative	fungalrv2011_neg_2587	239590640				fasta_unmatched
negative	fungalrv2011_neg_2588	239612367				fasta_unmatched
negative	fungalrv2011_neg_2589	239615608				fasta_unmatched
negative	fungalrv2011_neg_2590	239589674				fasta_unmatched
negative	fungalrv2011_neg_2591	239586701				fasta_unmatched
negative	fungalrv2011_neg_2592	239595273				fasta_unmatched
negative	fungalrv2011_neg_2593	239607697				fasta_unmatched
negative	fungalrv2011_neg_2594	239588528				fasta_unmatched
negative	fungalrv2011_neg_2595	239595278				fasta_unmatched
negative	fungalrv2011_neg_2596	239606901				fasta_unmatched
negative	fungalrv2011_neg_2597	239590748				fasta_unmatched
negative	fungalrv2011_neg_2598	239607319				fasta_unmatched
negative	fungalrv2011_neg_2599	239612468				fasta_unmatched
negative	fungalrv2011_neg_2600	239593807				fasta_unmatched
negative	fungalrv2011_neg_2601	239591634				fasta_unmatched
negative	fungalrv2011_neg_2602	239593105				fasta_unmatched
negative	fungalrv2011_neg_2603	239606259				fasta_unmatched
negative	fungalrv2011_neg_2604	239610474				fasta_unmatched
negative	fungalrv2011_neg_2605	239587418				fasta_unmatched
negative	fungalrv2011_neg_2606	239610563				fasta_unmatched
negative	fungalrv2011_neg_2607	239594706				fasta_unmatched
negative	fungalrv2011_neg_2608	239609283				fasta_unmatched
negative	fungalrv2011_neg_2609	239609881				fasta_unmatched
negative	fungalrv2011_neg_2610	239613492				fasta_unmatched
negative	fungalrv2011_neg_2611	239595409				fasta_unmatched
negative	fungalrv2011_neg_2612	239607736				fasta_unmatched
negative	fungalrv2011_neg_2613	239607704				fasta_unmatched
negative	fungalrv2011_neg_2614	239593106				fasta_unmatched
negative	fungalrv2011_neg_2615	239606260				fasta_unmatched
negative	fungalrv2011_neg_2616	CIMT_10553				fasta_unmatched
negative	fungalrv2011_neg_2617	CIMT_02491				fasta_unmatched
negative	fungalrv2011_neg_2618	gnl				fasta_unmatched
negative	fungalrv2011_neg_2619	BDBG_00105T0				fasta_unmatched
negative	fungalrv2011_neg_2620	BDBG_02210T0				fasta_unmatched
negative	fungalrv2011_neg_2621	orf19.5975				fasta_unmatched
negative	fungalrv2011_neg_2622	orf19.1275				fasta_unmatched
negative	fungalrv2011_neg_2623	orf19.173				fasta_unmatched
negative	fungalrv2011_neg_2624	orf19.2356				fasta_unmatched
negative	fungalrv2011_neg_2625	orf19.3071				fasta_unmatched
negative	fungalrv2011_neg_2626	orf19.3127				fasta_unmatched
negative	fungalrv2011_neg_2627	orf19.3409				fasta_unmatched
negative	fungalrv2011_neg_2628	orf19.4084				fasta_unmatched
negative	fungalrv2011_neg_2629	orf19.4752				fasta_unmatched
negative	fungalrv2011_neg_2630	orf19.7053				fasta_unmatched
negative	fungalrv2011_neg_2631	orf19.5992				fasta_unmatched
negative	fungalrv2011_neg_2632	orf19.2859				fasta_unmatched
negative	fungalrv2011_neg_2633	orf19.4166				fasta_unmatched
negative	fungalrv2011_neg_2634	45545345				fasta_unmatched
negative	fungalrv2011_neg_2635	169428				fasta_unmatched
negative	fungalrv2011_neg_2636	169426				fasta_unmatched
negative	fungalrv2011_neg_2637	169424				fasta_unmatched
negative	fungalrv2011_neg_2638	11993622				fasta_unmatched
negative	fungalrv2011_neg_2639	270486317				fasta_unmatched
negative	fungalrv2011_neg_2640	226292836				fasta_unmatched
negative	fungalrv2011_neg_2641	226287945				fasta_unmatched
negative	fungalrv2011_neg_2642	226293906				fasta_unmatched
negative	fungalrv2011_neg_2643	89242708				fasta_unmatched
negative	fungalrv2011_neg_2644	157781770				fasta_unmatched
