stable_id	legacy_source	legacy_label	source_file	source_record_number	original_header	source_id	protein_length
fungalrv2011_pos_0001	fungalrv_2011	positive	FungalRV-positive-dataset-101seq.fasta	1	gi|71001330|ref|XP_755346.1| adhesin [Aspergillus fumigatus Af293]	71001330	118
fungalrv2011_pos_0002	fungalrv_2011	positive	FungalRV-positive-dataset-101seq.fasta	2	Afu3g09690 | extracellular thaumatin domain protein, putative | Aspergillus fumigatus | chr_3 | AAHF01000002 | 93	Afu3g09690	177
fungalrv2011_pos_0003	fungalrv_2011	positive	FungalRV-positive-dataset-101seq.fasta	3	gi|1022896|gb|AAA91036.1| WI-1 adhesin	1022896	1146
fungalrv2011_pos_0004	fungalrv_2011	positive	FungalRV-positive-dataset-101seq.fasta	4	tr|Q00048|Q00048_AJEDE WI-1 (Fragment) OS=Ajellomyces dermatitidis GN=WI-1 PE=2 SV=2	Q00048	219
fungalrv2011_pos_0005	fungalrv_2011	positive	FungalRV-positive-dataset-101seq.fasta	5	gi|34809539|gb|AAQ82692.1| Epa2p [Candida glabrata]	34809539	1297
fungalrv2011_pos_0006	fungalrv_2011	positive	FungalRV-positive-dataset-101seq.fasta	6	gi|34809540|gb|AAQ82693.1| Epa3p [Candida glabrata]	34809540	1133
fungalrv2011_pos_0007	fungalrv_2011	positive	FungalRV-positive-dataset-101seq.fasta	7	gi|34809538|gb|AAQ82691.1| Epa1p [Candida glabrata]	34809538	1034
fungalrv2011_pos_0008	fungalrv_2011	positive	FungalRV-positive-dataset-101seq.fasta	8	gi|49617210|gb|AAT67388.1| epithelial adhesin 6 [Candida glabrata]	49617210	715
fungalrv2011_pos_0009	fungalrv_2011	positive	FungalRV-positive-dataset-101seq.fasta	9	gi|49617212|gb|AAT67389.1| epithelial adhesin 7 [Candida glabrata]	49617212	714
fungalrv2011_pos_0010	fungalrv_2011	positive	FungalRV-positive-dataset-101seq.fasta	10	tr|B4UMX0|B4UMX0_CANGA Similarity OS=Candida glabrata GN=CAGL0A01284g PE=4 SV=1	B4UMX0	1401
fungalrv2011_pos_0011	fungalrv_2011	positive	FungalRV-positive-dataset-101seq.fasta	11	tr|B4UMX2|B4UMX2_CANGA Similarity OS=Candida glabrata GN=CAGL0A01366g PE=4 SV=1	B4UMX2	1462
fungalrv2011_pos_0012	fungalrv_2011	positive	FungalRV-positive-dataset-101seq.fasta	12	tr|B4UN20|B4UN20_CANGA Similarities with uniprot|P32768 Saccharomyces cerevisiae YAR050W FLO1 OS=Candida glabrata GN=CAGL0I10147g PE=4 SV=1	B4UN20	4336
fungalrv2011_pos_0013	fungalrv_2011	positive	FungalRV-positive-dataset-101seq.fasta	13	tr|B4UN22|B4UN22_CANGA Similarity OS=Candida glabrata GN=CAGL0I10246g PE=4 SV=1	B4UN22	1240
fungalrv2011_pos_0014	fungalrv_2011	positive	FungalRV-positive-dataset-101seq.fasta	14	tr|B4UN33|B4UN33_CANGA Similarity OS=Candida glabrata GN=CAGL0K00170g PE=4 SV=1	B4UN33	1423
fungalrv2011_pos_0015	fungalrv_2011	positive	FungalRV-positive-dataset-101seq.fasta	15	tr|B4UN55|B4UN55_CANGA Similarity OS=Candida glabrata GN=CAGL0L13299g PE=4 SV=1	B4UN55	1630
fungalrv2011_pos_0016	fungalrv_2011	positive	FungalRV-positive-dataset-101seq.fasta	16	tr|Q6FII8|Q6FII8_CANGA Similarities with uniprot|P38894 Saccharomyces cerevisiae YHR211w FLO5 OS=Candida glabrata GN=CAGL0M14069g PE=4 SV=1	Q6FII8	866
fungalrv2011_pos_0017	fungalrv_2011	positive	FungalRV-positive-dataset-101seq.fasta	17	tr|Q6FK94|Q6FK94_CANGA Similarities with uniprot|P08640 Saccharomyces cerevisiae YIR019c STA1 OS=Candida glabrata GN=CAGL0M00132g PE=4 SV=1	Q6FK94	922
fungalrv2011_pos_0018	fungalrv_2011	positive	FungalRV-positive-dataset-101seq.fasta	18	tr|Q6FK96|Q6FK96_CANGA Similarities with uniprot|P39712 Saccharomyces cerevisiae YAL063c FLO9 OS=Candida glabrata GN=CAGL0L13332g PE=4 SV=1	Q6FK96	1035
fungalrv2011_pos_0019	fungalrv_2011	positive	FungalRV-positive-dataset-101seq.fasta	19	tr|Q6FNG2|Q6FNG2_CANGA Similarities with uniprot|P08640 Saccharomyces cerevisiae YIR019c STA1 OS=Candida glabrata GN=CAGL0J11968g PE=4 SV=1	Q6FNG2	958
fungalrv2011_pos_0020	fungalrv_2011	positive	FungalRV-positive-dataset-101seq.fasta	20	tr|Q6FQ04|Q6FQ04_CANGA Similarity OS=Candida glabrata GN=CAGL0I10362g PE=4 SV=2	Q6FQ04	1772
fungalrv2011_pos_0021	fungalrv_2011	positive	FungalRV-positive-dataset-101seq.fasta	21	tr|Q6FQ05|Q6FQ05_CANGA Similarities with uniprot|P39712 Saccharomyces cerevisiae YAL063c FLO9 OS=Candida glabrata GN=CAGL0I10340g PE=4 SV=1	Q6FQ05	1012
fungalrv2011_pos_0022	fungalrv_2011	positive	FungalRV-positive-dataset-101seq.fasta	22	tr|Q6FQ10|Q6FQ10_CANGA Similarities with uniprot|P08640 Saccharomyces cerevisiae YIR019c STA1 OS=Candida glabrata GN=CAGL0I10098g PE=4 SV=1	Q6FQ10	1618
fungalrv2011_pos_0023	fungalrv_2011	positive	FungalRV-positive-dataset-101seq.fasta	23	tr|Q6FR82|Q6FR82_CANGA Similarities with uniprot|P32768 Saccharomyces cerevisiae YAR050w FLO1 OS=Candida glabrata GN=CAGL0I00220g PE=4 SV=1	Q6FR82	864
fungalrv2011_pos_0024	fungalrv_2011	positive	FungalRV-positive-dataset-101seq.fasta	24	tr|Q6FUW3|Q6FUW3_CANGA Strain CBS138 chromosome A complete sequence OS=Candida glabrata GN=CAGL0E06688g PE=4 SV=1	Q6FUW3	975
fungalrv2011_pos_0025	fungalrv_2011	positive	FungalRV-positive-dataset-101seq.fasta	25	tr|Q6FUW4|Q6FUW4_CANGA Similarities with uniprot|P08640 Saccharomyces cerevisiae YIR019c STA1 OS=Candida glabrata GN=CAGL0E06666g PE=4 SV=1	Q6FUW4	1420
fungalrv2011_pos_0026	fungalrv_2011	positive	FungalRV-positive-dataset-101seq.fasta	26	tr|Q6FUW5|Q6FUW5_CANGA Strain CBS138 chromosome A complete sequence OS=Candida glabrata GN=CAGL0E06644g PE=4 SV=1	Q6FUW5	1034
fungalrv2011_pos_0027	fungalrv_2011	positive	FungalRV-positive-dataset-101seq.fasta	27	tr|Q6FVP4|Q6FVP4_CANGA Similarities with uniprot|P36170 Saccharomyces cerevisiae YKR102w FLO10 OS=Candida glabrata GN=CAGL0E00275g PE=4 SV=1	Q6FVP4	880
fungalrv2011_pos_0028	fungalrv_2011	positive	FungalRV-positive-dataset-101seq.fasta	28	tr|Q6FX25|Q6FX25_CANGA Similarities with uniprot|P08640 Saccharomyces cerevisiae YIR019c STA1 OS=Candida glabrata GN=CAGL0C00847g PE=4 SV=1	Q6FX25	790
fungalrv2011_pos_0029	fungalrv_2011	positive	FungalRV-positive-dataset-101seq.fasta	29	tr|Q6FX55|Q6FX55_CANGA Similarities with uniprot|P36170 Saccharomyces cerevisiae YKR102w FLO10 OS=Candida glabrata GN=CAGL0C00110g PE=4 SV=1	Q6FX55	715
fungalrv2011_pos_0030	fungalrv_2011	positive	FungalRV-positive-dataset-101seq.fasta	30	tr|Q6VBJ3|Q6VBJ3_CANGA Epa4p OS=Candida glabrata GN=EPA4 PE=4 SV=1	Q6VBJ3	1416
fungalrv2011_pos_0031	fungalrv_2011	positive	FungalRV-positive-dataset-101seq.fasta	31	tr|Q6VBJ4|Q6VBJ4_CANGA Epa5p OS=Candida glabrata GN=EPA5 PE=4 SV=1	Q6VBJ4	1218
fungalrv2011_pos_0032	fungalrv_2011	positive	FungalRV-positive-dataset-101seq.fasta	32	gi|21630044|gb|AAM69277.1|AF309491_1 spherule outer wall glycoprotein [Coccidioides posadasii]	21630044	328
fungalrv2011_pos_0033	fungalrv_2011	positive	FungalRV-positive-dataset-101seq.fasta	33	gi|21630042|gb|AAM69276.1|AF309490_1 spherule outer wall glycoprotein [Coccidioides immitis]	21630042	375
fungalrv2011_pos_0034	fungalrv_2011	positive	FungalRV-positive-dataset-101seq.fasta	34	gi|1916852|gb|AAC00525.1| pH-regulated antigen [Candida albicans]	1916852	299
fungalrv2011_pos_0035	fungalrv_2011	positive	FungalRV-positive-dataset-101seq.fasta	35	gi|1177215|gb|AAA86758.1| AAF1	1177215	612
fungalrv2011_pos_0036	fungalrv_2011	positive	FungalRV-positive-dataset-101seq.fasta	36	gi|187608862|sp|P53705.2|BUD4_CANAL RecName: Full=Bud site selection protein BUD4; AltName: Full=Integrin alpha chain-like protein; AltName: Full=Alpha-INT1	187608862	1711
fungalrv2011_pos_0037	fungalrv_2011	positive	FungalRV-positive-dataset-101seq.fasta	37	gi|2522219|gb|AAB88883.1| agglutinin-like adhesin [Candida albicans]	2522219	1419
fungalrv2011_pos_0038	fungalrv_2011	positive	FungalRV-positive-dataset-101seq.fasta	38	gi|29373983|gb|AAO72959.1| agglutinin-like sequence 3 [Candida albicans]	29373983	1155
fungalrv2011_pos_0039	fungalrv_2011	positive	FungalRV-positive-dataset-101seq.fasta	39	gi|30841440|gb|AAP34371.1| agglutinin-like sequence 9 [Candida albicans]	30841440	1854
fungalrv2011_pos_0040	fungalrv_2011	positive	FungalRV-positive-dataset-101seq.fasta	40	gi|30841438|gb|AAP34370.1| agglutinin-like sequence 9 [Candida albicans]	30841438	1833
fungalrv2011_pos_0041	fungalrv_2011	positive	FungalRV-positive-dataset-101seq.fasta	41	gi|29293655|gb|AAO72081.1| agglutinin-like protein 6 [Candida albicans]	29293655	1366
fungalrv2011_pos_0042	fungalrv_2011	positive	FungalRV-positive-dataset-101seq.fasta	42	gi|29373981|gb|AAO72958.1| agglutinin-like sequence 3 [Candida albicans]	29373981	1047
fungalrv2011_pos_0043	fungalrv_2011	positive	FungalRV-positive-dataset-101seq.fasta	43	gi|169117666|gb|ACA42971.1| agglutinin-like protein 6 [Candida albicans]	169117666	1366
fungalrv2011_pos_0044	fungalrv_2011	positive	FungalRV-positive-dataset-101seq.fasta	44	gi|29373081|gb|AAO72529.1| agglutinin-like protein [Candida albicans]	29373081	1383
fungalrv2011_pos_0045	fungalrv_2011	positive	FungalRV-positive-dataset-101seq.fasta	45	gi|29373079|gb|AAO72528.1| agglutinin-like protein [Candida albicans]	29373079	1347
fungalrv2011_pos_0046	fungalrv_2011	positive	FungalRV-positive-dataset-101seq.fasta	46	gi|46439826|gb|EAK99139.1| agglutinin-like ALS5 protein [Candida albicans SC5314]	46439826	1347
fungalrv2011_pos_0047	fungalrv_2011	positive	FungalRV-positive-dataset-101seq.fasta	47	gi|46439750|gb|EAK99064.1| agglutinin-like ALS5 protein [Candida albicans SC5314]	46439750	1347
fungalrv2011_pos_0048	fungalrv_2011	positive	FungalRV-positive-dataset-101seq.fasta	48	gi|576627|gb|AAA53300.1| alcohol dehydrogenase	576627	350
fungalrv2011_pos_0049	fungalrv_2011	positive	FungalRV-positive-dataset-101seq.fasta	49	gi|225125691|gb|ACN81040.1| hyphal wall protein [Candida albicans]	225125691	263
fungalrv2011_pos_0050	fungalrv_2011	positive	FungalRV-positive-dataset-101seq.fasta	50	gi|1915979|gb|AAC96368.1| hyphal wall protein 1 [Candida albicans]	1915979	634
fungalrv2011_pos_0051	fungalrv_2011	positive	FungalRV-positive-dataset-101seq.fasta	51	gi|1184677|gb|AAC49209.1| hyphal wall protein 1	1184677	235
fungalrv2011_pos_0052	fungalrv_2011	positive	FungalRV-positive-dataset-101seq.fasta	52	gi|224807799|gb|ACN63125.1| hyphal wall protein 1 [Candida albicans]	224807799	264
fungalrv2011_pos_0053	fungalrv_2011	positive	FungalRV-positive-dataset-101seq.fasta	53	gi|224807797|gb|ACN63124.1| hyphal wall protein 1 [Candida albicans]	224807797	261
fungalrv2011_pos_0054	fungalrv_2011	positive	FungalRV-positive-dataset-101seq.fasta	54	gi|154845482|gb|ABS88292.1| hyphal wall protein 1 [Candida albicans]	154845482	569
fungalrv2011_pos_0055	fungalrv_2011	positive	FungalRV-positive-dataset-101seq.fasta	55	gi|46442575|gb|EAL01863.1| integrin-like protein [Candida albicans SC5314]	46442575	1659
fungalrv2011_pos_0056	fungalrv_2011	positive	FungalRV-positive-dataset-101seq.fasta	56	gi|46442440|gb|EAL01729.1| integrin-like protein [Candida albicans SC5314]	46442440	1661
fungalrv2011_pos_0057	fungalrv_2011	positive	FungalRV-positive-dataset-101seq.fasta	57	gi|46439755|gb|EAK99069.1| agglutinin-like ALS1 protein [Candida albicans SC5314]	46439755	1260
fungalrv2011_pos_0058	fungalrv_2011	positive	FungalRV-positive-dataset-101seq.fasta	58	gi|46439831|gb|EAK99144.1| agglutinin-like ALS1 protein [Candida albicans SC5314]	46439831	1260
fungalrv2011_pos_0059	fungalrv_2011	positive	FungalRV-positive-dataset-101seq.fasta	59	gi|1168422|sp|P46590.1|ALS1_CANAL RecName: Full=Agglutinin-like protein 1; Flags: Precursor	1168422	1260
fungalrv2011_pos_0060	fungalrv_2011	positive	FungalRV-positive-dataset-101seq.fasta	60	gi|3598671|gb|AAC64236.1| agglutinin-like protein [Candida albicans]	3598671	406
fungalrv2011_pos_0061	fungalrv_2011	positive	FungalRV-positive-dataset-101seq.fasta	61	gi|3598676|gb|AAC64238.1| agglutinin-like protein [Candida albicans]	3598676	407
fungalrv2011_pos_0062	fungalrv_2011	positive	FungalRV-positive-dataset-101seq.fasta	62	gi|3598681|gb|AAC64240.1| agglutinin-like protein [Candida albicans]	3598681	406
fungalrv2011_pos_0063	fungalrv_2011	positive	FungalRV-positive-dataset-101seq.fasta	63	gi|3598686|gb|AAC64242.1| agglutinin-like protein [Candida albicans]	3598686	407
fungalrv2011_pos_0064	fungalrv_2011	positive	FungalRV-positive-dataset-101seq.fasta	64	gi|12656146|gb|AAK00764.1| agglutinin-like protein [Candida albicans]	12656146	468
fungalrv2011_pos_0065	fungalrv_2011	positive	FungalRV-positive-dataset-101seq.fasta	65	gi|3598670|gb|AAC64235.1| agglutinin-like protein [Candida albicans]	3598670	468
fungalrv2011_pos_0066	fungalrv_2011	positive	FungalRV-positive-dataset-101seq.fasta	66	gi|3598675|gb|AAC64237.1| agglutinin-like protein [Candida albicans]	3598675	468
fungalrv2011_pos_0067	fungalrv_2011	positive	FungalRV-positive-dataset-101seq.fasta	67	gi|3598680|gb|AAC64239.1| agglutinin-like protein [Candida albicans]	3598680	469
fungalrv2011_pos_0068	fungalrv_2011	positive	FungalRV-positive-dataset-101seq.fasta	68	gi|3598685|gb|AAC64241.1| agglutinin-like protein [Candida albicans]	3598685	469
fungalrv2011_pos_0069	fungalrv_2011	positive	FungalRV-positive-dataset-101seq.fasta	69	gi|4903269|gb|AAD32849.1|AF068866_1 agglutinin-like protein [Candida albicans]	4903269	1270
fungalrv2011_pos_0070	fungalrv_2011	positive	FungalRV-positive-dataset-101seq.fasta	70	gi|3273415|gb|AAC39486.1| agglutinin-like protein [Candida albicans]	3273415	1119
fungalrv2011_pos_0071	fungalrv_2011	positive	FungalRV-positive-dataset-101seq.fasta	71	gi|4105851|gb|AAD02580.1| agglutinin-like cell surface protein [Candida albicans]	4105851	1047
fungalrv2011_pos_0072	fungalrv_2011	positive	FungalRV-positive-dataset-101seq.fasta	72	gi|10952736|gb|AAG25054.1| agglutinin-like protein [Candida albicans]	10952736	1523
fungalrv2011_pos_0073	fungalrv_2011	positive	FungalRV-positive-dataset-101seq.fasta	73	gi|68491542|ref|XP_710435.1| agglutinin ALS3-like protein fragment [Candida albicans SC5314]	68491542	883
fungalrv2011_pos_0074	fungalrv_2011	positive	FungalRV-positive-dataset-101seq.fasta	74	gi|68488101|ref|XP_712109.1| agglutinin-like protein ALS2 fragment [Candida albicans SC5314]	68488101	1756
fungalrv2011_pos_0075	fungalrv_2011	positive	FungalRV-positive-dataset-101seq.fasta	75	gi|68486929|ref|XP_712646.1| agglutinin ALS3-like protein fragment [Candida albicans SC5314]	68486929	1586
fungalrv2011_pos_0076	fungalrv_2011	positive	FungalRV-positive-dataset-101seq.fasta	76	gi|68486888|ref|XP_712666.1| agglutinin ALS3-like protein fragment [Candida albicans SC5314]	68486888	1588
fungalrv2011_pos_0077	fungalrv_2011	positive	FungalRV-positive-dataset-101seq.fasta	77	gi|68475876|ref|XP_718011.1| agglutinin-like ALS9 protein fragment [Candida albicans SC5314]	68475876	952
fungalrv2011_pos_0078	fungalrv_2011	positive	FungalRV-positive-dataset-101seq.fasta	78	gi|68475743|ref|XP_718078.1| agglutinin-like ALS9 protein fragment [Candida albicans SC5314]	68475743	894
fungalrv2011_pos_0079	fungalrv_2011	positive	FungalRV-positive-dataset-101seq.fasta	79	gi|68479820|ref|XP_716079.1| agglutinin-like ALS6 protein [Candida albicans SC5314]	68479820	1366
fungalrv2011_pos_0080	fungalrv_2011	positive	FungalRV-positive-dataset-101seq.fasta	80	gi|5326752|gb|AAD42033.1| agglutinin-like protein 6 [Candida albicans]	5326752	1443
fungalrv2011_pos_0081	fungalrv_2011	positive	FungalRV-positive-dataset-101seq.fasta	81	gi|68491558|ref|XP_710425.1| agglutinin-like ALS4 protein fragment [Candida albicans SC5314]	68491558	1593
fungalrv2011_pos_0082	fungalrv_2011	positive	FungalRV-positive-dataset-101seq.fasta	82	gi|9754771|gb|AAF98068.1|AF201684_1 agglutinin-like protein Als7p [Candida albicans]	9754771	2297
fungalrv2011_pos_0083	fungalrv_2011	positive	FungalRV-positive-dataset-101seq.fasta	83	gi|34740095|gb|AAN73328.1| ALS7 protein [Candida albicans]	34740095	1975
fungalrv2011_pos_0084	fungalrv_2011	positive	FungalRV-positive-dataset-101seq.fasta	84	gi|31580747|gb|AAP51179.1| agglutinin-like protein 7 [Candida albicans]	31580747	471
fungalrv2011_pos_0085	fungalrv_2011	positive	FungalRV-positive-dataset-101seq.fasta	85	gi|34740097|gb|AAN73329.1| ALS7 protein [Candida albicans]	34740097	2031
fungalrv2011_pos_0086	fungalrv_2011	positive	FungalRV-positive-dataset-101seq.fasta	86	gi|68479790|ref|XP_716065.1| agglutinin-like ALS7 protein [Candida albicans SC5314]	68479790	2000
fungalrv2011_pos_0087	fungalrv_2011	positive	FungalRV-positive-dataset-101seq.fasta	87	gi|5326754|gb|AAD42034.1|AF075294_1 agglutinin-like protein 7 [Candida albicans]	5326754	433
fungalrv2011_pos_0088	fungalrv_2011	positive	FungalRV-positive-dataset-101seq.fasta	88	gi|68487395|ref|XP_712396.1| agglutinin ALS4-like protein fragment [Candida albicans SC5314]	68487395	1029
fungalrv2011_pos_0089	fungalrv_2011	positive	FungalRV-positive-dataset-101seq.fasta	89	gi|3925194|gb|AAC79328.1| agglutinin-like protein [Candida albicans]	3925194	52
fungalrv2011_pos_0090	fungalrv_2011	positive	FungalRV-positive-dataset-101seq.fasta	90	gi|34740099|gb|AAN73330.1| ALS7 protein [Candida albicans]	34740099	967
fungalrv2011_pos_0091	fungalrv_2011	positive	FungalRV-positive-dataset-101seq.fasta	91	gi|10441575|gb|AAG17111.1| agglutinin-like protein [Candida albicans]	10441575	226
fungalrv2011_pos_0092	fungalrv_2011	positive	FungalRV-positive-dataset-101seq.fasta	92	gi|68492535|ref|XP_709985.1| agglutinin-like protein fragment [Candida albicans SC5314]	68492535	629
fungalrv2011_pos_0093	fungalrv_2011	positive	FungalRV-positive-dataset-101seq.fasta	93	gi|68491560|ref|XP_710426.1| agglutinin-like ALS4 protein fragment [Candida albicans SC5314]	68491560	537
fungalrv2011_pos_0094	fungalrv_2011	positive	FungalRV-positive-dataset-101seq.fasta	94	orf19.1401 EAP1 CGDID:CAL0004450 Assembly 21, Ca21chr2:1951311-1953272W, translated using codon table 12 (653 residues), Verified ORF||Cell wall adhesin required for cell-cell adhesion and biofilm formation; GPI anchored; Efg1p-regulated; suppresses polystyrene or cell adhesion, filamentation, invasive growth defects of S. cerevisiae flo8 or flo11 mutant	orf19.1401	653
fungalrv2011_pos_0095	fungalrv_2011	positive	FungalRV-positive-dataset-101seq.fasta	95	gi|18377603|gb|AAL67137.1| major surface glycoprotein [Pneumocystis jirovecii]	18377603	335
fungalrv2011_pos_0096	fungalrv_2011	positive	FungalRV-positive-dataset-101seq.fasta	96	gi|37694918|gb|AAR00228.1| INT1 [Pneumocystis carinii]	37694918	1005
fungalrv2011_pos_0097	fungalrv_2011	positive	FungalRV-positive-dataset-101seq.fasta	97	gi|4558517|gb|AAB46362.2| heat shock protein 60 [Ajellomyces capsulatus]	4558517	590
fungalrv2011_pos_0098	fungalrv_2011	positive	FungalRV-positive-dataset-101seq.fasta	98	gi|11496235|gb|AAG36698.1| immunodominant antigen Gp43 [Paracoccidioides brasiliensis]	11496235	416
fungalrv2011_pos_0099	fungalrv_2011	positive	FungalRV-positive-dataset-101seq.fasta	99	gi|17148336|gb|AAL34975.1| glyceraldehyde-3-phosphate dehydrogenase [Paracoccidioides brasiliensis]	17148336	338
fungalrv2011_pos_0100	fungalrv_2011	positive	FungalRV-positive-dataset-101seq.fasta	100	gi|40805818|gb|AAP02959.2| triose phosphate isomerase [Paracoccidioides brasiliensis]	40805818	249
fungalrv2011_pos_0101	fungalrv_2011	positive	FungalRV-positive-dataset-101seq.fasta	101	gi|226292555|gb|EEH47975.1| enolase [Paracoccidioides brasiliensis Pb18]	226292555	438
fungalrv2011_neg_0001	fungalrv_2011	negative	FungalRV-negative-dataset-2644seq.fasta	1	gi|74591477|sp|Q5AGC1.1|FIP1_CANAL RecName: Full=Pre-mRNA polyadenylation factor FIP1	74591477	326
fungalrv2011_neg_0002	fungalrv_2011	negative	FungalRV-negative-dataset-2644seq.fasta	2	gi|239606518|gb|EEQ83505.1| RNA polymerase II transcriptional coactivator [Ajellomyces dermatitidis ER-3]	239606518	157
fungalrv2011_neg_0003	fungalrv_2011	negative	FungalRV-negative-dataset-2644seq.fasta	3	gi|239595576|gb|EEQ78157.1| RNA polymerase II transcriptional coactivator [Ajellomyces dermatitidis SLH14081]	239595576	157
fungalrv2011_neg_0004	fungalrv_2011	negative	FungalRV-negative-dataset-2644seq.fasta	4	gi|71000802|ref|XP_755082.1| RNA polymerase II transcriptional coactivator [Aspergillus fumigatus Af293]	71000802	165
fungalrv2011_neg_0005	fungalrv_2011	negative	FungalRV-negative-dataset-2644seq.fasta	5	gi|74661318|sp|Q6FST5.1|DBP6_CANGA RecName: Full=ATP-dependent RNA helicase DBP6	74661318	651
fungalrv2011_neg_0006	fungalrv_2011	negative	FungalRV-negative-dataset-2644seq.fasta	6	gi|68491206|ref|XP_710583.1| RNA polymerase II fourth largest subunit fragment [Candida albicans SC5314]	68491206	137
fungalrv2011_neg_0007	fungalrv_2011	negative	FungalRV-negative-dataset-2644seq.fasta	7	gi|51701953|sp|Q6FS48.1|RPB9_CANGA RecName: Full=DNA-directed RNA polymerase II subunit RPB9; Short=RNA polymerase II subunit B9; AltName: Full=DNA-directed RNA polymerase II subunit 9	51701953	122
fungalrv2011_neg_0008	fungalrv_2011	negative	FungalRV-negative-dataset-2644seq.fasta	8	gi|239591255|gb|EEQ73836.1| isochorismatase family hydrolase [Ajellomyces dermatitidis SLH14081]	239591255	318
fungalrv2011_neg_0009	fungalrv_2011	negative	FungalRV-negative-dataset-2644seq.fasta	9	gi|1168803|sp|P30574.2|CBPY_CANAL RecName: Full=Carboxypeptidase Y; AltName: Full=Carboxypeptidase YSCY; Flags: Precursor	1168803	542
fungalrv2011_neg_0010	fungalrv_2011	negative	FungalRV-negative-dataset-2644seq.fasta	10	gi|239593212|gb|EEQ75793.1| DNA-directed RNA polymerase I [Ajellomyces dermatitidis SLH14081]	239593212	162
fungalrv2011_neg_0011	fungalrv_2011	negative	FungalRV-negative-dataset-2644seq.fasta	11	gi|238880428|gb|EEQ44066.1| DNA-directed RNA polymerase II largest subunit [Candida albicans WO-1]	238880428	1742
fungalrv2011_neg_0012	fungalrv_2011	negative	FungalRV-negative-dataset-2644seq.fasta	12	gi|239592426|gb|EEQ75007.1| 60S ribosomal protein L6 [Ajellomyces dermatitidis SLH14081]	239592426	239
fungalrv2011_neg_0013	fungalrv_2011	negative	FungalRV-negative-dataset-2644seq.fasta	13	gi|238883612|gb|EEQ47250.1| DNA-directed RNA polymerase II subunit 9 [Candida albicans WO-1]	238883612	112
fungalrv2011_neg_0014	fungalrv_2011	negative	FungalRV-negative-dataset-2644seq.fasta	14	gi|74609036|sp|Q6FMX1.1|SPT4_CANGA RecName: Full=Transcription elongation factor SPT4; AltName: Full=Chromatin elongation factor SPT4	74609036	102
fungalrv2011_neg_0015	fungalrv_2011	negative	FungalRV-negative-dataset-2644seq.fasta	15	gi|238878994|gb|EEQ42632.1| 40S ribosomal protein S27-A [Candida albicans WO-1]	238878994	82
fungalrv2011_neg_0016	fungalrv_2011	negative	FungalRV-negative-dataset-2644seq.fasta	16	gi|239594759|gb|EEQ77340.1| 50S ribosomal subunit L7 [Ajellomyces dermatitidis SLH14081]	239594759	354
fungalrv2011_neg_0017	fungalrv_2011	negative	FungalRV-negative-dataset-2644seq.fasta	17	gi|90305487|gb|EAS35118.1| 40S ribosomal protein S27 [Coccidioides immitis RS]	90305487	82
fungalrv2011_neg_0018	fungalrv_2011	negative	FungalRV-negative-dataset-2644seq.fasta	18	gi|74584355|sp|Q59NB8.1|LKHA4_CANAL RecName: Full=Leukotriene A-4 hydrolase; AltName: Full=Leukotriene A(4) hydrolase; Short=LTA-4 hydrolase	74584355	623
fungalrv2011_neg_0019	fungalrv_2011	negative	FungalRV-negative-dataset-2644seq.fasta	19	gi|239606317|gb|EEQ83304.1| isochorismatase family hydrolase [Ajellomyces dermatitidis ER-3]	239606317	251
fungalrv2011_neg_0020	fungalrv_2011	negative	FungalRV-negative-dataset-2644seq.fasta	20	gi|239610554|gb|EEQ87541.1| mitochondrial cytochrome c oxidase assembly factor Cox11p [Ajellomyces dermatitidis ER-3]	239610554	250
fungalrv2011_neg_0021	fungalrv_2011	negative	FungalRV-negative-dataset-2644seq.fasta	21	gi|74637534|sp|Q6FQJ1.1|VPS27_CANGA RecName: Full=Vacuolar protein sorting-associated protein 27	74637534	603
fungalrv2011_neg_0022	fungalrv_2011	negative	FungalRV-negative-dataset-2644seq.fasta	22	gi|238881321|gb|EEQ44959.1| DNA-directed RNA polymerase II 45 kDa polypeptide [Candida albicans WO-1]	238881321	318
fungalrv2011_neg_0023	fungalrv_2011	negative	FungalRV-negative-dataset-2644seq.fasta	23	gi|90304340|gb|EAS33971.1| 60S ribosomal protein L40 [Coccidioides immitis RS]	90304340	104
fungalrv2011_neg_0024	fungalrv_2011	negative	FungalRV-negative-dataset-2644seq.fasta	24	gi|238880216|gb|EEQ43854.1| 40S ribosomal protein S20 [Candida albicans WO-1]	238880216	119
fungalrv2011_neg_0025	fungalrv_2011	negative	FungalRV-negative-dataset-2644seq.fasta	25	gi|239612260|gb|EEQ89247.1| adenosylmethionine decarboxylase [Ajellomyces dermatitidis ER-3]	239612260	516
fungalrv2011_neg_0026	fungalrv_2011	negative	FungalRV-negative-dataset-2644seq.fasta	26	gi|71001012|ref|XP_755187.1| DNA directed RNA polymerase II 15 kDa subunit [Aspergillus fumigatus Af293]	71001012	128
fungalrv2011_neg_0027	fungalrv_2011	negative	FungalRV-negative-dataset-2644seq.fasta	27	gi|74589127|sp|Q59PP6.1|MED16_CANAL RecName: Full=Mediator of RNA polymerase II transcription subunit 16; AltName: Full=Mediator complex subunit 16	74589127	1052
fungalrv2011_neg_0028	fungalrv_2011	negative	FungalRV-negative-dataset-2644seq.fasta	28	gi|74586399|sp|Q5A917.1|MED22_CANAL RecName: Full=Mediator of RNA polymerase II transcription subunit 22; AltName: Full=Mediator complex subunit 22	74586399	115
fungalrv2011_neg_0029	fungalrv_2011	negative	FungalRV-negative-dataset-2644seq.fasta	29	gi|57012637|sp|P83779.1|PDC1_CANAL RecName: Full=Pyruvate decarboxylase	57012637	58
fungalrv2011_neg_0030	fungalrv_2011	negative	FungalRV-negative-dataset-2644seq.fasta	30	gi|70981638|ref|XP_746348.1| Zn2+ dependent hydrolase [Aspergillus fumigatus Af293]	70981638	281
fungalrv2011_neg_0031	fungalrv_2011	negative	FungalRV-negative-dataset-2644seq.fasta	31	gi|74680418|sp|Q5APF0.1|YTM1_CANAL RecName: Full=Ribosome biogenesis protein YTM1	74680418	466
fungalrv2011_neg_0032	fungalrv_2011	negative	FungalRV-negative-dataset-2644seq.fasta	32	gi|74609630|sp|Q6FQX5.1|COX23_CANGA RecName: Full=Cytochrome c oxidase-assembly factor COX23, mitochondrial; Flags: Precursor	74609630	111
fungalrv2011_neg_0033	fungalrv_2011	negative	FungalRV-negative-dataset-2644seq.fasta	33	gi|238879020|gb|EEQ42658.1| DNA-directed RNA polymerase III 25 kDa polypeptide [Candida albicans WO-1]	238879020	195
fungalrv2011_neg_0034	fungalrv_2011	negative	FungalRV-negative-dataset-2644seq.fasta	34	gi|70997233|ref|XP_753369.1| hydroxyacylglutathione hydrolase [Aspergillus fumigatus Af293]	70997233	246
fungalrv2011_neg_0035	fungalrv_2011	negative	FungalRV-negative-dataset-2644seq.fasta	35	gi|239610119|gb|EEQ87106.1| 50S ribosomal subunit L7 [Ajellomyces dermatitidis ER-3]	239610119	354
fungalrv2011_neg_0036	fungalrv_2011	negative	FungalRV-negative-dataset-2644seq.fasta	36	gi|239594229|gb|EEQ76810.1| 50S ribosomal protein YmL27 [Ajellomyces dermatitidis SLH14081]	239594229	165
fungalrv2011_neg_0037	fungalrv_2011	negative	FungalRV-negative-dataset-2644seq.fasta	37	gi|74690777|sp|Q6FN53.1|STE20_CANGA RecName: Full=Serine/threonine-protein kinase STE20	74690777	915
fungalrv2011_neg_0038	fungalrv_2011	negative	FungalRV-negative-dataset-2644seq.fasta	38	gi|4138828|gb|AAD03590.1| ribosomal protein S9 small subunit precursor [Candida albicans]	4138828	336
fungalrv2011_neg_0039	fungalrv_2011	negative	FungalRV-negative-dataset-2644seq.fasta	39	gi|74590347|sp|Q5A2Z1.1|MED6_CANAL RecName: Full=Mediator of RNA polymerase II transcription subunit 6; AltName: Full=Mediator complex subunit 6	74590347	263
fungalrv2011_neg_0040	fungalrv_2011	negative	FungalRV-negative-dataset-2644seq.fasta	40	gi|82593011|sp|Q6FJC4.2|OAZ_CANGA Ornithine decarboxylase antizyme	82593011	255
fungalrv2011_neg_0041	fungalrv_2011	negative	FungalRV-negative-dataset-2644seq.fasta	41	gi|239607032|gb|EEQ84019.1| DNA-directed RNA polymerase III polypeptide [Ajellomyces dermatitidis ER-3]	239607032	143
fungalrv2011_neg_0042	fungalrv_2011	negative	FungalRV-negative-dataset-2644seq.fasta	42	gi|57014100|sp|Q6FRE7.1|PTK2_CANGA RecName: Full=Serine/threonine-protein kinase PTK2	57014100	777
fungalrv2011_neg_0043	fungalrv_2011	negative	FungalRV-negative-dataset-2644seq.fasta	43	gi|239586538|gb|EEQ69181.1| NADH dehydrogenase subunit 2 [Ajellomyces dermatitidis SLH14081]	239586538	548
fungalrv2011_neg_0044	fungalrv_2011	negative	FungalRV-negative-dataset-2644seq.fasta	44	gi|74585069|sp|Q59VF9.1|RSA3_CANAL RecName: Full=Ribosome assembly protein 3	74585069	195
fungalrv2011_neg_0045	fungalrv_2011	negative	FungalRV-negative-dataset-2644seq.fasta	45	gi|239591301|gb|EEQ73882.1| DNA directed RNA polymerase II 15 kDa subunit [Ajellomyces dermatitidis SLH14081]	239591301	100
fungalrv2011_neg_0046	fungalrv_2011	negative	FungalRV-negative-dataset-2644seq.fasta	46	gi|74591744|sp|Q5AL10.1|COX19_CANAL RecName: Full=Cytochrome c oxidase assembly protein COX19	74591744	133
fungalrv2011_neg_0047	fungalrv_2011	negative	FungalRV-negative-dataset-2644seq.fasta	47	gi|74591256|sp|Q5AEN6.1|MED7_CANAL RecName: Full=Mediator of RNA polymerase II transcription subunit 7; AltName: Full=Mediator complex subunit 7	74591256	304
fungalrv2011_neg_0048	fungalrv_2011	negative	FungalRV-negative-dataset-2644seq.fasta	48	gi|51701650|sp|Q6FIZ7.1|MAF1_CANGA RecName: Full=Repressor of RNA polymerase III transcription MAF1	51701650	391
fungalrv2011_neg_0049	fungalrv_2011	negative	FungalRV-negative-dataset-2644seq.fasta	49	gi|1702874|emb|CAA64451.1| ornithine decarboxylase [Candida albicans]	1702874	470
fungalrv2011_neg_0050	fungalrv_2011	negative	FungalRV-negative-dataset-2644seq.fasta	50	gi|74589300|sp|Q59S43.1|MED11_CANAL RecName: Full=Mediator of RNA polymerase II transcription subunit 11; AltName: Full=Mediator complex subunit 11	74589300	168
fungalrv2011_neg_0051	fungalrv_2011	negative	FungalRV-negative-dataset-2644seq.fasta	51	gi|93103247|gb|ABE98161.1| epoxide hydrolase [Candida albicans]	93103247	308
fungalrv2011_neg_0052	fungalrv_2011	negative	FungalRV-negative-dataset-2644seq.fasta	52	gi|74591187|sp|Q5ACU4.1|MED21_CANAL RecName: Full=Mediator of RNA polymerase II transcription subunit 21; AltName: Full=Mediator complex subunit 21	74591187	178
fungalrv2011_neg_0053	fungalrv_2011	negative	FungalRV-negative-dataset-2644seq.fasta	53	gi|239615393|gb|EEQ92380.1| 50S ribosomal protein YmL27 [Ajellomyces dermatitidis ER-3]	239615393	155
fungalrv2011_neg_0054	fungalrv_2011	negative	FungalRV-negative-dataset-2644seq.fasta	54	gi|121937550|sp|Q1EAU8.1|NBP35_COCIM RecName: Full=Cytosolic Fe-S cluster assembling factor NBP35; AltName: Full=Nucleotide-binding protein 35	121937550	342
fungalrv2011_neg_0055	fungalrv_2011	negative	FungalRV-negative-dataset-2644seq.fasta	55	gi|239592400|gb|EEQ74981.1| alpha/beta hydrolase [Ajellomyces dermatitidis SLH14081]	239592400	297
fungalrv2011_neg_0056	fungalrv_2011	negative	FungalRV-negative-dataset-2644seq.fasta	56	gi|74608154|sp|Q6FIR8.1|GEM1_CANGA RecName: Full=Mitochondrial Rho GTPase 1; AltName: Full=GTPase EF-hand protein of mitochondria 1	74608154	649
fungalrv2011_neg_0057	fungalrv_2011	negative	FungalRV-negative-dataset-2644seq.fasta	57	gi|238878681|gb|EEQ42319.1| cytochrome c oxidase polypeptide Vb, mitochondrial precursor [Candida albicans WO-1]	238878681	165
fungalrv2011_neg_0058	fungalrv_2011	negative	FungalRV-negative-dataset-2644seq.fasta	58	gi|74690891|sp|Q6FQH2.1|HAL5_CANGA RecName: Full=Serine/threonine-protein kinase HAL5	74690891	813
fungalrv2011_neg_0059	fungalrv_2011	negative	FungalRV-negative-dataset-2644seq.fasta	59	gi|71000517|ref|XP_754942.1| 40S ribosomal protein S27 [Aspergillus fumigatus Af293]	71000517	82
fungalrv2011_neg_0060	fungalrv_2011	negative	FungalRV-negative-dataset-2644seq.fasta	60	gi|239587600|gb|EEQ70243.1| hydrolase [Ajellomyces dermatitidis SLH14081]	239587600	499
fungalrv2011_neg_0061	fungalrv_2011	negative	FungalRV-negative-dataset-2644seq.fasta	61	gi|239607925|gb|EEQ84912.1| DNA polymerase iota [Ajellomyces dermatitidis ER-3]	239607925	731
fungalrv2011_neg_0062	fungalrv_2011	negative	FungalRV-negative-dataset-2644seq.fasta	62	gi|74609391|sp|Q6FPP7.1|CFD1_CANGA RecName: Full=Cytosolic Fe-S cluster assembling factor CFD1	74609391	285
fungalrv2011_neg_0063	fungalrv_2011	negative	FungalRV-negative-dataset-2644seq.fasta	63	gi|238878372|gb|EEQ42010.1| 40S ribosomal protein S9, mitochondrial precursor [Candida albicans WO-1]	238878372	334
fungalrv2011_neg_0064	fungalrv_2011	negative	FungalRV-negative-dataset-2644seq.fasta	64	gi|70991076|ref|XP_750387.1| RNA polymerase III subunit C11 [Aspergillus fumigatus Af293]	70991076	116
fungalrv2011_neg_0065	fungalrv_2011	negative	FungalRV-negative-dataset-2644seq.fasta	65	gi|108935988|sp|Q5ABR2.2|GEM1_CANAL RecName: Full=Mitochondrial Rho GTPase 1; AltName: Full=GTPase EF-hand protein of mitochondria 1	108935988	644
fungalrv2011_neg_0066	fungalrv_2011	negative	FungalRV-negative-dataset-2644seq.fasta	66	gi|85700424|sp|P83777.2|IPYR_CANAL RecName: Full=Inorganic pyrophosphatase; AltName: Full=Pyrophosphate phospho-hydrolase; Short=PPase	85700424	288
fungalrv2011_neg_0067	fungalrv_2011	negative	FungalRV-negative-dataset-2644seq.fasta	67	gi|238879425|gb|EEQ43063.1| ornithine decarboxylase [Candida albicans WO-1]	238879425	473
fungalrv2011_neg_0068	fungalrv_2011	negative	FungalRV-negative-dataset-2644seq.fasta	68	gi|238878264|gb|EEQ41902.1| cytochrome b2, mitochondrial precursor [Candida albicans WO-1]	238878264	559
fungalrv2011_neg_0069	fungalrv_2011	negative	FungalRV-negative-dataset-2644seq.fasta	69	gi|238880018|gb|EEQ43656.1| aconitate hydratase, mitochondrial precursor [Candida albicans WO-1]	238880018	791
fungalrv2011_neg_0070	fungalrv_2011	negative	FungalRV-negative-dataset-2644seq.fasta	70	gi|3273718|gb|AAC24821.1| pol polyprotein [Candida albicans]	3273718	1576
fungalrv2011_neg_0071	fungalrv_2011	negative	FungalRV-negative-dataset-2644seq.fasta	71	gi|90299114|gb|EAS28745.1| DNA-directed RNA polymerase II [Coccidioides immitis RS]	90299114	128
fungalrv2011_neg_0072	fungalrv_2011	negative	FungalRV-negative-dataset-2644seq.fasta	72	gi|239591809|gb|EEQ74390.1| dienelactone hydrolase [Ajellomyces dermatitidis SLH14081]	239591809	251
fungalrv2011_neg_0073	fungalrv_2011	negative	FungalRV-negative-dataset-2644seq.fasta	73	gi|146322874|ref|XP_755229.2| isochorismatase family  hydrolase [Aspergillus fumigatus Af293]	146322874	229
fungalrv2011_neg_0074	fungalrv_2011	negative	FungalRV-negative-dataset-2644seq.fasta	74	gi|46431243|gb|EAK90843.1| retrotransposon Tca2 polyprotein [Candida albicans SC5314]	46431243	1566
fungalrv2011_neg_0075	fungalrv_2011	negative	FungalRV-negative-dataset-2644seq.fasta	75	gi|74586763|sp|Q5AD67.1|CHL1_CANAL RecName: Full=ATP-dependent RNA helicase CHL1; AltName: Full=Chromosome loss protein 1	74586763	842
fungalrv2011_neg_0076	fungalrv_2011	negative	FungalRV-negative-dataset-2644seq.fasta	76	gi|68484242|ref|XP_714013.1| nitrilase superfamily protein [Candida albicans SC5314]	68484242	301
fungalrv2011_neg_0077	fungalrv_2011	negative	FungalRV-negative-dataset-2644seq.fasta	77	gi|74690594|sp|Q6FIU7.1|REXO3_CANGA RecName: Full=RNA exonuclease 3	74690594	398
fungalrv2011_neg_0078	fungalrv_2011	negative	FungalRV-negative-dataset-2644seq.fasta	78	gi|239587956|gb|EEQ70599.1| mitochondrial cytochrome c oxidase assembly factor Cox11p [Ajellomyces dermatitidis SLH14081]	239587956	250
fungalrv2011_neg_0079	fungalrv_2011	negative	FungalRV-negative-dataset-2644seq.fasta	79	gi|239592521|gb|EEQ75102.1| ubiquitin C-terminal hydrolase [Ajellomyces dermatitidis SLH14081]	239592521	1082
fungalrv2011_neg_0080	fungalrv_2011	negative	FungalRV-negative-dataset-2644seq.fasta	80	gi|239595292|gb|EEQ77873.1| RNA polymerase II subunit 7 [Ajellomyces dermatitidis SLH14081]	239595292	169
fungalrv2011_neg_0081	fungalrv_2011	negative	FungalRV-negative-dataset-2644seq.fasta	81	gi|70998536|ref|XP_753990.1| 50S ribosomal subunit L7 [Aspergillus fumigatus Af293]	70998536	334
fungalrv2011_neg_0082	fungalrv_2011	negative	FungalRV-negative-dataset-2644seq.fasta	82	gi|239588401|gb|EEQ71044.1| DNA-directed RNA polymerase III polypeptide [Ajellomyces dermatitidis SLH14081]	239588401	111
fungalrv2011_neg_0083	fungalrv_2011	negative	FungalRV-negative-dataset-2644seq.fasta	83	gi|1814084|gb|AAC49877.1| ornithine decarboxylase [Candida albicans]	1814084	473
fungalrv2011_neg_0084	fungalrv_2011	negative	FungalRV-negative-dataset-2644seq.fasta	84	gi|66846691|gb|EAL87023.1| Ribosomal protein S28e [Aspergillus fumigatus Af293]	66846691	56
fungalrv2011_neg_0085	fungalrv_2011	negative	FungalRV-negative-dataset-2644seq.fasta	85	gi|239606264|gb|EEQ83251.1| DNA-directed RNA polymerase I polypeptide [Ajellomyces dermatitidis ER-3]	239606264	122
fungalrv2011_neg_0086	fungalrv_2011	negative	FungalRV-negative-dataset-2644seq.fasta	86	gi|146323010|ref|XP_755785.2| hydrolase [Aspergillus fumigatus Af293]	146323010	637
fungalrv2011_neg_0087	fungalrv_2011	negative	FungalRV-negative-dataset-2644seq.fasta	87	gi|74608844|sp|Q6FM02.1|EME1_CANGA RecName: Full=Crossover junction endonuclease EME1	74608844	580
fungalrv2011_neg_0088	fungalrv_2011	negative	FungalRV-negative-dataset-2644seq.fasta	88	gi|239591945|gb|EEQ74526.1| phosphoric ester hydrolase [Ajellomyces dermatitidis SLH14081]	239591945	376
fungalrv2011_neg_0089	fungalrv_2011	negative	FungalRV-negative-dataset-2644seq.fasta	89	gi|70992603|ref|XP_751150.1| 40S ribosomal protein S29 [Aspergillus fumigatus Af293]	70992603	78
fungalrv2011_neg_0090	fungalrv_2011	negative	FungalRV-negative-dataset-2644seq.fasta	90	gi|239609219|gb|EEQ86206.1| phosphoric ester hydrolase [Ajellomyces dermatitidis ER-3]	239609219	377
fungalrv2011_neg_0091	fungalrv_2011	negative	FungalRV-negative-dataset-2644seq.fasta	91	gi|70994498|ref|XP_752028.1| DNA polymerase delta subunit 2 [Aspergillus fumigatus Af293]	70994498	554
fungalrv2011_neg_0092	fungalrv_2011	negative	FungalRV-negative-dataset-2644seq.fasta	92	gi|239591484|gb|EEQ74065.1| hydroxyacylglutathione hydrolase [Ajellomyces dermatitidis SLH14081]	239591484	264
fungalrv2011_neg_0093	fungalrv_2011	negative	FungalRV-negative-dataset-2644seq.fasta	93	gi|239594533|gb|EEQ77114.1| DNA polymerase iota [Ajellomyces dermatitidis SLH14081]	239594533	730
fungalrv2011_neg_0094	fungalrv_2011	negative	FungalRV-negative-dataset-2644seq.fasta	94	gi|158563986|sp|Q6FM49.2|RIFK_CANGA RecName: Full=Riboflavin kinase; AltName: Full=Flavin mononucleotide kinase 1	158563986	189
fungalrv2011_neg_0095	fungalrv_2011	negative	FungalRV-negative-dataset-2644seq.fasta	95	gi|238882557|gb|EEQ46195.1| 40S ribosomal protein S11 [Candida albicans WO-1]	238882557	76
fungalrv2011_neg_0096	fungalrv_2011	negative	FungalRV-negative-dataset-2644seq.fasta	96	gi|239595925|gb|EEQ78506.1| S-formylglutathione hydrolase [Ajellomyces dermatitidis SLH14081]	239595925	286
fungalrv2011_neg_0097	fungalrv_2011	negative	FungalRV-negative-dataset-2644seq.fasta	97	gi|239611326|gb|EEQ88313.1| ubiquitin C-terminal hydrolase [Ajellomyces dermatitidis ER-3]	239611326	1070
fungalrv2011_neg_0098	fungalrv_2011	negative	FungalRV-negative-dataset-2644seq.fasta	98	gi|32567795|ref|NP_075033.2| cytochrome oxidase subunit 3 [Candida albicans SC5314]	32567795	269
fungalrv2011_neg_0099	fungalrv_2011	negative	FungalRV-negative-dataset-2644seq.fasta	99	gi|70997689|ref|XP_753582.1| histone-like transcription factor [Aspergillus fumigatus Af293]	70997689	190
fungalrv2011_neg_0100	fungalrv_2011	negative	FungalRV-negative-dataset-2644seq.fasta	100	gi|74656226|sp|Q59W52.1|PRP28_CANAL RecName: Full=Pre-mRNA-splicing ATP-dependent RNA helicase PRP28	74656226	581
fungalrv2011_neg_0101	fungalrv_2011	negative	FungalRV-negative-dataset-2644seq.fasta	101	gi|239614726|gb|EEQ91713.1| dienelactone hydrolase [Ajellomyces dermatitidis ER-3]	239614726	251
fungalrv2011_neg_0102	fungalrv_2011	negative	FungalRV-negative-dataset-2644seq.fasta	102	gi|70990052|ref|XP_749875.1| glucuronyl hydrolase [Aspergillus fumigatus Af293]	70990052	563
fungalrv2011_neg_0103	fungalrv_2011	negative	FungalRV-negative-dataset-2644seq.fasta	103	gi|239607718|gb|EEQ84705.1| RNA polymerase II subunit 7 [Ajellomyces dermatitidis ER-3]	239607718	169
fungalrv2011_neg_0104	fungalrv_2011	negative	FungalRV-negative-dataset-2644seq.fasta	104	gi|90300644|gb|EAS30275.1| succinate dehydrogenase iron-sulfur protein, mitochondrial precursor [Coccidioides immitis RS]	90300644	281
fungalrv2011_neg_0105	fungalrv_2011	negative	FungalRV-negative-dataset-2644seq.fasta	105	gi|47176798|gb|AAT12552.1| translation elongation factor [Candida albicans]	47176798	185
fungalrv2011_neg_0106	fungalrv_2011	negative	FungalRV-negative-dataset-2644seq.fasta	106	gi|238881237|gb|EEQ44875.1| pyruvate decarboxylase [Candida albicans WO-1]	238881237	567
fungalrv2011_neg_0107	fungalrv_2011	negative	FungalRV-negative-dataset-2644seq.fasta	107	gi|239586525|gb|EEQ69168.1| NADH dehydrogenase subunit 4 [Ajellomyces dermatitidis SLH14081]	239586525	203
fungalrv2011_neg_0108	fungalrv_2011	negative	FungalRV-negative-dataset-2644seq.fasta	108	gi|74637707|sp|Q6FTM0.1|LKHA4_CANGA RecName: Full=Leukotriene A-4 hydrolase; AltName: Full=Leukotriene A(4) hydrolase; Short=LTA-4 hydrolase	74637707	652
fungalrv2011_neg_0109	fungalrv_2011	negative	FungalRV-negative-dataset-2644seq.fasta	109	gi|239590533|gb|EEQ73114.1| adenosylmethionine decarboxylase [Ajellomyces dermatitidis SLH14081]	239590533	544
fungalrv2011_neg_0110	fungalrv_2011	negative	FungalRV-negative-dataset-2644seq.fasta	110	gi|172046101|sp|Q1DVD1.2|LKHA4_COCIM RecName: Full=Leukotriene A-4 hydrolase; AltName: Full=Leukotriene A(4) hydrolase; Short=LTA-4 hydrolase	172046101	621
fungalrv2011_neg_0111	fungalrv_2011	negative	FungalRV-negative-dataset-2644seq.fasta	111	gi|74656470|sp|Q5AAW3.1|DHH1_CANAL RecName: Full=ATP-dependent RNA helicase DHH1	74656470	549
fungalrv2011_neg_0112	fungalrv_2011	negative	FungalRV-negative-dataset-2644seq.fasta	112	gi|1845347|gb|AAC49876.1| prolyl-tRNA synthetase [Candida albicans]	1845347	575
fungalrv2011_neg_0113	fungalrv_2011	negative	FungalRV-negative-dataset-2644seq.fasta	113	gi|239611265|gb|EEQ88252.1| NADPH dehydrogenase [Ajellomyces dermatitidis ER-3]	239611265	375
fungalrv2011_neg_0114	fungalrv_2011	negative	FungalRV-negative-dataset-2644seq.fasta	114	gi|1706238|sp|P53698.3|CYC_CANAL RecName: Full=Cytochrome c	1706238	110
fungalrv2011_neg_0115	fungalrv_2011	negative	FungalRV-negative-dataset-2644seq.fasta	115	gi|239586527|gb|EEQ69170.1| NADH dehydrogenase subunit 5 [Ajellomyces dermatitidis SLH14081]	239586527	669
fungalrv2011_neg_0116	fungalrv_2011	negative	FungalRV-negative-dataset-2644seq.fasta	116	gi|1469801|gb|AAB48642.1| serine/threonine kinase	1469801	611
fungalrv2011_neg_0117	fungalrv_2011	negative	FungalRV-negative-dataset-2644seq.fasta	117	gi|74679884|sp|Q5A1A0.1|MPH1_CANAL RecName: Full=ATP-dependent DNA helicase MPH1	74679884	1187
fungalrv2011_neg_0118	fungalrv_2011	negative	FungalRV-negative-dataset-2644seq.fasta	118	gi|74590233|sp|Q5A1V3.1|POA1_CANAL RecName: Full=ADP-ribose 1''-phosphate phosphatase	74590233	156
fungalrv2011_neg_0119	fungalrv_2011	negative	FungalRV-negative-dataset-2644seq.fasta	119	gi|71002224|ref|XP_755793.1| oxalate decarboxylase [Aspergillus fumigatus Af293]	71002224	453
fungalrv2011_neg_0120	fungalrv_2011	negative	FungalRV-negative-dataset-2644seq.fasta	120	gi|2492605|sp|P97998.1|MDL1_CANAL RecName: Full=ATP-dependent permease MDL1	2492605	685
fungalrv2011_neg_0121	fungalrv_2011	negative	FungalRV-negative-dataset-2644seq.fasta	121	gi|239610353|gb|EEQ87340.1| bleomycin hydrolase [Ajellomyces dermatitidis ER-3]	239610353	513
fungalrv2011_neg_0122	fungalrv_2011	negative	FungalRV-negative-dataset-2644seq.fasta	122	gi|239586520|gb|EEQ69163.1| NADH dehydrogenase subunit 6 [Ajellomyces dermatitidis SLH14081]	239586520	202
fungalrv2011_neg_0123	fungalrv_2011	negative	FungalRV-negative-dataset-2644seq.fasta	123	gi|13591779|gb|AAK31350.1|AF352020_1 nuclear encoded mitochondrial leucyl-tRNA synthetase [Candida albicans]	13591779	924
fungalrv2011_neg_0124	fungalrv_2011	negative	FungalRV-negative-dataset-2644seq.fasta	124	gi|1174777|sp|P43075.1|TRNL_CANAL RecName: Full=tRNA ligase	1174777	832
fungalrv2011_neg_0125	fungalrv_2011	negative	FungalRV-negative-dataset-2644seq.fasta	125	gi|146324050|ref|XP_001481497.1| RNA polymerase TFIIH complex subunit Ssl1 [Aspergillus fumigatus Af293]	146324050	456
fungalrv2011_neg_0126	fungalrv_2011	negative	FungalRV-negative-dataset-2644seq.fasta	126	gi|239606474|gb|EEQ83461.1| alpha/beta hydrolase fold containing protein [Ajellomyces dermatitidis ER-3]	239606474	306
fungalrv2011_neg_0127	fungalrv_2011	negative	FungalRV-negative-dataset-2644seq.fasta	127	gi|70996164|ref|XP_752837.1| DNA-dependent RNA polymerase II largest subunit [Aspergillus fumigatus Af293]	70996164	1750
fungalrv2011_neg_0128	fungalrv_2011	negative	FungalRV-negative-dataset-2644seq.fasta	128	gi|32567804|ref|NP_075030.2| cytochrome oxidase subunit 2 [Candida albicans SC5314]	32567804	262
fungalrv2011_neg_0129	fungalrv_2011	negative	FungalRV-negative-dataset-2644seq.fasta	129	gi|5901751|gb|AAD55396.1| RNA polymerase I-specific transcription initiation factor [Candida glabrata]	5901751	510
fungalrv2011_neg_0130	fungalrv_2011	negative	FungalRV-negative-dataset-2644seq.fasta	130	gi|51704307|sp|Q00372.2|SNF1_CANGA RecName: Full=Carbon catabolite-derepressing protein kinase	51704307	612
fungalrv2011_neg_0131	fungalrv_2011	negative	FungalRV-negative-dataset-2644seq.fasta	131	gi|239606205|gb|EEQ83192.1| NADH dehydrogenase subunit 5 [Ajellomyces dermatitidis ER-3]	239606205	666
fungalrv2011_neg_0132	fungalrv_2011	negative	FungalRV-negative-dataset-2644seq.fasta	132	gi|6094291|sp|O59923.1|SIR2_CANAL RecName: Full=NAD-dependent histone deacetylase SIR2; AltName: Full=Silent information regulator 2; AltName: Full=Regulatory protein SIR2	6094291	515
fungalrv2011_neg_0133	fungalrv_2011	negative	FungalRV-negative-dataset-2644seq.fasta	133	gi|74690671|sp|Q6FKK3.1|YTM1_CANGA RecName: Full=Ribosome biogenesis protein YTM1	74690671	457
fungalrv2011_neg_0134	fungalrv_2011	negative	FungalRV-negative-dataset-2644seq.fasta	134	gi|3641642|dbj|BAA33373.1| mitochondrial methionyl-tRNA synthetase [Candida albicans]	3641642	577
fungalrv2011_neg_0135	fungalrv_2011	negative	FungalRV-negative-dataset-2644seq.fasta	135	gi|66846784|gb|EAL87115.1| glutathione-dependent formaldehyde dehydrogenase [Aspergillus fumigatus Af293]	66846784	436
fungalrv2011_neg_0136	fungalrv_2011	negative	FungalRV-negative-dataset-2644seq.fasta	136	gi|3005850|emb|CAA76580.1| pyruvate decarboxylase regulator [Candida albicans]	3005850	836
fungalrv2011_neg_0137	fungalrv_2011	negative	FungalRV-negative-dataset-2644seq.fasta	137	gi|239592583|gb|EEQ75164.1| NADPH dehydrogenase [Ajellomyces dermatitidis SLH14081]	239592583	375
fungalrv2011_neg_0138	fungalrv_2011	negative	FungalRV-negative-dataset-2644seq.fasta	138	gi|47176818|gb|AAT12562.1| translation elongation factor [Candida albicans]	47176818	179
fungalrv2011_neg_0139	fungalrv_2011	negative	FungalRV-negative-dataset-2644seq.fasta	139	gi|66844908|gb|EAL85244.1| ureidoglycolate hydrolase, putative [Aspergillus fumigatus Af293]	66844908	249
fungalrv2011_neg_0140	fungalrv_2011	negative	FungalRV-negative-dataset-2644seq.fasta	140	gi|238879354|gb|EEQ42992.1| DNA-directed RNA polymerase II 19 kDa polypeptide [Candida albicans WO-1]	238879354	173
fungalrv2011_neg_0141	fungalrv_2011	negative	FungalRV-negative-dataset-2644seq.fasta	141	gi|77436137|sp|O93803.2|CET1_CANAL RecName: Full=mRNA-capping enzyme subunit beta; AltName: Full=Polynucleotide 5'-triphosphatase; AltName: Full=mRNA 5'-triphosphatase; Short=TPase	77436137	520
fungalrv2011_neg_0142	fungalrv_2011	negative	FungalRV-negative-dataset-2644seq.fasta	142	gi|239593572|gb|EEQ76153.1| DNA-directed RNA polymerase II polypeptide [Ajellomyces dermatitidis SLH14081]	239593572	128
fungalrv2011_neg_0143	fungalrv_2011	negative	FungalRV-negative-dataset-2644seq.fasta	143	gi|71000814|ref|XP_755088.1| leukotriene A4 hydrolase [Aspergillus fumigatus Af293]	71000814	614
fungalrv2011_neg_0144	fungalrv_2011	negative	FungalRV-negative-dataset-2644seq.fasta	144	gi|239590681|gb|EEQ73262.1| RNA polymerase III transcription factor subunit [Ajellomyces dermatitidis SLH14081]	239590681	565
fungalrv2011_neg_0145	fungalrv_2011	negative	FungalRV-negative-dataset-2644seq.fasta	145	gi|239591718|gb|EEQ74299.1| ribosomal L39 protein [Ajellomyces dermatitidis SLH14081]	239591718	82
fungalrv2011_neg_0146	fungalrv_2011	negative	FungalRV-negative-dataset-2644seq.fasta	146	gi|238881117|gb|EEQ44755.1| D-lactate dehydrogenase 1, mitochondrial precursor [Candida albicans WO-1]	238881117	533
fungalrv2011_neg_0147	fungalrv_2011	negative	FungalRV-negative-dataset-2644seq.fasta	147	gi|239588710|gb|EEQ71353.1| 3-hydroxyisobutyrate dehydrogenase [Ajellomyces dermatitidis SLH14081]	239588710	345
fungalrv2011_neg_0148	fungalrv_2011	negative	FungalRV-negative-dataset-2644seq.fasta	148	gi|238881099|gb|EEQ44737.1| 40S ribosomal protein S12 [Candida albicans WO-1]	238881099	143
fungalrv2011_neg_0149	fungalrv_2011	negative	FungalRV-negative-dataset-2644seq.fasta	149	gi|239591638|gb|EEQ74219.1| DNA-directed RNA polymerase II largest subunit [Ajellomyces dermatitidis SLH14081]	239591638	1746
fungalrv2011_neg_0150	fungalrv_2011	negative	FungalRV-negative-dataset-2644seq.fasta	150	gi|74585253|sp|Q59X40.1|MED18_CANAL RecName: Full=Mediator of RNA polymerase II transcription subunit 18; AltName: Full=Mediator complex subunit 18	74585253	351
fungalrv2011_neg_0151	fungalrv_2011	negative	FungalRV-negative-dataset-2644seq.fasta	151	gi|239588155|gb|EEQ70798.1| bleomycin hydrolase [Ajellomyces dermatitidis SLH14081]	239588155	513
fungalrv2011_neg_0152	fungalrv_2011	negative	FungalRV-negative-dataset-2644seq.fasta	152	gi|74637743|sp|Q6FUA5.1|YSH1_CANGA RecName: Full=Endoribonuclease YSH1; AltName: Full=mRNA 3'-end-processing protein YSH1	74637743	771
fungalrv2011_neg_0153	fungalrv_2011	negative	FungalRV-negative-dataset-2644seq.fasta	153	gi|229462897|sp|P87163.2|EI2BE_CANAL RecName: Full=Translation initiation factor eIF-2B subunit epsilon; AltName: Full=eIF-2B GDP-GTP exchange factor subunit epsilon; AltName: Full=Guanine nucleotide exchange factor subunit GCD6; AltName: Full=GCD complex subunit GCD6	229462897	732
fungalrv2011_neg_0154	fungalrv_2011	negative	FungalRV-negative-dataset-2644seq.fasta	154	gi|25992752|gb|AAN77243.1| pyruvate decarboxylase [Candida glabrata]	25992752	563
fungalrv2011_neg_0155	fungalrv_2011	negative	FungalRV-negative-dataset-2644seq.fasta	155	gi|70984198|ref|XP_747617.1| DNA-directed RNA polymerase I and III 14 KDA polypeptide [Aspergillus fumigatus Af293]	70984198	161
fungalrv2011_neg_0156	fungalrv_2011	negative	FungalRV-negative-dataset-2644seq.fasta	156	gi|57012668|sp|Q6FJA3.1|PDC1_CANGA RecName: Full=Pyruvate decarboxylase	57012668	564
fungalrv2011_neg_0157	fungalrv_2011	negative	FungalRV-negative-dataset-2644seq.fasta	157	gi|239588052|gb|EEQ70695.1| pyruvate dehydrogenase kinase [Ajellomyces dermatitidis SLH14081]	239588052	453
fungalrv2011_neg_0158	fungalrv_2011	negative	FungalRV-negative-dataset-2644seq.fasta	158	gi|238881360|gb|EEQ44998.1| methylmalonate-semialdehyde dehydrogenase, mitochondrial precursor [Candida albicans WO-1]	238881360	541
fungalrv2011_neg_0159	fungalrv_2011	negative	FungalRV-negative-dataset-2644seq.fasta	159	gi|239594134|gb|EEQ76715.1| ribosomal L28e protein [Ajellomyces dermatitidis SLH14081]	239594134	154
fungalrv2011_neg_0160	fungalrv_2011	negative	FungalRV-negative-dataset-2644seq.fasta	160	gi|239613968|gb|EEQ90955.1| 3-hydroxyisobutyrate dehydrogenase [Ajellomyces dermatitidis ER-3]	239613968	345
fungalrv2011_neg_0161	fungalrv_2011	negative	FungalRV-negative-dataset-2644seq.fasta	161	gi|238880835|gb|EEQ44473.1| DNA polymerase alpha catalytic subunit [Candida albicans WO-1]	238880835	1470
fungalrv2011_neg_0162	fungalrv_2011	negative	FungalRV-negative-dataset-2644seq.fasta	162	gi|74661134|sp|Q6FML5.1|PRP5_CANGA RecName: Full=Pre-mRNA-processing ATP-dependent RNA helicase PRP5	74661134	816
fungalrv2011_neg_0163	fungalrv_2011	negative	FungalRV-negative-dataset-2644seq.fasta	163	gi|239610696|gb|EEQ87683.1| dienelactone hydrolase [Ajellomyces dermatitidis ER-3]	239610696	406
fungalrv2011_neg_0164	fungalrv_2011	negative	FungalRV-negative-dataset-2644seq.fasta	164	gi|74644369|sp|Q874M2.1|NBP35_CANGA RecName: Full=Cytosolic Fe-S cluster assembling factor NBP35; AltName: Full=Nucleotide-binding protein 35	74644369	334
fungalrv2011_neg_0165	fungalrv_2011	negative	FungalRV-negative-dataset-2644seq.fasta	165	gi|239586609|gb|EEQ69252.1| C-3 sterol dehydrogenase/C-4 decarboxylase [Ajellomyces dermatitidis SLH14081]	239586609	425
fungalrv2011_neg_0166	fungalrv_2011	negative	FungalRV-negative-dataset-2644seq.fasta	166	gi|12655858|gb|AAK00627.1| RNA polymerase II subunit 7 [Candida albicans]	12655858	173
fungalrv2011_neg_0167	fungalrv_2011	negative	FungalRV-negative-dataset-2644seq.fasta	167	gi|74690971|sp|Q6FSF1.1|RUVB2_CANGA RecName: Full=RuvB-like helicase 2	74690971	476
fungalrv2011_neg_0168	fungalrv_2011	negative	FungalRV-negative-dataset-2644seq.fasta	168	gi|238880527|gb|EEQ44165.1| NADPH-dependent 1-acyldihydroxyacetone phosphate reductase [Candida albicans WO-1]	238880527	293
fungalrv2011_neg_0169	fungalrv_2011	negative	FungalRV-negative-dataset-2644seq.fasta	169	gi|239590955|gb|EEQ73536.1| hydrolase [Ajellomyces dermatitidis SLH14081]	239590955	503
fungalrv2011_neg_0170	fungalrv_2011	negative	FungalRV-negative-dataset-2644seq.fasta	170	gi|11691943|dbj|BAB19025.1| cytochrome b [Candida glabrata]	11691943	132
fungalrv2011_neg_0171	fungalrv_2011	negative	FungalRV-negative-dataset-2644seq.fasta	171	gi|239611641|gb|EEQ88628.1| mitochondrial cytochrome oxidase assembly factor [Ajellomyces dermatitidis ER-3]	239611641	333
fungalrv2011_neg_0172	fungalrv_2011	negative	FungalRV-negative-dataset-2644seq.fasta	172	gi|238879017|gb|EEQ42655.1| succinate dehydrogenase flavoprotein subunit, mitochondrial precursor [Candida albicans WO-1]	238879017	638
fungalrv2011_neg_0173	fungalrv_2011	negative	FungalRV-negative-dataset-2644seq.fasta	173	gi|70981398|ref|XP_731481.1| pyruvate decarboxylase [Aspergillus fumigatus Af293]	70981398	575
fungalrv2011_neg_0174	fungalrv_2011	negative	FungalRV-negative-dataset-2644seq.fasta	174	gi|238882400|gb|EEQ46038.1| inosine-5'-monophosphate dehydrogenase IMD2 [Candida albicans WO-1]	238882400	521
fungalrv2011_neg_0175	fungalrv_2011	negative	FungalRV-negative-dataset-2644seq.fasta	175	gi|66847802|gb|EAL88132.1| 50S ribosomal protein YmL27 [Aspergillus fumigatus Af293]	66847802	132
fungalrv2011_neg_0176	fungalrv_2011	negative	FungalRV-negative-dataset-2644seq.fasta	176	gi|239606485|gb|EEQ83472.1| leukotriene A4 hydrolase [Ajellomyces dermatitidis ER-3]	239606485	589
fungalrv2011_neg_0177	fungalrv_2011	negative	FungalRV-negative-dataset-2644seq.fasta	177	gi|2113829|emb|CAA71405.1| topoisomerase II [Candida albicans]	2113829	1461
fungalrv2011_neg_0178	fungalrv_2011	negative	FungalRV-negative-dataset-2644seq.fasta	178	gi|70997105|ref|XP_753307.1| 60S acidic ribosomal protein P0 [Aspergillus fumigatus Af293]	70997105	247
fungalrv2011_neg_0179	fungalrv_2011	negative	FungalRV-negative-dataset-2644seq.fasta	179	gi|46437155|gb|EAK96506.1| DNA topoisomerase II [Candida albicans SC5314]	46437155	1461
fungalrv2011_neg_0180	fungalrv_2011	negative	FungalRV-negative-dataset-2644seq.fasta	180	gi|239614239|gb|EEQ91226.1| HD family hydrolase [Ajellomyces dermatitidis ER-3]	239614239	223
fungalrv2011_neg_0181	fungalrv_2011	negative	FungalRV-negative-dataset-2644seq.fasta	181	gi|74609277|sp|Q6FP42.1|RNY1_CANGA RecName: Full=Ribonuclease T2-like; Short=RNase T2-like; Flags: Precursor	74609277	433
fungalrv2011_neg_0182	fungalrv_2011	negative	FungalRV-negative-dataset-2644seq.fasta	182	gi|239594369|gb|EEQ76950.1| RNA polymerase II subunit 3 [Ajellomyces dermatitidis SLH14081]	239594369	346
fungalrv2011_neg_0183	fungalrv_2011	negative	FungalRV-negative-dataset-2644seq.fasta	183	gi|74637307|sp|Q6FKT4.1|CHL1_CANGA RecName: Full=ATP-dependent RNA helicase CHL1; AltName: Full=Chromosome loss protein 1	74637307	830
fungalrv2011_neg_0184	fungalrv_2011	negative	FungalRV-negative-dataset-2644seq.fasta	184	gi|238881054|gb|EEQ44692.1| saccharopine dehydrogenase [Candida albicans WO-1]	238881054	444
fungalrv2011_neg_0185	fungalrv_2011	negative	FungalRV-negative-dataset-2644seq.fasta	185	gi|159131488|gb|EDP56601.1| glycerate dehydrogenase [Aspergillus fumigatus A1163]	159131488	322
fungalrv2011_neg_0186	fungalrv_2011	negative	FungalRV-negative-dataset-2644seq.fasta	186	gi|129557047|gb|EAL88345.2| 60S ribosomal protein L27e [Aspergillus fumigatus Af293]	129557047	186
fungalrv2011_neg_0187	fungalrv_2011	negative	FungalRV-negative-dataset-2644seq.fasta	187	gi|239586581|gb|EEQ69224.1| ubiquitin C-terminal hydrolase [Ajellomyces dermatitidis SLH14081]	239586581	712
fungalrv2011_neg_0188	fungalrv_2011	negative	FungalRV-negative-dataset-2644seq.fasta	188	gi|239587811|gb|EEQ70454.1| dienelactone hydrolase [Ajellomyces dermatitidis SLH14081]	239587811	406
fungalrv2011_neg_0189	fungalrv_2011	negative	FungalRV-negative-dataset-2644seq.fasta	189	gi|238882338|gb|EEQ45976.1| 60S ribosomal protein L33-A [Candida albicans WO-1]	238882338	111
fungalrv2011_neg_0190	fungalrv_2011	negative	FungalRV-negative-dataset-2644seq.fasta	190	gi|2582369|gb|AAB82541.1| translation release factor 3 [Candida albicans]	2582369	715
fungalrv2011_neg_0191	fungalrv_2011	negative	FungalRV-negative-dataset-2644seq.fasta	191	gi|74587506|sp|Q5AKA5.1|CPGL_CANAL RecName: Full=Glutamate carboxypeptidase-like protein	74587506	485
fungalrv2011_neg_0192	fungalrv_2011	negative	FungalRV-negative-dataset-2644seq.fasta	192	gi|239612960|gb|EEQ89947.1| 60S acidic ribosomal protein P0 [Ajellomyces dermatitidis ER-3]	239612960	242
fungalrv2011_neg_0193	fungalrv_2011	negative	FungalRV-negative-dataset-2644seq.fasta	193	gi|238881652|gb|EEQ45290.1| prephenate dehydrogenase [Candida albicans WO-1]	238881652	439
fungalrv2011_neg_0194	fungalrv_2011	negative	FungalRV-negative-dataset-2644seq.fasta	194	gi|239588743|gb|EEQ71386.1| phosphatidylserine decarboxylase proenzyme 2 [Ajellomyces dermatitidis SLH14081]	239588743	1056
fungalrv2011_neg_0195	fungalrv_2011	negative	FungalRV-negative-dataset-2644seq.fasta	195	gi|238882102|gb|EEQ45740.1| isocitrate dehydrogenase subunit 2, mitochondrial precursor [Candida albicans WO-1]	238882102	369
fungalrv2011_neg_0196	fungalrv_2011	negative	FungalRV-negative-dataset-2644seq.fasta	196	gi|3850141|emb|CAA21942.1| Ribosomal protein L32e [Candida albicans]	3850141	131
fungalrv2011_neg_0197	fungalrv_2011	negative	FungalRV-negative-dataset-2644seq.fasta	197	gi|239613681|gb|EEQ90668.1| ubiquitin C-terminal hydrolase [Ajellomyces dermatitidis ER-3]	239613681	906
fungalrv2011_neg_0198	fungalrv_2011	negative	FungalRV-negative-dataset-2644seq.fasta	198	gi|239587214|gb|EEQ69857.1| HD family hydrolase [Ajellomyces dermatitidis SLH14081]	239587214	223
fungalrv2011_neg_0199	fungalrv_2011	negative	FungalRV-negative-dataset-2644seq.fasta	199	gi|239613932|gb|EEQ90919.1| phosphatidylserine decarboxylase proenzyme 2 [Ajellomyces dermatitidis ER-3]	239613932	1056
fungalrv2011_neg_0200	fungalrv_2011	negative	FungalRV-negative-dataset-2644seq.fasta	200	gi|74612818|sp|Q76IQ1.1|NOP16_CANGA RecName: Full=Nucleolar protein 16	74612818	238
fungalrv2011_neg_0201	fungalrv_2011	negative	FungalRV-negative-dataset-2644seq.fasta	201	gi|239606792|gb|EEQ83779.1| epoxide hydrolase hyl1 [Ajellomyces dermatitidis ER-3]	239606792	398
fungalrv2011_neg_0202	fungalrv_2011	negative	FungalRV-negative-dataset-2644seq.fasta	202	gi|74608572|sp|Q6FKP2.1|PAN3_CANGA RecName: Full=PAB-dependent poly(A)-specific ribonuclease subunit PAN3; AltName: Full=PAB1P-dependent poly(A)-nuclease	74608572	717
fungalrv2011_neg_0203	fungalrv_2011	negative	FungalRV-negative-dataset-2644seq.fasta	203	gi|239594725|gb|EEQ77306.1| leukotriene A-4 hydrolase [Ajellomyces dermatitidis SLH14081]	239594725	589
fungalrv2011_neg_0204	fungalrv_2011	negative	FungalRV-negative-dataset-2644seq.fasta	204	gi|239588469|gb|EEQ71112.1| mitochondrial large ribosomal subunit L49 [Ajellomyces dermatitidis SLH14081]	239588469	191
fungalrv2011_neg_0205	fungalrv_2011	negative	FungalRV-negative-dataset-2644seq.fasta	205	gi|239589108|gb|EEQ71751.1| ubiquitin C-terminal hydrolase [Ajellomyces dermatitidis SLH14081]	239589108	907
fungalrv2011_neg_0206	fungalrv_2011	negative	FungalRV-negative-dataset-2644seq.fasta	206	gi|74679939|sp|Q5A3Q0.1|REXO4_CANAL RecName: Full=RNA exonuclease 4	74679939	285
fungalrv2011_neg_0207	fungalrv_2011	negative	FungalRV-negative-dataset-2644seq.fasta	207	gi|74637844|sp|Q6FWE3.1|RS29_CANGA RecName: Full=40S ribosomal protein S29	74637844	56
fungalrv2011_neg_0208	fungalrv_2011	negative	FungalRV-negative-dataset-2644seq.fasta	208	gi|238882416|gb|EEQ46054.1| valyl-tRNA synthetase, mitochondrial precursor [Candida albicans WO-1]	238882416	1079
fungalrv2011_neg_0209	fungalrv_2011	negative	FungalRV-negative-dataset-2644seq.fasta	209	gi|239588803|gb|EEQ71446.1| polymerase zeta subunit [Ajellomyces dermatitidis SLH14081]	239588803	1699
fungalrv2011_neg_0210	fungalrv_2011	negative	FungalRV-negative-dataset-2644seq.fasta	210	gi|239595796|gb|EEQ78377.1| epoxide hydrolase hyl1 [Ajellomyces dermatitidis SLH14081]	239595796	390
fungalrv2011_neg_0211	fungalrv_2011	negative	FungalRV-negative-dataset-2644seq.fasta	211	gi|70985210|ref|XP_748111.1| alpha/beta hydrolase [Aspergillus fumigatus Af293]	70985210	343
fungalrv2011_neg_0212	fungalrv_2011	negative	FungalRV-negative-dataset-2644seq.fasta	212	gi|159130857|gb|EDP55970.1| 60S ribosomal protein L27e [Aspergillus fumigatus A1163]	159130857	201
fungalrv2011_neg_0213	fungalrv_2011	negative	FungalRV-negative-dataset-2644seq.fasta	213	gi|239586539|gb|EEQ69182.1| NADH dehydrogenase subunit 5 [Ajellomyces dermatitidis SLH14081]	239586539	120
fungalrv2011_neg_0214	fungalrv_2011	negative	FungalRV-negative-dataset-2644seq.fasta	214	gi|238878529|gb|EEQ42167.1| DNA-directed RNA polymerase I 190 kDa polypeptide [Candida albicans WO-1]	238878529	1577
fungalrv2011_neg_0215	fungalrv_2011	negative	FungalRV-negative-dataset-2644seq.fasta	215	gi|54036107|sp|Q6FIS9.1|KPYK1_CANGA RecName: Full=Pyruvate kinase 1; Short=PK 1	54036107	501
fungalrv2011_neg_0216	fungalrv_2011	negative	FungalRV-negative-dataset-2644seq.fasta	216	gi|239613873|gb|EEQ90860.1| polymerase zeta subunit [Ajellomyces dermatitidis ER-3]	239613873	1699
fungalrv2011_neg_0217	fungalrv_2011	negative	FungalRV-negative-dataset-2644seq.fasta	217	gi|74656092|sp|Q59MW2.1|DBP6_CANAL RecName: Full=ATP-dependent RNA helicase DBP6	74656092	606
fungalrv2011_neg_0218	fungalrv_2011	negative	FungalRV-negative-dataset-2644seq.fasta	218	gi|239591511|gb|EEQ74092.1| 60S acidic ribosomal protein P0 [Ajellomyces dermatitidis SLH14081]	239591511	242
fungalrv2011_neg_0219	fungalrv_2011	negative	FungalRV-negative-dataset-2644seq.fasta	219	gi|239586835|gb|EEQ69478.1| ubiquitin C-terminal hydrolase Ubp8 [Ajellomyces dermatitidis SLH14081]	239586835	456
fungalrv2011_neg_0220	fungalrv_2011	negative	FungalRV-negative-dataset-2644seq.fasta	220	gi|239591524|gb|EEQ74105.1| mitochondrial DNA helicase [Ajellomyces dermatitidis SLH14081]	239591524	821
fungalrv2011_neg_0221	fungalrv_2011	negative	FungalRV-negative-dataset-2644seq.fasta	221	gi|66848058|gb|EAL88388.1| 40S ribosomal protein S26 [Aspergillus fumigatus Af293]	66848058	119
fungalrv2011_neg_0222	fungalrv_2011	negative	FungalRV-negative-dataset-2644seq.fasta	222	gi|239611086|gb|EEQ88073.1| short chain dehydrogenase [Ajellomyces dermatitidis ER-3]	239611086	271
fungalrv2011_neg_0223	fungalrv_2011	negative	FungalRV-negative-dataset-2644seq.fasta	223	gi|74585817|sp|Q5A3K2.1|MED10_CANAL RecName: Full=Mediator of RNA polymerase II transcription subunit 10; AltName: Full=Mediator complex subunit 10	74585817	170
fungalrv2011_neg_0224	fungalrv_2011	negative	FungalRV-negative-dataset-2644seq.fasta	224	gi|121921768|sp|Q1DRB6.1|ERB1_COCIM RecName: Full=Ribosome biogenesis protein ERB1; AltName: Full=Eukaryotic ribosome biogenesis protein 1	121921768	843
fungalrv2011_neg_0225	fungalrv_2011	negative	FungalRV-negative-dataset-2644seq.fasta	225	gi|74661033|sp|Q6FJE8.1|SSN8_CANGA RecName: Full=RNA polymerase II holoenzyme cyclin-like subunit	74661033	339
fungalrv2011_neg_0226	fungalrv_2011	negative	FungalRV-negative-dataset-2644seq.fasta	226	gi|239589459|gb|EEQ72102.1| prephenate dehydrogenase [Ajellomyces dermatitidis SLH14081]	239589459	450
fungalrv2011_neg_0227	fungalrv_2011	negative	FungalRV-negative-dataset-2644seq.fasta	227	gi|238882861|gb|EEQ46499.1| delta-1-pyrroline-5-carboxylate dehydrogenase [Candida albicans WO-1]	238882861	595
fungalrv2011_neg_0228	fungalrv_2011	negative	FungalRV-negative-dataset-2644seq.fasta	228	gi|91206539|sp|Q59LU0.2|DBP2_CANAL RecName: Full=ATP-dependent RNA helicase DBP2	91206539	562
fungalrv2011_neg_0229	fungalrv_2011	negative	FungalRV-negative-dataset-2644seq.fasta	229	gi|3859700|emb|CAA21975.1| mitochondrial threonyl tRNA synthetase [Candida albicans]	3859700	455
fungalrv2011_neg_0230	fungalrv_2011	negative	FungalRV-negative-dataset-2644seq.fasta	230	gi|70989641|ref|XP_749670.1| sugar hydrolase [Aspergillus fumigatus Af293]	70989641	759
fungalrv2011_neg_0231	fungalrv_2011	negative	FungalRV-negative-dataset-2644seq.fasta	231	gi|239592755|gb|EEQ75336.1| short chain dehydrogenase [Ajellomyces dermatitidis SLH14081]	239592755	270
fungalrv2011_neg_0232	fungalrv_2011	negative	FungalRV-negative-dataset-2644seq.fasta	232	gi|295568|gb|AAC37430.1| D-arabinitol dehydrogenase [Candida albicans]	295568	281
fungalrv2011_neg_0233	fungalrv_2011	negative	FungalRV-negative-dataset-2644seq.fasta	233	gi|239606968|gb|EEQ83955.1| mitochondrial large ribosomal subunit L49 [Ajellomyces dermatitidis ER-3]	239606968	191
fungalrv2011_neg_0234	fungalrv_2011	negative	FungalRV-negative-dataset-2644seq.fasta	234	gi|6468323|gb|AAF13298.1|AF109400_1 orotidine-5'-monophosphate decarboxylase [Candida albicans]	6468323	270
fungalrv2011_neg_0235	fungalrv_2011	negative	FungalRV-negative-dataset-2644seq.fasta	235	gi|239608131|gb|EEQ85118.1| ubiquitin C-terminal hydrolase Ubp8 [Ajellomyces dermatitidis ER-3]	239608131	467
fungalrv2011_neg_0236	fungalrv_2011	negative	FungalRV-negative-dataset-2644seq.fasta	236	gi|602345|emb|CAA37855.1| apocytochrome B [Candida glabrata]	602345	385
fungalrv2011_neg_0237	fungalrv_2011	negative	FungalRV-negative-dataset-2644seq.fasta	237	gi|46395914|sp|Q8TGH6.1|GDA1_CANAL RecName: Full=Guanosine-diphosphatase; Short=GDPase	46395914	599
fungalrv2011_neg_0238	fungalrv_2011	negative	FungalRV-negative-dataset-2644seq.fasta	238	gi|70993696|ref|XP_751695.1| saccharopine dehydrogenase Lys9 [Aspergillus fumigatus Af293]	70993696	450
fungalrv2011_neg_0239	fungalrv_2011	negative	FungalRV-negative-dataset-2644seq.fasta	239	gi|239592337|gb|EEQ74918.1| glucose-6-phosphate dehydrogenase [Ajellomyces dermatitidis SLH14081]	239592337	510
fungalrv2011_neg_0240	fungalrv_2011	negative	FungalRV-negative-dataset-2644seq.fasta	240	gi|51316596|sp|Q6FLC3.1|RS28_CANGA RecName: Full=40S ribosomal protein S28	51316596	67
fungalrv2011_neg_0241	fungalrv_2011	negative	FungalRV-negative-dataset-2644seq.fasta	241	gi|74654532|sp|Q9Y7C4.1|ROK1_CANAL RecName: Full=ATP-dependent RNA helicase CHR1	74654532	578
fungalrv2011_neg_0242	fungalrv_2011	negative	FungalRV-negative-dataset-2644seq.fasta	242	gi|66853279|gb|EAL93603.1| RNA polymerase II subunit 3 [Aspergillus fumigatus Af293]	66853279	392
fungalrv2011_neg_0243	fungalrv_2011	negative	FungalRV-negative-dataset-2644seq.fasta	243	gi|109706861|gb|ABG43005.1| cytosine deaminase [Candida glabrata]	109706861	155
fungalrv2011_neg_0244	fungalrv_2011	negative	FungalRV-negative-dataset-2644seq.fasta	244	gi|239595863|gb|EEQ78444.1| HD superfamily hydrolase [Ajellomyces dermatitidis SLH14081]	239595863	284
fungalrv2011_neg_0245	fungalrv_2011	negative	FungalRV-negative-dataset-2644seq.fasta	245	gi|32567798|ref|NP_075037.2| NADH dehydrogenase subunit 2 [Candida albicans SC5314]	32567798	475
fungalrv2011_neg_0246	fungalrv_2011	negative	FungalRV-negative-dataset-2644seq.fasta	246	gi|238881429|gb|EEQ45067.1| cytochrome c oxidase assembly protein COX11, mitochondrial precursor [Candida albicans WO-1]	238881429	273
fungalrv2011_neg_0247	fungalrv_2011	negative	FungalRV-negative-dataset-2644seq.fasta	247	gi|121921995|sp|Q1DY43.1|MPH1_COCIM RecName: Full=ATP-dependent DNA helicase MPH1	121921995	1110
fungalrv2011_neg_0248	fungalrv_2011	negative	FungalRV-negative-dataset-2644seq.fasta	248	gi|70991196|ref|XP_750447.1| 30S ribosomal subunit  S4 [Aspergillus fumigatus Af293]	70991196	469
fungalrv2011_neg_0249	fungalrv_2011	negative	FungalRV-negative-dataset-2644seq.fasta	249	gi|109706863|gb|ABG43006.1| cytosine deaminase [Candida glabrata]	109706863	155
fungalrv2011_neg_0250	fungalrv_2011	negative	FungalRV-negative-dataset-2644seq.fasta	250	gi|238879230|gb|EEQ42868.1| threonyl-tRNA synthetase, mitochondrial precursor [Candida albicans WO-1]	238879230	455
fungalrv2011_neg_0251	fungalrv_2011	negative	FungalRV-negative-dataset-2644seq.fasta	251	gi|74680357|sp|Q5AL29.1|REXO3_CANAL RecName: Full=RNA exonuclease 3	74680357	404
fungalrv2011_neg_0252	fungalrv_2011	negative	FungalRV-negative-dataset-2644seq.fasta	252	gi|74587492|sp|Q5AK73.1|SPT4_CANAL RecName: Full=Transcription elongation factor SPT4; AltName: Full=Chromatin elongation factor SPT4	74587492	112
fungalrv2011_neg_0253	fungalrv_2011	negative	FungalRV-negative-dataset-2644seq.fasta	253	gi|239588890|gb|EEQ71533.1| 40S ribosomal protein S27 [Ajellomyces dermatitidis SLH14081]	239588890	82
fungalrv2011_neg_0254	fungalrv_2011	negative	FungalRV-negative-dataset-2644seq.fasta	254	gi|123187081|gb|ABM69251.1| MAP kinase [Candida glabrata]	123187081	550
fungalrv2011_neg_0255	fungalrv_2011	negative	FungalRV-negative-dataset-2644seq.fasta	255	gi|74656359|sp|Q5A4E2.1|DED1_CANAL RecName: Full=ATP-dependent RNA helicase DED1	74656359	672
fungalrv2011_neg_0256	fungalrv_2011	negative	FungalRV-negative-dataset-2644seq.fasta	256	gi|52782711|sp|Q6FP74.1|CBK1_CANGA RecName: Full=Serine/threonine-protein kinase CBK1	52782711	773
fungalrv2011_neg_0257	fungalrv_2011	negative	FungalRV-negative-dataset-2644seq.fasta	257	gi|74637685|sp|Q6FT93.1|UTP10_CANGA RecName: Full=U3 small nucleolar RNA-associated protein 10	74637685	1770
fungalrv2011_neg_0258	fungalrv_2011	negative	FungalRV-negative-dataset-2644seq.fasta	258	gi|239615173|gb|EEQ92160.1| prephenate dehydrogenase [Ajellomyces dermatitidis ER-3]	239615173	444
fungalrv2011_neg_0259	fungalrv_2011	negative	FungalRV-negative-dataset-2644seq.fasta	259	gi|239588119|gb|EEQ70762.1| ubiquitin C-terminal hydrolase [Ajellomyces dermatitidis SLH14081]	239588119	1730
fungalrv2011_neg_0260	fungalrv_2011	negative	FungalRV-negative-dataset-2644seq.fasta	260	gi|239595022|gb|EEQ77603.1| 60S ribosomal protein L9-B [Ajellomyces dermatitidis SLH14081]	239595022	192
fungalrv2011_neg_0261	fungalrv_2011	negative	FungalRV-negative-dataset-2644seq.fasta	261	gi|238880567|gb|EEQ44205.1| orotidine 5'-phosphate decarboxylase [Candida albicans WO-1]	238880567	270
fungalrv2011_neg_0262	fungalrv_2011	negative	FungalRV-negative-dataset-2644seq.fasta	262	gi|90305083|gb|EAS34714.1| phosphatidylserine decarboxylase proenzyme 2 precursor [Coccidioides immitis RS]	90305083	1033
fungalrv2011_neg_0263	fungalrv_2011	negative	FungalRV-negative-dataset-2644seq.fasta	263	gi|238882761|gb|EEQ46399.1| formate dehydrogenase [Candida albicans WO-1]	238882761	379
fungalrv2011_neg_0264	fungalrv_2011	negative	FungalRV-negative-dataset-2644seq.fasta	264	gi|74656687|sp|Q5ANA8.1|MCA1_CANAL RecName: Full=Metacaspase-1; Flags: Precursor	74656687	448
fungalrv2011_neg_0265	fungalrv_2011	negative	FungalRV-negative-dataset-2644seq.fasta	265	gi|70999462|ref|XP_754450.1| saccharopine dehydrogenase Lys1 [Aspergillus fumigatus Af293]	70999462	374
fungalrv2011_neg_0266	fungalrv_2011	negative	FungalRV-negative-dataset-2644seq.fasta	266	gi|29500868|emb|CAD54418.1| cytochrome-b [Candida glabrata]	29500868	385
fungalrv2011_neg_0267	fungalrv_2011	negative	FungalRV-negative-dataset-2644seq.fasta	267	gi|239611192|gb|EEQ88179.1| alpha/beta hydrolase [Ajellomyces dermatitidis ER-3]	239611192	316
fungalrv2011_neg_0268	fungalrv_2011	negative	FungalRV-negative-dataset-2644seq.fasta	268	gi|238879706|gb|EEQ43344.1| isocitrate dehydrogenase peroxisomal [Candida albicans WO-1]	238879706	412
fungalrv2011_neg_0269	fungalrv_2011	negative	FungalRV-negative-dataset-2644seq.fasta	269	gi|66848777|gb|EAL89106.1| 40S ribosomal protein S10b [Aspergillus fumigatus Af293]	66848777	155
fungalrv2011_neg_0270	fungalrv_2011	negative	FungalRV-negative-dataset-2644seq.fasta	270	gi|70982897|ref|XP_746976.1| FMN-dependent dehydrogenase family protein [Aspergillus fumigatus Af293]	70982897	374
fungalrv2011_neg_0271	fungalrv_2011	negative	FungalRV-negative-dataset-2644seq.fasta	271	gi|238882036|gb|EEQ45674.1| aspartate-semialdehyde dehydrogenase [Candida albicans WO-1]	238882036	365
fungalrv2011_neg_0272	fungalrv_2011	negative	FungalRV-negative-dataset-2644seq.fasta	272	gi|90299655|gb|EAS29286.1| pyruvate kinase [Coccidioides immitis RS]	90299655	535
fungalrv2011_neg_0273	fungalrv_2011	negative	FungalRV-negative-dataset-2644seq.fasta	273	gi|90297927|gb|EAS27558.1| L-aminoadipate-semialdehyde dehydrogenase [Coccidioides immitis RS]	90297927	1080
fungalrv2011_neg_0274	fungalrv_2011	negative	FungalRV-negative-dataset-2644seq.fasta	274	gi|66845183|gb|EAL85518.1| malate dehydrogenase, NAD-dependent [Aspergillus fumigatus Af293]	66845183	330
fungalrv2011_neg_0275	fungalrv_2011	negative	FungalRV-negative-dataset-2644seq.fasta	275	gi|4585664|emb|CAA70857.2| translation elongation factor 2 [Candida albicans]	4585664	842
fungalrv2011_neg_0276	fungalrv_2011	negative	FungalRV-negative-dataset-2644seq.fasta	276	gi|239608173|gb|EEQ85160.1| 60S ribosomal protein L6 [Ajellomyces dermatitidis ER-3]	239608173	204
fungalrv2011_neg_0277	fungalrv_2011	negative	FungalRV-negative-dataset-2644seq.fasta	277	gi|90307354|gb|EAS36985.1| succinate dehydrogenase [ubiquinone] flavoprotein subunit, mitochondrial precursor [Coccidioides immitis RS]	90307354	647
fungalrv2011_neg_0278	fungalrv_2011	negative	FungalRV-negative-dataset-2644seq.fasta	278	gi|51701758|sp|Q6FS03.1|RL32_CANGA RecName: Full=60S ribosomal protein L32	51701758	131
fungalrv2011_neg_0279	fungalrv_2011	negative	FungalRV-negative-dataset-2644seq.fasta	279	gi|74679737|sp|Q59U81.1|SWR1_CANAL RecName: Full=Helicase SWR1	74679737	1641
fungalrv2011_neg_0280	fungalrv_2011	negative	FungalRV-negative-dataset-2644seq.fasta	280	gi|90307145|gb|EAS36776.1| dihydrolipoyllysine-residue succinyltransferase component of 2-oxoglutarate dehydrogenase complex, mitochondrial precursor [Coccidioides immitis RS]	90307145	484
fungalrv2011_neg_0281	fungalrv_2011	negative	FungalRV-negative-dataset-2644seq.fasta	281	gi|51701395|sp|Q6FWS8.1|DHSB_CANGA RecName: Full=Succinate dehydrogenase [ubiquinone] iron-sulfur subunit, mitochondrial; AltName: Full=Iron-sulfur subunit of complex II; Short=Ip; Flags: Precursor	51701395	253
fungalrv2011_neg_0282	fungalrv_2011	negative	FungalRV-negative-dataset-2644seq.fasta	282	gi|56404365|sp|Q6FKQ6.1|DUT_CANGA RecName: Full=Deoxyuridine 5'-triphosphate nucleotidohydrolase; Short=dUTPase; AltName: Full=dUTP pyrophosphatase	56404365	144
fungalrv2011_neg_0283	fungalrv_2011	negative	FungalRV-negative-dataset-2644seq.fasta	283	gi|20532182|sp|Q9P8P7.1|NEP1_CANAL RecName: Full=Nucleolar essential protein 1	20532182	267
fungalrv2011_neg_0284	fungalrv_2011	negative	FungalRV-negative-dataset-2644seq.fasta	284	gi|62901307|sp|Q6FWA7.1|TFB4_CANGA RecName: Full=RNA polymerase II transcription factor B subunit 4; AltName: Full=RNA polymerase II transcription factor B p34 subunit; AltName: Full=RNA polymerase II transcription factor B 34 kDa subunit	62901307	335
fungalrv2011_neg_0285	fungalrv_2011	negative	FungalRV-negative-dataset-2644seq.fasta	285	gi|70983071|ref|XP_747063.1| oxidoreductase, zinc-binding dehydrogenase family [Aspergillus fumigatus Af293]	70983071	369
fungalrv2011_neg_0286	fungalrv_2011	negative	FungalRV-negative-dataset-2644seq.fasta	286	gi|66853160|gb|EAL93484.1| pyruvate dehydrogenase kinase [Aspergillus fumigatus Af293]	66853160	434
fungalrv2011_neg_0287	fungalrv_2011	negative	FungalRV-negative-dataset-2644seq.fasta	287	gi|74656669|sp|Q5AMG5.3|XRN2_CANAL RecName: Full=5'-3' exoribonuclease 2	74656669	968
fungalrv2011_neg_0288	fungalrv_2011	negative	FungalRV-negative-dataset-2644seq.fasta	288	gi|70984156|ref|XP_747597.1| RNA polymerase II transcription mediator complex subunit (Med6) [Aspergillus fumigatus Af293]	70984156	324
fungalrv2011_neg_0289	fungalrv_2011	negative	FungalRV-negative-dataset-2644seq.fasta	289	gi|8927038|gb|AAF81924.1|AF107286_1 elongation factor 2 [Candida albicans]	8927038	813
fungalrv2011_neg_0290	fungalrv_2011	negative	FungalRV-negative-dataset-2644seq.fasta	290	gi|238881917|gb|EEQ45555.1| DNA-directed RNA polymerase I 49 kDa polypeptide [Candida albicans WO-1]	238881917	393
fungalrv2011_neg_0291	fungalrv_2011	negative	FungalRV-negative-dataset-2644seq.fasta	291	gi|148841143|sp|Q4WIN6.2|DBP5_ASPFU RecName: Full=ATP-dependent RNA helicase dbp5	148841143	489
fungalrv2011_neg_0292	fungalrv_2011	negative	FungalRV-negative-dataset-2644seq.fasta	292	gi|74661375|sp|Q6FU81.1|MS116_CANGA RecName: Full=ATP-dependent RNA helicase MSS116, mitochondrial; Flags: Precursor	74661375	666
fungalrv2011_neg_0293	fungalrv_2011	negative	FungalRV-negative-dataset-2644seq.fasta	293	gi|70983430|ref|XP_747242.1| DNA-directed RNA polymerase III subunit 22.9 kDa [Aspergillus fumigatus Af293]	70983430	112
fungalrv2011_neg_0294	fungalrv_2011	negative	FungalRV-negative-dataset-2644seq.fasta	294	gi|71001132|ref|XP_755247.1| NADH-ubiquinone dehydrogenase 24 kDa subunit [Aspergillus fumigatus Af293]	71001132	268
fungalrv2011_neg_0295	fungalrv_2011	negative	FungalRV-negative-dataset-2644seq.fasta	295	gi|66850113|gb|EAL90440.1| 60S ribosomal protein L6 [Aspergillus fumigatus Af293]	66850113	200
fungalrv2011_neg_0296	fungalrv_2011	negative	FungalRV-negative-dataset-2644seq.fasta	296	gi|70989721|ref|XP_749710.1| dienelactone hydrolase [Aspergillus fumigatus Af293]	70989721	457
fungalrv2011_neg_0297	fungalrv_2011	negative	FungalRV-negative-dataset-2644seq.fasta	297	gi|74690881|sp|Q6FQA0.1|REXO4_CANGA RecName: Full=RNA exonuclease 4	74690881	263
fungalrv2011_neg_0298	fungalrv_2011	negative	FungalRV-negative-dataset-2644seq.fasta	298	gi|146330937|sp|Q59MP1.2|NBP35_CANAL RecName: Full=Cytosolic Fe-S cluster assembling factor NBP35; AltName: Full=Nucleotide-binding protein 35	146330937	331
fungalrv2011_neg_0299	fungalrv_2011	negative	FungalRV-negative-dataset-2644seq.fasta	299	gi|238878241|gb|EEQ41879.1| 6-phosphogluconate dehydrogenase [Candida albicans WO-1]	238878241	351
fungalrv2011_neg_0300	fungalrv_2011	negative	FungalRV-negative-dataset-2644seq.fasta	300	gi|239610392|gb|EEQ87379.1| ubiquitin C-terminal hydrolase [Ajellomyces dermatitidis ER-3]	239610392	1750
fungalrv2011_neg_0301	fungalrv_2011	negative	FungalRV-negative-dataset-2644seq.fasta	301	gi|238883009|gb|EEQ46647.1| phenylacrylic acid decarboxylase [Candida albicans WO-1]	238883009	229
fungalrv2011_neg_0302	fungalrv_2011	negative	FungalRV-negative-dataset-2644seq.fasta	302	gi|239590582|gb|EEQ73163.1| ubiquitin C-terminal hydrolase [Ajellomyces dermatitidis SLH14081]	239590582	1157
fungalrv2011_neg_0303	fungalrv_2011	negative	FungalRV-negative-dataset-2644seq.fasta	303	gi|74690855|sp|Q6FPQ3.1|MPH1_CANGA RecName: Full=ATP-dependent DNA helicase MPH1	74690855	1052
fungalrv2011_neg_0304	fungalrv_2011	negative	FungalRV-negative-dataset-2644seq.fasta	304	gi|70989908|ref|XP_749803.1| D-lactate dehydrogenase (cytochrome) [Aspergillus fumigatus Af293]	70989908	579
fungalrv2011_neg_0305	fungalrv_2011	negative	FungalRV-negative-dataset-2644seq.fasta	305	gi|70990136|ref|XP_749917.1| formaldehyde dehydrogenase [Aspergillus fumigatus Af293]	70990136	466
fungalrv2011_neg_0306	fungalrv_2011	negative	FungalRV-negative-dataset-2644seq.fasta	306	gi|90305124|gb|EAS34755.1| eukaryotic translation initiation factor 2 alpha subunit (eIF-2-alpha) [Coccidioides immitis RS]	90305124	308
fungalrv2011_neg_0307	fungalrv_2011	negative	FungalRV-negative-dataset-2644seq.fasta	307	gi|239615620|gb|EEQ92607.1| glycerol 3-phosphate dehydrogenase [Ajellomyces dermatitidis ER-3]	239615620	425
fungalrv2011_neg_0308	fungalrv_2011	negative	FungalRV-negative-dataset-2644seq.fasta	308	gi|74691133|sp|Q6FX42.1|ATR_CANGA RecName: Full=Serine/threonine-protein kinase MEC1; AltName: Full=DNA-damage checkpoint kinase MEC1; AltName: Full=Mitosis entry checkpoint protein 1; AltName: Full=ATR homolog	74691133	2379
fungalrv2011_neg_0309	fungalrv_2011	negative	FungalRV-negative-dataset-2644seq.fasta	309	gi|2500018|sp|Q92210.1|PUR6_CANAL RecName: Full=Phosphoribosylaminoimidazole carboxylase; AltName: Full=AIR carboxylase; Short=AIRC	2500018	568
fungalrv2011_neg_0310	fungalrv_2011	negative	FungalRV-negative-dataset-2644seq.fasta	310	gi|239612308|gb|EEQ89295.1| ubiquitin C-terminal hydrolase [Ajellomyces dermatitidis ER-3]	239612308	1157
fungalrv2011_neg_0311	fungalrv_2011	negative	FungalRV-negative-dataset-2644seq.fasta	311	gi|239608298|gb|EEQ85285.1| cytidine deaminase [Ajellomyces dermatitidis ER-3]	239608298	101
fungalrv2011_neg_0312	fungalrv_2011	negative	FungalRV-negative-dataset-2644seq.fasta	312	gi|238883896|gb|EEQ47534.1| malate dehydrogenase, mitochondrial precursor [Candida albicans WO-1]	238883896	342
fungalrv2011_neg_0313	fungalrv_2011	negative	FungalRV-negative-dataset-2644seq.fasta	313	gi|218526407|sp|P0C8L0.1|CYB_CANAL RecName: Full=Cytochrome b; AltName: Full=Ubiquinol-cytochrome-c reductase complex cytochrome b subunit; AltName: Full=Cytochrome b-c1 complex subunit 3; AltName: Full=Complex III subunit 3; AltName: Full=Complex III subunit III	218526407	387
fungalrv2011_neg_0314	fungalrv_2011	negative	FungalRV-negative-dataset-2644seq.fasta	314	gi|2498529|sp|P78587.1|MCE1_CANAL RecName: Full=mRNA-capping enzyme subunit alpha; AltName: Full=mRNA guanylyltransferase; AltName: Full=GTP--RNA guanylyltransferase; Short=GTase	2498529	449
fungalrv2011_neg_0315	fungalrv_2011	negative	FungalRV-negative-dataset-2644seq.fasta	315	gi|70981969|ref|XP_746513.1| epoxide hydrolase [Aspergillus fumigatus Af293]	70981969	196
fungalrv2011_neg_0316	fungalrv_2011	negative	FungalRV-negative-dataset-2644seq.fasta	316	gi|951001|emb|CAA61282.1| DNA-directed DNA polymerase III [Candida albicans]	951001	1038
fungalrv2011_neg_0317	fungalrv_2011	negative	FungalRV-negative-dataset-2644seq.fasta	317	gi|159129118|gb|EDP54232.1| dienelactone hydrolase [Aspergillus fumigatus A1163]	159129118	457
fungalrv2011_neg_0318	fungalrv_2011	negative	FungalRV-negative-dataset-2644seq.fasta	318	gi|239588059|gb|EEQ70702.1| 60S ribosomal protein L3 [Ajellomyces dermatitidis SLH14081]	239588059	346
fungalrv2011_neg_0319	fungalrv_2011	negative	FungalRV-negative-dataset-2644seq.fasta	319	gi|239610748|gb|EEQ87735.1| DNA polymerase epsilon subunit B [Ajellomyces dermatitidis ER-3]	239610748	747
fungalrv2011_neg_0320	fungalrv_2011	negative	FungalRV-negative-dataset-2644seq.fasta	320	gi|29500876|emb|CAD54426.1| cytochrome-c oxidase subunit II [Candida glabrata]	29500876	227
fungalrv2011_neg_0321	fungalrv_2011	negative	FungalRV-negative-dataset-2644seq.fasta	321	gi|239592937|gb|EEQ75518.1| 40S ribosomal protein S26 [Ajellomyces dermatitidis SLH14081]	239592937	121
fungalrv2011_neg_0322	fungalrv_2011	negative	FungalRV-negative-dataset-2644seq.fasta	322	gi|239611507|gb|EEQ88494.1| glucose-6-phosphate dehydrogenase [Ajellomyces dermatitidis ER-3]	239611507	475
fungalrv2011_neg_0323	fungalrv_2011	negative	FungalRV-negative-dataset-2644seq.fasta	323	gi|238881234|gb|EEQ44872.1| succinate dehydrogenase flavoprotein subunit, mitochondrial precursor [Candida albicans WO-1]	238881234	641
fungalrv2011_neg_0324	fungalrv_2011	negative	FungalRV-negative-dataset-2644seq.fasta	324	gi|238881835|gb|EEQ45473.1| 60S ribosomal protein L38 [Candida albicans WO-1]	238881835	78
fungalrv2011_neg_0325	fungalrv_2011	negative	FungalRV-negative-dataset-2644seq.fasta	325	gi|3850149|emb|CAA21949.1| DNA polymerase delta [Candida albicans]	3850149	1038
fungalrv2011_neg_0326	fungalrv_2011	negative	FungalRV-negative-dataset-2644seq.fasta	326	gi|70997244|ref|XP_753374.1| mitochondrial 3-hydroxyisobutyryl-CoA hydrolase [Aspergillus fumigatus Af293]	70997244	588
fungalrv2011_neg_0327	fungalrv_2011	negative	FungalRV-negative-dataset-2644seq.fasta	327	gi|66852567|gb|EAL92892.1| 60S ribosomal protein L37 [Aspergillus fumigatus Af293]	66852567	158
fungalrv2011_neg_0328	fungalrv_2011	negative	FungalRV-negative-dataset-2644seq.fasta	328	gi|70985024|ref|XP_748018.1| ubiquitin C-terminal hydrolase (HAUSP) [Aspergillus fumigatus Af293]	70985024	1123
fungalrv2011_neg_0329	fungalrv_2011	negative	FungalRV-negative-dataset-2644seq.fasta	329	gi|239594306|gb|EEQ76887.1| methylmalonyl-CoA decarboxylase [Ajellomyces dermatitidis SLH14081]	239594306	585
fungalrv2011_neg_0330	fungalrv_2011	negative	FungalRV-negative-dataset-2644seq.fasta	330	gi|239592320|gb|EEQ74901.1| 60S ribosomal protein L33 [Ajellomyces dermatitidis SLH14081]	239592320	101
fungalrv2011_neg_0331	fungalrv_2011	negative	FungalRV-negative-dataset-2644seq.fasta	331	gi|8927040|gb|AAF81925.1|AF107287_1 elongation factor 2 [Candida glabrata]	8927040	814
fungalrv2011_neg_0332	fungalrv_2011	negative	FungalRV-negative-dataset-2644seq.fasta	332	gi|59799032|sp|Q6FY63.1|ACOX_CANGA RecName: Full=Acyl-coenzyme A oxidase; Short=Acyl-CoA oxidase	59799032	748
fungalrv2011_neg_0333	fungalrv_2011	negative	FungalRV-negative-dataset-2644seq.fasta	333	gi|94418552|gb|ABF18621.1| glutamate decarboxylase [Candida albicans]	94418552	236
fungalrv2011_neg_0334	fungalrv_2011	negative	FungalRV-negative-dataset-2644seq.fasta	334	gi|158564254|sp|Q1E2S2.2|PAN3_COCIM RecName: Full=PAB-dependent poly(A)-specific ribonuclease subunit PAN3; AltName: Full=PAB1P-dependent poly(A)-nuclease	158564254	658
fungalrv2011_neg_0335	fungalrv_2011	negative	FungalRV-negative-dataset-2644seq.fasta	335	gi|146322984|ref|XP_755705.2| DNA-directed RNA polymerase I and III subunit Rpc40 [Aspergillus fumigatus Af293]	146322984	374
fungalrv2011_neg_0336	fungalrv_2011	negative	FungalRV-negative-dataset-2644seq.fasta	336	gi|46438501|gb|EAK97831.1| fatty acid synthetase beta subunit [Candida albicans SC5314]	46438501	2037
fungalrv2011_neg_0337	fungalrv_2011	negative	FungalRV-negative-dataset-2644seq.fasta	337	gi|238881655|gb|EEQ45293.1| pyruvate decarboxylase isozyme 1 [Candida albicans WO-1]	238881655	599
fungalrv2011_neg_0338	fungalrv_2011	negative	FungalRV-negative-dataset-2644seq.fasta	338	gi|158564253|sp|Q1E0Q7.2|MED10_COCIM RecName: Full=Mediator of RNA polymerase II transcription subunit 10; AltName: Full=Mediator complex subunit 10	158564253	242
fungalrv2011_neg_0339	fungalrv_2011	negative	FungalRV-negative-dataset-2644seq.fasta	339	gi|239594457|gb|EEQ77038.1| glycerol-3-phosphate dehydrogenase [Ajellomyces dermatitidis SLH14081]	239594457	425
fungalrv2011_neg_0340	fungalrv_2011	negative	FungalRV-negative-dataset-2644seq.fasta	340	gi|66847820|gb|EAL88150.1| 37S ribosomal protein Mrp10, mitochondrial [Aspergillus fumigatus Af293]	66847820	101
fungalrv2011_neg_0341	fungalrv_2011	negative	FungalRV-negative-dataset-2644seq.fasta	341	gi|239608849|gb|EEQ85836.1| ubiquitin C-terminal hydrolase [Ajellomyces dermatitidis ER-3]	239608849	1322
fungalrv2011_neg_0342	fungalrv_2011	negative	FungalRV-negative-dataset-2644seq.fasta	342	gi|239586919|gb|EEQ69562.1| ubiquitin C-terminal hydrolase [Ajellomyces dermatitidis SLH14081]	239586919	1322
fungalrv2011_neg_0343	fungalrv_2011	negative	FungalRV-negative-dataset-2644seq.fasta	343	gi|1762320|gb|AAC15782.1| cytosine deaminase [Candida albicans]	1762320	150
fungalrv2011_neg_0344	fungalrv_2011	negative	FungalRV-negative-dataset-2644seq.fasta	344	gi|74690916|sp|Q6FQZ0.1|DBP8_CANGA RecName: Full=ATP-dependent RNA helicase DBP8	74690916	437
fungalrv2011_neg_0345	fungalrv_2011	negative	FungalRV-negative-dataset-2644seq.fasta	345	gi|70982895|ref|XP_746975.1| aldehyde dehydrogenase ALDH [Aspergillus fumigatus Af293]	70982895	568
fungalrv2011_neg_0346	fungalrv_2011	negative	FungalRV-negative-dataset-2644seq.fasta	346	gi|2494899|sp|P56093.1|TUP1_CANAL RecName: Full=Transcriptional repressor TUP1	2494899	514
fungalrv2011_neg_0347	fungalrv_2011	negative	FungalRV-negative-dataset-2644seq.fasta	347	gi|239587758|gb|EEQ70401.1| DNA polymerase epsilon subunit B [Ajellomyces dermatitidis SLH14081]	239587758	747
fungalrv2011_neg_0348	fungalrv_2011	negative	FungalRV-negative-dataset-2644seq.fasta	348	gi|74590040|sp|Q59ZX6.1|UTP10_CANAL RecName: Full=U3 small nucleolar RNA-associated protein 10	74590040	1818
fungalrv2011_neg_0349	fungalrv_2011	negative	FungalRV-negative-dataset-2644seq.fasta	349	gi|239607935|gb|EEQ84922.1| xanthine dehydrogenase [Ajellomyces dermatitidis ER-3]	239607935	1344
fungalrv2011_neg_0350	fungalrv_2011	negative	FungalRV-negative-dataset-2644seq.fasta	350	gi|70989155|ref|XP_749427.1| alpha/beta hydrolase [Aspergillus fumigatus Af293]	70989155	264
fungalrv2011_neg_0351	fungalrv_2011	negative	FungalRV-negative-dataset-2644seq.fasta	351	gi|66853611|gb|EAL93935.1| 60S ribosomal protein L32 [Aspergillus fumigatus Af293]	66853611	131
fungalrv2011_neg_0352	fungalrv_2011	negative	FungalRV-negative-dataset-2644seq.fasta	352	gi|239587314|gb|EEQ69957.1| ribosomal protein S4 [Ajellomyces dermatitidis SLH14081]	239587314	262
fungalrv2011_neg_0353	fungalrv_2011	negative	FungalRV-negative-dataset-2644seq.fasta	353	gi|14582743|gb|AAK69617.1|AF329471_1 C-3 sterol dehydrogenase/C-4 decarboxylase [Candida albicans]	14582743	350
fungalrv2011_neg_0354	fungalrv_2011	negative	FungalRV-negative-dataset-2644seq.fasta	354	gi|239587777|gb|EEQ70420.1| NAD-specific glutamate dehydrogenase [Ajellomyces dermatitidis SLH14081]	239587777	1067
fungalrv2011_neg_0355	fungalrv_2011	negative	FungalRV-negative-dataset-2644seq.fasta	355	gi|146324137|ref|XP_753642.2| acyl-CoA dehydrogenase [Aspergillus fumigatus Af293]	146324137	647
fungalrv2011_neg_0356	fungalrv_2011	negative	FungalRV-negative-dataset-2644seq.fasta	356	gi|239594543|gb|EEQ77124.1| xanthine dehydrogenase [Ajellomyces dermatitidis SLH14081]	239594543	1344
fungalrv2011_neg_0357	fungalrv_2011	negative	FungalRV-negative-dataset-2644seq.fasta	357	gi|70985162|ref|XP_748087.1| RNA polymerase III transcription factor subunit [Aspergillus fumigatus Af293]	70985162	627
fungalrv2011_neg_0358	fungalrv_2011	negative	FungalRV-negative-dataset-2644seq.fasta	358	gi|51701371|sp|Q6FYA7.1|EF2_CANGA RecName: Full=Elongation factor 2; Short=EF-2	51701371	842
fungalrv2011_neg_0359	fungalrv_2011	negative	FungalRV-negative-dataset-2644seq.fasta	359	gi|74608241|sp|Q6FJ55.1|FIP1_CANGA RecName: Full=Pre-mRNA polyadenylation factor FIP1	74608241	327
fungalrv2011_neg_0360	fungalrv_2011	negative	FungalRV-negative-dataset-2644seq.fasta	360	gi|74670710|sp|Q4WMG1.1|MED7_ASPFU RecName: Full=Mediator of RNA polymerase II transcription subunit 7; AltName: Full=Mediator complex subunit 7	74670710	261
fungalrv2011_neg_0361	fungalrv_2011	negative	FungalRV-negative-dataset-2644seq.fasta	361	gi|239609472|gb|EEQ86459.1| ribosomal DNA transcription factor Rrn3 [Ajellomyces dermatitidis ER-3]	239609472	746
fungalrv2011_neg_0362	fungalrv_2011	negative	FungalRV-negative-dataset-2644seq.fasta	362	gi|239592656|gb|EEQ75237.1| alpha/beta hydrolase [Ajellomyces dermatitidis SLH14081]	239592656	316
fungalrv2011_neg_0363	fungalrv_2011	negative	FungalRV-negative-dataset-2644seq.fasta	363	gi|238883229|gb|EEQ46867.1| DNA-directed RNA polymerase I 135 kDa polypeptide [Candida albicans WO-1]	238883229	1166
fungalrv2011_neg_0364	fungalrv_2011	negative	FungalRV-negative-dataset-2644seq.fasta	364	gi|74585350|sp|Q59YD9.1|CFD1_CANAL RecName: Full=Cytosolic Fe-S cluster assembling factor CFD1	74585350	294
fungalrv2011_neg_0365	fungalrv_2011	negative	FungalRV-negative-dataset-2644seq.fasta	365	gi|70994240|ref|XP_751967.1| aldehyde dehydrogenase [Aspergillus fumigatus Af293]	70994240	550
fungalrv2011_neg_0366	fungalrv_2011	negative	FungalRV-negative-dataset-2644seq.fasta	366	gi|239613349|gb|EEQ90336.1| RNA polymerase II Mediator complex subunit Sin4 [Ajellomyces dermatitidis ER-3]	239613349	895
fungalrv2011_neg_0367	fungalrv_2011	negative	FungalRV-negative-dataset-2644seq.fasta	367	gi|159128903|gb|EDP54017.1| 40S ribosomal protein S21 [Aspergillus fumigatus A1163]	159128903	88
fungalrv2011_neg_0368	fungalrv_2011	negative	FungalRV-negative-dataset-2644seq.fasta	368	gi|74661344|sp|Q6FTJ2.1|RL3_CANGA RecName: Full=60S ribosomal protein L3	74661344	387
fungalrv2011_neg_0369	fungalrv_2011	negative	FungalRV-negative-dataset-2644seq.fasta	369	gi|70996612|ref|XP_753061.1| phosphatidylserine decarboxylase [Aspergillus fumigatus Af293]	70996612	346
fungalrv2011_neg_0370	fungalrv_2011	negative	FungalRV-negative-dataset-2644seq.fasta	370	gi|121752549|sp|Q1DJH5.1|COX23_COCIM Cytochrome c oxidase-assembly factor COX23, mitochondrial precursor	121752549	119
fungalrv2011_neg_0371	fungalrv_2011	negative	FungalRV-negative-dataset-2644seq.fasta	371	gi|70999580|ref|XP_754507.1| glutamate decarboxylase [Aspergillus fumigatus Af293]	70999580	572
fungalrv2011_neg_0372	fungalrv_2011	negative	FungalRV-negative-dataset-2644seq.fasta	372	gi|238882354|gb|EEQ45992.1| isocitrate dehydrogenase, mitochondrial precursor [Candida albicans WO-1]	238882354	433
fungalrv2011_neg_0373	fungalrv_2011	negative	FungalRV-negative-dataset-2644seq.fasta	373	gi|239607450|gb|EEQ84437.1| DNA polymerase delta subunit [Ajellomyces dermatitidis ER-3]	239607450	1106
fungalrv2011_neg_0374	fungalrv_2011	negative	FungalRV-negative-dataset-2644seq.fasta	374	gi|239595185|gb|EEQ77766.1| hydrolase [Ajellomyces dermatitidis SLH14081]	239595185	298
fungalrv2011_neg_0375	fungalrv_2011	negative	FungalRV-negative-dataset-2644seq.fasta	375	gi|239609436|gb|EEQ86423.1| HD superfamily hydrolase [Ajellomyces dermatitidis ER-3]	239609436	243
fungalrv2011_neg_0376	fungalrv_2011	negative	FungalRV-negative-dataset-2644seq.fasta	376	gi|74661092|sp|Q6FLF3.1|DBP2_CANGA RecName: Full=ATP-dependent RNA helicase DBP2	74661092	544
fungalrv2011_neg_0377	fungalrv_2011	negative	FungalRV-negative-dataset-2644seq.fasta	377	gi|74611034|sp|Q6FYA6.1|MUS81_CANGA RecName: Full=Crossover junction endonuclease MUS81	74611034	628
fungalrv2011_neg_0378	fungalrv_2011	negative	FungalRV-negative-dataset-2644seq.fasta	378	gi|70999590|ref|XP_754512.1| pyruvate decarboxylase PdcA [Aspergillus fumigatus Af293]	70999590	569
fungalrv2011_neg_0379	fungalrv_2011	negative	FungalRV-negative-dataset-2644seq.fasta	379	gi|239607600|gb|EEQ84587.1| carbon-nitrogen hydrolase [Ajellomyces dermatitidis ER-3]	239607600	340
fungalrv2011_neg_0380	fungalrv_2011	negative	FungalRV-negative-dataset-2644seq.fasta	380	gi|239591519|gb|EEQ74100.1| ubiquitin C-terminal hydrolase [Ajellomyces dermatitidis SLH14081]	239591519	737
fungalrv2011_neg_0381	fungalrv_2011	negative	FungalRV-negative-dataset-2644seq.fasta	381	gi|47176793|gb|AAT12550.1| translation elongation factor [Candida glabrata]	47176793	184
fungalrv2011_neg_0382	fungalrv_2011	negative	FungalRV-negative-dataset-2644seq.fasta	382	gi|239589004|gb|EEQ71647.1| dimeric dihydrodiol dehydrogenase [Ajellomyces dermatitidis SLH14081]	239589004	385
fungalrv2011_neg_0383	fungalrv_2011	negative	FungalRV-negative-dataset-2644seq.fasta	383	gi|239608887|gb|EEQ85874.1| ribosomal L28e protein [Ajellomyces dermatitidis ER-3]	239608887	154
fungalrv2011_neg_0384	fungalrv_2011	negative	FungalRV-negative-dataset-2644seq.fasta	384	gi|238880111|gb|EEQ43749.1| DNA polymerase epsilon [Candida albicans WO-1]	238880111	2211
fungalrv2011_neg_0385	fungalrv_2011	negative	FungalRV-negative-dataset-2644seq.fasta	385	gi|74609957|sp|Q6FSK8.1|DPB2_CANGA RecName: Full=DNA polymerase epsilon subunit B; Short=DNA polymerase II subunit B	74609957	719
fungalrv2011_neg_0386	fungalrv_2011	negative	FungalRV-negative-dataset-2644seq.fasta	386	gi|239595595|gb|EEQ78176.1| succinate-semialdehyde dehydrogenase [Ajellomyces dermatitidis SLH14081]	239595595	501
fungalrv2011_neg_0387	fungalrv_2011	negative	FungalRV-negative-dataset-2644seq.fasta	387	gi|239593672|gb|EEQ76253.1| DNA polymerase delta subunit [Ajellomyces dermatitidis SLH14081]	239593672	1106
fungalrv2011_neg_0388	fungalrv_2011	negative	FungalRV-negative-dataset-2644seq.fasta	388	gi|51235726|gb|AAT98628.1| protein kinase MAPKKK [Candida glabrata]	51235726	676
fungalrv2011_neg_0389	fungalrv_2011	negative	FungalRV-negative-dataset-2644seq.fasta	389	gi|239595898|gb|EEQ78479.1| ribosomal DNA transcription factor Rrn3 [Ajellomyces dermatitidis SLH14081]	239595898	748
fungalrv2011_neg_0390	fungalrv_2011	negative	FungalRV-negative-dataset-2644seq.fasta	390	gi|238881396|gb|EEQ45034.1| methylenetetrahydrofolate dehydrogenase [Candida albicans WO-1]	238881396	323
fungalrv2011_neg_0391	fungalrv_2011	negative	FungalRV-negative-dataset-2644seq.fasta	391	gi|239611721|gb|EEQ88708.1| fumarylacetoacetate hydrolase [Ajellomyces dermatitidis ER-3]	239611721	289
fungalrv2011_neg_0392	fungalrv_2011	negative	FungalRV-negative-dataset-2644seq.fasta	392	gi|239592860|gb|EEQ75441.1| peptidyl-tRNA hydrolase domain-containing protein [Ajellomyces dermatitidis SLH14081]	239592860	196
fungalrv2011_neg_0393	fungalrv_2011	negative	FungalRV-negative-dataset-2644seq.fasta	393	gi|90307176|gb|EAS36807.1| valyl-tRNA synthetase, mitochondrial precursor [Coccidioides immitis RS]	90307176	1045
fungalrv2011_neg_0394	fungalrv_2011	negative	FungalRV-negative-dataset-2644seq.fasta	394	gi|70983616|ref|XP_747335.1| methylenetetrahydrofolate dehydrogenase [Aspergillus fumigatus Af293]	70983616	298
fungalrv2011_neg_0395	fungalrv_2011	negative	FungalRV-negative-dataset-2644seq.fasta	395	gi|239593490|gb|EEQ76071.1| 40S ribosomal protein S11 [Ajellomyces dermatitidis SLH14081]	239593490	161
fungalrv2011_neg_0396	fungalrv_2011	negative	FungalRV-negative-dataset-2644seq.fasta	396	gi|239588374|gb|EEQ71017.1| RNA polymerase II Mediator complex subunit Sin4 [Ajellomyces dermatitidis SLH14081]	239588374	893
fungalrv2011_neg_0397	fungalrv_2011	negative	FungalRV-negative-dataset-2644seq.fasta	397	gi|90299284|gb|EAS28915.1| glucose-6-phosphate 1-dehydrogenase [Coccidioides immitis RS]	90299284	510
fungalrv2011_neg_0398	fungalrv_2011	negative	FungalRV-negative-dataset-2644seq.fasta	398	gi|239610920|gb|EEQ87907.1| mitochondrial translation initiation factor [Ajellomyces dermatitidis ER-3]	239610920	1033
fungalrv2011_neg_0399	fungalrv_2011	negative	FungalRV-negative-dataset-2644seq.fasta	399	gi|90305393|gb|EAS35024.1| 60S ribosomal protein [Coccidioides immitis RS]	90305393	160
fungalrv2011_neg_0400	fungalrv_2011	negative	FungalRV-negative-dataset-2644seq.fasta	400	gi|239586635|gb|EEQ69278.1| succinate dehydrogenase flavoprotein subunit [Ajellomyces dermatitidis SLH14081]	239586635	647
fungalrv2011_neg_0401	fungalrv_2011	negative	FungalRV-negative-dataset-2644seq.fasta	401	gi|71002628|ref|XP_755995.1| alpha/beta superfamily hydrolase [Aspergillus fumigatus Af293]	71002628	406
fungalrv2011_neg_0402	fungalrv_2011	negative	FungalRV-negative-dataset-2644seq.fasta	402	gi|239610835|gb|EEQ87822.1| short chain dehydrogenase [Ajellomyces dermatitidis ER-3]	239610835	252
fungalrv2011_neg_0403	fungalrv_2011	negative	FungalRV-negative-dataset-2644seq.fasta	403	gi|90306714|gb|EAS36345.1| 40S ribosomal protein S10 [Coccidioides immitis RS]	90306714	162
fungalrv2011_neg_0404	fungalrv_2011	negative	FungalRV-negative-dataset-2644seq.fasta	404	gi|32567796|ref|NP_075035.2| ATPase subunit 6 [Candida albicans SC5314]	32567796	246
fungalrv2011_neg_0405	fungalrv_2011	negative	FungalRV-negative-dataset-2644seq.fasta	405	gi|74690954|sp|Q6FRZ9.1|ATM_CANGA RecName: Full=Serine/threonine-protein kinase TEL1; AltName: Full=DNA-damage checkpoint kinase TEL1; AltName: Full=Telomere length regulation protein 1; AltName: Full=ATM homolog	74690954	2763
fungalrv2011_neg_0406	fungalrv_2011	negative	FungalRV-negative-dataset-2644seq.fasta	406	gi|238879970|gb|EEQ43608.1| formate dehydrogenase [Candida albicans WO-1]	238879970	379
fungalrv2011_neg_0407	fungalrv_2011	negative	FungalRV-negative-dataset-2644seq.fasta	407	gi|229891205|sp|Q1DP56.2|MTLD_COCIM RecName: Full=Mannitol-1-phosphate 5-dehydrogenase; Short=M1PDH; Short=MPDH; Short=MPD	229891205	388
fungalrv2011_neg_0408	fungalrv_2011	negative	FungalRV-negative-dataset-2644seq.fasta	408	gi|239607439|gb|EEQ84426.1| poly(A) polymerase [Ajellomyces dermatitidis ER-3]	239607439	545
fungalrv2011_neg_0409	fungalrv_2011	negative	FungalRV-negative-dataset-2644seq.fasta	409	gi|74691015|sp|Q6FTW0.1|BUD32_CANGA RecName: Full=Serine/threonine-protein kinase BUD32	74691015	266
fungalrv2011_neg_0410	fungalrv_2011	negative	FungalRV-negative-dataset-2644seq.fasta	410	gi|239592116|gb|EEQ74697.1| fumarylacetoacetate hydrolase [Ajellomyces dermatitidis SLH14081]	239592116	289
fungalrv2011_neg_0411	fungalrv_2011	negative	FungalRV-negative-dataset-2644seq.fasta	411	gi|239587755|gb|EEQ70398.1| ornithine decarboxylase antizyme [Ajellomyces dermatitidis SLH14081]	239587755	275
fungalrv2011_neg_0412	fungalrv_2011	negative	FungalRV-negative-dataset-2644seq.fasta	412	gi|74691046|sp|Q6FV37.1|INO80_CANGA RecName: Full=Putative DNA helicase INO80	74691046	1484
fungalrv2011_neg_0413	fungalrv_2011	negative	FungalRV-negative-dataset-2644seq.fasta	413	gi|239588094|gb|EEQ70737.1| malate dehydrogenase [Ajellomyces dermatitidis SLH14081]	239588094	340
fungalrv2011_neg_0414	fungalrv_2011	negative	FungalRV-negative-dataset-2644seq.fasta	414	gi|70981941|ref|XP_746499.1| phosphoric ester hydrolase [Aspergillus fumigatus Af293]	70981941	364
fungalrv2011_neg_0415	fungalrv_2011	negative	FungalRV-negative-dataset-2644seq.fasta	415	gi|74661458|sp|Q6FWT4.1|SPT16_CANGA RecName: Full=FACT complex subunit SPT16; AltName: Full=Facilitates chromatin transcription complex subunit SPT16	74661458	1027
fungalrv2011_neg_0416	fungalrv_2011	negative	FungalRV-negative-dataset-2644seq.fasta	416	gi|239610729|gb|EEQ87716.1| NAD-specific glutamate dehydrogenase [Ajellomyces dermatitidis ER-3]	239610729	1116
fungalrv2011_neg_0417	fungalrv_2011	negative	FungalRV-negative-dataset-2644seq.fasta	417	gi|71002632|ref|XP_755997.1| DNA polymerase delta catalytic subunit Cdc2 [Aspergillus fumigatus Af293]	71002632	1105
fungalrv2011_neg_0418	fungalrv_2011	negative	FungalRV-negative-dataset-2644seq.fasta	418	gi|238878739|gb|EEQ42377.1| glycine dehydrogenase, mitochondrial precursor [Candida albicans WO-1]	238878739	944
fungalrv2011_neg_0419	fungalrv_2011	negative	FungalRV-negative-dataset-2644seq.fasta	419	gi|90306390|gb|EAS36021.1| eukaryotic peptide chain release factor GTP-binding subunit [Coccidioides immitis RS]	90306390	724
fungalrv2011_neg_0420	fungalrv_2011	negative	FungalRV-negative-dataset-2644seq.fasta	420	gi|90305714|gb|EAS35345.1| ubiquinol-cytochrome c reductase iron-sulfur subunit, mitochondrial precursor (Rieske iron-sulfur protein) [Coccidioides immitis RS]	90305714	245
fungalrv2011_neg_0421	fungalrv_2011	negative	FungalRV-negative-dataset-2644seq.fasta	421	gi|238879241|gb|EEQ42879.1| L-aminoadipate-semialdehyde dehydrogenase [Candida albicans WO-1]	238879241	1404
fungalrv2011_neg_0422	fungalrv_2011	negative	FungalRV-negative-dataset-2644seq.fasta	422	gi|239606372|gb|EEQ83359.1| ubiquitin C-terminal hydrolase [Ajellomyces dermatitidis ER-3]	239606372	2542
fungalrv2011_neg_0423	fungalrv_2011	negative	FungalRV-negative-dataset-2644seq.fasta	423	gi|238883469|gb|EEQ47107.1| serine hydroxymethyltransferase, mitochondrial precursor [Candida albicans WO-1]	238883469	493
fungalrv2011_neg_0424	fungalrv_2011	negative	FungalRV-negative-dataset-2644seq.fasta	424	gi|239595288|gb|EEQ77869.1| methylenetetrahydrofolate dehydrogenase [Ajellomyces dermatitidis SLH14081]	239595288	339
fungalrv2011_neg_0425	fungalrv_2011	negative	FungalRV-negative-dataset-2644seq.fasta	425	gi|239615468|gb|EEQ92455.1| methylmalonyl-CoA decarboxylase [Ajellomyces dermatitidis ER-3]	239615468	585
fungalrv2011_neg_0426	fungalrv_2011	negative	FungalRV-negative-dataset-2644seq.fasta	426	gi|239610415|gb|EEQ87402.1| malate dehydrogenase [Ajellomyces dermatitidis ER-3]	239610415	340
fungalrv2011_neg_0427	fungalrv_2011	negative	FungalRV-negative-dataset-2644seq.fasta	427	gi|70981881|ref|XP_746469.1| aldehyde dehydrogenase [Aspergillus fumigatus Af293]	70981881	484
fungalrv2011_neg_0428	fungalrv_2011	negative	FungalRV-negative-dataset-2644seq.fasta	428	gi|70989179|ref|XP_749439.1| ribosomal protein L34 protein [Aspergillus fumigatus Af293]	70989179	192
fungalrv2011_neg_0429	fungalrv_2011	negative	FungalRV-negative-dataset-2644seq.fasta	429	gi|238878367|gb|EEQ42005.1| 60S ribosomal protein L27 [Candida albicans WO-1]	238878367	80
fungalrv2011_neg_0430	fungalrv_2011	negative	FungalRV-negative-dataset-2644seq.fasta	430	gi|70982498|ref|XP_746777.1| mitochondrial exoribonuclease Cyt-4 [Aspergillus fumigatus Af293]	70982498	1043
fungalrv2011_neg_0431	fungalrv_2011	negative	FungalRV-negative-dataset-2644seq.fasta	431	gi|239588647|gb|EEQ71290.1| aldehyde dehydrogenase [Ajellomyces dermatitidis SLH14081]	239588647	471
fungalrv2011_neg_0432	fungalrv_2011	negative	FungalRV-negative-dataset-2644seq.fasta	432	gi|74690618|sp|Q6FJJ8.1|MRH4_CANGA RecName: Full=ATP-dependent RNA helicase MRH4, mitochondrial; Flags: Precursor	74690618	568
fungalrv2011_neg_0433	fungalrv_2011	negative	FungalRV-negative-dataset-2644seq.fasta	433	gi|66852405|gb|EAL92730.1| 60S ribosomal protein L35Ae [Aspergillus fumigatus Af293]	66852405	119
fungalrv2011_neg_0434	fungalrv_2011	negative	FungalRV-negative-dataset-2644seq.fasta	434	gi|239589608|gb|EEQ72251.1| 2-oxoglutarate dehydrogenase E1 component [Ajellomyces dermatitidis SLH14081]	239589608	1066
fungalrv2011_neg_0435	fungalrv_2011	negative	FungalRV-negative-dataset-2644seq.fasta	435	gi|29500877|emb|CAD54427.1| cytochrome-c oxidase subunit III [Candida glabrata]	29500877	269
fungalrv2011_neg_0436	fungalrv_2011	negative	FungalRV-negative-dataset-2644seq.fasta	436	gi|239608649|gb|EEQ85636.1| 2-oxoglutarate dehydrogenase E1 component [Ajellomyces dermatitidis ER-3]	239608649	1066
fungalrv2011_neg_0437	fungalrv_2011	negative	FungalRV-negative-dataset-2644seq.fasta	437	gi|239609033|gb|EEQ86020.1| poly(A) polymerase [Ajellomyces dermatitidis ER-3]	239609033	1129
fungalrv2011_neg_0438	fungalrv_2011	negative	FungalRV-negative-dataset-2644seq.fasta	438	gi|239588967|gb|EEQ71610.1| 50S ribosomal subunit protein L15 [Ajellomyces dermatitidis SLH14081]	239588967	290
fungalrv2011_neg_0439	fungalrv_2011	negative	FungalRV-negative-dataset-2644seq.fasta	439	gi|118582181|sp|Q1E5R1.1|DHH1_COCIM RecName: Full=ATP-dependent RNA helicase DHH1	118582181	512
fungalrv2011_neg_0440	fungalrv_2011	negative	FungalRV-negative-dataset-2644seq.fasta	440	gi|74627388|sp|Q5A9Z6.1|FAL1_CANAL RecName: Full=ATP-dependent RNA helicase FAL1	74627388	399
fungalrv2011_neg_0441	fungalrv_2011	negative	FungalRV-negative-dataset-2644seq.fasta	441	gi|239606500|gb|EEQ83487.1| succinate-semialdehyde dehydrogenase [Ajellomyces dermatitidis ER-3]	239606500	507
fungalrv2011_neg_0442	fungalrv_2011	negative	FungalRV-negative-dataset-2644seq.fasta	442	gi|238881487|gb|EEQ45125.1| peptide chain release factor 1, mitochondrial precursor [Candida albicans WO-1]	238881487	394
fungalrv2011_neg_0443	fungalrv_2011	negative	FungalRV-negative-dataset-2644seq.fasta	443	gi|239609874|gb|EEQ86861.1| hydrolase [Ajellomyces dermatitidis ER-3]	239609874	916
fungalrv2011_neg_0444	fungalrv_2011	negative	FungalRV-negative-dataset-2644seq.fasta	444	gi|66845249|gb|EAL85584.1| 37S ribosomal protein S9 [Aspergillus fumigatus Af293]	66845249	315
fungalrv2011_neg_0445	fungalrv_2011	negative	FungalRV-negative-dataset-2644seq.fasta	445	gi|238880182|gb|EEQ43820.1| mitochondrial ribosomal protein S19 [Candida albicans WO-1]	238880182	91
fungalrv2011_neg_0446	fungalrv_2011	negative	FungalRV-negative-dataset-2644seq.fasta	446	gi|239595015|gb|EEQ77596.1| hydrolase [Ajellomyces dermatitidis SLH14081]	239595015	916
fungalrv2011_neg_0447	fungalrv_2011	negative	FungalRV-negative-dataset-2644seq.fasta	447	gi|74637364|sp|Q6FM05.1|RT10_CANGA RecName: Full=30S ribosomal protein S10, mitochondrial; AltName: Full=Mitochondrial ribosomal small subunit protein 10; Flags: Precursor	74637364	235
fungalrv2011_neg_0448	fungalrv_2011	negative	FungalRV-negative-dataset-2644seq.fasta	448	gi|239609166|gb|EEQ86153.1| aromatic-L-amino acid decarboxylase [Ajellomyces dermatitidis ER-3]	239609166	546
fungalrv2011_neg_0449	fungalrv_2011	negative	FungalRV-negative-dataset-2644seq.fasta	449	gi|239592276|gb|EEQ74857.1| fumarylacetoacetate hydrolase [Ajellomyces dermatitidis SLH14081]	239592276	231
fungalrv2011_neg_0450	fungalrv_2011	negative	FungalRV-negative-dataset-2644seq.fasta	450	gi|239610968|gb|EEQ87955.1| peptidyl-tRNA hydrolase domain-containing protein [Ajellomyces dermatitidis ER-3]	239610968	196
fungalrv2011_neg_0451	fungalrv_2011	negative	FungalRV-negative-dataset-2644seq.fasta	451	gi|238880222|gb|EEQ43860.1| aconitate hydratase, mitochondrial precursor [Candida albicans WO-1]	238880222	777
fungalrv2011_neg_0452	fungalrv_2011	negative	FungalRV-negative-dataset-2644seq.fasta	452	gi|239613339|gb|EEQ90326.1| succinate dehydrogenase cytochrome b560 subunit [Ajellomyces dermatitidis ER-3]	239613339	278
fungalrv2011_neg_0453	fungalrv_2011	negative	FungalRV-negative-dataset-2644seq.fasta	453	gi|123187083|gb|ABM69252.1| MAP kinase kinase kinase [Candida glabrata]	123187083	1755
fungalrv2011_neg_0454	fungalrv_2011	negative	FungalRV-negative-dataset-2644seq.fasta	454	gi|32567800|ref|NP_075039.2| NADH dehydrogenase subunit 4L [Candida albicans SC5314]	32567800	84
fungalrv2011_neg_0455	fungalrv_2011	negative	FungalRV-negative-dataset-2644seq.fasta	455	gi|74608568|sp|Q6FKN8.1|DBP5_CANGA RecName: Full=ATP-dependent RNA helicase DBP5	74608568	504
fungalrv2011_neg_0456	fungalrv_2011	negative	FungalRV-negative-dataset-2644seq.fasta	456	gi|70990294|ref|XP_749996.1| DNA-directed RNA polymerase III, beta subunit [Aspergillus fumigatus Af293]	70990294	1200
fungalrv2011_neg_0457	fungalrv_2011	negative	FungalRV-negative-dataset-2644seq.fasta	457	gi|239613089|gb|EEQ90076.1| N-carbamoyl-D-amino acid hydrolase [Ajellomyces dermatitidis ER-3]	239613089	327
fungalrv2011_neg_0458	fungalrv_2011	negative	FungalRV-negative-dataset-2644seq.fasta	458	gi|66852678|gb|EAL93003.1| 60S ribosomal protein L27a, putative [Aspergillus fumigatus Af293]	66852678	149
fungalrv2011_neg_0459	fungalrv_2011	negative	FungalRV-negative-dataset-2644seq.fasta	459	gi|239586794|gb|EEQ69437.1| 60S ribosomal protein L6 [Ajellomyces dermatitidis SLH14081]	239586794	204
fungalrv2011_neg_0460	fungalrv_2011	negative	FungalRV-negative-dataset-2644seq.fasta	460	gi|239594109|gb|EEQ76690.1| xanthine dehydrogenase [Ajellomyces dermatitidis SLH14081]	239594109	1397
fungalrv2011_neg_0461	fungalrv_2011	negative	FungalRV-negative-dataset-2644seq.fasta	461	gi|71000275|ref|XP_754832.1| succinate dehydrogenase subunit Sdh1 [Aspergillus fumigatus Af293]	71000275	647
fungalrv2011_neg_0462	fungalrv_2011	negative	FungalRV-negative-dataset-2644seq.fasta	462	gi|74679677|sp|Q59S50.1|DBP7_CANAL RecName: Full=ATP-dependent RNA helicase DBP7	74679677	727
fungalrv2011_neg_0463	fungalrv_2011	negative	FungalRV-negative-dataset-2644seq.fasta	463	gi|146323490|ref|XP_754227.2| phosphatidylserine decarboxylase Psd2 [Aspergillus fumigatus Af293]	146323490	1077
fungalrv2011_neg_0464	fungalrv_2011	negative	FungalRV-negative-dataset-2644seq.fasta	464	gi|158564251|sp|Q1E024.2|MED5_COCIM RecName: Full=Mediator of RNA polymerase II transcription subunit 5; AltName: Full=Mediator complex subunit 5	158564251	1052
fungalrv2011_neg_0465	fungalrv_2011	negative	FungalRV-negative-dataset-2644seq.fasta	465	gi|159122409|gb|EDP47530.1| 37S ribosomal protein S9 [Aspergillus fumigatus A1163]	159122409	315
fungalrv2011_neg_0466	fungalrv_2011	negative	FungalRV-negative-dataset-2644seq.fasta	466	gi|70996550|ref|XP_753030.1| short chain dehydrogenase family protein [Aspergillus fumigatus Af293]	70996550	330
fungalrv2011_neg_0467	fungalrv_2011	negative	FungalRV-negative-dataset-2644seq.fasta	467	gi|239591311|gb|EEQ73892.1| ubiquitin C-terminal hydrolase [Ajellomyces dermatitidis SLH14081]	239591311	2542
fungalrv2011_neg_0468	fungalrv_2011	negative	FungalRV-negative-dataset-2644seq.fasta	468	gi|70989825|ref|XP_749762.1| ubiquitin C-terminal hydrolase [Aspergillus fumigatus Af293]	70989825	696
fungalrv2011_neg_0469	fungalrv_2011	negative	FungalRV-negative-dataset-2644seq.fasta	469	gi|74656084|sp|Q59M70.1|MCR1_CANAL RecName: Full=NADH-cytochrome b5 reductase 2; AltName: Full=Mitochondrial cytochrome b reductase	74656084	301
fungalrv2011_neg_0470	fungalrv_2011	negative	FungalRV-negative-dataset-2644seq.fasta	470	gi|71002130|ref|XP_755746.1| ubiquitin C-terminal hydrolase [Aspergillus fumigatus Af293]	71002130	1694
fungalrv2011_neg_0471	fungalrv_2011	negative	FungalRV-negative-dataset-2644seq.fasta	471	gi|90304379|gb|EAS34010.1| elongation factor 2 [Coccidioides immitis RS]	90304379	843
fungalrv2011_neg_0472	fungalrv_2011	negative	FungalRV-negative-dataset-2644seq.fasta	472	gi|239592826|gb|EEQ75407.1| acyl-CoA dehydrogenase [Ajellomyces dermatitidis SLH14081]	239592826	546
fungalrv2011_neg_0473	fungalrv_2011	negative	FungalRV-negative-dataset-2644seq.fasta	473	gi|66847123|gb|EAL87454.1| 40S ribosomal protein S21 [Aspergillus fumigatus Af293]	66847123	88
fungalrv2011_neg_0474	fungalrv_2011	negative	FungalRV-negative-dataset-2644seq.fasta	474	gi|239590999|gb|EEQ73580.1| N-carbamoyl-D-amino acid hydrolase [Ajellomyces dermatitidis SLH14081]	239590999	327
fungalrv2011_neg_0475	fungalrv_2011	negative	FungalRV-negative-dataset-2644seq.fasta	475	gi|70989087|ref|XP_749393.1| HAD superfamily hydrolase [Aspergillus fumigatus Af293]	70989087	401
fungalrv2011_neg_0476	fungalrv_2011	negative	FungalRV-negative-dataset-2644seq.fasta	476	gi|74661253|sp|Q6FQU5.1|DHH1_CANGA RecName: Full=ATP-dependent RNA helicase DHH1	74661253	507
fungalrv2011_neg_0477	fungalrv_2011	negative	FungalRV-negative-dataset-2644seq.fasta	477	gi|66851025|gb|EAL91351.1| DNA polymerase gamma [Aspergillus fumigatus Af293]	66851025	1135
fungalrv2011_neg_0478	fungalrv_2011	negative	FungalRV-negative-dataset-2644seq.fasta	478	gi|239589965|gb|EEQ72608.1| L-arabitol dehydrogenase [Ajellomyces dermatitidis SLH14081]	239589965	384
fungalrv2011_neg_0479	fungalrv_2011	negative	FungalRV-negative-dataset-2644seq.fasta	479	gi|70982805|ref|XP_746930.1| cytidine deaminase [Aspergillus fumigatus Af293]	70982805	151
fungalrv2011_neg_0480	fungalrv_2011	negative	FungalRV-negative-dataset-2644seq.fasta	480	gi|52783043|sp|Q6FRB7.1|IPYR_CANGA RecName: Full=Inorganic pyrophosphatase; AltName: Full=Pyrophosphate phospho-hydrolase; Short=PPase	52783043	287
fungalrv2011_neg_0481	fungalrv_2011	negative	FungalRV-negative-dataset-2644seq.fasta	481	gi|239607715|gb|EEQ84702.1| methylenetetrahydrofolate dehydrogenase [Ajellomyces dermatitidis ER-3]	239607715	339
fungalrv2011_neg_0482	fungalrv_2011	negative	FungalRV-negative-dataset-2644seq.fasta	482	gi|239608383|gb|EEQ85370.1| ubiquitin C-terminal hydrolase [Ajellomyces dermatitidis ER-3]	239608383	719
fungalrv2011_neg_0483	fungalrv_2011	negative	FungalRV-negative-dataset-2644seq.fasta	483	gi|70998997|ref|XP_754220.1| RNA polymerase II mediator complex subunit Soh1 [Aspergillus fumigatus Af293]	70998997	162
fungalrv2011_neg_0484	fungalrv_2011	negative	FungalRV-negative-dataset-2644seq.fasta	484	gi|74610702|sp|Q6FVZ7.1|RT25_CANGA RecName: Full=37S ribosomal protein S25, mitochondrial	74610702	272
fungalrv2011_neg_0485	fungalrv_2011	negative	FungalRV-negative-dataset-2644seq.fasta	485	gi|71000882|ref|XP_755122.1| Patatin-like serine hydrolase [Aspergillus fumigatus Af293]	71000882	625
fungalrv2011_neg_0486	fungalrv_2011	negative	FungalRV-negative-dataset-2644seq.fasta	486	gi|239588933|gb|EEQ71576.1| choline dehydrogenase [Ajellomyces dermatitidis SLH14081]	239588933	499
fungalrv2011_neg_0487	fungalrv_2011	negative	FungalRV-negative-dataset-2644seq.fasta	487	gi|54036350|sp|Q6FQA6.1|RPAB1_CANGA RecName: Full=DNA-directed RNA polymerases I, II, and III subunit RPABC1; Short=RNA polymerases I, II, and III subunit ABC1	54036350	215
fungalrv2011_neg_0488	fungalrv_2011	negative	FungalRV-negative-dataset-2644seq.fasta	488	gi|71001436|ref|XP_755399.1| mannitol-1-phosphate dehydrogenase [Aspergillus fumigatus Af293]	71001436	388
fungalrv2011_neg_0489	fungalrv_2011	negative	FungalRV-negative-dataset-2644seq.fasta	489	gi|47176865|gb|AAT12585.1| RNA polymerase II largest subunit [Candida albicans]	47176865	206
fungalrv2011_neg_0490	fungalrv_2011	negative	FungalRV-negative-dataset-2644seq.fasta	490	gi|70995309|ref|XP_752414.1| DNA polymerase POL4 [Aspergillus fumigatus Af293]	70995309	702
fungalrv2011_neg_0491	fungalrv_2011	negative	FungalRV-negative-dataset-2644seq.fasta	491	gi|70992513|ref|XP_751105.1| ubiquitin C-terminal hydrolase [Aspergillus fumigatus Af293]	70992513	1204
fungalrv2011_neg_0492	fungalrv_2011	negative	FungalRV-negative-dataset-2644seq.fasta	492	gi|13182945|gb|AAK14998.1|AF233343_1 serine/threonine kinase [Candida glabrata]	13182945	802
fungalrv2011_neg_0493	fungalrv_2011	negative	FungalRV-negative-dataset-2644seq.fasta	493	gi|239586664|gb|EEQ69307.1| cytidine deaminase [Ajellomyces dermatitidis SLH14081]	239586664	121
fungalrv2011_neg_0494	fungalrv_2011	negative	FungalRV-negative-dataset-2644seq.fasta	494	gi|239594758|gb|EEQ77339.1| ubiquitin C-terminal hydrolase [Ajellomyces dermatitidis SLH14081]	239594758	756
fungalrv2011_neg_0495	fungalrv_2011	negative	FungalRV-negative-dataset-2644seq.fasta	495	gi|70990280|ref|XP_749989.1| alpha/beta hydrolase [Aspergillus fumigatus Af293]	70990280	520
fungalrv2011_neg_0496	fungalrv_2011	negative	FungalRV-negative-dataset-2644seq.fasta	496	gi|238879971|gb|EEQ43609.1| succinate dehydrogenase iron-sulfur protein, mitochondrial precursor [Candida albicans WO-1]	238879971	263
fungalrv2011_neg_0497	fungalrv_2011	negative	FungalRV-negative-dataset-2644seq.fasta	497	gi|239613353|gb|EEQ90340.1| DNA polymerase POL4 [Ajellomyces dermatitidis ER-3]	239613353	717
fungalrv2011_neg_0498	fungalrv_2011	negative	FungalRV-negative-dataset-2644seq.fasta	498	gi|728536|emb|CAA49205.1| cytochrome oxidase subunit 2 [Candida glabrata]	728536	251
fungalrv2011_neg_0499	fungalrv_2011	negative	FungalRV-negative-dataset-2644seq.fasta	499	gi|70993396|ref|XP_751545.1| methylmalonate-semialdehyde dehydrogenase [Aspergillus fumigatus Af293]	70993396	602
fungalrv2011_neg_0500	fungalrv_2011	negative	FungalRV-negative-dataset-2644seq.fasta	500	gi|18369812|dbj|BAB84101.1| DNA topoisomerase II [Aspergillus fumigatus]	18369812	1495
fungalrv2011_neg_0501	fungalrv_2011	negative	FungalRV-negative-dataset-2644seq.fasta	501	gi|74610640|sp|Q6FVQ3.1|COX19_CANGA RecName: Full=Cytochrome c oxidase assembly protein COX19	74610640	86
fungalrv2011_neg_0502	fungalrv_2011	negative	FungalRV-negative-dataset-2644seq.fasta	502	gi|70999464|ref|XP_754451.1| ubiquitin C-terminal hydrolase [Aspergillus fumigatus Af293]	70999464	649
fungalrv2011_neg_0503	fungalrv_2011	negative	FungalRV-negative-dataset-2644seq.fasta	503	gi|70983101|ref|XP_747078.1| epsilon-lactone hydrolase [Aspergillus fumigatus Af293]	70983101	256
fungalrv2011_neg_0504	fungalrv_2011	negative	FungalRV-negative-dataset-2644seq.fasta	504	gi|239609724|gb|EEQ86711.1| NUDIX family hydrolase [Ajellomyces dermatitidis ER-3]	239609724	405
fungalrv2011_neg_0505	fungalrv_2011	negative	FungalRV-negative-dataset-2644seq.fasta	505	gi|239612402|gb|EEQ89389.1| RNA polymerase III transcription factor subunit [Ajellomyces dermatitidis ER-3]	239612402	599
fungalrv2011_neg_0506	fungalrv_2011	negative	FungalRV-negative-dataset-2644seq.fasta	506	gi|239595314|gb|EEQ77895.1| DNA-directed RNA polymerase III polypeptide [Ajellomyces dermatitidis SLH14081]	239595314	195
fungalrv2011_neg_0507	fungalrv_2011	negative	FungalRV-negative-dataset-2644seq.fasta	507	gi|238880744|gb|EEQ44382.1| succinate-semialdehyde dehydrogenase [Candida albicans WO-1]	238880744	491
fungalrv2011_neg_0508	fungalrv_2011	negative	FungalRV-negative-dataset-2644seq.fasta	508	gi|239614028|gb|EEQ91015.1| aldehyde dehydrogenase [Ajellomyces dermatitidis ER-3]	239614028	471
fungalrv2011_neg_0509	fungalrv_2011	negative	FungalRV-negative-dataset-2644seq.fasta	509	gi|239612171|gb|EEQ89158.1| RNA-directed RNA polymerase [Ajellomyces dermatitidis ER-3]	239612171	1382
fungalrv2011_neg_0510	fungalrv_2011	negative	FungalRV-negative-dataset-2644seq.fasta	510	gi|239610121|gb|EEQ87108.1| ubiquitin C-terminal hydrolase [Ajellomyces dermatitidis ER-3]	239610121	756
fungalrv2011_neg_0511	fungalrv_2011	negative	FungalRV-negative-dataset-2644seq.fasta	511	gi|239594715|gb|EEQ77296.1| glycerol-3-phosphate dehydrogenase [Ajellomyces dermatitidis SLH14081]	239594715	725
fungalrv2011_neg_0512	fungalrv_2011	negative	FungalRV-negative-dataset-2644seq.fasta	512	gi|74609021|sp|Q6FMU7.1|SSU72_CANGA RecName: Full=RNA polymerase II subunit A C-terminal domain phosphatase SSU72; Short=CTD phosphatase SSU72; AltName: Full=Suppressor of SUA7 protein 2 homolog	74609021	204
fungalrv2011_neg_0513	fungalrv_2011	negative	FungalRV-negative-dataset-2644seq.fasta	513	gi|239593243|gb|EEQ75824.1| 30S ribosomal protein S28e [Ajellomyces dermatitidis SLH14081]	239593243	69
fungalrv2011_neg_0514	fungalrv_2011	negative	FungalRV-negative-dataset-2644seq.fasta	514	gi|46433129|gb|EAK92581.1| inosine-5'-monophosphate dehydrogenase fragment [Candida albicans SC5314]	46433129	340
fungalrv2011_neg_0515	fungalrv_2011	negative	FungalRV-negative-dataset-2644seq.fasta	515	gi|29570604|ref|NP_818778.1| cytochrome-c oxidase subunit I [Candida glabrata CBS138]	29570604	534
fungalrv2011_neg_0516	fungalrv_2011	negative	FungalRV-negative-dataset-2644seq.fasta	516	gi|239615166|gb|EEQ92153.1| FAD/FMN-containing dehydrogenase [Ajellomyces dermatitidis ER-3]	239615166	573
fungalrv2011_neg_0517	fungalrv_2011	negative	FungalRV-negative-dataset-2644seq.fasta	517	gi|239596089|gb|EEQ78670.1| mitochondrial exoribonuclease Cyt-4 [Ajellomyces dermatitidis SLH14081]	239596089	1078
fungalrv2011_neg_0518	fungalrv_2011	negative	FungalRV-negative-dataset-2644seq.fasta	518	gi|70996726|ref|XP_753118.1| D-lactate dehydrogenase (cytochrome) [Aspergillus fumigatus Af293]	70996726	574
fungalrv2011_neg_0519	fungalrv_2011	negative	FungalRV-negative-dataset-2644seq.fasta	519	gi|239608911|gb|EEQ85898.1| xanthine dehydrogenase [Ajellomyces dermatitidis ER-3]	239608911	1417
fungalrv2011_neg_0520	fungalrv_2011	negative	FungalRV-negative-dataset-2644seq.fasta	520	gi|239596138|gb|EEQ78719.1| NUDIX family hydrolase [Ajellomyces dermatitidis SLH14081]	239596138	405
fungalrv2011_neg_0521	fungalrv_2011	negative	FungalRV-negative-dataset-2644seq.fasta	521	gi|238880872|gb|EEQ44510.1| 40S ribosomal protein S15 [Candida albicans WO-1]	238880872	142
fungalrv2011_neg_0522	fungalrv_2011	negative	FungalRV-negative-dataset-2644seq.fasta	522	gi|90306612|gb|EAS36243.1| 2-oxoglutarate dehydrogenase E1 component [Coccidioides immitis RS]	90306612	895
fungalrv2011_neg_0523	fungalrv_2011	negative	FungalRV-negative-dataset-2644seq.fasta	523	gi|90305369|gb|EAS35000.1| succinate-semialdehyde dehydrogenase [Coccidioides immitis RS]	90305369	500
fungalrv2011_neg_0524	fungalrv_2011	negative	FungalRV-negative-dataset-2644seq.fasta	524	gi|54040793|sp|P43373.2|COX2_CANGA RecName: Full=Cytochrome c oxidase subunit 2; AltName: Full=Cytochrome c oxidase polypeptide II	54040793	251
fungalrv2011_neg_0525	fungalrv_2011	negative	FungalRV-negative-dataset-2644seq.fasta	525	gi|239612042|gb|EEQ89029.1| glycoside hydrolase family 2 multidomain protein [Ajellomyces dermatitidis ER-3]	239612042	672
fungalrv2011_neg_0526	fungalrv_2011	negative	FungalRV-negative-dataset-2644seq.fasta	526	gi|74680371|sp|Q5ALW7.1|PPME1_CANAL RecName: Full=Protein phosphatase methylesterase 1; Short=PME-1	74680371	360
fungalrv2011_neg_0527	fungalrv_2011	negative	FungalRV-negative-dataset-2644seq.fasta	527	gi|74591338|sp|Q5AFG1.1|ALB1_CANAL RecName: Full=Ribosome biogenesis protein ALB1	74591338	153
fungalrv2011_neg_0528	fungalrv_2011	negative	FungalRV-negative-dataset-2644seq.fasta	528	gi|239613365|gb|EEQ90352.1| epoxide hydrolase [Ajellomyces dermatitidis ER-3]	239613365	351
fungalrv2011_neg_0529	fungalrv_2011	negative	FungalRV-negative-dataset-2644seq.fasta	529	gi|74680157|sp|Q5ACX1.1|RAD5_CANAL RecName: Full=DNA repair protein RAD5	74680157	1084
fungalrv2011_neg_0530	fungalrv_2011	negative	FungalRV-negative-dataset-2644seq.fasta	530	gi|74608937|sp|Q6FMF8.1|RS21_CANGA RecName: Full=40S ribosomal protein S21	74608937	87
fungalrv2011_neg_0531	fungalrv_2011	negative	FungalRV-negative-dataset-2644seq.fasta	531	gi|71000757|ref|XP_755060.1| mitochondrial translation release factor (RF-1) [Aspergillus fumigatus Af293]	71000757	256
fungalrv2011_neg_0532	fungalrv_2011	negative	FungalRV-negative-dataset-2644seq.fasta	532	gi|239590381|gb|EEQ72962.1| D-arabinitol dehydrogenase [Ajellomyces dermatitidis SLH14081]	239590381	380
fungalrv2011_neg_0533	fungalrv_2011	negative	FungalRV-negative-dataset-2644seq.fasta	533	gi|119398027|gb|EAW08458.1| DNA-directed rna polymerase III subunit [Aspergillus clavatus NRRL 1]	119398027	1246
fungalrv2011_neg_0534	fungalrv_2011	negative	FungalRV-negative-dataset-2644seq.fasta	534	gi|239592254|gb|EEQ74835.1| DNA polymerase delta subunit 2 [Ajellomyces dermatitidis SLH14081]	239592254	566
fungalrv2011_neg_0535	fungalrv_2011	negative	FungalRV-negative-dataset-2644seq.fasta	535	gi|2696030|dbj|BAA23802.1| poly A polymerase [Candida albicans]	2696030	558
fungalrv2011_neg_0536	fungalrv_2011	negative	FungalRV-negative-dataset-2644seq.fasta	536	gi|90305629|gb|EAS35260.1| methylmalonate-semialdehyde dehydrogenase [Coccidioides immitis RS]	90305629	579
fungalrv2011_neg_0537	fungalrv_2011	negative	FungalRV-negative-dataset-2644seq.fasta	537	gi|70996754|ref|XP_753132.1| histidinol dehydrogenase [Aspergillus fumigatus Af293]	70996754	437
fungalrv2011_neg_0538	fungalrv_2011	negative	FungalRV-negative-dataset-2644seq.fasta	538	gi|239593421|gb|EEQ76002.1| mannitol-1-phosphate dehydrogenase [Ajellomyces dermatitidis SLH14081]	239593421	388
fungalrv2011_neg_0539	fungalrv_2011	negative	FungalRV-negative-dataset-2644seq.fasta	539	gi|146322696|ref|XP_753136.2| short chain dehydrogenase [Aspergillus fumigatus Af293]	146322696	253
fungalrv2011_neg_0540	fungalrv_2011	negative	FungalRV-negative-dataset-2644seq.fasta	540	gi|54036109|sp|Q6FV12.1|KPYK2_CANGA RecName: Full=Pyruvate kinase 2; Short=PK 2	54036109	508
fungalrv2011_neg_0541	fungalrv_2011	negative	FungalRV-negative-dataset-2644seq.fasta	541	gi|66853155|gb|EAL93479.1| 60S ribosomal protein L3 [Aspergillus fumigatus Af293]	66853155	392
fungalrv2011_neg_0542	fungalrv_2011	negative	FungalRV-negative-dataset-2644seq.fasta	542	gi|239587021|gb|EEQ69664.1| DNA polymerase epsilon catalytic subunit A [Ajellomyces dermatitidis SLH14081]	239587021	2232
fungalrv2011_neg_0543	fungalrv_2011	negative	FungalRV-negative-dataset-2644seq.fasta	543	gi|239592811|gb|EEQ75392.1| succinate-semialdehyde dehydrogenase [Ajellomyces dermatitidis SLH14081]	239592811	528
fungalrv2011_neg_0544	fungalrv_2011	negative	FungalRV-negative-dataset-2644seq.fasta	544	gi|239591437|gb|EEQ74018.1| pyruvate decarboxylase [Ajellomyces dermatitidis SLH14081]	239591437	598
fungalrv2011_neg_0545	fungalrv_2011	negative	FungalRV-negative-dataset-2644seq.fasta	545	gi|90306799|gb|EAS36430.1| succinyl-CoA:3-ketoacid-coenzyme A transferase 1, mitochondrial precursor [Coccidioides immitis RS]	90306799	520
fungalrv2011_neg_0546	fungalrv_2011	negative	FungalRV-negative-dataset-2644seq.fasta	546	gi|238879439|gb|EEQ43077.1| elongation factor Tu, mitochondrial precursor [Candida albicans WO-1]	238879439	426
fungalrv2011_neg_0547	fungalrv_2011	negative	FungalRV-negative-dataset-2644seq.fasta	547	gi|239589888|gb|EEQ72531.1| orotidine-5'-phosphate decarboxylase [Ajellomyces dermatitidis SLH14081]	239589888	437
fungalrv2011_neg_0548	fungalrv_2011	negative	FungalRV-negative-dataset-2644seq.fasta	548	gi|239592771|gb|EEQ75352.1| dehydrogenase [Ajellomyces dermatitidis SLH14081]	239592771	364
fungalrv2011_neg_0549	fungalrv_2011	negative	FungalRV-negative-dataset-2644seq.fasta	549	gi|239611025|gb|EEQ88012.1| succinate-semialdehyde dehydrogenase [Ajellomyces dermatitidis ER-3]	239611025	528
fungalrv2011_neg_0550	fungalrv_2011	negative	FungalRV-negative-dataset-2644seq.fasta	550	gi|239589453|gb|EEQ72096.1| FAD/FMN-containing dehydrogenase [Ajellomyces dermatitidis SLH14081]	239589453	585
fungalrv2011_neg_0551	fungalrv_2011	negative	FungalRV-negative-dataset-2644seq.fasta	551	gi|239590453|gb|EEQ73034.1| RNA-directed RNA polymerase [Ajellomyces dermatitidis SLH14081]	239590453	1382
fungalrv2011_neg_0552	fungalrv_2011	negative	FungalRV-negative-dataset-2644seq.fasta	552	gi|239612705|gb|EEQ89692.1| orotidine-5'-phosphate decarboxylase [Ajellomyces dermatitidis ER-3]	239612705	437
fungalrv2011_neg_0553	fungalrv_2011	negative	FungalRV-negative-dataset-2644seq.fasta	553	gi|70997928|ref|XP_753696.1| RNA-directed RNA polymerase [Aspergillus fumigatus Af293]	70997928	1318
fungalrv2011_neg_0554	fungalrv_2011	negative	FungalRV-negative-dataset-2644seq.fasta	554	gi|239612629|gb|EEQ89616.1| mitochondrial F1F0-ATP synthase g subunit [Ajellomyces dermatitidis ER-3]	239612629	199
fungalrv2011_neg_0555	fungalrv_2011	negative	FungalRV-negative-dataset-2644seq.fasta	555	gi|218563520|sp|P0C8K9.1|COX1_CANAL RecName: Full=Cytochrome c oxidase subunit 1; AltName: Full=Cytochrome c oxidase polypeptide I	218563520	531
fungalrv2011_neg_0556	fungalrv_2011	negative	FungalRV-negative-dataset-2644seq.fasta	556	gi|70996843|ref|XP_753176.1| pyruvate decarboxylase [Aspergillus fumigatus Af293]	70996843	561
fungalrv2011_neg_0557	fungalrv_2011	negative	FungalRV-negative-dataset-2644seq.fasta	557	gi|74690698|sp|Q6FLA4.1|ERB1_CANGA RecName: Full=Ribosome biogenesis protein ERB1; AltName: Full=Eukaryotic ribosome biogenesis protein 1	74690698	805
fungalrv2011_neg_0558	fungalrv_2011	negative	FungalRV-negative-dataset-2644seq.fasta	558	gi|70999892|ref|XP_754663.1| DNA polymerase epsilon, catalytic subunit A/POL2 [Aspergillus fumigatus Af293]	70999892	2230
fungalrv2011_neg_0559	fungalrv_2011	negative	FungalRV-negative-dataset-2644seq.fasta	559	gi|146323311|ref|XP_754927.2| RNA-directed RNA polymerase (Sad-1) [Aspergillus fumigatus Af293]	146323311	1423
fungalrv2011_neg_0560	fungalrv_2011	negative	FungalRV-negative-dataset-2644seq.fasta	560	gi|74584420|sp|Q59P50.1|YSH1_CANAL RecName: Full=Endoribonuclease YSH1; AltName: Full=mRNA 3'-end-processing protein YSH1	74584420	870
fungalrv2011_neg_0561	fungalrv_2011	negative	FungalRV-negative-dataset-2644seq.fasta	561	gi|238883692|gb|EEQ47330.1| mitochondrial RNA splicing protein MRS3 [Candida albicans WO-1]	238883692	325
fungalrv2011_neg_0562	fungalrv_2011	negative	FungalRV-negative-dataset-2644seq.fasta	562	gi|90306732|gb|EAS36363.1| NADH-ubiquinone oxidoreductase 40 kDa subunit, mitochondrial precursor [Coccidioides immitis RS]	90306732	386
fungalrv2011_neg_0563	fungalrv_2011	negative	FungalRV-negative-dataset-2644seq.fasta	563	gi|32567793|ref|NP_075031.2| NADH dehydrogenase subunit 6 [Candida albicans SC5314]	32567793	146
fungalrv2011_neg_0564	fungalrv_2011	negative	FungalRV-negative-dataset-2644seq.fasta	564	gi|20522022|gb|AAM26270.1| sn-glycerol-3-phosphate dehydrogenase NAD+ [Candida albicans]	20522022	366
fungalrv2011_neg_0565	fungalrv_2011	negative	FungalRV-negative-dataset-2644seq.fasta	565	gi|238883420|gb|EEQ47058.1| DNA polymerase delta catalytic subunit [Candida albicans WO-1]	238883420	849
fungalrv2011_neg_0566	fungalrv_2011	negative	FungalRV-negative-dataset-2644seq.fasta	566	gi|239590330|gb|EEQ72911.1| glycoside hydrolase family 2 multidomain protein [Ajellomyces dermatitidis SLH14081]	239590330	672
fungalrv2011_neg_0567	fungalrv_2011	negative	FungalRV-negative-dataset-2644seq.fasta	567	gi|239592060|gb|EEQ74641.1| mitochondrial chaperone bcs1 [Ajellomyces dermatitidis SLH14081]	239592060	195
fungalrv2011_neg_0568	fungalrv_2011	negative	FungalRV-negative-dataset-2644seq.fasta	568	gi|239587049|gb|EEQ69692.1| aldehyde dehydrogenase [Ajellomyces dermatitidis SLH14081]	239587049	502
fungalrv2011_neg_0569	fungalrv_2011	negative	FungalRV-negative-dataset-2644seq.fasta	569	gi|70994686|ref|XP_752120.1| acyl-CoA thioester hydrolase [Aspergillus fumigatus Af293]	70994686	409
fungalrv2011_neg_0570	fungalrv_2011	negative	FungalRV-negative-dataset-2644seq.fasta	570	gi|239606997|gb|EEQ83984.1| homoserine dehydrogenase [Ajellomyces dermatitidis ER-3]	239606997	370
fungalrv2011_neg_0571	fungalrv_2011	negative	FungalRV-negative-dataset-2644seq.fasta	571	gi|239587472|gb|EEQ70115.1| ribosomal protein S20 [Ajellomyces dermatitidis SLH14081]	239587472	116
fungalrv2011_neg_0572	fungalrv_2011	negative	FungalRV-negative-dataset-2644seq.fasta	572	gi|70995944|ref|XP_752727.1| small nuclear ribonucleoprotein complex protein Nhp2 [Aspergillus fumigatus Af293]	70995944	323
fungalrv2011_neg_0573	fungalrv_2011	negative	FungalRV-negative-dataset-2644seq.fasta	573	gi|238882575|gb|EEQ46213.1| Poly(A) polymerase [Candida albicans WO-1]	238882575	558
fungalrv2011_neg_0574	fungalrv_2011	negative	FungalRV-negative-dataset-2644seq.fasta	574	gi|239609676|gb|EEQ86663.1| mitochondrial exoribonuclease Cyt-4 [Ajellomyces dermatitidis ER-3]	239609676	1059
fungalrv2011_neg_0575	fungalrv_2011	negative	FungalRV-negative-dataset-2644seq.fasta	575	gi|90307665|gb|EAS37296.1| formate dehydrogenase [Coccidioides immitis RS]	90307665	371
fungalrv2011_neg_0576	fungalrv_2011	negative	FungalRV-negative-dataset-2644seq.fasta	576	gi|239612055|gb|EEQ89042.1| mitochondrial GTPase [Ajellomyces dermatitidis ER-3]	239612055	343
fungalrv2011_neg_0577	fungalrv_2011	negative	FungalRV-negative-dataset-2644seq.fasta	577	gi|239592912|gb|EEQ75493.1| 40S ribosomal protein S2 [Ajellomyces dermatitidis SLH14081]	239592912	371
fungalrv2011_neg_0578	fungalrv_2011	negative	FungalRV-negative-dataset-2644seq.fasta	578	gi|239613126|gb|EEQ90113.1| mitochondrial mRNA processing protein PET127 [Ajellomyces dermatitidis ER-3]	239613126	810
fungalrv2011_neg_0579	fungalrv_2011	negative	FungalRV-negative-dataset-2644seq.fasta	579	gi|70983700|ref|XP_747377.1| dehydrogenase [Aspergillus fumigatus Af293]	70983700	360
fungalrv2011_neg_0580	fungalrv_2011	negative	FungalRV-negative-dataset-2644seq.fasta	580	gi|70998899|ref|XP_754171.1| RNA polymerase II general transcription and DNA repair factor TFIIH component Tfb5 [Aspergillus fumigatus Af293]	70998899	72
fungalrv2011_neg_0581	fungalrv_2011	negative	FungalRV-negative-dataset-2644seq.fasta	581	gi|239594716|gb|EEQ77297.1| mannitol 1-phosphate dehydrogenase [Ajellomyces dermatitidis SLH14081]	239594716	335
fungalrv2011_neg_0582	fungalrv_2011	negative	FungalRV-negative-dataset-2644seq.fasta	582	gi|239613032|gb|EEQ90019.1| pyruvate decarboxylase [Ajellomyces dermatitidis ER-3]	239613032	598
fungalrv2011_neg_0583	fungalrv_2011	negative	FungalRV-negative-dataset-2644seq.fasta	583	gi|238881220|gb|EEQ44858.1| glycerol-3-phosphate dehydrogenase, mitochondrial precursor [Candida albicans WO-1]	238881220	650
fungalrv2011_neg_0584	fungalrv_2011	negative	FungalRV-negative-dataset-2644seq.fasta	584	gi|238883678|gb|EEQ47316.1| NAD-specific glutamate dehydrogenase [Candida albicans WO-1]	238883678	1056
fungalrv2011_neg_0585	fungalrv_2011	negative	FungalRV-negative-dataset-2644seq.fasta	585	gi|66848262|gb|EAL88591.1| 40S ribosomal protein S8 [Aspergillus fumigatus Af293]	66848262	170
fungalrv2011_neg_0586	fungalrv_2011	negative	FungalRV-negative-dataset-2644seq.fasta	586	gi|90305406|gb|EAS35037.1| 40S ribosomal protein S4 [Coccidioides immitis RS]	90305406	262
fungalrv2011_neg_0587	fungalrv_2011	negative	FungalRV-negative-dataset-2644seq.fasta	587	gi|239596122|gb|EEQ78703.1| isochorismatase family hydrolase [Ajellomyces dermatitidis SLH14081]	239596122	254
fungalrv2011_neg_0588	fungalrv_2011	negative	FungalRV-negative-dataset-2644seq.fasta	588	gi|239590484|gb|EEQ73065.1| succinate dehydrogenase flavoprotein subunit [Ajellomyces dermatitidis SLH14081]	239590484	613
fungalrv2011_neg_0589	fungalrv_2011	negative	FungalRV-negative-dataset-2644seq.fasta	589	gi|70989509|ref|XP_749604.1| ubiquitin C-terminal hydrolase [Aspergillus fumigatus Af293]	70989509	1108
fungalrv2011_neg_0590	fungalrv_2011	negative	FungalRV-negative-dataset-2644seq.fasta	590	gi|57012585|sp|Q6FPF3.1|ACH1_CANGA RecName: Full=Acetyl-CoA hydrolase; AltName: Full=Acetyl-CoA deacylase; Short=Acetyl-CoA acylase	57012585	526
fungalrv2011_neg_0591	fungalrv_2011	negative	FungalRV-negative-dataset-2644seq.fasta	591	gi|239588998|gb|EEQ71641.1| L-aminoadipate-semialdehyde dehydrogenase [Ajellomyces dermatitidis SLH14081]	239588998	1179
fungalrv2011_neg_0592	fungalrv_2011	negative	FungalRV-negative-dataset-2644seq.fasta	592	gi|239614970|gb|EEQ91957.1| RNA polymerase TFIIH complex subunit Ssl1 [Ajellomyces dermatitidis ER-3]	239614970	525
fungalrv2011_neg_0593	fungalrv_2011	negative	FungalRV-negative-dataset-2644seq.fasta	593	gi|121937180|sp|Q1DZB0.1|EIF3L_COCIM RecName: Full=Eukaryotic translation initiation factor 3 subunit L; Short=eIF3l	121937180	481
fungalrv2011_neg_0594	fungalrv_2011	negative	FungalRV-negative-dataset-2644seq.fasta	594	gi|239609276|gb|EEQ86263.1| glycerol-3-phosphate dehydrogenase [Ajellomyces dermatitidis ER-3]	239609276	725
fungalrv2011_neg_0595	fungalrv_2011	negative	FungalRV-negative-dataset-2644seq.fasta	595	gi|74690583|sp|Q6FIK2.1|YME2_CANGA RecName: Full=Mitochondrial escape protein 2; Flags: Precursor	74690583	848
fungalrv2011_neg_0596	fungalrv_2011	negative	FungalRV-negative-dataset-2644seq.fasta	596	gi|66848352|gb|EAL88681.1| DNA-directed RNA polymerase I subunit beta (Rpa2), putative [Aspergillus fumigatus Af293]	66848352	1235
fungalrv2011_neg_0597	fungalrv_2011	negative	FungalRV-negative-dataset-2644seq.fasta	597	gi|129558602|gb|EAL93965.2| tRNA nucleotidyltransferase [Aspergillus fumigatus Af293]	129558602	633
fungalrv2011_neg_0598	fungalrv_2011	negative	FungalRV-negative-dataset-2644seq.fasta	598	gi|239593457|gb|EEQ76038.1| 3-hydroxybutyryl-CoA dehydrogenase [Ajellomyces dermatitidis SLH14081]	239593457	320
fungalrv2011_neg_0599	fungalrv_2011	negative	FungalRV-negative-dataset-2644seq.fasta	599	gi|239590345|gb|EEQ72926.1| mitochondrial GTPase [Ajellomyces dermatitidis SLH14081]	239590345	343
fungalrv2011_neg_0600	fungalrv_2011	negative	FungalRV-negative-dataset-2644seq.fasta	600	gi|74637995|sp|Q6FX31.1|RSA3_CANGA RecName: Full=Ribosome assembly protein 3	74637995	190
fungalrv2011_neg_0601	fungalrv_2011	negative	FungalRV-negative-dataset-2644seq.fasta	601	gi|70999526|ref|XP_754482.1| mitochondrial large ribosomal subunit L49 [Aspergillus fumigatus Af293]	70999526	283
fungalrv2011_neg_0602	fungalrv_2011	negative	FungalRV-negative-dataset-2644seq.fasta	602	gi|239588370|gb|EEQ71013.1| DNA polymerase POL4 [Ajellomyces dermatitidis SLH14081]	239588370	685
fungalrv2011_neg_0603	fungalrv_2011	negative	FungalRV-negative-dataset-2644seq.fasta	603	gi|121921635|sp|Q1DLP2.1|MYO1_COCIM RecName: Full=Myosin-1; AltName: Full=Class I unconventional myosin; AltName: Full=Type I myosin	121921635	1251
fungalrv2011_neg_0604	fungalrv_2011	negative	FungalRV-negative-dataset-2644seq.fasta	604	gi|239588406|gb|EEQ71049.1| mitochondrial F1F0 ATP synthase subunit Atp14 [Ajellomyces dermatitidis SLH14081]	239588406	121
fungalrv2011_neg_0605	fungalrv_2011	negative	FungalRV-negative-dataset-2644seq.fasta	605	gi|238879227|gb|EEQ42865.1| mitochondrial distribution and morphology protein 31 [Candida albicans WO-1]	238879227	595
fungalrv2011_neg_0606	fungalrv_2011	negative	FungalRV-negative-dataset-2644seq.fasta	606	gi|238879352|gb|EEQ42990.1| DNA-directed RNA polymerase II polypeptide 2 [Candida albicans WO-1]	238879352	1234
fungalrv2011_neg_0607	fungalrv_2011	negative	FungalRV-negative-dataset-2644seq.fasta	607	gi|71000489|ref|XP_754928.1| DNA polymerase zeta catalytic subunit [Aspergillus fumigatus Af293]	71000489	1656
fungalrv2011_neg_0608	fungalrv_2011	negative	FungalRV-negative-dataset-2644seq.fasta	608	gi|74679679|sp|Q59S59.1|MRH4_CANAL RecName: Full=ATP-dependent RNA helicase MRH4, mitochondrial; Flags: Precursor	74679679	555
fungalrv2011_neg_0609	fungalrv_2011	negative	FungalRV-negative-dataset-2644seq.fasta	609	gi|239613858|gb|EEQ90845.1| pyruvate dehydrogenase kinase [Ajellomyces dermatitidis ER-3]	239613858	303
fungalrv2011_neg_0610	fungalrv_2011	negative	FungalRV-negative-dataset-2644seq.fasta	610	gi|6606093|gb|AAF19059.1|AF107787_1 DNA-dependent RNA polymerase II RPB140 [Candida albicans]	6606093	1210
fungalrv2011_neg_0611	fungalrv_2011	negative	FungalRV-negative-dataset-2644seq.fasta	611	gi|158563878|sp|Q5AG31.2|MED14_CANAL RecName: Full=Mediator of RNA polymerase II transcription subunit 14; AltName: Full=Mediator complex subunit 14	158563878	1270
fungalrv2011_neg_0612	fungalrv_2011	negative	FungalRV-negative-dataset-2644seq.fasta	612	gi|239591092|gb|EEQ73673.1| ribosomal protein L22e [Ajellomyces dermatitidis SLH14081]	239591092	122
fungalrv2011_neg_0613	fungalrv_2011	negative	FungalRV-negative-dataset-2644seq.fasta	613	gi|239607028|gb|EEQ84015.1| mitochondrial F1F0 ATP synthase subunit Atp14 [Ajellomyces dermatitidis ER-3]	239607028	122
fungalrv2011_neg_0614	fungalrv_2011	negative	FungalRV-negative-dataset-2644seq.fasta	614	gi|239594394|gb|EEQ76975.1| DNA-directed RNA polymerase I polypeptide 2 [Ajellomyces dermatitidis SLH14081]	239594394	1243
fungalrv2011_neg_0615	fungalrv_2011	negative	FungalRV-negative-dataset-2644seq.fasta	615	gi|71002800|ref|XP_756081.1| aldehyde dehydrogenase (AldH12) [Aspergillus fumigatus Af293]	71002800	495
fungalrv2011_neg_0616	fungalrv_2011	negative	FungalRV-negative-dataset-2644seq.fasta	616	gi|70981915|ref|XP_746486.1| Patatin-like serine hydrolase [Aspergillus fumigatus Af293]	70981915	1522
fungalrv2011_neg_0617	fungalrv_2011	negative	FungalRV-negative-dataset-2644seq.fasta	617	gi|239593908|gb|EEQ76489.1| DNA-directed RNA polymerase I subunit [Ajellomyces dermatitidis SLH14081]	239593908	1645
fungalrv2011_neg_0618	fungalrv_2011	negative	FungalRV-negative-dataset-2644seq.fasta	618	gi|239607218|gb|EEQ84205.1| DNA-directed RNA polymerase I subunit [Ajellomyces dermatitidis ER-3]	239607218	1646
fungalrv2011_neg_0619	fungalrv_2011	negative	FungalRV-negative-dataset-2644seq.fasta	619	gi|238883162|gb|EEQ46800.1| glycerol-3-phosphate dehydrogenase [Candida albicans WO-1]	238883162	371
fungalrv2011_neg_0620	fungalrv_2011	negative	FungalRV-negative-dataset-2644seq.fasta	620	gi|90110079|sp|P48990.2|TIM54_CANAL RecName: Full=Mitochondrial import inner membrane translocase subunit TIM54	90110079	400
fungalrv2011_neg_0621	fungalrv_2011	negative	FungalRV-negative-dataset-2644seq.fasta	621	gi|238879667|gb|EEQ43305.1| 5-aminolevulinate synthase, mitochondrial precursor [Candida albicans WO-1]	238879667	564
fungalrv2011_neg_0622	fungalrv_2011	negative	FungalRV-negative-dataset-2644seq.fasta	622	gi|74608566|sp|Q6FKN6.3|XRN2_CANGA RecName: Full=5'-3' exoribonuclease 2	74608566	1018
fungalrv2011_neg_0623	fungalrv_2011	negative	FungalRV-negative-dataset-2644seq.fasta	623	gi|74661046|sp|Q6FJX4.1|RSSA_CANGA RecName: Full=40S ribosomal protein S0	74661046	251
fungalrv2011_neg_0624	fungalrv_2011	negative	FungalRV-negative-dataset-2644seq.fasta	624	gi|74690652|sp|Q6FK48.1|SWR1_CANGA RecName: Full=Helicase SWR1	74690652	1450
fungalrv2011_neg_0625	fungalrv_2011	negative	FungalRV-negative-dataset-2644seq.fasta	625	gi|239613719|gb|EEQ90706.1| 50S ribosomal subunit protein L15 [Ajellomyces dermatitidis ER-3]	239613719	297
fungalrv2011_neg_0626	fungalrv_2011	negative	FungalRV-negative-dataset-2644seq.fasta	626	gi|18463935|gb|AAL73035.1|AF439265_1 isocitrate dehydrogenase [Coccidioides immitis]	18463935	347
fungalrv2011_neg_0627	fungalrv_2011	negative	FungalRV-negative-dataset-2644seq.fasta	627	gi|229462742|sp|O42817.2|RSSA_CANAL RecName: Full=40S ribosomal protein S0	229462742	261
fungalrv2011_neg_0628	fungalrv_2011	negative	FungalRV-negative-dataset-2644seq.fasta	628	gi|239593684|gb|EEQ76265.1| poly(A) polymerase [Ajellomyces dermatitidis SLH14081]	239593684	640
fungalrv2011_neg_0629	fungalrv_2011	negative	FungalRV-negative-dataset-2644seq.fasta	629	gi|2309076|dbj|BAA21690.1| 6-phosphogluconate dehydrogenase [Candida albicans]	2309076	517
fungalrv2011_neg_0630	fungalrv_2011	negative	FungalRV-negative-dataset-2644seq.fasta	630	gi|238883335|gb|EEQ46973.1| iron sulfur cluster assembly protein 1, mitochondrial precursor [Candida albicans WO-1]	238883335	185
fungalrv2011_neg_0631	fungalrv_2011	negative	FungalRV-negative-dataset-2644seq.fasta	631	gi|239592395|gb|EEQ74976.1| D-lactate dehydrogenase [Ajellomyces dermatitidis SLH14081]	239592395	607
fungalrv2011_neg_0632	fungalrv_2011	negative	FungalRV-negative-dataset-2644seq.fasta	632	gi|74609840|sp|Q6FRZ5.1|SPT5_CANGA RecName: Full=Transcription elongation factor SPT5; AltName: Full=Chromatin elongation factor SPT5	74609840	1010
fungalrv2011_neg_0633	fungalrv_2011	negative	FungalRV-negative-dataset-2644seq.fasta	633	gi|239588437|gb|EEQ71080.1| homoserine dehydrogenase [Ajellomyces dermatitidis SLH14081]	239588437	370
fungalrv2011_neg_0634	fungalrv_2011	negative	FungalRV-negative-dataset-2644seq.fasta	634	gi|158563879|sp|Q5AHZ7.2|MED17_CANAL RecName: Full=Mediator of RNA polymerase II transcription subunit 17; AltName: Full=Mediator complex subunit 17	158563879	565
fungalrv2011_neg_0635	fungalrv_2011	negative	FungalRV-negative-dataset-2644seq.fasta	635	gi|239587297|gb|EEQ69940.1| mitochondrial chaperone ATPase [Ajellomyces dermatitidis SLH14081]	239587297	448
fungalrv2011_neg_0636	fungalrv_2011	negative	FungalRV-negative-dataset-2644seq.fasta	636	gi|74661035|sp|Q6FJG1.1|FAL1_CANGA RecName: Full=ATP-dependent RNA helicase FAL1	74661035	399
fungalrv2011_neg_0637	fungalrv_2011	negative	FungalRV-negative-dataset-2644seq.fasta	637	gi|70999344|ref|XP_754391.1| 60S ribosomal protein L22 [Aspergillus fumigatus Af293]	70999344	117
fungalrv2011_neg_0638	fungalrv_2011	negative	FungalRV-negative-dataset-2644seq.fasta	638	gi|239611526|gb|EEQ88513.1| 60S ribosomal protein L33 [Ajellomyces dermatitidis ER-3]	239611526	109
fungalrv2011_neg_0639	fungalrv_2011	negative	FungalRV-negative-dataset-2644seq.fasta	639	gi|2500523|sp|P87206.1|IF4A_CANAL RecName: Full=ATP-dependent RNA helicase eIF4A; AltName: Full=Eukaryotic initiation factor 4A; Short=eIF-4A; AltName: Full=Translation initiation factor 1	2500523	397
fungalrv2011_neg_0640	fungalrv_2011	negative	FungalRV-negative-dataset-2644seq.fasta	640	gi|70998935|ref|XP_754189.1| DNA-directed RNA polymerase III largest subunit [Aspergillus fumigatus Af293]	70998935	1453
fungalrv2011_neg_0641	fungalrv_2011	negative	FungalRV-negative-dataset-2644seq.fasta	641	gi|74661189|sp|Q6FP38.1|DBP1_CANGA RecName: Full=ATP-dependent RNA helicase DBP1	74661189	604
fungalrv2011_neg_0642	fungalrv_2011	negative	FungalRV-negative-dataset-2644seq.fasta	642	gi|74585553|sp|Q5A0Y2.1|PUS5_CANAL RecName: Full=Pseudouridylate synthase PUS5; AltName: Full=Pseudouridine synthase 5; AltName: Full=Uracil hydrolyase PUS5	74585553	247
fungalrv2011_neg_0643	fungalrv_2011	negative	FungalRV-negative-dataset-2644seq.fasta	643	gi|51338747|sp|O93794.2|TOP2_CANGA RecName: Full=DNA topoisomerase 2; AltName: Full=DNA topoisomerase II	51338747	1406
fungalrv2011_neg_0644	fungalrv_2011	negative	FungalRV-negative-dataset-2644seq.fasta	644	gi|32812377|emb|CAB77710.2| NADH dehydrogenase [Candida albicans]	32812377	574
fungalrv2011_neg_0645	fungalrv_2011	negative	FungalRV-negative-dataset-2644seq.fasta	645	gi|66853474|gb|EAL93798.1| C-3 sterol dehydrogenase/C-4 decarboxylase [Aspergillus fumigatus Af293]	66853474	412
fungalrv2011_neg_0646	fungalrv_2011	negative	FungalRV-negative-dataset-2644seq.fasta	646	gi|74661072|sp|Q6FKS8.1|SPB4_CANGA RecName: Full=ATP-dependent rRNA helicase SPB4	74661072	617
fungalrv2011_neg_0647	fungalrv_2011	negative	FungalRV-negative-dataset-2644seq.fasta	647	gi|74608533|sp|Q6FKI2.1|POB3_CANGA RecName: Full=FACT complex subunit POB3; AltName: Full=Facilitates chromatin transcription complex subunit POB3	74608533	543
fungalrv2011_neg_0648	fungalrv_2011	negative	FungalRV-negative-dataset-2644seq.fasta	648	gi|536924|gb|AAA21362.1| saccharopine dehydrogenase	536924	382
fungalrv2011_neg_0649	fungalrv_2011	negative	FungalRV-negative-dataset-2644seq.fasta	649	gi|239615136|gb|EEQ92123.1| L-galactose dehydrogenase [Ajellomyces dermatitidis ER-3]	239615136	478
fungalrv2011_neg_0650	fungalrv_2011	negative	FungalRV-negative-dataset-2644seq.fasta	650	gi|238881915|gb|EEQ45553.1| 60S ribosomal protein L16, mitochondrial precursor [Candida albicans WO-1]	238881915	213
fungalrv2011_neg_0651	fungalrv_2011	negative	FungalRV-negative-dataset-2644seq.fasta	651	gi|239609245|gb|EEQ86232.1| zinc-binding dehydrogenase [Ajellomyces dermatitidis ER-3]	239609245	337
fungalrv2011_neg_0652	fungalrv_2011	negative	FungalRV-negative-dataset-2644seq.fasta	652	gi|90306750|gb|EAS36381.1| mitochondrial RNA splicing protein [Coccidioides immitis RS]	90306750	310
fungalrv2011_neg_0653	fungalrv_2011	negative	FungalRV-negative-dataset-2644seq.fasta	653	gi|239612262|gb|EEQ89249.1| mitochondrial Oxa1p [Ajellomyces dermatitidis ER-3]	239612262	498
fungalrv2011_neg_0654	fungalrv_2011	negative	FungalRV-negative-dataset-2644seq.fasta	654	gi|238881342|gb|EEQ44980.1| saccharopine dehydrogenase [Candida albicans WO-1]	238881342	382
fungalrv2011_neg_0655	fungalrv_2011	negative	FungalRV-negative-dataset-2644seq.fasta	655	gi|74585807|sp|Q5A3J1.1|RM51_CANAL RecName: Full=54S ribosomal protein L51, mitochondrial	74585807	140
fungalrv2011_neg_0656	fungalrv_2011	negative	FungalRV-negative-dataset-2644seq.fasta	656	gi|239595052|gb|EEQ77633.1| glutaryl-CoA dehydrogenase [Ajellomyces dermatitidis SLH14081]	239595052	428
fungalrv2011_neg_0657	fungalrv_2011	negative	FungalRV-negative-dataset-2644seq.fasta	657	gi|238881792|gb|EEQ45430.1| ATP synthase beta chain, mitochondrial precursor [Candida albicans WO-1]	238881792	415
fungalrv2011_neg_0658	fungalrv_2011	negative	FungalRV-negative-dataset-2644seq.fasta	658	gi|239611589|gb|EEQ88576.1| DNA polymerase delta subunit 2 [Ajellomyces dermatitidis ER-3]	239611589	563
fungalrv2011_neg_0659	fungalrv_2011	negative	FungalRV-negative-dataset-2644seq.fasta	659	gi|239592615|gb|EEQ75196.1| acyl-CoA dehydrogenase [Ajellomyces dermatitidis SLH14081]	239592615	435
fungalrv2011_neg_0660	fungalrv_2011	negative	FungalRV-negative-dataset-2644seq.fasta	660	gi|239588355|gb|EEQ70998.1| alpha/beta hydrolase [Ajellomyces dermatitidis SLH14081]	239588355	589
fungalrv2011_neg_0661	fungalrv_2011	negative	FungalRV-negative-dataset-2644seq.fasta	661	gi|239608282|gb|EEQ85269.1| AMP deaminase 2 [Ajellomyces dermatitidis ER-3]	239608282	1174
fungalrv2011_neg_0662	fungalrv_2011	negative	FungalRV-negative-dataset-2644seq.fasta	662	gi|239611235|gb|EEQ88222.1| acyl-CoA dehydrogenase [Ajellomyces dermatitidis ER-3]	239611235	435
fungalrv2011_neg_0663	fungalrv_2011	negative	FungalRV-negative-dataset-2644seq.fasta	663	gi|239588785|gb|EEQ71428.1| saccharopine dehydrogenase [Ajellomyces dermatitidis SLH14081]	239588785	383
fungalrv2011_neg_0664	fungalrv_2011	negative	FungalRV-negative-dataset-2644seq.fasta	664	gi|238880621|gb|EEQ44259.1| acyl-coenzyme A oxidase 4 [Candida albicans WO-1]	238880621	709
fungalrv2011_neg_0665	fungalrv_2011	negative	FungalRV-negative-dataset-2644seq.fasta	665	gi|146322582|ref|XP_001481721.1| RNA polymerase II Mediator complex subunit Sin4 [Aspergillus fumigatus Af293]	146322582	955
fungalrv2011_neg_0666	fungalrv_2011	negative	FungalRV-negative-dataset-2644seq.fasta	666	gi|239610917|gb|EEQ87904.1| 40S ribosomal protein S2 [Ajellomyces dermatitidis ER-3]	239610917	312
fungalrv2011_neg_0667	fungalrv_2011	negative	FungalRV-negative-dataset-2644seq.fasta	667	gi|121753570|sp|Q1DNY5.1|RM04_COCIM RecName: Full=54S ribosomal protein L4, mitochondrial; Flags: Precursor	121753570	245
fungalrv2011_neg_0668	fungalrv_2011	negative	FungalRV-negative-dataset-2644seq.fasta	668	gi|66849823|gb|EAL90151.1| ribosomal biogenesis protein Gar2 [Aspergillus fumigatus Af293]	66849823	509
fungalrv2011_neg_0669	fungalrv_2011	negative	FungalRV-negative-dataset-2644seq.fasta	669	gi|239593028|gb|EEQ75609.1| diphosphomevalonate decarboxylase [Ajellomyces dermatitidis SLH14081]	239593028	404
fungalrv2011_neg_0670	fungalrv_2011	negative	FungalRV-negative-dataset-2644seq.fasta	670	gi|74691141|sp|Q6FXD0.1|DPB4_CANGA RecName: Full=DNA polymerase epsilon subunit D; Short=DNA polymerase II subunit D	74691141	191
fungalrv2011_neg_0671	fungalrv_2011	negative	FungalRV-negative-dataset-2644seq.fasta	671	gi|74674483|sp|Q4WYA1.1|REXO3_ASPFU RecName: Full=RNA exonuclease 3	74674483	645
fungalrv2011_neg_0672	fungalrv_2011	negative	FungalRV-negative-dataset-2644seq.fasta	672	gi|238880520|gb|EEQ44158.1| DNA ligase I, mitochondrial precursor [Candida albicans WO-1]	238880520	772
fungalrv2011_neg_0673	fungalrv_2011	negative	FungalRV-negative-dataset-2644seq.fasta	673	gi|70985653|ref|XP_748332.1| succinate-semialdehyde dehydrogenase [Aspergillus fumigatus Af293]	70985653	499
fungalrv2011_neg_0674	fungalrv_2011	negative	FungalRV-negative-dataset-2644seq.fasta	674	gi|239607785|gb|EEQ84772.1| ureidoglycolate hydrolase [Ajellomyces dermatitidis ER-3]	239607785	300
fungalrv2011_neg_0675	fungalrv_2011	negative	FungalRV-negative-dataset-2644seq.fasta	675	gi|70986098|ref|XP_748547.1| aromatic-L-amino-acid decarboxylase [Aspergillus fumigatus Af293]	70986098	512
fungalrv2011_neg_0676	fungalrv_2011	negative	FungalRV-negative-dataset-2644seq.fasta	676	gi|66853016|gb|EAL93340.1| prephenate dehydrogenase [Aspergillus fumigatus Af293]	66853016	435
fungalrv2011_neg_0677	fungalrv_2011	negative	FungalRV-negative-dataset-2644seq.fasta	677	gi|239609836|gb|EEQ86823.1| glutaryl-CoA dehydrogenase [Ajellomyces dermatitidis ER-3]	239609836	428
fungalrv2011_neg_0678	fungalrv_2011	negative	FungalRV-negative-dataset-2644seq.fasta	678	gi|2981202|gb|AAD09956.1| ribosomal protein L13E [Candida albicans]	2981202	202
fungalrv2011_neg_0679	fungalrv_2011	negative	FungalRV-negative-dataset-2644seq.fasta	679	gi|238881649|gb|EEQ45287.1| malate dehydrogenase, mitochondrial precursor [Candida albicans WO-1]	238881649	332
fungalrv2011_neg_0680	fungalrv_2011	negative	FungalRV-negative-dataset-2644seq.fasta	680	gi|2579|emb|CAA41203.1| cytochrome C [Candida glabrata]	2579	104
fungalrv2011_neg_0681	fungalrv_2011	negative	FungalRV-negative-dataset-2644seq.fasta	681	gi|70990512|ref|XP_750105.1| mitochondrial dihydroxy acid dehydratase [Aspergillus fumigatus Af293]	70990512	542
fungalrv2011_neg_0682	fungalrv_2011	negative	FungalRV-negative-dataset-2644seq.fasta	682	gi|70996342|ref|XP_752926.1| succinate dehydrogenase subunit CybS [Aspergillus fumigatus Af293]	70996342	170
fungalrv2011_neg_0683	fungalrv_2011	negative	FungalRV-negative-dataset-2644seq.fasta	683	gi|70986282|ref|XP_748635.1| glycerol dehydrogenase (GCY1) [Aspergillus fumigatus Af293]	70986282	274
fungalrv2011_neg_0684	fungalrv_2011	negative	FungalRV-negative-dataset-2644seq.fasta	684	gi|239591282|gb|EEQ73863.1| isochorismatase family hydrolase [Ajellomyces dermatitidis SLH14081]	239591282	429
fungalrv2011_neg_0685	fungalrv_2011	negative	FungalRV-negative-dataset-2644seq.fasta	685	gi|239586683|gb|EEQ69326.1| AMP deaminase 2 [Ajellomyces dermatitidis SLH14081]	239586683	1174
fungalrv2011_neg_0686	fungalrv_2011	negative	FungalRV-negative-dataset-2644seq.fasta	686	gi|239594412|gb|EEQ76993.1| tartrate dehydrogenase [Ajellomyces dermatitidis SLH14081]	239594412	307
fungalrv2011_neg_0687	fungalrv_2011	negative	FungalRV-negative-dataset-2644seq.fasta	687	gi|90305996|gb|EAS35627.1| NAD-specific glutamate dehydrogenase (NAD-GDH) [Coccidioides immitis RS]	90305996	1076
fungalrv2011_neg_0688	fungalrv_2011	negative	FungalRV-negative-dataset-2644seq.fasta	688	gi|71000393|ref|XP_754891.1| succinate-semialdehyde dehydrogenase [Aspergillus fumigatus Af293]	71000393	499
fungalrv2011_neg_0689	fungalrv_2011	negative	FungalRV-negative-dataset-2644seq.fasta	689	gi|66850988|gb|EAL91314.1| DNA polymerase alpha/primase associated subunit [Aspergillus fumigatus Af293]	66850988	617
fungalrv2011_neg_0690	fungalrv_2011	negative	FungalRV-negative-dataset-2644seq.fasta	690	gi|158564262|sp|Q1DLC7.2|NTE1_COCIM RecName: Full=Lysophospholipase NTE1; AltName: Full=Neuropathy target esterase homolog; AltName: Full=Intracellular phospholipase B	158564262	1569
fungalrv2011_neg_0691	fungalrv_2011	negative	FungalRV-negative-dataset-2644seq.fasta	691	gi|239613369|gb|EEQ90356.1| alpha/beta hydrolase [Ajellomyces dermatitidis ER-3]	239613369	589
fungalrv2011_neg_0692	fungalrv_2011	negative	FungalRV-negative-dataset-2644seq.fasta	692	gi|74610363|sp|Q6FUG4.1|COX10_CANGA RecName: Full=Protoheme IX farnesyltransferase, mitochondrial; AltName: Full=Heme O synthase; Flags: Precursor	74610363	451
fungalrv2011_neg_0693	fungalrv_2011	negative	FungalRV-negative-dataset-2644seq.fasta	693	gi|71000064|ref|XP_754749.1| isocitrate dehydrogenase Idp1 [Aspergillus fumigatus Af293]	71000064	501
fungalrv2011_neg_0694	fungalrv_2011	negative	FungalRV-negative-dataset-2644seq.fasta	694	gi|239609709|gb|EEQ86696.1| isochorismatase family hydrolase [Ajellomyces dermatitidis ER-3]	239609709	254
fungalrv2011_neg_0695	fungalrv_2011	negative	FungalRV-negative-dataset-2644seq.fasta	695	gi|239592637|gb|EEQ75218.1| methylmalonate-semialdehyde dehydrogenase [Ajellomyces dermatitidis SLH14081]	239592637	589
fungalrv2011_neg_0696	fungalrv_2011	negative	FungalRV-negative-dataset-2644seq.fasta	696	gi|239611677|gb|EEQ88664.1| short chain dehydrogenase [Ajellomyces dermatitidis ER-3]	239611677	229
fungalrv2011_neg_0697	fungalrv_2011	negative	FungalRV-negative-dataset-2644seq.fasta	697	gi|70993080|ref|XP_751388.1| mannitol dehydrogenase [Aspergillus fumigatus Af293]	70993080	502
fungalrv2011_neg_0698	fungalrv_2011	negative	FungalRV-negative-dataset-2644seq.fasta	698	gi|238881675|gb|EEQ45313.1| 60S ribosomal protein L20 [Candida albicans WO-1]	238881675	172
fungalrv2011_neg_0699	fungalrv_2011	negative	FungalRV-negative-dataset-2644seq.fasta	699	gi|70983610|ref|XP_747332.1| RNA polymerase II subunit 7 [Aspergillus fumigatus Af293]	70983610	139
fungalrv2011_neg_0700	fungalrv_2011	negative	FungalRV-negative-dataset-2644seq.fasta	700	gi|74584366|sp|Q59NG5.1|MUS81_CANAL RecName: Full=Crossover junction endonuclease MUS81	74584366	614
fungalrv2011_neg_0701	fungalrv_2011	negative	FungalRV-negative-dataset-2644seq.fasta	701	gi|66849659|gb|EAL89987.1| ornithine decarboxylase [Aspergillus fumigatus Af293]	66849659	453
fungalrv2011_neg_0702	fungalrv_2011	negative	FungalRV-negative-dataset-2644seq.fasta	702	gi|239593744|gb|EEQ76325.1| ubiquitin/40S ribosomal protein S27a [Ajellomyces dermatitidis SLH14081]	239593744	154
fungalrv2011_neg_0703	fungalrv_2011	negative	FungalRV-negative-dataset-2644seq.fasta	703	gi|146323372|ref|XP_754720.2| epoxide hydrolase [Aspergillus fumigatus Af293]	146323372	390
fungalrv2011_neg_0704	fungalrv_2011	negative	FungalRV-negative-dataset-2644seq.fasta	704	gi|70984174|ref|XP_747606.1| mitochondrial mRNA processing protein PET127 [Aspergillus fumigatus Af293]	70984174	791
fungalrv2011_neg_0705	fungalrv_2011	negative	FungalRV-negative-dataset-2644seq.fasta	705	gi|74610474|sp|Q6FUX5.1|MCR1_CANGA RecName: Full=NADH-cytochrome b5 reductase 2; AltName: Full=Mitochondrial cytochrome b reductase	74610474	298
fungalrv2011_neg_0706	fungalrv_2011	negative	FungalRV-negative-dataset-2644seq.fasta	706	gi|71000180|ref|XP_754805.1| 60S ribosomal protein Nsa2 [Aspergillus fumigatus Af293]	71000180	303
fungalrv2011_neg_0707	fungalrv_2011	negative	FungalRV-negative-dataset-2644seq.fasta	707	gi|238879996|gb|EEQ43634.1| DNA-directed RNA polymerase III 130 kDa polypeptide [Candida albicans WO-1]	238879996	1157
fungalrv2011_neg_0708	fungalrv_2011	negative	FungalRV-negative-dataset-2644seq.fasta	708	gi|159126923|gb|EDP52039.1| DNA polymerase alpha/primase associated subunit [Aspergillus fumigatus A1163]	159126923	617
fungalrv2011_neg_0709	fungalrv_2011	negative	FungalRV-negative-dataset-2644seq.fasta	709	gi|74609953|sp|Q6FSJ4.1|RPC3_CANGA RecName: Full=DNA-directed RNA polymerase III subunit RPC3; Short=RNA polymerase III subunit C3	74609953	666
fungalrv2011_neg_0710	fungalrv_2011	negative	FungalRV-negative-dataset-2644seq.fasta	710	gi|66851009|gb|EAL91335.1| 50S ribosomal protein L4 [Aspergillus fumigatus Af293]	66851009	252
fungalrv2011_neg_0711	fungalrv_2011	negative	FungalRV-negative-dataset-2644seq.fasta	711	gi|74691023|sp|Q6FU78.1|RUVB1_CANGA RecName: Full=RuvB-like helicase 1	74691023	457
fungalrv2011_neg_0712	fungalrv_2011	negative	FungalRV-negative-dataset-2644seq.fasta	712	gi|52782863|sp|Q6FPH2.1|GRPE_CANGA RecName: Full=GrpE protein homolog, mitochondrial; Flags: Precursor	52782863	231
fungalrv2011_neg_0713	fungalrv_2011	negative	FungalRV-negative-dataset-2644seq.fasta	713	gi|239607067|gb|EEQ84054.1| pyruvate decarboxylase [Ajellomyces dermatitidis ER-3]	239607067	574
fungalrv2011_neg_0714	fungalrv_2011	negative	FungalRV-negative-dataset-2644seq.fasta	714	gi|239613821|gb|EEQ90808.1| glycerol-3-phosphate dehydrogenase [Ajellomyces dermatitidis ER-3]	239613821	704
fungalrv2011_neg_0715	fungalrv_2011	negative	FungalRV-negative-dataset-2644seq.fasta	715	gi|74591996|sp|Q5AQ57.1|RT25_CANAL RecName: Full=37S ribosomal protein S25, mitochondrial	74591996	295
fungalrv2011_neg_0716	fungalrv_2011	negative	FungalRV-negative-dataset-2644seq.fasta	716	gi|74608422|sp|Q6FK07.1|PET20_CANGA RecName: Full=Protein PET20, mitochondrial; Flags: Precursor	74608422	267
fungalrv2011_neg_0717	fungalrv_2011	negative	FungalRV-negative-dataset-2644seq.fasta	717	gi|70991104|ref|XP_750401.1| mitochondrial translation initiation factor [Aspergillus fumigatus Af293]	70991104	988
fungalrv2011_neg_0718	fungalrv_2011	negative	FungalRV-negative-dataset-2644seq.fasta	718	gi|239595669|gb|EEQ78250.1| 37S ribosomal protein Rsm24 [Ajellomyces dermatitidis SLH14081]	239595669	377
fungalrv2011_neg_0719	fungalrv_2011	negative	FungalRV-negative-dataset-2644seq.fasta	719	gi|74675380|sp|Q4X0V2.1|TIM13_ASPFU RecName: Full=Mitochondrial import inner membrane translocase subunit tim13	74675380	113
fungalrv2011_neg_0720	fungalrv_2011	negative	FungalRV-negative-dataset-2644seq.fasta	720	gi|66851927|gb|EAL92252.1| 40S ribosomal protein S0 [Aspergillus fumigatus Af293]	66851927	297
fungalrv2011_neg_0721	fungalrv_2011	negative	FungalRV-negative-dataset-2644seq.fasta	721	gi|239592461|gb|EEQ75042.1| 2-oxoisovalerate dehydrogenase alpha subunit [Ajellomyces dermatitidis SLH14081]	239592461	448
fungalrv2011_neg_0722	fungalrv_2011	negative	FungalRV-negative-dataset-2644seq.fasta	722	gi|238883241|gb|EEQ46879.1| 40S ribosomal protein S28-A [Candida albicans WO-1]	238883241	67
fungalrv2011_neg_0723	fungalrv_2011	negative	FungalRV-negative-dataset-2644seq.fasta	723	gi|119192154|ref|XP_001246683.1| sulfate adenylyltransferase [Coccidioides immitis RS]	119192154	573
fungalrv2011_neg_0724	fungalrv_2011	negative	FungalRV-negative-dataset-2644seq.fasta	724	gi|239588817|gb|EEQ71460.1| RNA polymerase II mediator complex component Srb8 [Ajellomyces dermatitidis SLH14081]	239588817	1571
fungalrv2011_neg_0725	fungalrv_2011	negative	FungalRV-negative-dataset-2644seq.fasta	725	gi|239612274|gb|EEQ89261.1| histidinol dehydrogenase [Ajellomyces dermatitidis ER-3]	239612274	281
fungalrv2011_neg_0726	fungalrv_2011	negative	FungalRV-negative-dataset-2644seq.fasta	726	gi|70994460|ref|XP_752009.1| succinate-semialdehyde dehydrogenase Uga2 [Aspergillus fumigatus Af293]	70994460	531
fungalrv2011_neg_0727	fungalrv_2011	negative	FungalRV-negative-dataset-2644seq.fasta	727	gi|239591887|gb|EEQ74468.1| aromatic-L-amino acid decarboxylase [Ajellomyces dermatitidis SLH14081]	239591887	495
fungalrv2011_neg_0728	fungalrv_2011	negative	FungalRV-negative-dataset-2644seq.fasta	728	gi|239593262|gb|EEQ75843.1| D-lactate dehydrogenase [Ajellomyces dermatitidis SLH14081]	239593262	392
fungalrv2011_neg_0729	fungalrv_2011	negative	FungalRV-negative-dataset-2644seq.fasta	729	gi|70981967|ref|XP_746512.1| epoxide hydrolase [Aspergillus fumigatus Af293]	70981967	223
fungalrv2011_neg_0730	fungalrv_2011	negative	FungalRV-negative-dataset-2644seq.fasta	730	gi|239594966|gb|EEQ77547.1| 50S ribosomal protein L17 [Ajellomyces dermatitidis SLH14081]	239594966	188
fungalrv2011_neg_0731	fungalrv_2011	negative	FungalRV-negative-dataset-2644seq.fasta	731	gi|74590028|sp|Q59ZW2.1|IML2_CANAL RecName: Full=Mitochondrial outer membrane protein IML2	74590028	866
fungalrv2011_neg_0732	fungalrv_2011	negative	FungalRV-negative-dataset-2644seq.fasta	732	gi|70986300|ref|XP_748644.1| aldehyde dehydrogenase family protein [Aspergillus fumigatus Af293]	70986300	513
fungalrv2011_neg_0733	fungalrv_2011	negative	FungalRV-negative-dataset-2644seq.fasta	733	gi|70995191|ref|XP_752360.1| glycerol dehydrogenase Gcy1 [Aspergillus fumigatus Af293]	70995191	298
fungalrv2011_neg_0734	fungalrv_2011	negative	FungalRV-negative-dataset-2644seq.fasta	734	gi|239613891|gb|EEQ90878.1| saccharopine dehydrogenase [Ajellomyces dermatitidis ER-3]	239613891	383
fungalrv2011_neg_0735	fungalrv_2011	negative	FungalRV-negative-dataset-2644seq.fasta	735	gi|70982296|ref|XP_746676.1| D-lactate dehydrogenase (cytochrome) [Aspergillus fumigatus Af293]	70982296	597
fungalrv2011_neg_0736	fungalrv_2011	negative	FungalRV-negative-dataset-2644seq.fasta	736	gi|74609249|sp|Q6FNY7.1|DPOE_CANGA RecName: Full=DNA polymerase epsilon catalytic subunit A; Short=DNA polymerase II subunit A	74609249	2217
fungalrv2011_neg_0737	fungalrv_2011	negative	FungalRV-negative-dataset-2644seq.fasta	737	gi|239586533|gb|EEQ69176.1| NADH dehydrogenase subunit 1 [Ajellomyces dermatitidis SLH14081]	239586533	349
fungalrv2011_neg_0738	fungalrv_2011	negative	FungalRV-negative-dataset-2644seq.fasta	738	gi|238878555|gb|EEQ42193.1| 60S ribosomal protein L44 [Candida albicans WO-1]	238878555	106
fungalrv2011_neg_0739	fungalrv_2011	negative	FungalRV-negative-dataset-2644seq.fasta	739	gi|239590535|gb|EEQ73116.1| mitochondrial Oxa1p [Ajellomyces dermatitidis SLH14081]	239590535	498
fungalrv2011_neg_0740	fungalrv_2011	negative	FungalRV-negative-dataset-2644seq.fasta	740	gi|70996198|ref|XP_752854.1| acyl-CoA dehydrogenase [Aspergillus fumigatus Af293]	70996198	437
fungalrv2011_neg_0741	fungalrv_2011	negative	FungalRV-negative-dataset-2644seq.fasta	741	gi|90306527|gb|EAS36158.1| NADH-ubiquinone oxidoreductase 51 kDa subunit, mitochondrial precursor [Coccidioides immitis RS]	90306527	529
fungalrv2011_neg_0742	fungalrv_2011	negative	FungalRV-negative-dataset-2644seq.fasta	742	gi|7021323|gb|AAF35284.1|AF179245_1 ornithine decarboxylase [Coccidioides immitis]	7021323	447
fungalrv2011_neg_0743	fungalrv_2011	negative	FungalRV-negative-dataset-2644seq.fasta	743	gi|70996470|ref|XP_752990.1| TIM barrel metal-dependent hydrolase [Aspergillus fumigatus Af293]	70996470	275
fungalrv2011_neg_0744	fungalrv_2011	negative	FungalRV-negative-dataset-2644seq.fasta	744	gi|70986740|ref|XP_748859.1| acyl-CoA dehydrogenase [Aspergillus fumigatus Af293]	70986740	436
fungalrv2011_neg_0745	fungalrv_2011	negative	FungalRV-negative-dataset-2644seq.fasta	745	gi|41581295|emb|CAE47944.1| translation elongation factor tu precursor, mitochondrial [Aspergillus fumigatus]	41581295	440
fungalrv2011_neg_0746	fungalrv_2011	negative	FungalRV-negative-dataset-2644seq.fasta	746	gi|239591920|gb|EEQ74501.1| patatin-like serine hydrolase [Ajellomyces dermatitidis SLH14081]	239591920	1585
fungalrv2011_neg_0747	fungalrv_2011	negative	FungalRV-negative-dataset-2644seq.fasta	747	gi|159122206|gb|EDP47328.1| dienelactone hydrolase [Aspergillus fumigatus A1163]	159122206	492
fungalrv2011_neg_0748	fungalrv_2011	negative	FungalRV-negative-dataset-2644seq.fasta	748	gi|70982063|ref|XP_746560.1| dienelactone hydrolase [Aspergillus fumigatus Af293]	70982063	492
fungalrv2011_neg_0749	fungalrv_2011	negative	FungalRV-negative-dataset-2644seq.fasta	749	gi|239592560|gb|EEQ75141.1| acyl-CoA dehydrogenase [Ajellomyces dermatitidis SLH14081]	239592560	516
fungalrv2011_neg_0750	fungalrv_2011	negative	FungalRV-negative-dataset-2644seq.fasta	750	gi|52783443|sp|Q6FWI7.1|SIR2_CANGA RecName: Full=NAD-dependent histone deacetylase SIR2; AltName: Full=Silent information regulator 2; AltName: Full=Regulatory protein SIR2	52783443	509
fungalrv2011_neg_0751	fungalrv_2011	negative	FungalRV-negative-dataset-2644seq.fasta	751	gi|91178555|gb|ABE27743.1| mitochondrial GTPase elongation factor Tu [Candida glabrata]	91178555	239
fungalrv2011_neg_0752	fungalrv_2011	negative	FungalRV-negative-dataset-2644seq.fasta	752	gi|239614149|gb|EEQ91136.1| RNA-directed RNA polymerase [Ajellomyces dermatitidis ER-3]	239614149	1701
fungalrv2011_neg_0753	fungalrv_2011	negative	FungalRV-negative-dataset-2644seq.fasta	753	gi|74609239|sp|Q6FNX0.1|LCD1_CANGA RecName: Full=DNA damage checkpoint protein LCD1	74609239	667
fungalrv2011_neg_0754	fungalrv_2011	negative	FungalRV-negative-dataset-2644seq.fasta	754	gi|239586830|gb|EEQ69473.1| ribosomal protein S10A [Ajellomyces dermatitidis SLH14081]	239586830	243
fungalrv2011_neg_0755	fungalrv_2011	negative	FungalRV-negative-dataset-2644seq.fasta	755	gi|70997075|ref|XP_753292.1| ubiquitin C-terminal hydrolase [Aspergillus fumigatus Af293]	70997075	679
fungalrv2011_neg_0756	fungalrv_2011	negative	FungalRV-negative-dataset-2644seq.fasta	756	gi|239594057|gb|EEQ76638.1| pyruvate decarboxylase [Ajellomyces dermatitidis SLH14081]	239594057	574
fungalrv2011_neg_0757	fungalrv_2011	negative	FungalRV-negative-dataset-2644seq.fasta	757	gi|239607405|gb|EEQ84392.1| 50S ribosomal subunit L30 [Ajellomyces dermatitidis ER-3]	239607405	346
fungalrv2011_neg_0758	fungalrv_2011	negative	FungalRV-negative-dataset-2644seq.fasta	758	gi|239588855|gb|EEQ71498.1| glycerol-3-phosphate dehydrogenase [Ajellomyces dermatitidis SLH14081]	239588855	704
fungalrv2011_neg_0759	fungalrv_2011	negative	FungalRV-negative-dataset-2644seq.fasta	759	gi|239593713|gb|EEQ76294.1| succinate/fumarate mitochondrial transporter [Ajellomyces dermatitidis SLH14081]	239593713	326
fungalrv2011_neg_0760	fungalrv_2011	negative	FungalRV-negative-dataset-2644seq.fasta	760	gi|142985565|sp|Q1DTB3.2|FAL1_COCIM RecName: Full=ATP-dependent RNA helicase FAL1	142985565	399
fungalrv2011_neg_0761	fungalrv_2011	negative	FungalRV-negative-dataset-2644seq.fasta	761	gi|71000994|ref|XP_755178.1| ubiquitin C-terminal hydrolase [Aspergillus fumigatus Af293]	71000994	2531
fungalrv2011_neg_0762	fungalrv_2011	negative	FungalRV-negative-dataset-2644seq.fasta	762	gi|121932239|sp|Q1E8M9.1|PMIP_COCIM RecName: Full=Mitochondrial intermediate peptidase; Short=MIP; AltName: Full=Octapeptidyl aminopeptidase; Flags: Precursor	121932239	795
fungalrv2011_neg_0763	fungalrv_2011	negative	FungalRV-negative-dataset-2644seq.fasta	763	gi|239589829|gb|EEQ72472.1| zinc-binding dehydrogenase [Ajellomyces dermatitidis SLH14081]	239589829	337
fungalrv2011_neg_0764	fungalrv_2011	negative	FungalRV-negative-dataset-2644seq.fasta	764	gi|70995884|ref|XP_752697.1| 6-hexanolactone hydrolase [Aspergillus fumigatus Af293]	70995884	264
fungalrv2011_neg_0765	fungalrv_2011	negative	FungalRV-negative-dataset-2644seq.fasta	765	gi|239611288|gb|EEQ88275.1| acyl-CoA dehydrogenase [Ajellomyces dermatitidis ER-3]	239611288	516
fungalrv2011_neg_0766	fungalrv_2011	negative	FungalRV-negative-dataset-2644seq.fasta	766	gi|238879549|gb|EEQ43187.1| malate dehydrogenase [Candida albicans WO-1]	238879549	337
fungalrv2011_neg_0767	fungalrv_2011	negative	FungalRV-negative-dataset-2644seq.fasta	767	gi|74661121|sp|Q6FM81.1|PP4C_CANGA RecName: Full=Serine/threonine-protein phosphatase 4 catalytic subunit; Short=PP4C	74661121	309
fungalrv2011_neg_0768	fungalrv_2011	negative	FungalRV-negative-dataset-2644seq.fasta	768	gi|66848621|gb|EAL88950.1| 3-hydroxyisobutyrate dehydrogenase [Aspergillus fumigatus Af293]	66848621	365
fungalrv2011_neg_0769	fungalrv_2011	negative	FungalRV-negative-dataset-2644seq.fasta	769	gi|239606658|gb|EEQ83645.1| 37S ribosomal protein Rsm24 [Ajellomyces dermatitidis ER-3]	239606658	377
fungalrv2011_neg_0770	fungalrv_2011	negative	FungalRV-negative-dataset-2644seq.fasta	770	gi|146323633|ref|XP_746556.2| aldehyde dehydrogenase family protein [Aspergillus fumigatus Af293]	146323633	469
fungalrv2011_neg_0771	fungalrv_2011	negative	FungalRV-negative-dataset-2644seq.fasta	771	gi|70986344|ref|XP_748666.1| HAD superfamily hydrolase [Aspergillus fumigatus Af293]	70986344	224
fungalrv2011_neg_0772	fungalrv_2011	negative	FungalRV-negative-dataset-2644seq.fasta	772	gi|239609194|gb|EEQ86181.1| patatin-like serine hydrolase [Ajellomyces dermatitidis ER-3]	239609194	1585
fungalrv2011_neg_0773	fungalrv_2011	negative	FungalRV-negative-dataset-2644seq.fasta	773	gi|239607795|gb|EEQ84782.1| choline dehydrogenase [Ajellomyces dermatitidis ER-3]	239607795	678
fungalrv2011_neg_0774	fungalrv_2011	negative	FungalRV-negative-dataset-2644seq.fasta	774	gi|74691000|sp|Q6FT96.1|MDV1_CANGA RecName: Full=Mitochondrial division protein 1	74691000	711
fungalrv2011_neg_0775	fungalrv_2011	negative	FungalRV-negative-dataset-2644seq.fasta	775	gi|239612982|gb|EEQ89969.1| mitochondrial 3-hydroxyisobutyryl-CoA hydrolase [Ajellomyces dermatitidis ER-3]	239612982	464
fungalrv2011_neg_0776	fungalrv_2011	negative	FungalRV-negative-dataset-2644seq.fasta	776	gi|70989807|ref|XP_749753.1| deoxycytidylate deaminase [Aspergillus fumigatus Af293]	70989807	370
fungalrv2011_neg_0777	fungalrv_2011	negative	FungalRV-negative-dataset-2644seq.fasta	777	gi|239594205|gb|EEQ76786.1| ribosomal RNA large subunit methyltransferase J [Ajellomyces dermatitidis SLH14081]	239594205	309
fungalrv2011_neg_0778	fungalrv_2011	negative	FungalRV-negative-dataset-2644seq.fasta	778	gi|239588619|gb|EEQ71262.1| succinate dehydrogenase membrane anchor subunit [Ajellomyces dermatitidis SLH14081]	239588619	203
fungalrv2011_neg_0779	fungalrv_2011	negative	FungalRV-negative-dataset-2644seq.fasta	779	gi|6980002|gb|AAF34690.1|AF222905_1 isocitrate lyase [Candida albicans]	6980002	550
fungalrv2011_neg_0780	fungalrv_2011	negative	FungalRV-negative-dataset-2644seq.fasta	780	gi|118575174|sp|Q1DZK8.1|DBP3_COCIM RecName: Full=ATP-dependent RNA helicase DBP3	118575174	464
fungalrv2011_neg_0781	fungalrv_2011	negative	FungalRV-negative-dataset-2644seq.fasta	781	gi|74585725|sp|Q5A2T0.1|NSA1_CANAL RecName: Full=Ribosome biogenesis protein NSA1	74585725	406
fungalrv2011_neg_0782	fungalrv_2011	negative	FungalRV-negative-dataset-2644seq.fasta	782	gi|70998074|ref|XP_753769.1| mitochondrial GTPase (YlqF) [Aspergillus fumigatus Af293]	70998074	338
fungalrv2011_neg_0783	fungalrv_2011	negative	FungalRV-negative-dataset-2644seq.fasta	783	gi|74661442|sp|Q6FW88.1|PMIP_CANGA RecName: Full=Mitochondrial intermediate peptidase; Short=MIP; AltName: Full=Octapeptidyl aminopeptidase; Flags: Precursor	74661442	761
fungalrv2011_neg_0784	fungalrv_2011	negative	FungalRV-negative-dataset-2644seq.fasta	784	gi|239593718|gb|EEQ76299.1| 50S ribosomal subunit L30 [Ajellomyces dermatitidis SLH14081]	239593718	346
fungalrv2011_neg_0785	fungalrv_2011	negative	FungalRV-negative-dataset-2644seq.fasta	785	gi|9931532|gb|AAG02209.1|AF290915_1 seryl-tRNA synthetase [Candida albicans]	9931532	462
fungalrv2011_neg_0786	fungalrv_2011	negative	FungalRV-negative-dataset-2644seq.fasta	786	gi|71001450|ref|XP_755406.1| DNA polymerase alpha catalytic subunit [Aspergillus fumigatus Af293]	71001450	1462
fungalrv2011_neg_0787	fungalrv_2011	negative	FungalRV-negative-dataset-2644seq.fasta	787	gi|70999604|ref|XP_754519.1| transcriptional activator spt7 [Aspergillus fumigatus Af293]	70999604	1179
fungalrv2011_neg_0788	fungalrv_2011	negative	FungalRV-negative-dataset-2644seq.fasta	788	gi|91206537|sp|Q4X195.2|DBP2_ASPFU RecName: Full=ATP-dependent RNA helicase dbp2	91206537	547
fungalrv2011_neg_0789	fungalrv_2011	negative	FungalRV-negative-dataset-2644seq.fasta	789	gi|74661116|sp|Q6FM32.1|KAD1_CANGA RecName: Full=Adenylate kinase 1; Short=AK 1; AltName: Full=ATP-AMP transphosphorylase 1; AltName: Full=Adenylate kinase cytosolic and mitochondrial	74661116	222
fungalrv2011_neg_0790	fungalrv_2011	negative	FungalRV-negative-dataset-2644seq.fasta	790	gi|66848609|gb|EAL88938.1| acyl-CoA dehydrogenase family protein [Aspergillus fumigatus Af293]	66848609	512
fungalrv2011_neg_0791	fungalrv_2011	negative	FungalRV-negative-dataset-2644seq.fasta	791	gi|239593431|gb|EEQ76012.1| DNA polymerase alpha catalytic subunit [Ajellomyces dermatitidis SLH14081]	239593431	1458
fungalrv2011_neg_0792	fungalrv_2011	negative	FungalRV-negative-dataset-2644seq.fasta	792	gi|90306908|gb|EAS36539.1| calcium/calmodulin-dependent protein kinase [Coccidioides immitis RS]	90306908	401
fungalrv2011_neg_0793	fungalrv_2011	negative	FungalRV-negative-dataset-2644seq.fasta	793	gi|239609240|gb|EEQ86227.1| ribosomal RNA large subunit methyltransferase J [Ajellomyces dermatitidis ER-3]	239609240	309
fungalrv2011_neg_0794	fungalrv_2011	negative	FungalRV-negative-dataset-2644seq.fasta	794	gi|239611211|gb|EEQ88198.1| methylmalonate-semialdehyde dehydrogenase [Ajellomyces dermatitidis ER-3]	239611211	589
fungalrv2011_neg_0795	fungalrv_2011	negative	FungalRV-negative-dataset-2644seq.fasta	795	gi|66850285|gb|EAL90612.1| isocitrate dehydrogenase, NAD-dependent [Aspergillus fumigatus Af293]	66850285	385
fungalrv2011_neg_0796	fungalrv_2011	negative	FungalRV-negative-dataset-2644seq.fasta	796	gi|71002706|ref|XP_756034.1| 50S ribosomal subunit L30 [Aspergillus fumigatus Af293]	71002706	339
fungalrv2011_neg_0797	fungalrv_2011	negative	FungalRV-negative-dataset-2644seq.fasta	797	gi|121767415|sp|Q1E036.1|RT25_COCIM RecName: Full=37S ribosomal protein S25, mitochondrial	121767415	272
fungalrv2011_neg_0798	fungalrv_2011	negative	FungalRV-negative-dataset-2644seq.fasta	798	gi|74668904|sp|Q4WH96.1|MED14_ASPFU RecName: Full=Mediator of RNA polymerase II transcription subunit 14; AltName: Full=Mediator complex subunit 14	74668904	1093
fungalrv2011_neg_0799	fungalrv_2011	negative	FungalRV-negative-dataset-2644seq.fasta	799	gi|74690584|sp|Q6FIK3.1|ATM1_CANGA RecName: Full=Iron-sulfur clusters transporter ATM1, mitochondrial; Flags: Precursor	74690584	727
fungalrv2011_neg_0800	fungalrv_2011	negative	FungalRV-negative-dataset-2644seq.fasta	800	gi|7270996|emb|CAB77635.1| ribosomal protein S21 [Candida albicans]	7270996	87
fungalrv2011_neg_0801	fungalrv_2011	negative	FungalRV-negative-dataset-2644seq.fasta	801	gi|90302153|gb|EAS31784.1| isocitrate dehydrogenase subunit 1, mitochondrial precursor [Coccidioides immitis RS]	90302153	401
fungalrv2011_neg_0802	fungalrv_2011	negative	FungalRV-negative-dataset-2644seq.fasta	802	gi|74661150|sp|Q6FN65.1|ROK1_CANGA RecName: Full=ATP-dependent RNA helicase ROK1	74661150	565
fungalrv2011_neg_0803	fungalrv_2011	negative	FungalRV-negative-dataset-2644seq.fasta	803	gi|74691178|sp|Q6FY76.1|RAD5_CANGA RecName: Full=DNA repair protein RAD5	74691178	1151
fungalrv2011_neg_0804	fungalrv_2011	negative	FungalRV-negative-dataset-2644seq.fasta	804	gi|239612006|gb|EEQ88993.1| ubiquitinyl hydrolase 1 [Ajellomyces dermatitidis ER-3]	239612006	222
fungalrv2011_neg_0805	fungalrv_2011	negative	FungalRV-negative-dataset-2644seq.fasta	805	gi|239589963|gb|EEQ72606.1| mitochondrial F1F0-ATP synthase g subunit [Ajellomyces dermatitidis SLH14081]	239589963	199
fungalrv2011_neg_0806	fungalrv_2011	negative	FungalRV-negative-dataset-2644seq.fasta	806	gi|238883622|gb|EEQ47260.1| DNA-directed RNA polymerase I 13.7 kDa polypeptide [Candida albicans WO-1]	238883622	123
fungalrv2011_neg_0807	fungalrv_2011	negative	FungalRV-negative-dataset-2644seq.fasta	807	gi|161784286|sp|Q5ACU6.2|RRP3_CANAL RecName: Full=ATP-dependent rRNA helicase RRP3	161784286	539
fungalrv2011_neg_0808	fungalrv_2011	negative	FungalRV-negative-dataset-2644seq.fasta	808	gi|239594697|gb|EEQ77278.1| mitochondrial processing peptidase alpha subunit [Ajellomyces dermatitidis SLH14081]	239594697	423
fungalrv2011_neg_0809	fungalrv_2011	negative	FungalRV-negative-dataset-2644seq.fasta	809	gi|239607008|gb|EEQ83995.1| ubiquitin C-terminal hydrolase [Ajellomyces dermatitidis ER-3]	239607008	643
fungalrv2011_neg_0810	fungalrv_2011	negative	FungalRV-negative-dataset-2644seq.fasta	810	gi|239606505|gb|EEQ83492.1| glutamate-5-semialdehyde dehydrogenase [Ajellomyces dermatitidis ER-3]	239606505	455
fungalrv2011_neg_0811	fungalrv_2011	negative	FungalRV-negative-dataset-2644seq.fasta	811	gi|66846981|gb|EAL87312.1| 40S ribosomal protein S10a [Aspergillus fumigatus Af293]	66846981	116
fungalrv2011_neg_0812	fungalrv_2011	negative	FungalRV-negative-dataset-2644seq.fasta	812	gi|239607410|gb|EEQ84397.1| succinate/fumarate mitochondrial transporter [Ajellomyces dermatitidis ER-3]	239607410	326
fungalrv2011_neg_0813	fungalrv_2011	negative	FungalRV-negative-dataset-2644seq.fasta	813	gi|70998030|ref|XP_753747.1| D-arabinitol dehydrogenase ArbD [Aspergillus fumigatus Af293]	70998030	392
fungalrv2011_neg_0814	fungalrv_2011	negative	FungalRV-negative-dataset-2644seq.fasta	814	gi|239607513|gb|EEQ84500.1| DNA-directed RNA polymerase III RPC4 [Ajellomyces dermatitidis ER-3]	239607513	650
fungalrv2011_neg_0815	fungalrv_2011	negative	FungalRV-negative-dataset-2644seq.fasta	815	gi|90306137|gb|EAS35768.1| DNA-directed RNA polymerase I [Coccidioides immitis RS]	90306137	1243
fungalrv2011_neg_0816	fungalrv_2011	negative	FungalRV-negative-dataset-2644seq.fasta	816	gi|239595589|gb|EEQ78170.1| glutamate-5-semialdehyde dehydrogenase [Ajellomyces dermatitidis SLH14081]	239595589	455
fungalrv2011_neg_0817	fungalrv_2011	negative	FungalRV-negative-dataset-2644seq.fasta	817	gi|74591129|sp|Q5ACM4.1|PNO1_CANAL RecName: Full=Pre-rRNA-processing protein PNO1	74591129	276
fungalrv2011_neg_0818	fungalrv_2011	negative	FungalRV-negative-dataset-2644seq.fasta	818	gi|70993354|ref|XP_751524.1| alpha/beta hydrolase [Aspergillus fumigatus Af293]	70993354	279
fungalrv2011_neg_0819	fungalrv_2011	negative	FungalRV-negative-dataset-2644seq.fasta	819	gi|239590296|gb|EEQ72877.1| ubiquitinyl hydrolase 1 [Ajellomyces dermatitidis SLH14081]	239590296	222
fungalrv2011_neg_0820	fungalrv_2011	negative	FungalRV-negative-dataset-2644seq.fasta	820	gi|239587348|gb|EEQ69991.1| succinate-semialdehyde dehydrogenase [Ajellomyces dermatitidis SLH14081]	239587348	500
fungalrv2011_neg_0821	fungalrv_2011	negative	FungalRV-negative-dataset-2644seq.fasta	821	gi|55585441|gb|AAV53913.1| orotidine 5'-phosphate decarboxylase [Candida glabrata]	55585441	200
fungalrv2011_neg_0822	fungalrv_2011	negative	FungalRV-negative-dataset-2644seq.fasta	822	gi|239609123|gb|EEQ86110.1| 3-isopropylmalate dehydrogenase B [Ajellomyces dermatitidis ER-3]	239609123	348
fungalrv2011_neg_0823	fungalrv_2011	negative	FungalRV-negative-dataset-2644seq.fasta	823	gi|238881190|gb|EEQ44828.1| DNA-directed RNA polymerase III largest subunit [Candida albicans WO-1]	238881190	1448
fungalrv2011_neg_0824	fungalrv_2011	negative	FungalRV-negative-dataset-2644seq.fasta	824	gi|70990794|ref|XP_750246.1| Patatin-like serine hydrolase [Aspergillus fumigatus Af293]	70990794	712
fungalrv2011_neg_0825	fungalrv_2011	negative	FungalRV-negative-dataset-2644seq.fasta	825	gi|90307003|gb|EAS36634.1| isocitrate lyase [Coccidioides immitis RS]	90307003	538
fungalrv2011_neg_0826	fungalrv_2011	negative	FungalRV-negative-dataset-2644seq.fasta	826	gi|70993268|ref|XP_751481.1| aldehyde dehydrogenase [Aspergillus fumigatus Af293]	70993268	514
fungalrv2011_neg_0827	fungalrv_2011	negative	FungalRV-negative-dataset-2644seq.fasta	827	gi|239593624|gb|EEQ76205.1| mitochondrial metallochaperone Sco1 [Ajellomyces dermatitidis SLH14081]	239593624	316
fungalrv2011_neg_0828	fungalrv_2011	negative	FungalRV-negative-dataset-2644seq.fasta	828	gi|238880030|gb|EEQ43668.1| mitochondrial chaperone BCS1 [Candida albicans WO-1]	238880030	444
fungalrv2011_neg_0829	fungalrv_2011	negative	FungalRV-negative-dataset-2644seq.fasta	829	gi|70985026|ref|XP_748019.1| pyruvate dehydrogenase kinase [Aspergillus fumigatus Af293]	70985026	441
fungalrv2011_neg_0830	fungalrv_2011	negative	FungalRV-negative-dataset-2644seq.fasta	830	gi|70994276|ref|XP_751977.1| acyl-CoA dehydrogenase [Aspergillus fumigatus Af293]	70994276	541
fungalrv2011_neg_0831	fungalrv_2011	negative	FungalRV-negative-dataset-2644seq.fasta	831	gi|121771771|sp|Q1EAK2.1|SRB8_COCIM RecName: Full=Mediator of RNA polymerase II transcription subunit 12; AltName: Full=Mediator complex subunit 12	121771771	1491
fungalrv2011_neg_0832	fungalrv_2011	negative	FungalRV-negative-dataset-2644seq.fasta	832	gi|239588427|gb|EEQ71070.1| ubiquitin C-terminal hydrolase [Ajellomyces dermatitidis SLH14081]	239588427	643
fungalrv2011_neg_0833	fungalrv_2011	negative	FungalRV-negative-dataset-2644seq.fasta	833	gi|238883878|gb|EEQ47516.1| glycerol-3-phosphate dehydrogenase [Candida albicans WO-1]	238883878	403
fungalrv2011_neg_0834	fungalrv_2011	negative	FungalRV-negative-dataset-2644seq.fasta	834	gi|239589618|gb|EEQ72261.1| glycerol dehydrogenase [Ajellomyces dermatitidis SLH14081]	239589618	330
fungalrv2011_neg_0835	fungalrv_2011	negative	FungalRV-negative-dataset-2644seq.fasta	835	gi|51701949|sp|Q6FLD5.1|RPB2_CANGA RecName: Full=DNA-directed RNA polymerase II subunit RPB2; Short=RNA polymerase II subunit B2; Short=RNA polymerase II subunit 2	51701949	1223
fungalrv2011_neg_0836	fungalrv_2011	negative	FungalRV-negative-dataset-2644seq.fasta	836	gi|238883710|gb|EEQ47348.1| mitochondrial import inner membrane translocase subunit TIM22 [Candida albicans WO-1]	238883710	184
fungalrv2011_neg_0837	fungalrv_2011	negative	FungalRV-negative-dataset-2644seq.fasta	837	gi|59800207|sp|Q6FR56.1|RS16_CANGA RecName: Full=40S ribosomal protein S16	59800207	143
fungalrv2011_neg_0838	fungalrv_2011	negative	FungalRV-negative-dataset-2644seq.fasta	838	gi|239591489|gb|EEQ74070.1| mitochondrial 3-hydroxyisobutyryl-CoA hydrolase [Ajellomyces dermatitidis SLH14081]	239591489	464
fungalrv2011_neg_0839	fungalrv_2011	negative	FungalRV-negative-dataset-2644seq.fasta	839	gi|70994526|ref|XP_752041.1| 60S ribosomal protein L38 [Aspergillus fumigatus Af293]	70994526	80
fungalrv2011_neg_0840	fungalrv_2011	negative	FungalRV-negative-dataset-2644seq.fasta	840	gi|239595365|gb|EEQ77946.1| ureidoglycolate hydrolase [Ajellomyces dermatitidis SLH14081]	239595365	290
fungalrv2011_neg_0841	fungalrv_2011	negative	FungalRV-negative-dataset-2644seq.fasta	841	gi|146323984|ref|XP_748189.2| short chain dehydrogenase [Aspergillus fumigatus Af293]	146323984	270
fungalrv2011_neg_0842	fungalrv_2011	negative	FungalRV-negative-dataset-2644seq.fasta	842	gi|239608442|gb|EEQ85429.1| alpha/beta hydrolase fold containing protein [Ajellomyces dermatitidis ER-3]	239608442	259
fungalrv2011_neg_0843	fungalrv_2011	negative	FungalRV-negative-dataset-2644seq.fasta	843	gi|239588097|gb|EEQ70740.1| pyruvate dehydrogenase complex [Ajellomyces dermatitidis SLH14081]	239588097	489
fungalrv2011_neg_0844	fungalrv_2011	negative	FungalRV-negative-dataset-2644seq.fasta	844	gi|239589423|gb|EEQ72066.1| L-galactose dehydrogenase [Ajellomyces dermatitidis SLH14081]	239589423	479
fungalrv2011_neg_0845	fungalrv_2011	negative	FungalRV-negative-dataset-2644seq.fasta	845	gi|239590861|gb|EEQ73442.1| D-3-phosphoglycerate dehydrogenase 2 [Ajellomyces dermatitidis SLH14081]	239590861	470
fungalrv2011_neg_0846	fungalrv_2011	negative	FungalRV-negative-dataset-2644seq.fasta	846	gi|239594198|gb|EEQ76779.1| ubiquitin C-terminal hydrolase [Ajellomyces dermatitidis SLH14081]	239594198	794
fungalrv2011_neg_0847	fungalrv_2011	negative	FungalRV-negative-dataset-2644seq.fasta	847	gi|74610271|sp|Q6FU05.1|NSA1_CANGA RecName: Full=Ribosome biogenesis protein NSA1	74610271	436
fungalrv2011_neg_0848	fungalrv_2011	negative	FungalRV-negative-dataset-2644seq.fasta	848	gi|239591145|gb|EEQ73726.1| DNA polymerase delta subunit [Ajellomyces dermatitidis SLH14081]	239591145	230
fungalrv2011_neg_0849	fungalrv_2011	negative	FungalRV-negative-dataset-2644seq.fasta	849	gi|239590100|gb|EEQ72681.1| FMN-dependent alpha-hydroxy acid dehydrogenase [Ajellomyces dermatitidis SLH14081]	239590100	312
fungalrv2011_neg_0850	fungalrv_2011	negative	FungalRV-negative-dataset-2644seq.fasta	850	gi|74697717|sp|Q8TFL3.1|DBP7_CANGA RecName: Full=ATP-dependent RNA helicase DBP7	74697717	715
fungalrv2011_neg_0851	fungalrv_2011	negative	FungalRV-negative-dataset-2644seq.fasta	851	gi|239596073|gb|EEQ78654.1| DNA-directed RNA polymerase II polypeptide [Ajellomyces dermatitidis SLH14081]	239596073	1258
fungalrv2011_neg_0852	fungalrv_2011	negative	FungalRV-negative-dataset-2644seq.fasta	852	gi|7271028|emb|CAB77650.1| 2-oxoglutarate dehydrogenase complex E2 component [Candida albicans]	7271028	242
fungalrv2011_neg_0853	fungalrv_2011	negative	FungalRV-negative-dataset-2644seq.fasta	853	gi|74656726|sp|Q5APT8.1|DBP3_CANAL RecName: Full=ATP-dependent RNA helicase DBP3	74656726	564
fungalrv2011_neg_0854	fungalrv_2011	negative	FungalRV-negative-dataset-2644seq.fasta	854	gi|159124557|gb|EDP49675.1| 3-hydroxyisobutyrate dehydrogenase [Aspergillus fumigatus A1163]	159124557	365
fungalrv2011_neg_0855	fungalrv_2011	negative	FungalRV-negative-dataset-2644seq.fasta	855	gi|239595762|gb|EEQ78343.1| alpha/beta hydrolase [Ajellomyces dermatitidis SLH14081]	239595762	491
fungalrv2011_neg_0856	fungalrv_2011	negative	FungalRV-negative-dataset-2644seq.fasta	856	gi|118572554|sp|Q1EA54.1|HAS1_COCIM RecName: Full=ATP-dependent RNA helicase HAS1	118572554	604
fungalrv2011_neg_0857	fungalrv_2011	negative	FungalRV-negative-dataset-2644seq.fasta	857	gi|239589718|gb|EEQ72361.1| 50S ribosomal protein L4 [Ajellomyces dermatitidis SLH14081]	239589718	318
fungalrv2011_neg_0858	fungalrv_2011	negative	FungalRV-negative-dataset-2644seq.fasta	858	gi|239612553|gb|EEQ89540.1| aldehyde dehydrogenase [Ajellomyces dermatitidis ER-3]	239612553	496
fungalrv2011_neg_0859	fungalrv_2011	negative	FungalRV-negative-dataset-2644seq.fasta	859	gi|239607498|gb|EEQ84485.1| mitochondrial metallochaperone Sco1 [Ajellomyces dermatitidis ER-3]	239607498	316
fungalrv2011_neg_0860	fungalrv_2011	negative	FungalRV-negative-dataset-2644seq.fasta	860	gi|239588629|gb|EEQ71272.1| histidinol dehydrogenase [Ajellomyces dermatitidis SLH14081]	239588629	879
fungalrv2011_neg_0861	fungalrv_2011	negative	FungalRV-negative-dataset-2644seq.fasta	861	gi|239614113|gb|EEQ91100.1| succinate-semialdehyde dehydrogenase [Ajellomyces dermatitidis ER-3]	239614113	500
fungalrv2011_neg_0862	fungalrv_2011	negative	FungalRV-negative-dataset-2644seq.fasta	862	gi|51704220|sp|O93796.2|EF3_CANGA RecName: Full=Elongation factor 3; Short=EF-3	51704220	1045
fungalrv2011_neg_0863	fungalrv_2011	negative	FungalRV-negative-dataset-2644seq.fasta	863	gi|388365|gb|AAA34325.1| orotidine-5'-phosphate decarboxylase [Candida glabrata]	388365	265
fungalrv2011_neg_0864	fungalrv_2011	negative	FungalRV-negative-dataset-2644seq.fasta	864	gi|239608903|gb|EEQ85890.1| RNA polymerase II Elongator subunit [Ajellomyces dermatitidis ER-3]	239608903	889
fungalrv2011_neg_0865	fungalrv_2011	negative	FungalRV-negative-dataset-2644seq.fasta	865	gi|238882441|gb|EEQ46079.1| mitochondrial nuclease [Candida albicans WO-1]	238882441	320
fungalrv2011_neg_0866	fungalrv_2011	negative	FungalRV-negative-dataset-2644seq.fasta	866	gi|238880244|gb|EEQ43882.1| 40S ribosomal protein S29-A [Candida albicans WO-1]	238880244	56
fungalrv2011_neg_0867	fungalrv_2011	negative	FungalRV-negative-dataset-2644seq.fasta	867	gi|239589391|gb|EEQ72034.1| betaine aldehyde dehydrogenase [Ajellomyces dermatitidis SLH14081]	239589391	499
fungalrv2011_neg_0868	fungalrv_2011	negative	FungalRV-negative-dataset-2644seq.fasta	868	gi|90306730|gb|EAS36361.1| mitogen-activated protein kinase [Coccidioides immitis RS]	90306730	353
fungalrv2011_neg_0869	fungalrv_2011	negative	FungalRV-negative-dataset-2644seq.fasta	869	gi|239609658|gb|EEQ86645.1| DNA-directed RNA polymerase II polypeptide [Ajellomyces dermatitidis ER-3]	239609658	1258
fungalrv2011_neg_0870	fungalrv_2011	negative	FungalRV-negative-dataset-2644seq.fasta	870	gi|239588553|gb|EEQ71196.1| hydroxyacid dehydrogenase [Ajellomyces dermatitidis SLH14081]	239588553	347
fungalrv2011_neg_0871	fungalrv_2011	negative	FungalRV-negative-dataset-2644seq.fasta	871	gi|74584909|sp|Q59TU0.1|NACB_CANAL RecName: Full=Nascent polypeptide-associated complex subunit beta; Short=NAC-beta; AltName: Full=Beta-NAC	74584909	157
fungalrv2011_neg_0872	fungalrv_2011	negative	FungalRV-negative-dataset-2644seq.fasta	872	gi|47176859|gb|AAT12582.1| RNA polymerase II largest subunit [Candida glabrata]	47176859	207
fungalrv2011_neg_0873	fungalrv_2011	negative	FungalRV-negative-dataset-2644seq.fasta	873	gi|70982598|ref|XP_746827.1| cytidine deaminase [Aspergillus fumigatus Af293]	70982598	128
fungalrv2011_neg_0874	fungalrv_2011	negative	FungalRV-negative-dataset-2644seq.fasta	874	gi|239593608|gb|EEQ76189.1| DNA-directed RNA polymerase III RPC4 [Ajellomyces dermatitidis SLH14081]	239593608	659
fungalrv2011_neg_0875	fungalrv_2011	negative	FungalRV-negative-dataset-2644seq.fasta	875	gi|239588390|gb|EEQ71033.1| RNA polymerase II mediator complex subunit Soh1 [Ajellomyces dermatitidis SLH14081]	239588390	172
fungalrv2011_neg_0876	fungalrv_2011	negative	FungalRV-negative-dataset-2644seq.fasta	876	gi|239590876|gb|EEQ73457.1| mitochondrial chaperone bcs1 [Ajellomyces dermatitidis SLH14081]	239590876	209
fungalrv2011_neg_0877	fungalrv_2011	negative	FungalRV-negative-dataset-2644seq.fasta	877	gi|239594305|gb|EEQ76886.1| mitochondrial pyruvate dehydrogenase kinase [Ajellomyces dermatitidis SLH14081]	239594305	457
fungalrv2011_neg_0878	fungalrv_2011	negative	FungalRV-negative-dataset-2644seq.fasta	878	gi|6625790|gb|AAF19399.1|AF203779_1 diphosphomevalonate decarboxylase MVD1 [Candida albicans]	6625790	362
fungalrv2011_neg_0879	fungalrv_2011	negative	FungalRV-negative-dataset-2644seq.fasta	879	gi|70990232|ref|XP_749965.1| glycerol 3-phosphate dehydrogenase (GfdA) [Aspergillus fumigatus Af293]	70990232	416
fungalrv2011_neg_0880	fungalrv_2011	negative	FungalRV-negative-dataset-2644seq.fasta	880	gi|239614944|gb|EEQ91931.1| D-lactate dehydrogenase [Ajellomyces dermatitidis ER-3]	239614944	334
fungalrv2011_neg_0881	fungalrv_2011	negative	FungalRV-negative-dataset-2644seq.fasta	881	gi|70992383|ref|XP_751040.1| alpha/beta hydrolase [Aspergillus fumigatus Af293]	70992383	543
fungalrv2011_neg_0882	fungalrv_2011	negative	FungalRV-negative-dataset-2644seq.fasta	882	gi|158564246|sp|Q1E873.2|PAN2_COCIM RecName: Full=PAB-dependent poly(A)-specific ribonuclease subunit PAN2; AltName: Full=PAB1P-dependent poly(A)-nuclease	158564246	1222
fungalrv2011_neg_0883	fungalrv_2011	negative	FungalRV-negative-dataset-2644seq.fasta	883	gi|239594703|gb|EEQ77284.1| zinc-binding dehydrogenase [Ajellomyces dermatitidis SLH14081]	239594703	341
fungalrv2011_neg_0884	fungalrv_2011	negative	FungalRV-negative-dataset-2644seq.fasta	884	gi|239595355|gb|EEQ77936.1| choline dehydrogenase [Ajellomyces dermatitidis SLH14081]	239595355	678
fungalrv2011_neg_0885	fungalrv_2011	negative	FungalRV-negative-dataset-2644seq.fasta	885	gi|91178110|gb|ABE27290.1| mitochondrial F-ATPase beta subunit [Candida glabrata]	91178110	337
fungalrv2011_neg_0886	fungalrv_2011	negative	FungalRV-negative-dataset-2644seq.fasta	886	gi|239587312|gb|EEQ69955.1| RNA-directed RNA polymerase [Ajellomyces dermatitidis SLH14081]	239587312	1633
fungalrv2011_neg_0887	fungalrv_2011	negative	FungalRV-negative-dataset-2644seq.fasta	887	gi|159127129|gb|EDP52244.1| isocitrate dehydrogenase family protein [Aspergillus fumigatus A1163]	159127129	541
fungalrv2011_neg_0888	fungalrv_2011	negative	FungalRV-negative-dataset-2644seq.fasta	888	gi|90307633|gb|EAS37264.1| mitochondrial import receptor subunit TOM40 [Coccidioides immitis RS]	90307633	355
fungalrv2011_neg_0889	fungalrv_2011	negative	FungalRV-negative-dataset-2644seq.fasta	889	gi|91178547|gb|ABE27739.1| mitochondrial GTPase elongation factor Tu [Candida albicans]	91178547	239
fungalrv2011_neg_0890	fungalrv_2011	negative	FungalRV-negative-dataset-2644seq.fasta	890	gi|74585523|sp|Q5A0L7.1|SHE9_CANAL RecName: Full=Sensitive to high expression protein 9 homolog, mitochondrial; Flags: Precursor	74585523	524
fungalrv2011_neg_0891	fungalrv_2011	negative	FungalRV-negative-dataset-2644seq.fasta	891	gi|121931649|sp|Q1DQZ5.1|PNO1_COCIM RecName: Full=Pre-rRNA-processing protein PNO1	121931649	255
fungalrv2011_neg_0892	fungalrv_2011	negative	FungalRV-negative-dataset-2644seq.fasta	892	gi|239613233|gb|EEQ90220.1| D-3-phosphoglycerate dehydrogenase 2 [Ajellomyces dermatitidis ER-3]	239613233	486
fungalrv2011_neg_0893	fungalrv_2011	negative	FungalRV-negative-dataset-2644seq.fasta	893	gi|74590267|sp|Q5A246.1|RPC3_CANAL RecName: Full=DNA-directed RNA polymerase III subunit RPC3; Short=RNA polymerase III subunit C3	74590267	595
fungalrv2011_neg_0894	fungalrv_2011	negative	FungalRV-negative-dataset-2644seq.fasta	894	gi|70996010|ref|XP_752760.1| DNA-directed RNA polymerase I subunit (Rpa190) [Aspergillus fumigatus Af293]	70996010	1680
fungalrv2011_neg_0895	fungalrv_2011	negative	FungalRV-negative-dataset-2644seq.fasta	895	gi|239607503|gb|EEQ84490.1| fatty-acid amide hydrolase [Ajellomyces dermatitidis ER-3]	239607503	543
fungalrv2011_neg_0896	fungalrv_2011	negative	FungalRV-negative-dataset-2644seq.fasta	896	gi|70995808|ref|XP_752659.1| 60S ribosomal protein L5 [Aspergillus fumigatus Af293]	70995808	308
fungalrv2011_neg_0897	fungalrv_2011	negative	FungalRV-negative-dataset-2644seq.fasta	897	gi|71002884|ref|XP_756123.1| short chain dehydrogenase [Aspergillus fumigatus Af293]	71002884	270
fungalrv2011_neg_0898	fungalrv_2011	negative	FungalRV-negative-dataset-2644seq.fasta	898	gi|70983249|ref|XP_747152.1| alpha/beta hydrolase [Aspergillus fumigatus Af293]	70983249	445
fungalrv2011_neg_0899	fungalrv_2011	negative	FungalRV-negative-dataset-2644seq.fasta	899	gi|159131514|gb|EDP56627.1| DNA-directed RNA polymerase I subunit (Rpa190), putative [Aspergillus fumigatus A1163]	159131514	1680
fungalrv2011_neg_0900	fungalrv_2011	negative	FungalRV-negative-dataset-2644seq.fasta	900	gi|239613714|gb|EEQ90701.1| zinc-binding dehydrogenase [Ajellomyces dermatitidis ER-3]	239613714	341
fungalrv2011_neg_0901	fungalrv_2011	negative	FungalRV-negative-dataset-2644seq.fasta	901	gi|27884036|gb|AAO23958.1| alpha 1,2-mannosidase [Candida albicans]	27884036	116
fungalrv2011_neg_0902	fungalrv_2011	negative	FungalRV-negative-dataset-2644seq.fasta	902	gi|55585451|gb|AAV53918.1| orotidine 5'-phosphate decarboxylase [Candida glabrata]	55585451	200
fungalrv2011_neg_0903	fungalrv_2011	negative	FungalRV-negative-dataset-2644seq.fasta	903	gi|74584525|sp|Q59PZ7.1|CPD1_CANAL RecName: Full=2',3'-cyclic-nucleotide 3'-phosphodiesterase; Short=CPDase	74584525	224
fungalrv2011_neg_0904	fungalrv_2011	negative	FungalRV-negative-dataset-2644seq.fasta	904	gi|73621058|sp|Q6FNN7.1|IMP4_CANGA RecName: Full=U3 small nucleolar ribonucleoprotein protein IMP4; Short=U3 snoRNP protein IMP4	73621058	288
fungalrv2011_neg_0905	fungalrv_2011	negative	FungalRV-negative-dataset-2644seq.fasta	905	gi|74608452|sp|Q6FK61.1|RM04_CANGA RecName: Full=54S ribosomal protein L4, mitochondrial; Flags: Precursor	74608452	315
fungalrv2011_neg_0906	fungalrv_2011	negative	FungalRV-negative-dataset-2644seq.fasta	906	gi|66848858|gb|EAL89187.1| glutamate decarboxylase [Aspergillus fumigatus Af293]	66848858	515
fungalrv2011_neg_0907	fungalrv_2011	negative	FungalRV-negative-dataset-2644seq.fasta	907	gi|239612784|gb|EEQ89771.1| hydroxyacid dehydrogenase [Ajellomyces dermatitidis ER-3]	239612784	347
fungalrv2011_neg_0908	fungalrv_2011	negative	FungalRV-negative-dataset-2644seq.fasta	908	gi|66847176|gb|EAL87507.1| 40S ribosomal protein S11 [Aspergillus fumigatus Af293]	66847176	176
fungalrv2011_neg_0909	fungalrv_2011	negative	FungalRV-negative-dataset-2644seq.fasta	909	gi|51704337|sp|Q9P4S5.2|CCA1_CANGA RecName: Full=tRNA nucleotidyltransferase, mitochondrial; AltName: Full=tRNA adenylyltransferase; AltName: Full=tRNA CCA-pyrophosphorylase; AltName: Full=CCA-adding enzyme; Flags: Precursor	51704337	531
fungalrv2011_neg_0910	fungalrv_2011	negative	FungalRV-negative-dataset-2644seq.fasta	910	gi|239587401|gb|EEQ70044.1| RNA polymerase II holoenzyme cyclin-like subunit [Ajellomyces dermatitidis SLH14081]	239587401	315
fungalrv2011_neg_0911	fungalrv_2011	negative	FungalRV-negative-dataset-2644seq.fasta	911	gi|32879634|dbj|BAB19019.2| cytochrome b [Candida albicans]	32879634	132
fungalrv2011_neg_0912	fungalrv_2011	negative	FungalRV-negative-dataset-2644seq.fasta	912	gi|238879484|gb|EEQ43122.1| diphosphomevalonate decarboxylase [Candida albicans WO-1]	238879484	362
fungalrv2011_neg_0913	fungalrv_2011	negative	FungalRV-negative-dataset-2644seq.fasta	913	gi|74669406|sp|Q4WIQ2.1|TIM9_ASPFU RecName: Full=Mitochondrial import inner membrane translocase subunit tim9	74669406	90
fungalrv2011_neg_0914	fungalrv_2011	negative	FungalRV-negative-dataset-2644seq.fasta	914	gi|239607663|gb|EEQ84650.1| poly(ADP)-ribose polymerase PARP [Ajellomyces dermatitidis ER-3]	239607663	770
fungalrv2011_neg_0915	fungalrv_2011	negative	FungalRV-negative-dataset-2644seq.fasta	915	gi|239591896|gb|EEQ74477.1| glycine dehydrogenase [Ajellomyces dermatitidis SLH14081]	239591896	1074
fungalrv2011_neg_0916	fungalrv_2011	negative	FungalRV-negative-dataset-2644seq.fasta	916	gi|62899751|sp|Q6FL58.1|ATG1_CANGA RecName: Full=Serine/threonine-protein kinase ATG1; AltName: Full=Autophagy-related protein 1	62899751	942
fungalrv2011_neg_0917	fungalrv_2011	negative	FungalRV-negative-dataset-2644seq.fasta	917	gi|239586723|gb|EEQ69366.1| nucleoside hydrolase [Ajellomyces dermatitidis SLH14081]	239586723	464
fungalrv2011_neg_0918	fungalrv_2011	negative	FungalRV-negative-dataset-2644seq.fasta	918	gi|121770687|sp|Q1E7S5.1|MED7_COCIM RecName: Full=Mediator of RNA polymerase II transcription subunit 7; AltName: Full=Mediator complex subunit 7	121770687	256
fungalrv2011_neg_0919	fungalrv_2011	negative	FungalRV-negative-dataset-2644seq.fasta	919	gi|239589301|gb|EEQ71944.1| ubiquitin C-terminal hydrolase [Ajellomyces dermatitidis SLH14081]	239589301	572
fungalrv2011_neg_0920	fungalrv_2011	negative	FungalRV-negative-dataset-2644seq.fasta	920	gi|239608247|gb|EEQ85234.1| nucleoside hydrolase [Ajellomyces dermatitidis ER-3]	239608247	464
fungalrv2011_neg_0921	fungalrv_2011	negative	FungalRV-negative-dataset-2644seq.fasta	921	gi|90306882|gb|EAS36513.1| acetamidase [Coccidioides immitis RS]	90306882	588
fungalrv2011_neg_0922	fungalrv_2011	negative	FungalRV-negative-dataset-2644seq.fasta	922	gi|239590578|gb|EEQ73159.1| pyruvate dehydrogenase kinase [Ajellomyces dermatitidis SLH14081]	239590578	450
fungalrv2011_neg_0923	fungalrv_2011	negative	FungalRV-negative-dataset-2644seq.fasta	923	gi|239590897|gb|EEQ73478.1| formate dehydrogenase [Ajellomyces dermatitidis SLH14081]	239590897	398
fungalrv2011_neg_0924	fungalrv_2011	negative	FungalRV-negative-dataset-2644seq.fasta	924	gi|90304341|gb|EAS33972.1| eukaryotic translation initiation factor 5A-2 [Coccidioides immitis RS]	90304341	160
fungalrv2011_neg_0925	fungalrv_2011	negative	FungalRV-negative-dataset-2644seq.fasta	925	gi|239615106|gb|EEQ92093.1| betaine aldehyde dehydrogenase [Ajellomyces dermatitidis ER-3]	239615106	499
fungalrv2011_neg_0926	fungalrv_2011	negative	FungalRV-negative-dataset-2644seq.fasta	926	gi|239592100|gb|EEQ74681.1| isocitrate dehydrogenase subunit 1 [Ajellomyces dermatitidis SLH14081]	239592100	388
fungalrv2011_neg_0927	fungalrv_2011	negative	FungalRV-negative-dataset-2644seq.fasta	927	gi|238879347|gb|EEQ42985.1| 40S ribosomal protein S4 [Candida albicans WO-1]	238879347	244
fungalrv2011_neg_0928	fungalrv_2011	negative	FungalRV-negative-dataset-2644seq.fasta	928	gi|66853638|gb|EAL93962.1| acyl-CoA dehydrogenase [Aspergillus fumigatus Af293]	66853638	437
fungalrv2011_neg_0929	fungalrv_2011	negative	FungalRV-negative-dataset-2644seq.fasta	929	gi|239615467|gb|EEQ92454.1| mitochondrial pyruvate dehydrogenase kinase [Ajellomyces dermatitidis ER-3]	239615467	457
fungalrv2011_neg_0930	fungalrv_2011	negative	FungalRV-negative-dataset-2644seq.fasta	930	gi|239613015|gb|EEQ90002.1| DNA polymerase gamma [Ajellomyces dermatitidis ER-3]	239613015	1146
fungalrv2011_neg_0931	fungalrv_2011	negative	FungalRV-negative-dataset-2644seq.fasta	931	gi|71002692|ref|XP_756027.1| epoxide hydrolase [Aspergillus fumigatus Af293]	71002692	284
fungalrv2011_neg_0932	fungalrv_2011	negative	FungalRV-negative-dataset-2644seq.fasta	932	gi|90305868|gb|EAS35499.1| ubiquitin carboxyl-terminal hydrolase [Coccidioides immitis RS]	90305868	1173
fungalrv2011_neg_0933	fungalrv_2011	negative	FungalRV-negative-dataset-2644seq.fasta	933	gi|90307115|gb|EAS36746.1| peptide chain release factor 1, mitochondrial precursor (MRF-1) [Coccidioides immitis RS]	90307115	438
fungalrv2011_neg_0934	fungalrv_2011	negative	FungalRV-negative-dataset-2644seq.fasta	934	gi|29500874|emb|CAD54424.1| ATP synthase subunit 6 [Candida glabrata]	29500874	260
fungalrv2011_neg_0935	fungalrv_2011	negative	FungalRV-negative-dataset-2644seq.fasta	935	gi|66851716|gb|EAL92042.1| D-3-phosphoglycerate dehydrogenase [Aspergillus fumigatus Af293]	66851716	472
fungalrv2011_neg_0936	fungalrv_2011	negative	FungalRV-negative-dataset-2644seq.fasta	936	gi|90301164|gb|EAS30795.1| ATP synthase beta chain, mitochondrial [Coccidioides immitis RS]	90301164	521
fungalrv2011_neg_0937	fungalrv_2011	negative	FungalRV-negative-dataset-2644seq.fasta	937	gi|38326785|gb|AAR17523.1| dihydroorotate dehydrogenase 2 [Candida glabrata]	38326785	439
fungalrv2011_neg_0938	fungalrv_2011	negative	FungalRV-negative-dataset-2644seq.fasta	938	gi|239589077|gb|EEQ71720.1| pyruvate dehydrogenase E1 component alpha subunit [Ajellomyces dermatitidis SLH14081]	239589077	405
fungalrv2011_neg_0939	fungalrv_2011	negative	FungalRV-negative-dataset-2644seq.fasta	939	gi|239590384|gb|EEQ72965.1| isovaleryl-CoA dehydrogenase [Ajellomyces dermatitidis SLH14081]	239590384	410
fungalrv2011_neg_0940	fungalrv_2011	negative	FungalRV-negative-dataset-2644seq.fasta	940	gi|74608142|sp|Q6FIQ1.1|FIS1_CANGA RecName: Full=Mitochondria fission 1 protein	74608142	154
fungalrv2011_neg_0941	fungalrv_2011	negative	FungalRV-negative-dataset-2644seq.fasta	941	gi|239590959|gb|EEQ73540.1| RNA dependent RNA polymerase [Ajellomyces dermatitidis SLH14081]	239590959	1239
fungalrv2011_neg_0942	fungalrv_2011	negative	FungalRV-negative-dataset-2644seq.fasta	942	gi|238882235|gb|EEQ45873.1| NADH-quinone oxidoreductase chain F [Candida albicans WO-1]	238882235	490
fungalrv2011_neg_0943	fungalrv_2011	negative	FungalRV-negative-dataset-2644seq.fasta	943	gi|70989289|ref|XP_749494.1| IMP dehydrogenase [Aspergillus fumigatus Af293]	70989289	546
fungalrv2011_neg_0944	fungalrv_2011	negative	FungalRV-negative-dataset-2644seq.fasta	944	gi|74690878|sp|Q6FQ83.1|BUR1_CANGA RecName: Full=Serine/threonine-protein kinase BUR1	74690878	667
fungalrv2011_neg_0945	fungalrv_2011	negative	FungalRV-negative-dataset-2644seq.fasta	945	gi|74610502|sp|Q6FV22.1|MRS2_CANGA RecName: Full=Mitochondrial inner membrane magnesium transporter mrs2; AltName: Full=RNA-splicing protein MRS2; Flags: Precursor	74610502	456
fungalrv2011_neg_0946	fungalrv_2011	negative	FungalRV-negative-dataset-2644seq.fasta	946	gi|121922193|sp|Q1E4I8.1|KAD1_COCIM RecName: Full=Adenylate kinase 1; Short=AK 1; AltName: Full=ATP-AMP transphosphorylase 1; AltName: Full=Adenylate kinase cytosolic and mitochondrial	121922193	261
fungalrv2011_neg_0947	fungalrv_2011	negative	FungalRV-negative-dataset-2644seq.fasta	947	gi|239590816|gb|EEQ73397.1| mitochondrial import receptor subunit Tom20 [Ajellomyces dermatitidis SLH14081]	239590816	175
fungalrv2011_neg_0948	fungalrv_2011	negative	FungalRV-negative-dataset-2644seq.fasta	948	gi|239608900|gb|EEQ85887.1| mitochondrial import receptor subunit tom-40 [Ajellomyces dermatitidis ER-3]	239608900	352
fungalrv2011_neg_0949	fungalrv_2011	negative	FungalRV-negative-dataset-2644seq.fasta	949	gi|239614054|gb|EEQ91041.1| RNA polymerase II holoenzyme cyclin-like subunit [Ajellomyces dermatitidis ER-3]	239614054	301
fungalrv2011_neg_0950	fungalrv_2011	negative	FungalRV-negative-dataset-2644seq.fasta	950	gi|239606757|gb|EEQ83744.1| alpha/beta hydrolase [Ajellomyces dermatitidis ER-3]	239606757	491
fungalrv2011_neg_0951	fungalrv_2011	negative	FungalRV-negative-dataset-2644seq.fasta	951	gi|90300401|gb|EAS30032.1| ornithine decarboxylase [Coccidioides immitis RS]	90300401	447
fungalrv2011_neg_0952	fungalrv_2011	negative	FungalRV-negative-dataset-2644seq.fasta	952	gi|239594084|gb|EEQ76665.1| 40S ribosomal protein S8 [Ajellomyces dermatitidis SLH14081]	239594084	170
fungalrv2011_neg_0953	fungalrv_2011	negative	FungalRV-negative-dataset-2644seq.fasta	953	gi|70989057|ref|XP_749378.1| mitochondrial genome maintenance protein Mgr2 [Aspergillus fumigatus Af293]	70989057	108
fungalrv2011_neg_0954	fungalrv_2011	negative	FungalRV-negative-dataset-2644seq.fasta	954	gi|2707897|gb|AAC35391.1| elongation-like factor [Candida albicans]	2707897	1191
fungalrv2011_neg_0955	fungalrv_2011	negative	FungalRV-negative-dataset-2644seq.fasta	955	gi|74609002|sp|Q6FMR7.1|ACN9_CANGA RecName: Full=Acetate non-utilizing protein 9, mitochondrial; Flags: Precursor	74609002	137
fungalrv2011_neg_0956	fungalrv_2011	negative	FungalRV-negative-dataset-2644seq.fasta	956	gi|238881138|gb|EEQ44776.1| fumarate hydratase, mitochondrial precursor [Candida albicans WO-1]	238881138	489
fungalrv2011_neg_0957	fungalrv_2011	negative	FungalRV-negative-dataset-2644seq.fasta	957	gi|121753835|sp|Q1DQ27.1|NSA2_COCIM RecName: Full=Ribosome biogenesis protein NSA2	121753835	259
fungalrv2011_neg_0958	fungalrv_2011	negative	FungalRV-negative-dataset-2644seq.fasta	958	gi|71002440|ref|XP_755901.1| aldehyde dehydrogenase family protein [Aspergillus fumigatus Af293]	71002440	471
fungalrv2011_neg_0959	fungalrv_2011	negative	FungalRV-negative-dataset-2644seq.fasta	959	gi|239594117|gb|EEQ76698.1| RNA polymerase II Elongator subunit [Ajellomyces dermatitidis SLH14081]	239594117	890
fungalrv2011_neg_0960	fungalrv_2011	negative	FungalRV-negative-dataset-2644seq.fasta	960	gi|74586831|sp|Q5ADT9.1|RT10_CANAL RecName: Full=30S ribosomal protein S10, mitochondrial; AltName: Full=Mitochondrial ribosomal small subunit protein 10; Flags: Precursor	74586831	234
fungalrv2011_neg_0961	fungalrv_2011	negative	FungalRV-negative-dataset-2644seq.fasta	961	gi|152211869|gb|ABS31155.1| RNA polymerase beta [Aspergillus fumigatus]	152211869	336
fungalrv2011_neg_0962	fungalrv_2011	negative	FungalRV-negative-dataset-2644seq.fasta	962	gi|90298671|gb|EAS28302.1| 60S ribosomal protein L32 [Coccidioides immitis RS]	90298671	131
fungalrv2011_neg_0963	fungalrv_2011	negative	FungalRV-negative-dataset-2644seq.fasta	963	gi|71001348|ref|XP_755355.1| glycerol dehydrogenase [Aspergillus fumigatus Af293]	71001348	313
fungalrv2011_neg_0964	fungalrv_2011	negative	FungalRV-negative-dataset-2644seq.fasta	964	gi|239609170|gb|EEQ86157.1| glycine dehydrogenase [Ajellomyces dermatitidis ER-3]	239609170	1074
fungalrv2011_neg_0965	fungalrv_2011	negative	FungalRV-negative-dataset-2644seq.fasta	965	gi|90303357|gb|EAS32988.1| 40S ribosomal protein S26E [Coccidioides immitis RS]	90303357	121
fungalrv2011_neg_0966	fungalrv_2011	negative	FungalRV-negative-dataset-2644seq.fasta	966	gi|70993620|ref|XP_751657.1| glycerol dehydrogenase (GldB) [Aspergillus fumigatus Af293]	70993620	325
fungalrv2011_neg_0967	fungalrv_2011	negative	FungalRV-negative-dataset-2644seq.fasta	967	gi|74587879|sp|Q5ANL6.1|SNU13_CANAL RecName: Full=13 kDa ribonucleoprotein-associated protein	74587879	126
fungalrv2011_neg_0968	fungalrv_2011	negative	FungalRV-negative-dataset-2644seq.fasta	968	gi|239615336|gb|EEQ92323.1| DNA-directed polymerase kappa [Ajellomyces dermatitidis ER-3]	239615336	605
fungalrv2011_neg_0969	fungalrv_2011	negative	FungalRV-negative-dataset-2644seq.fasta	969	gi|66851132|gb|EAL91458.1| 37S ribosomal protein S5 [Aspergillus fumigatus Af293]	66851132	412
fungalrv2011_neg_0970	fungalrv_2011	negative	FungalRV-negative-dataset-2644seq.fasta	970	gi|70988705|ref|XP_749209.1| aldehyde dehydrogenase [Aspergillus fumigatus Af293]	70988705	492
fungalrv2011_neg_0971	fungalrv_2011	negative	FungalRV-negative-dataset-2644seq.fasta	971	gi|239607683|gb|EEQ84670.1| acetyl-CoA hydrolase [Ajellomyces dermatitidis ER-3]	239607683	525
fungalrv2011_neg_0972	fungalrv_2011	negative	FungalRV-negative-dataset-2644seq.fasta	972	gi|146324510|ref|XP_751149.2| ubiquitin C-terminal hydrolase Ubp8 [Aspergillus fumigatus Af293]	146324510	499
fungalrv2011_neg_0973	fungalrv_2011	negative	FungalRV-negative-dataset-2644seq.fasta	973	gi|74610903|sp|Q6FXN3.1|POA1_CANGA RecName: Full=ADP-ribose 1''-phosphate phosphatase	74610903	179
fungalrv2011_neg_0974	fungalrv_2011	negative	FungalRV-negative-dataset-2644seq.fasta	974	gi|66853130|gb|EAL93454.1| 6-phosphogluconate dehydrogenase family protein [Aspergillus fumigatus Af293]	66853130	295
fungalrv2011_neg_0975	fungalrv_2011	negative	FungalRV-negative-dataset-2644seq.fasta	975	gi|70982366|ref|XP_746711.1| ribosomal small subunit assembly protein [Aspergillus fumigatus Af293]	70982366	315
fungalrv2011_neg_0976	fungalrv_2011	negative	FungalRV-negative-dataset-2644seq.fasta	976	gi|239588259|gb|EEQ70902.1| 60S ribosomal protein RML2 [Ajellomyces dermatitidis SLH14081]	239588259	403
fungalrv2011_neg_0977	fungalrv_2011	negative	FungalRV-negative-dataset-2644seq.fasta	977	gi|70984234|ref|XP_747634.1| mitochondrial translation optimization protein (Mto1) [Aspergillus fumigatus Af293]	70984234	693
fungalrv2011_neg_0978	fungalrv_2011	negative	FungalRV-negative-dataset-2644seq.fasta	978	gi|239590827|gb|EEQ73408.1| 60S ribosomal protein L26 [Ajellomyces dermatitidis SLH14081]	239590827	134
fungalrv2011_neg_0979	fungalrv_2011	negative	FungalRV-negative-dataset-2644seq.fasta	979	gi|146324113|ref|XP_001481505.1| NUDIX family hydrolase [Aspergillus fumigatus Af293]	146324113	310
fungalrv2011_neg_0980	fungalrv_2011	negative	FungalRV-negative-dataset-2644seq.fasta	980	gi|239594897|gb|EEQ77478.1| 60S ribosomal protein L5 [Ajellomyces dermatitidis SLH14081]	239594897	299
fungalrv2011_neg_0981	fungalrv_2011	negative	FungalRV-negative-dataset-2644seq.fasta	981	gi|90305762|gb|EAS35393.1| uridine kinase [Coccidioides immitis RS]	90305762	238
fungalrv2011_neg_0982	fungalrv_2011	negative	FungalRV-negative-dataset-2644seq.fasta	982	gi|239610732|gb|EEQ87719.1| 37S ribosomal protein S18 [Ajellomyces dermatitidis ER-3]	239610732	189
fungalrv2011_neg_0983	fungalrv_2011	negative	FungalRV-negative-dataset-2644seq.fasta	983	gi|239592039|gb|EEQ74620.1| ribosomal protein S13/S18 [Ajellomyces dermatitidis SLH14081]	239592039	155
fungalrv2011_neg_0984	fungalrv_2011	negative	FungalRV-negative-dataset-2644seq.fasta	984	gi|239614510|gb|EEQ91497.1| DNA-directed RNA polymerase III largest subunit [Ajellomyces dermatitidis ER-3]	239614510	1456
fungalrv2011_neg_0985	fungalrv_2011	negative	FungalRV-negative-dataset-2644seq.fasta	985	gi|239591975|gb|EEQ74556.1| DNA-directed polymerase kappa [Ajellomyces dermatitidis SLH14081]	239591975	605
fungalrv2011_neg_0986	fungalrv_2011	negative	FungalRV-negative-dataset-2644seq.fasta	986	gi|239591454|gb|EEQ74035.1| DNA polymerase gamma [Ajellomyces dermatitidis SLH14081]	239591454	1126
fungalrv2011_neg_0987	fungalrv_2011	negative	FungalRV-negative-dataset-2644seq.fasta	987	gi|158706456|sp|Q1DKI1.2|DCL1_COCIM RecName: Full=Dicer-like protein 1; Includes: RecName: Full=Endoribonuclease DCL1; Includes: RecName: Full=ATP-dependent helicase DCL1	158706456	1464
fungalrv2011_neg_0988	fungalrv_2011	negative	FungalRV-negative-dataset-2644seq.fasta	988	gi|239587559|gb|EEQ70202.1| DNA-directed RNA polymerase III [Ajellomyces dermatitidis SLH14081]	239587559	1456
fungalrv2011_neg_0989	fungalrv_2011	negative	FungalRV-negative-dataset-2644seq.fasta	989	gi|121926971|sp|Q1DZA6.1|KYNU_COCIM RecName: Full=Kynureninase; AltName: Full=L-kynurenine hydrolase; AltName: Full=Biosynthesis of nicotinic acid protein 5	121926971	480
fungalrv2011_neg_0990	fungalrv_2011	negative	FungalRV-negative-dataset-2644seq.fasta	990	gi|239588608|gb|EEQ71251.1| malate dehydrogenase [Ajellomyces dermatitidis SLH14081]	239588608	271
fungalrv2011_neg_0991	fungalrv_2011	negative	FungalRV-negative-dataset-2644seq.fasta	991	gi|239587739|gb|EEQ70382.1| NADP-dependent mannitol dehydrogenase [Ajellomyces dermatitidis SLH14081]	239587739	348
fungalrv2011_neg_0992	fungalrv_2011	negative	FungalRV-negative-dataset-2644seq.fasta	992	gi|239611454|gb|EEQ88441.1| isocitrate dehydrogenase NADP [Ajellomyces dermatitidis ER-3]	239611454	520
fungalrv2011_neg_0993	fungalrv_2011	negative	FungalRV-negative-dataset-2644seq.fasta	993	gi|71002516|ref|XP_755939.1| rRNA biogenesis protein RRP5 [Aspergillus fumigatus Af293]	71002516	1822
fungalrv2011_neg_0994	fungalrv_2011	negative	FungalRV-negative-dataset-2644seq.fasta	994	gi|239587175|gb|EEQ69818.1| 6-phosphogluconate dehydrogenase [Ajellomyces dermatitidis SLH14081]	239587175	294
fungalrv2011_neg_0995	fungalrv_2011	negative	FungalRV-negative-dataset-2644seq.fasta	995	gi|70997916|ref|XP_753690.1| mitochondrial ribosomal protein [Aspergillus fumigatus Af293]	70997916	246
fungalrv2011_neg_0996	fungalrv_2011	negative	FungalRV-negative-dataset-2644seq.fasta	996	gi|239593184|gb|EEQ75765.1| mitochondrial tricarboxylate transporter [Ajellomyces dermatitidis SLH14081]	239593184	255
fungalrv2011_neg_0997	fungalrv_2011	negative	FungalRV-negative-dataset-2644seq.fasta	997	gi|239595621|gb|EEQ78202.1| RNA polymerase II mediator complex subunit Nut1 [Ajellomyces dermatitidis SLH14081]	239595621	1030
fungalrv2011_neg_0998	fungalrv_2011	negative	FungalRV-negative-dataset-2644seq.fasta	998	gi|152212003|gb|ABS31222.1| RNA polymerase beta [Aspergillus fumigatus]	152212003	337
fungalrv2011_neg_0999	fungalrv_2011	negative	FungalRV-negative-dataset-2644seq.fasta	999	gi|239611792|gb|EEQ88779.1| 60S ribosomal protein L3 [Ajellomyces dermatitidis ER-3]	239611792	343
fungalrv2011_neg_1000	fungalrv_2011	negative	FungalRV-negative-dataset-2644seq.fasta	1000	gi|2121286|gb|AAB58312.1| isopropyl malate dehydrogenase [Candida albicans]	2121286	373
fungalrv2011_neg_1001	fungalrv_2011	negative	FungalRV-negative-dataset-2644seq.fasta	1001	gi|74587680|sp|Q5ALX3.1|SPT5_CANAL RecName: Full=Transcription elongation factor SPT5; AltName: Full=Chromatin elongation factor SPT5	74587680	956
fungalrv2011_neg_1002	fungalrv_2011	negative	FungalRV-negative-dataset-2644seq.fasta	1002	gi|146323161|ref|XP_748466.2| 3-methyl-2-oxobutanoate dehydrogenase [Aspergillus fumigatus Af293]	146323161	387
fungalrv2011_neg_1003	fungalrv_2011	negative	FungalRV-negative-dataset-2644seq.fasta	1003	gi|74610987|sp|Q6FY31.1|ATP22_CANGA RecName: Full=Mitochondrial translation factor ATP22; Flags: Precursor	74610987	573
fungalrv2011_neg_1004	fungalrv_2011	negative	FungalRV-negative-dataset-2644seq.fasta	1004	gi|90306168|gb|EAS35799.1| 6-phosphogluconate dehydrogenase, decarboxylating [Coccidioides immitis RS]	90306168	491
fungalrv2011_neg_1005	fungalrv_2011	negative	FungalRV-negative-dataset-2644seq.fasta	1005	gi|239612084|gb|EEQ89071.1| epoxide hydrolase [Ajellomyces dermatitidis ER-3]	239612084	400
fungalrv2011_neg_1006	fungalrv_2011	negative	FungalRV-negative-dataset-2644seq.fasta	1006	gi|3023886|sp|O13426.3|GLYC_CANAL RecName: Full=Serine hydroxymethyltransferase, cytosolic; Short=SHMT; Short=Serine methylase; AltName: Full=Glycine hydroxymethyltransferase; AltName: Full=SHMII	3023886	470
fungalrv2011_neg_1007	fungalrv_2011	negative	FungalRV-negative-dataset-2644seq.fasta	1007	gi|66849943|gb|EAL90270.1| 50S ribosomal protein L17 [Aspergillus fumigatus Af293]	66849943	194
fungalrv2011_neg_1008	fungalrv_2011	negative	FungalRV-negative-dataset-2644seq.fasta	1008	gi|239590850|gb|EEQ73431.1| 1-pyrroline-5-carboxylate dehydrogenase [Ajellomyces dermatitidis SLH14081]	239590850	577
fungalrv2011_neg_1009	fungalrv_2011	negative	FungalRV-negative-dataset-2644seq.fasta	1009	gi|239590547|gb|EEQ73128.1| histidinol dehydrogenase [Ajellomyces dermatitidis SLH14081]	239590547	251
fungalrv2011_neg_1010	fungalrv_2011	negative	FungalRV-negative-dataset-2644seq.fasta	1010	gi|70984096|ref|XP_747568.1| RNA polymerase II Elongator subunit [Aspergillus fumigatus Af293]	70984096	815
fungalrv2011_neg_1011	fungalrv_2011	negative	FungalRV-negative-dataset-2644seq.fasta	1011	gi|146324693|ref|XP_747006.2| sorbitol/xylitol dehydrogenase [Aspergillus fumigatus Af293]	146324693	368
fungalrv2011_neg_1012	fungalrv_2011	negative	FungalRV-negative-dataset-2644seq.fasta	1012	gi|52783189|sp|Q6FKD4.1|PHO85_CANGA RecName: Full=Negative regulator of the PHO system; AltName: Full=Serine/threonine-protein kinase PHO85	52783189	302
fungalrv2011_neg_1013	fungalrv_2011	negative	FungalRV-negative-dataset-2644seq.fasta	1013	gi|239595246|gb|EEQ77827.1| poly(ADP)-ribose polymerase PARP [Ajellomyces dermatitidis SLH14081]	239595246	770
fungalrv2011_neg_1014	fungalrv_2011	negative	FungalRV-negative-dataset-2644seq.fasta	1014	gi|45545307|gb|AAS67501.1| DNA-dependent RNA polymerase II second largest subunit [Candida glabrata]	45545307	885
fungalrv2011_neg_1015	fungalrv_2011	negative	FungalRV-negative-dataset-2644seq.fasta	1015	gi|47176733|gb|AAT12525.1| RNA polymerase II second largest subunit [Candida glabrata]	47176733	355
fungalrv2011_neg_1016	fungalrv_2011	negative	FungalRV-negative-dataset-2644seq.fasta	1016	gi|239610812|gb|EEQ87799.1| 37S ribosomal protein S25 [Ajellomyces dermatitidis ER-3]	239610812	277
fungalrv2011_neg_1017	fungalrv_2011	negative	FungalRV-negative-dataset-2644seq.fasta	1017	gi|238879624|gb|EEQ43262.1| homoisocitrate dehydrogenase, mitochondrial precursor [Candida albicans WO-1]	238879624	376
fungalrv2011_neg_1018	fungalrv_2011	negative	FungalRV-negative-dataset-2644seq.fasta	1018	gi|239613506|gb|EEQ90493.1| mitochondrial DNA replication protein [Ajellomyces dermatitidis ER-3]	239613506	316
fungalrv2011_neg_1019	fungalrv_2011	negative	FungalRV-negative-dataset-2644seq.fasta	1019	gi|239614285|gb|EEQ91272.1| 6-phosphogluconate dehydrogenase [Ajellomyces dermatitidis ER-3]	239614285	294
fungalrv2011_neg_1020	fungalrv_2011	negative	FungalRV-negative-dataset-2644seq.fasta	1020	gi|66848643|gb|EAL88972.1| ribosomal protein L26 [Aspergillus fumigatus Af293]	66848643	266
fungalrv2011_neg_1021	fungalrv_2011	negative	FungalRV-negative-dataset-2644seq.fasta	1021	gi|74609096|sp|Q6FN72.1|NSA2_CANGA RecName: Full=Ribosome biogenesis protein NSA2	74609096	261
fungalrv2011_neg_1022	fungalrv_2011	negative	FungalRV-negative-dataset-2644seq.fasta	1022	gi|51701391|sp|Q6FQ44.1|GLYM_CANGA RecName: Full=Serine hydroxymethyltransferase, mitochondrial; Short=SHMT; Short=Serine methylase; AltName: Full=Glycine hydroxymethyltransferase; Flags: Precursor	51701391	485
fungalrv2011_neg_1023	fungalrv_2011	negative	FungalRV-negative-dataset-2644seq.fasta	1023	gi|239594898|gb|EEQ77479.1| epoxide hydrolase [Ajellomyces dermatitidis SLH14081]	239594898	266
fungalrv2011_neg_1024	fungalrv_2011	negative	FungalRV-negative-dataset-2644seq.fasta	1024	gi|239595049|gb|EEQ77630.1| aspartate-semialdehyde dehydrogenase [Ajellomyces dermatitidis SLH14081]	239595049	362
fungalrv2011_neg_1025	fungalrv_2011	negative	FungalRV-negative-dataset-2644seq.fasta	1025	gi|90303341|gb|EAS32972.1| NADH-ubiquinone oxidoreductase 23 kDa subunit, mitochondrial precursor [Coccidioides immitis RS]	90303341	232
fungalrv2011_neg_1026	fungalrv_2011	negative	FungalRV-negative-dataset-2644seq.fasta	1026	gi|239594842|gb|EEQ77423.1| HAD superfamily hydrolase [Ajellomyces dermatitidis SLH14081]	239594842	244
fungalrv2011_neg_1027	fungalrv_2011	negative	FungalRV-negative-dataset-2644seq.fasta	1027	gi|51701759|sp|Q6FTK4.1|RL11_CANGA RecName: Full=60S ribosomal protein L11	51701759	174
fungalrv2011_neg_1028	fungalrv_2011	negative	FungalRV-negative-dataset-2644seq.fasta	1028	gi|74608117|sp|Q6FIL3.1|HAS1_CANGA RecName: Full=ATP-dependent RNA helicase HAS1	74608117	494
fungalrv2011_neg_1029	fungalrv_2011	negative	FungalRV-negative-dataset-2644seq.fasta	1029	gi|74680423|sp|Q5APM7.1|MS116_CANAL RecName: Full=ATP-dependent RNA helicase MSS116, mitochondrial; Flags: Precursor	74680423	668
fungalrv2011_neg_1030	fungalrv_2011	negative	FungalRV-negative-dataset-2644seq.fasta	1030	gi|239587330|gb|EEQ69973.1| 60s ribosomal protein l21 [Ajellomyces dermatitidis SLH14081]	239587330	160
fungalrv2011_neg_1031	fungalrv_2011	negative	FungalRV-negative-dataset-2644seq.fasta	1031	gi|239588482|gb|EEQ71125.1| 60S ribosomal protein L27-A [Ajellomyces dermatitidis SLH14081]	239588482	135
fungalrv2011_neg_1032	fungalrv_2011	negative	FungalRV-negative-dataset-2644seq.fasta	1032	gi|239595260|gb|EEQ77841.1| acetyl-CoA hydrolase [Ajellomyces dermatitidis SLH14081]	239595260	525
fungalrv2011_neg_1033	fungalrv_2011	negative	FungalRV-negative-dataset-2644seq.fasta	1033	gi|52782714|sp|Q6FXA4.1|ARGD_CANGA RecName: Full=Acetylornithine aminotransferase, mitochondrial; Short=ACOAT; Flags: Precursor	52782714	427
fungalrv2011_neg_1034	fungalrv_2011	negative	FungalRV-negative-dataset-2644seq.fasta	1034	gi|114331|sp|P28877.1|PMA1_CANAL RecName: Full=Plasma membrane ATPase 1; AltName: Full=Proton pump 1	114331	895
fungalrv2011_neg_1035	fungalrv_2011	negative	FungalRV-negative-dataset-2644seq.fasta	1035	gi|239587775|gb|EEQ70418.1| 30S ribosomal protein S14p/S29e [Ajellomyces dermatitidis SLH14081]	239587775	56
fungalrv2011_neg_1036	fungalrv_2011	negative	FungalRV-negative-dataset-2644seq.fasta	1036	gi|118574056|sp|Q1E1R7.1|SPB4_COCIM RecName: Full=ATP-dependent rRNA helicase SPB4	118574056	626
fungalrv2011_neg_1037	fungalrv_2011	negative	FungalRV-negative-dataset-2644seq.fasta	1037	gi|70997125|ref|XP_753317.1| mitochondrial DNA helicase (Pif1) [Aspergillus fumigatus Af293]	70997125	788
fungalrv2011_neg_1038	fungalrv_2011	negative	FungalRV-negative-dataset-2644seq.fasta	1038	gi|239593708|gb|EEQ76289.1| epoxide hydrolase [Ajellomyces dermatitidis SLH14081]	239593708	337
fungalrv2011_neg_1039	fungalrv_2011	negative	FungalRV-negative-dataset-2644seq.fasta	1039	gi|54036108|sp|Q6FQL6.1|KAPR_CANGA RecName: Full=cAMP-dependent protein kinase regulatory subunit; Short=PKA regulatory subunit	54036108	404
fungalrv2011_neg_1040	fungalrv_2011	negative	FungalRV-negative-dataset-2644seq.fasta	1040	gi|32567802|ref|NP_075041.2| NADH dehydrogenase subunit 4 [Candida albicans SC5314]	32567802	464
fungalrv2011_neg_1041	fungalrv_2011	negative	FungalRV-negative-dataset-2644seq.fasta	1041	gi|146324293|ref|XP_747805.2| FMN dependent dehydrogenase [Aspergillus fumigatus Af293]	146324293	403
fungalrv2011_neg_1042	fungalrv_2011	negative	FungalRV-negative-dataset-2644seq.fasta	1042	gi|239606812|gb|EEQ83799.1| RNA polymerase II mediator complex protein Nut2 [Ajellomyces dermatitidis ER-3]	239606812	192
fungalrv2011_neg_1043	fungalrv_2011	negative	FungalRV-negative-dataset-2644seq.fasta	1043	gi|2498|emb|CAA77567.1| elongation factor 3 [Candida albicans]	2498	1049
fungalrv2011_neg_1044	fungalrv_2011	negative	FungalRV-negative-dataset-2644seq.fasta	1044	gi|70986914|ref|XP_748943.1| translation elongation factor eEF-3 [Aspergillus fumigatus Af293]	70986914	1065
fungalrv2011_neg_1045	fungalrv_2011	negative	FungalRV-negative-dataset-2644seq.fasta	1045	gi|121771430|sp|Q1E9R5.1|SHE9_COCIM RecName: Full=Sensitive to high expression protein 9 homolog, mitochondrial; Flags: Precursor	121771430	480
fungalrv2011_neg_1046	fungalrv_2011	negative	FungalRV-negative-dataset-2644seq.fasta	1046	gi|66847887|gb|EAL88217.1| uroporphyrinogen decarboxylase [Aspergillus fumigatus Af293]	66847887	364
fungalrv2011_neg_1047	fungalrv_2011	negative	FungalRV-negative-dataset-2644seq.fasta	1047	gi|158563753|sp|Q4WNQ6.2|MED5_ASPFU RecName: Full=Mediator of RNA polymerase II transcription subunit 5; AltName: Full=Mediator complex subunit 5	158563753	1007
fungalrv2011_neg_1048	fungalrv_2011	negative	FungalRV-negative-dataset-2644seq.fasta	1048	gi|90111965|sp|Q5AGD1.2|APTH1_CANAL RecName: Full=Acyl-protein thioesterase 1	90111965	231
fungalrv2011_neg_1049	fungalrv_2011	negative	FungalRV-negative-dataset-2644seq.fasta	1049	gi|74661246|sp|Q6FQQ6.1|IF4A_CANGA RecName: Full=ATP-dependent RNA helicase eIF4A; AltName: Full=Eukaryotic initiation factor 4A; Short=eIF-4A; AltName: Full=Translation initiation factor 1	74661246	396
fungalrv2011_neg_1050	fungalrv_2011	negative	FungalRV-negative-dataset-2644seq.fasta	1050	gi|70986713|ref|XP_748846.1| alpha/beta hydrolase [Aspergillus fumigatus Af293]	70986713	297
fungalrv2011_neg_1051	fungalrv_2011	negative	FungalRV-negative-dataset-2644seq.fasta	1051	gi|2521|emb|CAA78282.1| translation elongation factor 3 [Candida albicans]	2521	1050
fungalrv2011_neg_1052	fungalrv_2011	negative	FungalRV-negative-dataset-2644seq.fasta	1052	gi|55585449|gb|AAV53917.1| orotidine 5'-phosphate decarboxylase [Candida glabrata]	55585449	200
fungalrv2011_neg_1053	fungalrv_2011	negative	FungalRV-negative-dataset-2644seq.fasta	1053	gi|239590954|gb|EEQ73535.1| 60S ribosomal subunit assembly/export protein LOC1 [Ajellomyces dermatitidis SLH14081]	239590954	199
fungalrv2011_neg_1054	fungalrv_2011	negative	FungalRV-negative-dataset-2644seq.fasta	1054	gi|55585453|gb|AAV53919.1| orotidine 5'-phosphate decarboxylase [Candida glabrata]	55585453	200
fungalrv2011_neg_1055	fungalrv_2011	negative	FungalRV-negative-dataset-2644seq.fasta	1055	gi|239588213|gb|EEQ70856.1| mitochondrial DNA replication protein [Ajellomyces dermatitidis SLH14081]	239588213	316
fungalrv2011_neg_1056	fungalrv_2011	negative	FungalRV-negative-dataset-2644seq.fasta	1056	gi|238880498|gb|EEQ44136.1| protein PET191, mitochondrial precursor [Candida albicans WO-1]	238880498	117
fungalrv2011_neg_1057	fungalrv_2011	negative	FungalRV-negative-dataset-2644seq.fasta	1057	gi|239614151|gb|EEQ91138.1| 50S ribosomal protein L37e [Ajellomyces dermatitidis ER-3]	239614151	92
fungalrv2011_neg_1058	fungalrv_2011	negative	FungalRV-negative-dataset-2644seq.fasta	1058	gi|74638033|sp|Q6FXJ8.1|DPB3_CANGA RecName: Full=DNA polymerase epsilon subunit C; Short=DNA polymerase II subunit C	74638033	255
fungalrv2011_neg_1059	fungalrv_2011	negative	FungalRV-negative-dataset-2644seq.fasta	1059	gi|238878625|gb|EEQ42263.1| isocitrate dehydrogenase subunit 1, mitochondrial precursor [Candida albicans WO-1]	238878625	358
fungalrv2011_neg_1060	fungalrv_2011	negative	FungalRV-negative-dataset-2644seq.fasta	1060	gi|239592397|gb|EEQ74978.1| xylitol dehydrogenase [Ajellomyces dermatitidis SLH14081]	239592397	357
fungalrv2011_neg_1061	fungalrv_2011	negative	FungalRV-negative-dataset-2644seq.fasta	1061	gi|158706444|sp|Q1DW80.2|DCL2_COCIM RecName: Full=Dicer-like protein 2; Includes: RecName: Full=Endoribonuclease DCL2; Includes: RecName: Full=ATP-dependent helicase DCL2	158706444	1478
fungalrv2011_neg_1062	fungalrv_2011	negative	FungalRV-negative-dataset-2644seq.fasta	1062	gi|118582048|sp|Q1DJF0.1|DED1_COCIM RecName: Full=ATP-dependent RNA helicase DED1	118582048	659
fungalrv2011_neg_1063	fungalrv_2011	negative	FungalRV-negative-dataset-2644seq.fasta	1063	gi|118585846|sp|Q1E9B7.1|MRH4_COCIM RecName: Full=ATP-dependent RNA helicase MRH4, mitochondrial; Flags: Precursor	118585846	656
fungalrv2011_neg_1064	fungalrv_2011	negative	FungalRV-negative-dataset-2644seq.fasta	1064	gi|119192776|ref|XP_001246994.1| asparaginyl-tRNA synthetase, cytoplasmic [Coccidioides immitis RS]	119192776	578
fungalrv2011_neg_1065	fungalrv_2011	negative	FungalRV-negative-dataset-2644seq.fasta	1065	gi|239612568|gb|EEQ89555.1| 1-pyrroline-5-carboxylate dehydrogenase [Ajellomyces dermatitidis ER-3]	239612568	577
fungalrv2011_neg_1066	fungalrv_2011	negative	FungalRV-negative-dataset-2644seq.fasta	1066	gi|239591435|gb|EEQ74016.1| uracil-5-carboxylate decarboxylase [Ajellomyces dermatitidis SLH14081]	239591435	400
fungalrv2011_neg_1067	fungalrv_2011	negative	FungalRV-negative-dataset-2644seq.fasta	1067	gi|239613518|gb|EEQ90505.1| DNA-directed RNA polymerase III polypeptide [Ajellomyces dermatitidis ER-3]	239613518	1228
fungalrv2011_neg_1068	fungalrv_2011	negative	FungalRV-negative-dataset-2644seq.fasta	1068	gi|55585455|gb|AAV53920.1| orotidine 5'-phosphate decarboxylase [Candida glabrata]	55585455	200
fungalrv2011_neg_1069	fungalrv_2011	negative	FungalRV-negative-dataset-2644seq.fasta	1069	gi|46432652|gb|EAK92125.1| translation elongation factor 3 [Candida albicans SC5314]	46432652	1050
fungalrv2011_neg_1070	fungalrv_2011	negative	FungalRV-negative-dataset-2644seq.fasta	1070	gi|55585395|gb|AAV53890.1| orotidine 5'-phosphate decarboxylase [Candida glabrata]	55585395	200
fungalrv2011_neg_1071	fungalrv_2011	negative	FungalRV-negative-dataset-2644seq.fasta	1071	gi|239589848|gb|EEQ72491.1| fatty-acid amide hydrolase [Ajellomyces dermatitidis SLH14081]	239589848	591
fungalrv2011_neg_1072	fungalrv_2011	negative	FungalRV-negative-dataset-2644seq.fasta	1072	gi|239587443|gb|EEQ70086.1| 60S ribosomal protein L20 [Ajellomyces dermatitidis SLH14081]	239587443	209
fungalrv2011_neg_1073	fungalrv_2011	negative	FungalRV-negative-dataset-2644seq.fasta	1073	gi|239593013|gb|EEQ75594.1| 37S ribosomal protein S25 [Ajellomyces dermatitidis SLH14081]	239593013	277
fungalrv2011_neg_1074	fungalrv_2011	negative	FungalRV-negative-dataset-2644seq.fasta	1074	gi|239586979|gb|EEQ69622.1| 37S ribosomal protein Rsm22 [Ajellomyces dermatitidis SLH14081]	239586979	886
fungalrv2011_neg_1075	fungalrv_2011	negative	FungalRV-negative-dataset-2644seq.fasta	1075	gi|239588198|gb|EEQ70841.1| DNA-directed RNA polymerase III polypeptide [Ajellomyces dermatitidis SLH14081]	239588198	1204
fungalrv2011_neg_1076	fungalrv_2011	negative	FungalRV-negative-dataset-2644seq.fasta	1076	gi|239593934|gb|EEQ76515.1| DNA-directed RNA polymerase II polypeptide [Ajellomyces dermatitidis SLH14081]	239593934	236
fungalrv2011_neg_1077	fungalrv_2011	negative	FungalRV-negative-dataset-2644seq.fasta	1077	gi|238883927|gb|EEQ47565.1| uroporphyrinogen decarboxylase [Candida albicans WO-1]	238883927	361
fungalrv2011_neg_1078	fungalrv_2011	negative	FungalRV-negative-dataset-2644seq.fasta	1078	gi|90301216|gb|EAS30847.1| NADH-ubiquinone oxidoreductase 78 kDa subunit, mitochondrial precursor [Coccidioides immitis RS]	90301216	666
fungalrv2011_neg_1079	fungalrv_2011	negative	FungalRV-negative-dataset-2644seq.fasta	1079	gi|239593619|gb|EEQ76200.1| fatty-acid amide hydrolase [Ajellomyces dermatitidis SLH14081]	239593619	543
fungalrv2011_neg_1080	fungalrv_2011	negative	FungalRV-negative-dataset-2644seq.fasta	1080	gi|239591633|gb|EEQ74214.1| aldehyde dehydrogenase [Ajellomyces dermatitidis SLH14081]	239591633	477
fungalrv2011_neg_1081	fungalrv_2011	negative	FungalRV-negative-dataset-2644seq.fasta	1081	gi|70991162|ref|XP_750430.1| aconitate hydratase, mitochondrial [Aspergillus fumigatus Af293]	70991162	799
fungalrv2011_neg_1082	fungalrv_2011	negative	FungalRV-negative-dataset-2644seq.fasta	1082	gi|239594425|gb|EEQ77006.1| 6-phosphogluconate dehydrogenase [Ajellomyces dermatitidis SLH14081]	239594425	508
fungalrv2011_neg_1083	fungalrv_2011	negative	FungalRV-negative-dataset-2644seq.fasta	1083	gi|51701390|sp|Q6FN88.1|FBRL_CANGA RecName: Full=rRNA 2'-O-methyltransferase fibrillarin	51701390	323
fungalrv2011_neg_1084	fungalrv_2011	negative	FungalRV-negative-dataset-2644seq.fasta	1084	gi|238879353|gb|EEQ42991.1| 60S ribosomal protein L23, mitochondrial precursor [Candida albicans WO-1]	238879353	176
fungalrv2011_neg_1085	fungalrv_2011	negative	FungalRV-negative-dataset-2644seq.fasta	1085	gi|66844364|gb|EAL84702.1| DNA-dependent RNA polymerase II RPB140 [Aspergillus fumigatus Af293]	66844364	1255
fungalrv2011_neg_1086	fungalrv_2011	negative	FungalRV-negative-dataset-2644seq.fasta	1086	gi|90305407|gb|EAS35038.1| aspartate-semialdehyde dehydrogenase [Coccidioides immitis RS]	90305407	363
fungalrv2011_neg_1087	fungalrv_2011	negative	FungalRV-negative-dataset-2644seq.fasta	1087	gi|55585421|gb|AAV53903.1| orotidine 5'-phosphate decarboxylase [Candida glabrata]	55585421	200
fungalrv2011_neg_1088	fungalrv_2011	negative	FungalRV-negative-dataset-2644seq.fasta	1088	gi|66852560|gb|EAL92885.1| aspartate-semialdehyde dehydrogenase [Aspergillus fumigatus Af293]	66852560	363
fungalrv2011_neg_1089	fungalrv_2011	negative	FungalRV-negative-dataset-2644seq.fasta	1089	gi|66846976|gb|EAL87307.1| dihydrolipoamide dehydrogenase [Aspergillus fumigatus Af293]	66846976	513
fungalrv2011_neg_1090	fungalrv_2011	negative	FungalRV-negative-dataset-2644seq.fasta	1090	gi|239613137|gb|EEQ90124.1| RNA-dependent RNA polymerase [Ajellomyces dermatitidis ER-3]	239613137	1154
fungalrv2011_neg_1091	fungalrv_2011	negative	FungalRV-negative-dataset-2644seq.fasta	1091	gi|239591897|gb|EEQ74478.1| guanine deaminase [Ajellomyces dermatitidis SLH14081]	239591897	511
fungalrv2011_neg_1092	fungalrv_2011	negative	FungalRV-negative-dataset-2644seq.fasta	1092	gi|239612454|gb|EEQ89441.1| D-lactate dehydrogenase 2 [Ajellomyces dermatitidis ER-3]	239612454	550
fungalrv2011_neg_1093	fungalrv_2011	negative	FungalRV-negative-dataset-2644seq.fasta	1093	gi|74608396|sp|Q6FJV9.1|IML2_CANGA RecName: Full=Mitochondrial outer membrane protein IML2	74608396	743
fungalrv2011_neg_1094	fungalrv_2011	negative	FungalRV-negative-dataset-2644seq.fasta	1094	gi|239612745|gb|EEQ89732.1| fatty-acid amide hydrolase [Ajellomyces dermatitidis ER-3]	239612745	591
fungalrv2011_neg_1095	fungalrv_2011	negative	FungalRV-negative-dataset-2644seq.fasta	1095	gi|239594478|gb|EEQ77059.1| mitochondrial chaperone bcs1 [Ajellomyces dermatitidis SLH14081]	239594478	387
fungalrv2011_neg_1096	fungalrv_2011	negative	FungalRV-negative-dataset-2644seq.fasta	1096	gi|239615643|gb|EEQ92630.1| mitochondrial chaperone bcs1 [Ajellomyces dermatitidis ER-3]	239615643	448
fungalrv2011_neg_1097	fungalrv_2011	negative	FungalRV-negative-dataset-2644seq.fasta	1097	gi|66849755|gb|EAL90083.1| L-lactate dehydrogenase [Aspergillus fumigatus Af293]	66849755	421
fungalrv2011_neg_1098	fungalrv_2011	negative	FungalRV-negative-dataset-2644seq.fasta	1098	gi|70983125|ref|XP_747090.1| tartrate dehydrogenase [Aspergillus fumigatus Af293]	70983125	366
fungalrv2011_neg_1099	fungalrv_2011	negative	FungalRV-negative-dataset-2644seq.fasta	1099	gi|74675558|sp|Q4X1D2.1|EIF3L_ASPFU RecName: Full=Eukaryotic translation initiation factor 3 subunit L; Short=eIF3l	74675558	476
fungalrv2011_neg_1100	fungalrv_2011	negative	FungalRV-negative-dataset-2644seq.fasta	1100	gi|239587462|gb|EEQ70105.1| DNA-directed RNA polymerase N/8 kDa subunit [Ajellomyces dermatitidis SLH14081]	239587462	74
fungalrv2011_neg_1101	fungalrv_2011	negative	FungalRV-negative-dataset-2644seq.fasta	1101	gi|238882319|gb|EEQ45957.1| ATP synthase subunit 4, mitochondrial precursor [Candida albicans WO-1]	238882319	233
fungalrv2011_neg_1102	fungalrv_2011	negative	FungalRV-negative-dataset-2644seq.fasta	1102	gi|239609171|gb|EEQ86158.1| guanine deaminase [Ajellomyces dermatitidis ER-3]	239609171	511
fungalrv2011_neg_1103	fungalrv_2011	negative	FungalRV-negative-dataset-2644seq.fasta	1103	gi|90307829|gb|EAS37460.1| 40S ribosomal protein S18 [Coccidioides immitis RS]	90307829	155
fungalrv2011_neg_1104	fungalrv_2011	negative	FungalRV-negative-dataset-2644seq.fasta	1104	gi|239613034|gb|EEQ90021.1| uracil-5-carboxylate decarboxylase [Ajellomyces dermatitidis ER-3]	239613034	400
fungalrv2011_neg_1105	fungalrv_2011	negative	FungalRV-negative-dataset-2644seq.fasta	1105	gi|239608789|gb|EEQ85776.1| 37S ribosomal protein Rsm22 [Ajellomyces dermatitidis ER-3]	239608789	886
fungalrv2011_neg_1106	fungalrv_2011	negative	FungalRV-negative-dataset-2644seq.fasta	1106	gi|239593381|gb|EEQ75962.1| 3-isopropylmalate dehydrogenase B [Ajellomyces dermatitidis SLH14081]	239593381	367
fungalrv2011_neg_1107	fungalrv_2011	negative	FungalRV-negative-dataset-2644seq.fasta	1107	gi|74672187|sp|Q4WRP2.1|MS116_ASPFU RecName: Full=ATP-dependent RNA helicase mss116, mitochondrial; Flags: Precursor	74672187	655
fungalrv2011_neg_1108	fungalrv_2011	negative	FungalRV-negative-dataset-2644seq.fasta	1108	gi|74679876|sp|Q5A0W7.1|RUVB1_CANAL RecName: Full=RuvB-like helicase 1	74679876	458
fungalrv2011_neg_1109	fungalrv_2011	negative	FungalRV-negative-dataset-2644seq.fasta	1109	gi|239612811|gb|EEQ89798.1| succinate dehydrogenase membrane anchor subunit [Ajellomyces dermatitidis ER-3]	239612811	197
fungalrv2011_neg_1110	fungalrv_2011	negative	FungalRV-negative-dataset-2644seq.fasta	1110	gi|46432703|gb|EAK92174.1| translation elongation factor 3 [Candida albicans SC5314]	46432703	1050
fungalrv2011_neg_1111	fungalrv_2011	negative	FungalRV-negative-dataset-2644seq.fasta	1111	gi|74608503|sp|Q6FKD1.1|NACB_CANGA RecName: Full=Nascent polypeptide-associated complex subunit beta; Short=NAC-beta; AltName: Full=Beta-NAC	74608503	156
fungalrv2011_neg_1112	fungalrv_2011	negative	FungalRV-negative-dataset-2644seq.fasta	1112	gi|239589481|gb|EEQ72124.1| adenosine deaminase [Ajellomyces dermatitidis SLH14081]	239589481	557
fungalrv2011_neg_1113	fungalrv_2011	negative	FungalRV-negative-dataset-2644seq.fasta	1113	gi|239590735|gb|EEQ73316.1| D-lactate dehydrogenase 2 [Ajellomyces dermatitidis SLH14081]	239590735	550
fungalrv2011_neg_1114	fungalrv_2011	negative	FungalRV-negative-dataset-2644seq.fasta	1114	gi|239606973|gb|EEQ83960.1| RNA Polymerase II CTD phosphatase Fcp1 [Ajellomyces dermatitidis ER-3]	239606973	901
fungalrv2011_neg_1115	fungalrv_2011	negative	FungalRV-negative-dataset-2644seq.fasta	1115	gi|90305903|gb|EAS35534.1| 60S ribosomal protein L44 [Coccidioides immitis RS]	90305903	106
fungalrv2011_neg_1116	fungalrv_2011	negative	FungalRV-negative-dataset-2644seq.fasta	1116	gi|239591802|gb|EEQ74383.1| glutamate decarboxylase [Ajellomyces dermatitidis SLH14081]	239591802	555
fungalrv2011_neg_1117	fungalrv_2011	negative	FungalRV-negative-dataset-2644seq.fasta	1117	gi|66850537|gb|EAL90864.1| poly(A) polymerase Pap [Aspergillus fumigatus Af293]	66850537	580
fungalrv2011_neg_1118	fungalrv_2011	negative	FungalRV-negative-dataset-2644seq.fasta	1118	gi|239587773|gb|EEQ70416.1| 37S ribosomal protein S18 [Ajellomyces dermatitidis SLH14081]	239587773	189
fungalrv2011_neg_1119	fungalrv_2011	negative	FungalRV-negative-dataset-2644seq.fasta	1119	gi|239611216|gb|EEQ88203.1| ubiquitin C-terminal hydrolase CreB [Ajellomyces dermatitidis ER-3]	239611216	786
fungalrv2011_neg_1120	fungalrv_2011	negative	FungalRV-negative-dataset-2644seq.fasta	1120	gi|74680391|sp|Q5ANB2.1|DBP10_CANAL RecName: Full=ATP-dependent RNA helicase DBP10	74680391	908
fungalrv2011_neg_1121	fungalrv_2011	negative	FungalRV-negative-dataset-2644seq.fasta	1121	gi|73621935|sp|Q59KF3.1|SPB1_CANAL RecName: Full=AdoMet-dependent rRNA methyltransferase SPB1; AltName: Full=2'-O-ribose RNA methyltransferase; AltName: Full=S-adenosyl-L-methionine-dependent methyltransferase	73621935	845
fungalrv2011_neg_1122	fungalrv_2011	negative	FungalRV-negative-dataset-2644seq.fasta	1122	gi|74661452|sp|Q6FWJ7.1|GPD2_CANGA RecName: Full=Glycerol-3-phosphate dehydrogenase [NAD+] 2	74661452	422
fungalrv2011_neg_1123	fungalrv_2011	negative	FungalRV-negative-dataset-2644seq.fasta	1123	gi|90304986|gb|EAS34617.1| ketol-acid reductoisomerase, mitochondrial precursor [Coccidioides immitis RS]	90304986	406
fungalrv2011_neg_1124	fungalrv_2011	negative	FungalRV-negative-dataset-2644seq.fasta	1124	gi|239594207|gb|EEQ76788.1| deoxycytidylate deaminase [Ajellomyces dermatitidis SLH14081]	239594207	356
fungalrv2011_neg_1125	fungalrv_2011	negative	FungalRV-negative-dataset-2644seq.fasta	1125	gi|239590373|gb|EEQ72954.1| epoxide hydrolase [Ajellomyces dermatitidis SLH14081]	239590373	400
fungalrv2011_neg_1126	fungalrv_2011	negative	FungalRV-negative-dataset-2644seq.fasta	1126	gi|70982554|ref|XP_746805.1| DNA-directed polymerase kappa [Aspergillus fumigatus Af293]	70982554	614
fungalrv2011_neg_1127	fungalrv_2011	negative	FungalRV-negative-dataset-2644seq.fasta	1127	gi|239609839|gb|EEQ86826.1| aspartate-semialdehyde dehydrogenase [Ajellomyces dermatitidis ER-3]	239609839	362
fungalrv2011_neg_1128	fungalrv_2011	negative	FungalRV-negative-dataset-2644seq.fasta	1128	gi|2369659|emb|CAA72161.1| PYRG protein; orotidine-5'-monophosphate decarboxylase [Aspergillus fumigatus]	2369659	278
fungalrv2011_neg_1129	fungalrv_2011	negative	FungalRV-negative-dataset-2644seq.fasta	1129	gi|146323380|ref|XP_754674.2| alpha/beta fold family hydrolase [Aspergillus fumigatus Af293]	146323380	292
fungalrv2011_neg_1130	fungalrv_2011	negative	FungalRV-negative-dataset-2644seq.fasta	1130	gi|239609238|gb|EEQ86225.1| deoxycytidylate deaminase [Ajellomyces dermatitidis ER-3]	239609238	356
fungalrv2011_neg_1131	fungalrv_2011	negative	FungalRV-negative-dataset-2644seq.fasta	1131	gi|70995580|ref|XP_752545.1| nucleoside hydrolase [Aspergillus fumigatus Af293]	70995580	522
fungalrv2011_neg_1132	fungalrv_2011	negative	FungalRV-negative-dataset-2644seq.fasta	1132	gi|239607046|gb|EEQ84033.1| RNA polymerase II mediator complex subunit Soh1 [Ajellomyces dermatitidis ER-3]	239607046	172
fungalrv2011_neg_1133	fungalrv_2011	negative	FungalRV-negative-dataset-2644seq.fasta	1133	gi|239615197|gb|EEQ92184.1| adenosine deaminase [Ajellomyces dermatitidis ER-3]	239615197	557
fungalrv2011_neg_1134	fungalrv_2011	negative	FungalRV-negative-dataset-2644seq.fasta	1134	gi|70990630|ref|XP_750164.1| tartrate dehydrogenase [Aspergillus fumigatus Af293]	70990630	364
fungalrv2011_neg_1135	fungalrv_2011	negative	FungalRV-negative-dataset-2644seq.fasta	1135	gi|239589071|gb|EEQ71714.1| mitochondrial inner membrane metallopeptidase Oma1 [Ajellomyces dermatitidis SLH14081]	239589071	500
fungalrv2011_neg_1136	fungalrv_2011	negative	FungalRV-negative-dataset-2644seq.fasta	1136	gi|239590565|gb|EEQ73146.1| 6-phosphogluconate dehydrogenase [Ajellomyces dermatitidis SLH14081]	239590565	518
fungalrv2011_neg_1137	fungalrv_2011	negative	FungalRV-negative-dataset-2644seq.fasta	1137	gi|239612835|gb|EEQ89822.1| aldehyde dehydrogenase [Ajellomyces dermatitidis ER-3]	239612835	477
fungalrv2011_neg_1138	fungalrv_2011	negative	FungalRV-negative-dataset-2644seq.fasta	1138	gi|121932141|sp|Q1E5T3.1|CHL1_COCIM RecName: Full=ATP-dependent RNA helicase CHL1; AltName: Full=Chromosome loss protein 1	121932141	861
fungalrv2011_neg_1139	fungalrv_2011	negative	FungalRV-negative-dataset-2644seq.fasta	1139	gi|121936818|sp|Q1DN93.1|ATG1_COCIM RecName: Full=Serine/threonine-protein kinase ATG1; AltName: Full=Autophagy-related protein 1	121936818	969
fungalrv2011_neg_1140	fungalrv_2011	negative	FungalRV-negative-dataset-2644seq.fasta	1140	gi|129558495|gb|EAL93148.2| 50S ribosomal protein L14 [Aspergillus fumigatus Af293]	129558495	131
fungalrv2011_neg_1141	fungalrv_2011	negative	FungalRV-negative-dataset-2644seq.fasta	1141	gi|239593706|gb|EEQ76287.1| 60S ribosomal protein L43 [Ajellomyces dermatitidis SLH14081]	239593706	148
fungalrv2011_neg_1142	fungalrv_2011	negative	FungalRV-negative-dataset-2644seq.fasta	1142	gi|90301262|gb|EAS30893.1| eukaryotic peptide chain release factor subunit 1 [Coccidioides immitis RS]	90301262	499
fungalrv2011_neg_1143	fungalrv_2011	negative	FungalRV-negative-dataset-2644seq.fasta	1143	gi|239595815|gb|EEQ78396.1| RNA polymerase II mediator complex protein Nut2 [Ajellomyces dermatitidis SLH14081]	239595815	192
fungalrv2011_neg_1144	fungalrv_2011	negative	FungalRV-negative-dataset-2644seq.fasta	1144	gi|239586868|gb|EEQ69511.1| mitochondrial RNA splicing protein [Ajellomyces dermatitidis SLH14081]	239586868	311
fungalrv2011_neg_1145	fungalrv_2011	negative	FungalRV-negative-dataset-2644seq.fasta	1145	gi|70993736|ref|XP_751715.1| DNA polymerase iota [Aspergillus fumigatus Af293]	70993736	596
fungalrv2011_neg_1146	fungalrv_2011	negative	FungalRV-negative-dataset-2644seq.fasta	1146	gi|74656630|sp|Q5AK59.1|HAS1_CANAL RecName: Full=ATP-dependent RNA helicase HAS1	74656630	565
fungalrv2011_neg_1147	fungalrv_2011	negative	FungalRV-negative-dataset-2644seq.fasta	1147	gi|70982438|ref|XP_746747.1| DNA-directed RNA polymerase III subunit Rpc34 [Aspergillus fumigatus Af293]	70982438	352
fungalrv2011_neg_1148	fungalrv_2011	negative	FungalRV-negative-dataset-2644seq.fasta	1148	gi|239610786|gb|EEQ87773.1| acyl-CoA thioester hydrolase [Ajellomyces dermatitidis ER-3]	239610786	448
fungalrv2011_neg_1149	fungalrv_2011	negative	FungalRV-negative-dataset-2644seq.fasta	1149	gi|239594893|gb|EEQ77474.1| isopropanol dehydrogenase [Ajellomyces dermatitidis SLH14081]	239594893	378
fungalrv2011_neg_1150	fungalrv_2011	negative	FungalRV-negative-dataset-2644seq.fasta	1150	gi|66847691|gb|EAL88021.1| mitochondrial integral membrane protein [Aspergillus fumigatus Af293]	66847691	527
fungalrv2011_neg_1151	fungalrv_2011	negative	FungalRV-negative-dataset-2644seq.fasta	1151	gi|239588464|gb|EEQ71107.1| RNA Polymerase II CTD phosphatase Fcp1 [Ajellomyces dermatitidis SLH14081]	239588464	901
fungalrv2011_neg_1152	fungalrv_2011	negative	FungalRV-negative-dataset-2644seq.fasta	1152	gi|239606574|gb|EEQ83561.1| ribosomal biogenesis protein Gar2 [Ajellomyces dermatitidis ER-3]	239606574	530
fungalrv2011_neg_1153	fungalrv_2011	negative	FungalRV-negative-dataset-2644seq.fasta	1153	gi|74675746|sp|Q4X1X0.1|MRH4_ASPFU RecName: Full=ATP-dependent RNA helicase mrh4, mitochondrial; Flags: Precursor	74675746	631
fungalrv2011_neg_1154	fungalrv_2011	negative	FungalRV-negative-dataset-2644seq.fasta	1154	gi|239596137|gb|EEQ78718.1| inosine-5'-monophosphate dehydrogenase [Ajellomyces dermatitidis SLH14081]	239596137	549
fungalrv2011_neg_1155	fungalrv_2011	negative	FungalRV-negative-dataset-2644seq.fasta	1155	gi|55585135|gb|AAV53760.1| 3-isopropylmalate dehydrogenase [Candida glabrata]	55585135	170
fungalrv2011_neg_1156	fungalrv_2011	negative	FungalRV-negative-dataset-2644seq.fasta	1156	gi|71000431|ref|XP_754910.1| 60S ribosomal protein L21 [Aspergillus fumigatus Af293]	71000431	158
fungalrv2011_neg_1157	fungalrv_2011	negative	FungalRV-negative-dataset-2644seq.fasta	1157	gi|238882167|gb|EEQ45805.1| 60S ribosomal protein L21-A [Candida albicans WO-1]	238882167	160
fungalrv2011_neg_1158	fungalrv_2011	negative	FungalRV-negative-dataset-2644seq.fasta	1158	gi|146323881|ref|XP_751541.2| ubiquitin C-terminal hydrolase CreB [Aspergillus fumigatus Af293]	146323881	775
fungalrv2011_neg_1159	fungalrv_2011	negative	FungalRV-negative-dataset-2644seq.fasta	1159	gi|239593224|gb|EEQ75805.1| DNA-directed DNA polymerase theta [Ajellomyces dermatitidis SLH14081]	239593224	935
fungalrv2011_neg_1160	fungalrv_2011	negative	FungalRV-negative-dataset-2644seq.fasta	1160	gi|239590126|gb|EEQ72707.1| 30S ribosomal protein S16 [Ajellomyces dermatitidis SLH14081]	239590126	113
fungalrv2011_neg_1161	fungalrv_2011	negative	FungalRV-negative-dataset-2644seq.fasta	1161	gi|239589850|gb|EEQ72493.1| Poly(A) polymerase PAPalpha [Ajellomyces dermatitidis SLH14081]	239589850	599
fungalrv2011_neg_1162	fungalrv_2011	negative	FungalRV-negative-dataset-2644seq.fasta	1162	gi|239589878|gb|EEQ72521.1| phosphatidylserine decarboxylase proenzyme [Ajellomyces dermatitidis SLH14081]	239589878	544
fungalrv2011_neg_1163	fungalrv_2011	negative	FungalRV-negative-dataset-2644seq.fasta	1163	gi|239594250|gb|EEQ76831.1| alpha/beta hydrolase [Ajellomyces dermatitidis SLH14081]	239594250	589
fungalrv2011_neg_1164	fungalrv_2011	negative	FungalRV-negative-dataset-2644seq.fasta	1164	gi|239614428|gb|EEQ91415.1| dihydrolipoyl dehydrogenase [Ajellomyces dermatitidis ER-3]	239614428	515
fungalrv2011_neg_1165	fungalrv_2011	negative	FungalRV-negative-dataset-2644seq.fasta	1165	gi|4062995|dbj|BAA36217.1| poly(A) polymerase isozyme [Candida albicans]	4062995	555
fungalrv2011_neg_1166	fungalrv_2011	negative	FungalRV-negative-dataset-2644seq.fasta	1166	gi|238881966|gb|EEQ45604.1| 40S ribosomal protein S26-A [Candida albicans WO-1]	238881966	119
fungalrv2011_neg_1167	fungalrv_2011	negative	FungalRV-negative-dataset-2644seq.fasta	1167	gi|239595429|gb|EEQ78010.1| phosphoglycerate dehydrogenase [Ajellomyces dermatitidis SLH14081]	239595429	602
fungalrv2011_neg_1168	fungalrv_2011	negative	FungalRV-negative-dataset-2644seq.fasta	1168	gi|66849747|gb|EAL90075.1| diphosphomevalonate decarboxylase [Aspergillus fumigatus Af293]	66849747	404
fungalrv2011_neg_1169	fungalrv_2011	negative	FungalRV-negative-dataset-2644seq.fasta	1169	gi|66849883|gb|EAL90210.1| glycerol-3-phosphate dehydrogenase, mitochondrial [Aspergillus fumigatus Af293]	66849883	705
fungalrv2011_neg_1170	fungalrv_2011	negative	FungalRV-negative-dataset-2644seq.fasta	1170	gi|239613653|gb|EEQ90640.1| mitochondrial inner membrane metallopeptidase Oma1 [Ajellomyces dermatitidis ER-3]	239613653	480
fungalrv2011_neg_1171	fungalrv_2011	negative	FungalRV-negative-dataset-2644seq.fasta	1171	gi|239607415|gb|EEQ84402.1| epoxide hydrolase [Ajellomyces dermatitidis ER-3]	239607415	337
fungalrv2011_neg_1172	fungalrv_2011	negative	FungalRV-negative-dataset-2644seq.fasta	1172	gi|239591121|gb|EEQ73702.1| HAD superfamily hydrolase [Ajellomyces dermatitidis SLH14081]	239591121	313
fungalrv2011_neg_1173	fungalrv_2011	negative	FungalRV-negative-dataset-2644seq.fasta	1173	gi|159122203|gb|EDP47325.1| glycine dehydrogenase [Aspergillus fumigatus A1163]	159122203	353
fungalrv2011_neg_1174	fungalrv_2011	negative	FungalRV-negative-dataset-2644seq.fasta	1174	gi|70991228|ref|XP_750463.1| ubiquitin C-terminal hydrolase [Aspergillus fumigatus Af293]	70991228	872
fungalrv2011_neg_1175	fungalrv_2011	negative	FungalRV-negative-dataset-2644seq.fasta	1175	gi|71000529|ref|XP_754948.1| ribosomal assembly complex component Ipi3 [Aspergillus fumigatus Af293]	71000529	577
fungalrv2011_neg_1176	fungalrv_2011	negative	FungalRV-negative-dataset-2644seq.fasta	1176	gi|239593506|gb|EEQ76087.1| succinate dehydrogenase cytochrome b560 subunit [Ajellomyces dermatitidis SLH14081]	239593506	188
fungalrv2011_neg_1177	fungalrv_2011	negative	FungalRV-negative-dataset-2644seq.fasta	1177	gi|239593709|gb|EEQ76290.1| phosphoric ester hydrolase [Ajellomyces dermatitidis SLH14081]	239593709	260
fungalrv2011_neg_1178	fungalrv_2011	negative	FungalRV-negative-dataset-2644seq.fasta	1178	gi|238883214|gb|EEQ46852.1| 3-isopropylmalate dehydrogenase [Candida albicans WO-1]	238883214	373
fungalrv2011_neg_1179	fungalrv_2011	negative	FungalRV-negative-dataset-2644seq.fasta	1179	gi|74627346|sp|Q59U67.1|TAF4_CANAL RecName: Full=Transcription initiation factor TFIID subunit 4; AltName: Full=TBP-associated factor 4	74627346	363
fungalrv2011_neg_1180	fungalrv_2011	negative	FungalRV-negative-dataset-2644seq.fasta	1180	gi|51701503|sp|Q6FIU2.1|HOG1_CANGA RecName: Full=Mitogen-activated protein kinase HOG1; Short=MAP kinase HOG1	51701503	447
fungalrv2011_neg_1181	fungalrv_2011	negative	FungalRV-negative-dataset-2644seq.fasta	1181	gi|7270998|emb|CAB77636.1| ribosomal protein L27 [Candida albicans]	7270998	136
fungalrv2011_neg_1182	fungalrv_2011	negative	FungalRV-negative-dataset-2644seq.fasta	1182	gi|239593123|gb|EEQ75704.1| ubiquitin C-terminal hydrolase L3 [Ajellomyces dermatitidis SLH14081]	239593123	226
fungalrv2011_neg_1183	fungalrv_2011	negative	FungalRV-negative-dataset-2644seq.fasta	1183	gi|74661154|sp|Q6FN96.1|GPD1_CANGA RecName: Full=Glycerol-3-phosphate dehydrogenase [NAD+] 1	74661154	400
fungalrv2011_neg_1184	fungalrv_2011	negative	FungalRV-negative-dataset-2644seq.fasta	1184	gi|66848834|gb|EAL89163.1| 60S ribosomal protein L31e [Aspergillus fumigatus Af293]	66848834	123
fungalrv2011_neg_1185	fungalrv_2011	negative	FungalRV-negative-dataset-2644seq.fasta	1185	gi|239591617|gb|EEQ74198.1| acyl-CoA dehydrogenase [Ajellomyces dermatitidis SLH14081]	239591617	438
fungalrv2011_neg_1186	fungalrv_2011	negative	FungalRV-negative-dataset-2644seq.fasta	1186	gi|55585435|gb|AAV53910.1| orotidine 5'-phosphate decarboxylase [Candida glabrata]	55585435	200
fungalrv2011_neg_1187	fungalrv_2011	negative	FungalRV-negative-dataset-2644seq.fasta	1187	gi|239586740|gb|EEQ69383.1| mitochondrial enoyl reductase [Ajellomyces dermatitidis SLH14081]	239586740	544
fungalrv2011_neg_1188	fungalrv_2011	negative	FungalRV-negative-dataset-2644seq.fasta	1188	gi|239587718|gb|EEQ70361.1| acyl-CoA thioester hydrolase [Ajellomyces dermatitidis SLH14081]	239587718	448
fungalrv2011_neg_1189	fungalrv_2011	negative	FungalRV-negative-dataset-2644seq.fasta	1189	gi|239589150|gb|EEQ71793.1| ribosomal biogenesis protein Gar2 [Ajellomyces dermatitidis SLH14081]	239589150	530
fungalrv2011_neg_1190	fungalrv_2011	negative	FungalRV-negative-dataset-2644seq.fasta	1190	gi|90299296|gb|EAS28927.1| isocitrate dehydrogenase NADP, mitochondrial precursor [Coccidioides immitis RS]	90299296	509
fungalrv2011_neg_1191	fungalrv_2011	negative	FungalRV-negative-dataset-2644seq.fasta	1191	gi|70997806|ref|XP_753635.1| 3-hydroxyacyl-CoA dehydrogenase [Aspergillus fumigatus Af293]	70997806	579
fungalrv2011_neg_1192	fungalrv_2011	negative	FungalRV-negative-dataset-2644seq.fasta	1192	gi|70994532|ref|XP_752044.1| L-serine dehydratase [Aspergillus fumigatus Af293]	70994532	460
fungalrv2011_neg_1193	fungalrv_2011	negative	FungalRV-negative-dataset-2644seq.fasta	1193	gi|31581402|gb|AAP57863.1| DNA-dependent RNA polymerase II RPB140 [Candida glabrata]	31581402	228
fungalrv2011_neg_1194	fungalrv_2011	negative	FungalRV-negative-dataset-2644seq.fasta	1194	gi|239589882|gb|EEQ72525.1| 3-isopropylmalate dehydrogenase A [Ajellomyces dermatitidis SLH14081]	239589882	364
fungalrv2011_neg_1195	fungalrv_2011	negative	FungalRV-negative-dataset-2644seq.fasta	1195	gi|239590214|gb|EEQ72795.1| 37S ribosomal protein S5 [Ajellomyces dermatitidis SLH14081]	239590214	414
fungalrv2011_neg_1196	fungalrv_2011	negative	FungalRV-negative-dataset-2644seq.fasta	1196	gi|118593421|sp|Q1DQ20.1|IF4A_COCIM RecName: Full=ATP-dependent RNA helicase eIF4A; AltName: Full=Eukaryotic initiation factor 4A; Short=eIF-4A; AltName: Full=Translation initiation factor 1	118593421	398
fungalrv2011_neg_1197	fungalrv_2011	negative	FungalRV-negative-dataset-2644seq.fasta	1197	gi|90298957|gb|EAS28588.1| 60S ribosomal protein L26 [Coccidioides immitis RS]	90298957	135
fungalrv2011_neg_1198	fungalrv_2011	negative	FungalRV-negative-dataset-2644seq.fasta	1198	gi|90304625|gb|EAS34256.1| arginyl-tRNA synthetase [Coccidioides immitis RS]	90304625	647
fungalrv2011_neg_1199	fungalrv_2011	negative	FungalRV-negative-dataset-2644seq.fasta	1199	gi|70987231|ref|XP_749094.1| L-galactose dehydrogenase (L-GalDH) [Aspergillus fumigatus Af293]	70987231	471
fungalrv2011_neg_1200	fungalrv_2011	negative	FungalRV-negative-dataset-2644seq.fasta	1200	gi|239611333|gb|EEQ88320.1| RNA polymerase II mediator complex protein [Ajellomyces dermatitidis ER-3]	239611333	254
fungalrv2011_neg_1201	fungalrv_2011	negative	FungalRV-negative-dataset-2644seq.fasta	1201	gi|239615414|gb|EEQ92401.1| alpha/beta hydrolase [Ajellomyces dermatitidis ER-3]	239615414	589
fungalrv2011_neg_1202	fungalrv_2011	negative	FungalRV-negative-dataset-2644seq.fasta	1202	gi|239592388|gb|EEQ74969.1| isocitrate dehydrogenase NADP [Ajellomyces dermatitidis SLH14081]	239592388	414
fungalrv2011_neg_1203	fungalrv_2011	negative	FungalRV-negative-dataset-2644seq.fasta	1203	gi|66850103|gb|EAL90430.1| xylitol dehydrogenase [Aspergillus fumigatus Af293]	66850103	383
fungalrv2011_neg_1204	fungalrv_2011	negative	FungalRV-negative-dataset-2644seq.fasta	1204	gi|239609367|gb|EEQ86354.1| DNA-directed DNA polymerase theta [Ajellomyces dermatitidis ER-3]	239609367	917
fungalrv2011_neg_1205	fungalrv_2011	negative	FungalRV-negative-dataset-2644seq.fasta	1205	gi|239612711|gb|EEQ89698.1| 3-isopropylmalate dehydrogenase A [Ajellomyces dermatitidis ER-3]	239612711	364
fungalrv2011_neg_1206	fungalrv_2011	negative	FungalRV-negative-dataset-2644seq.fasta	1206	gi|129558491|gb|EAL93110.2| 60S ribosomal protein L44 [Aspergillus fumigatus Af293]	129558491	109
fungalrv2011_neg_1207	fungalrv_2011	negative	FungalRV-negative-dataset-2644seq.fasta	1207	gi|239586778|gb|EEQ69421.1| 1-pyrroline-5-carboxylate dehydrogenase [Ajellomyces dermatitidis SLH14081]	239586778	556
fungalrv2011_neg_1208	fungalrv_2011	negative	FungalRV-negative-dataset-2644seq.fasta	1208	gi|66848265|gb|EAL88594.1| isocitrate dehydrogenase LysB [Aspergillus fumigatus Af293]	66848265	368
fungalrv2011_neg_1209	fungalrv_2011	negative	FungalRV-negative-dataset-2644seq.fasta	1209	gi|239594665|gb|EEQ77246.1| ribosomal protein L31e [Ajellomyces dermatitidis SLH14081]	239594665	123
fungalrv2011_neg_1210	fungalrv_2011	negative	FungalRV-negative-dataset-2644seq.fasta	1210	gi|238882270|gb|EEQ45908.1| cytochrome c1, mitochondrial precursor [Candida albicans WO-1]	238882270	288
fungalrv2011_neg_1211	fungalrv_2011	negative	FungalRV-negative-dataset-2644seq.fasta	1211	gi|238882092|gb|EEQ45730.1| aldehyde dehydrogenase, mitochondrial precursor [Candida albicans WO-1]	238882092	499
fungalrv2011_neg_1212	fungalrv_2011	negative	FungalRV-negative-dataset-2644seq.fasta	1212	gi|74656119|sp|Q59PR3.1|DBP8_CANAL RecName: Full=ATP-dependent RNA helicase DBP8	74656119	440
fungalrv2011_neg_1213	fungalrv_2011	negative	FungalRV-negative-dataset-2644seq.fasta	1213	gi|239593204|gb|EEQ75785.1| 60S acidic ribosomal protein P0 [Ajellomyces dermatitidis SLH14081]	239593204	312
fungalrv2011_neg_1214	fungalrv_2011	negative	FungalRV-negative-dataset-2644seq.fasta	1214	gi|70997367|ref|XP_753432.1| transcription initiation factor subunit (TAF30) [Aspergillus fumigatus Af293]	70997367	229
fungalrv2011_neg_1215	fungalrv_2011	negative	FungalRV-negative-dataset-2644seq.fasta	1215	gi|32567794|ref|NP_075032.2| NADH dehydrogenase subunit 1 [Candida albicans SC5314]	32567794	317
fungalrv2011_neg_1216	fungalrv_2011	negative	FungalRV-negative-dataset-2644seq.fasta	1216	gi|70986020|ref|XP_748512.1| acyl-CoA dehydrogenase [Aspergillus fumigatus Af293]	70986020	429
fungalrv2011_neg_1217	fungalrv_2011	negative	FungalRV-negative-dataset-2644seq.fasta	1217	gi|74680204|sp|Q5AEN1.1|CCPR_CANAL RecName: Full=Cytochrome c peroxidase, mitochondrial; Short=CCP; Flags: Precursor	74680204	366
fungalrv2011_neg_1218	fungalrv_2011	negative	FungalRV-negative-dataset-2644seq.fasta	1218	gi|70988982|ref|XP_749341.1| aminoacyl-tRNA hydrolase [Aspergillus fumigatus Af293]	70988982	197
fungalrv2011_neg_1219	fungalrv_2011	negative	FungalRV-negative-dataset-2644seq.fasta	1219	gi|238880669|gb|EEQ44307.1| cytochrome c peroxidase, mitochondrial precursor [Candida albicans WO-1]	238880669	366
fungalrv2011_neg_1220	fungalrv_2011	negative	FungalRV-negative-dataset-2644seq.fasta	1220	gi|52783193|sp|Q6FWS1.1|NOG2_CANGA RecName: Full=Nucleolar GTP-binding protein 2	52783193	494
fungalrv2011_neg_1221	fungalrv_2011	negative	FungalRV-negative-dataset-2644seq.fasta	1221	gi|62901305|sp|Q6FP41.1|TFB2_CANGA RecName: Full=RNA polymerase II transcription factor B subunit 2; AltName: Full=RNA polymerase II transcription factor B p52 subunit; AltName: Full=RNA polymerase II transcription factor B 52 kDa subunit	62901305	504
fungalrv2011_neg_1222	fungalrv_2011	negative	FungalRV-negative-dataset-2644seq.fasta	1222	gi|66851207|gb|EAL91533.1| 37S ribosomal protein S12 [Aspergillus fumigatus Af293]	66851207	193
fungalrv2011_neg_1223	fungalrv_2011	negative	FungalRV-negative-dataset-2644seq.fasta	1223	gi|45545303|gb|AAS67499.1| DNA-dependent RNA polymerase II second largest subunit [Aspergillus fumigatus]	45545303	936
fungalrv2011_neg_1224	fungalrv_2011	negative	FungalRV-negative-dataset-2644seq.fasta	1224	gi|121767841|sp|Q1E146.1|MED31_COCIM RecName: Full=Mediator of RNA polymerase II transcription subunit 31; AltName: Full=Mediator complex subunit 31	121767841	152
fungalrv2011_neg_1225	fungalrv_2011	negative	FungalRV-negative-dataset-2644seq.fasta	1225	gi|239606666|gb|EEQ83653.1| aldehyde dehydrogenase [Ajellomyces dermatitidis ER-3]	239606666	523
fungalrv2011_neg_1226	fungalrv_2011	negative	FungalRV-negative-dataset-2644seq.fasta	1226	gi|55585165|gb|AAV53775.1| 3-isopropylmalate dehydrogenase [Candida glabrata]	55585165	170
fungalrv2011_neg_1227	fungalrv_2011	negative	FungalRV-negative-dataset-2644seq.fasta	1227	gi|66850579|gb|EAL90906.1| 3-isopropylmalate dehydrogenase Leu2A [Aspergillus fumigatus Af293]	66850579	366
fungalrv2011_neg_1228	fungalrv_2011	negative	FungalRV-negative-dataset-2644seq.fasta	1228	gi|239592270|gb|EEQ74851.1| 30S ribosomal protein S8e [Ajellomyces dermatitidis SLH14081]	239592270	257
fungalrv2011_neg_1229	fungalrv_2011	negative	FungalRV-negative-dataset-2644seq.fasta	1229	gi|70997101|ref|XP_753305.1| mitochondrial ribosomal protein L43 [Aspergillus fumigatus Af293]	70997101	137
fungalrv2011_neg_1230	fungalrv_2011	negative	FungalRV-negative-dataset-2644seq.fasta	1230	gi|3377679|gb|AAC28090.1| reverse transcriptase [Candida albicans]	3377679	489
fungalrv2011_neg_1231	fungalrv_2011	negative	FungalRV-negative-dataset-2644seq.fasta	1231	gi|146323823|ref|XP_751775.2| mitochondrial chaperone Frataxin [Aspergillus fumigatus Af293]	146323823	217
fungalrv2011_neg_1232	fungalrv_2011	negative	FungalRV-negative-dataset-2644seq.fasta	1232	gi|239595779|gb|EEQ78360.1| tRNA-specific adenosine deaminase [Ajellomyces dermatitidis SLH14081]	239595779	567
fungalrv2011_neg_1233	fungalrv_2011	negative	FungalRV-negative-dataset-2644seq.fasta	1233	gi|74585104|sp|Q59VW7.1|TIM21_CANAL RecName: Full=Mitochondrial import inner membrane translocase subunit TIM21; Flags: Precursor	74585104	268
fungalrv2011_neg_1234	fungalrv_2011	negative	FungalRV-negative-dataset-2644seq.fasta	1234	gi|55585123|gb|AAV53754.1| 3-isopropylmalate dehydrogenase [Candida glabrata]	55585123	170
fungalrv2011_neg_1235	fungalrv_2011	negative	FungalRV-negative-dataset-2644seq.fasta	1235	gi|239608188|gb|EEQ85175.1| 1-pyrroline-5-carboxylate dehydrogenase [Ajellomyces dermatitidis ER-3]	239608188	556
fungalrv2011_neg_1236	fungalrv_2011	negative	FungalRV-negative-dataset-2644seq.fasta	1236	gi|238878945|gb|EEQ42583.1| chloroplast 30S ribosomal protein S12 [Candida albicans WO-1]	238878945	180
fungalrv2011_neg_1237	fungalrv_2011	negative	FungalRV-negative-dataset-2644seq.fasta	1237	gi|239590504|gb|EEQ73085.1| mitochondrial fusion protein [Ajellomyces dermatitidis SLH14081]	239590504	553
fungalrv2011_neg_1238	fungalrv_2011	negative	FungalRV-negative-dataset-2644seq.fasta	1238	gi|239607417|gb|EEQ84404.1| 60S ribosomal protein L43 [Ajellomyces dermatitidis ER-3]	239607417	148
fungalrv2011_neg_1239	fungalrv_2011	negative	FungalRV-negative-dataset-2644seq.fasta	1239	gi|70984665|ref|XP_747839.1| ubiquitin C-terminal hydrolase [Aspergillus fumigatus Af293]	70984665	571
fungalrv2011_neg_1240	fungalrv_2011	negative	FungalRV-negative-dataset-2644seq.fasta	1240	gi|239612853|gb|EEQ89840.1| acyl-CoA dehydrogenase [Ajellomyces dermatitidis ER-3]	239612853	438
fungalrv2011_neg_1241	fungalrv_2011	negative	FungalRV-negative-dataset-2644seq.fasta	1241	gi|159124191|gb|EDP49309.1| isocitrate dehydrogenase LysB [Aspergillus fumigatus A1163]	159124191	369
fungalrv2011_neg_1242	fungalrv_2011	negative	FungalRV-negative-dataset-2644seq.fasta	1242	gi|70982069|ref|XP_746563.1| glycine dehydrogenase [Aspergillus fumigatus Af293]	70982069	1060
fungalrv2011_neg_1243	fungalrv_2011	negative	FungalRV-negative-dataset-2644seq.fasta	1243	gi|70994656|ref|XP_752105.1| mitochondrial acetolactate synthase small subunit [Aspergillus fumigatus Af293]	70994656	327
fungalrv2011_neg_1244	fungalrv_2011	negative	FungalRV-negative-dataset-2644seq.fasta	1244	gi|239613708|gb|EEQ90695.1| mitochondrial processing peptidase alpha subunit [Ajellomyces dermatitidis ER-3]	239613708	592
fungalrv2011_neg_1245	fungalrv_2011	negative	FungalRV-negative-dataset-2644seq.fasta	1245	gi|74637290|sp|Q6FKC6.1|SSN3_CANGA RecName: Full=Serine/threonine-protein kinase SSN3; AltName: Full=Cyclin-dependent kinase 8	74637290	567
fungalrv2011_neg_1246	fungalrv_2011	negative	FungalRV-negative-dataset-2644seq.fasta	1246	gi|74637331|sp|Q6FLB1.1|SPT6_CANGA RecName: Full=Transcription elongation factor SPT6; AltName: Full=Chromatin elongation factor SPT6	74637331	1449
fungalrv2011_neg_1247	fungalrv_2011	negative	FungalRV-negative-dataset-2644seq.fasta	1247	gi|146323261|ref|XP_755059.2| mitochondrial tricarboxylate transporter (Ctp) [Aspergillus fumigatus Af293]	146323261	296
fungalrv2011_neg_1248	fungalrv_2011	negative	FungalRV-negative-dataset-2644seq.fasta	1248	gi|66845030|gb|EAL85366.1| glutamate decarboxylase [Aspergillus fumigatus Af293]	66845030	501
fungalrv2011_neg_1249	fungalrv_2011	negative	FungalRV-negative-dataset-2644seq.fasta	1249	gi|239593202|gb|EEQ75783.1| uroporphyrinogen decarboxylase [Ajellomyces dermatitidis SLH14081]	239593202	365
fungalrv2011_neg_1250	fungalrv_2011	negative	FungalRV-negative-dataset-2644seq.fasta	1250	gi|52783119|sp|Q6FU27.1|LYS1_CANGA RecName: Full=Saccharopine dehydrogenase [NAD+, L-lysine-forming]; Short=SDH; AltName: Full=Lysine--2-oxoglutarate reductase	52783119	372
fungalrv2011_neg_1251	fungalrv_2011	negative	FungalRV-negative-dataset-2644seq.fasta	1251	gi|239591363|gb|EEQ73944.1| 60S ribosomal protein L44 [Ajellomyces dermatitidis SLH14081]	239591363	106
fungalrv2011_neg_1252	fungalrv_2011	negative	FungalRV-negative-dataset-2644seq.fasta	1252	gi|121752962|sp|Q1DLD2.1|MED17_COCIM RecName: Full=Mediator of RNA polymerase II transcription subunit 17; AltName: Full=Mediator complex subunit 17	121752962	691
fungalrv2011_neg_1253	fungalrv_2011	negative	FungalRV-negative-dataset-2644seq.fasta	1253	gi|239593585|gb|EEQ76166.1| ribosomal protein L32 [Ajellomyces dermatitidis SLH14081]	239593585	193
fungalrv2011_neg_1254	fungalrv_2011	negative	FungalRV-negative-dataset-2644seq.fasta	1254	gi|70986558|ref|XP_748770.1| ornithine decarboxylase [Aspergillus fumigatus Af293]	70986558	443
fungalrv2011_neg_1255	fungalrv_2011	negative	FungalRV-negative-dataset-2644seq.fasta	1255	gi|239587476|gb|EEQ70119.1| dihydrolipoyl dehydrogenase [Ajellomyces dermatitidis SLH14081]	239587476	515
fungalrv2011_neg_1256	fungalrv_2011	negative	FungalRV-negative-dataset-2644seq.fasta	1256	gi|70992355|ref|XP_751026.1| aldehyde dehydrogenase AldA [Aspergillus fumigatus Af293]	70992355	559
fungalrv2011_neg_1257	fungalrv_2011	negative	FungalRV-negative-dataset-2644seq.fasta	1257	gi|239587682|gb|EEQ70325.1| ribosomal protein L14 [Ajellomyces dermatitidis SLH14081]	239587682	147
fungalrv2011_neg_1258	fungalrv_2011	negative	FungalRV-negative-dataset-2644seq.fasta	1258	gi|238879194|gb|EEQ42832.1| mitochondrial processing peptidase beta subunit [Candida albicans WO-1]	238879194	467
fungalrv2011_neg_1259	fungalrv_2011	negative	FungalRV-negative-dataset-2644seq.fasta	1259	gi|71000641|ref|XP_755002.1| glutaryl-CoA dehydrogenase [Aspergillus fumigatus Af293]	71000641	430
fungalrv2011_neg_1260	fungalrv_2011	negative	FungalRV-negative-dataset-2644seq.fasta	1260	gi|74656094|sp|Q59N29.1|SPB41_CANAL RecName: Full=ATP-dependent rRNA helicase SPB41	74656094	631
fungalrv2011_neg_1261	fungalrv_2011	negative	FungalRV-negative-dataset-2644seq.fasta	1261	gi|239611545|gb|EEQ88532.1| pyruvate dehydrogenase complex component Pdx1 [Ajellomyces dermatitidis ER-3]	239611545	326
fungalrv2011_neg_1262	fungalrv_2011	negative	FungalRV-negative-dataset-2644seq.fasta	1262	gi|70987032|ref|XP_749000.1| glucuronyl hydrolase [Aspergillus fumigatus Af293]	70987032	541
fungalrv2011_neg_1263	fungalrv_2011	negative	FungalRV-negative-dataset-2644seq.fasta	1263	gi|238881456|gb|EEQ45094.1| pyruvate dehydrogenase E1 component [Candida albicans WO-1]	238881456	379
fungalrv2011_neg_1264	fungalrv_2011	negative	FungalRV-negative-dataset-2644seq.fasta	1264	gi|74609712|sp|Q6FRC1.1|FMP52_CANGA RecName: Full=Protein FMP52, mitochondrial; Flags: Precursor	74609712	233
fungalrv2011_neg_1265	fungalrv_2011	negative	FungalRV-negative-dataset-2644seq.fasta	1265	gi|146322469|ref|XP_001481706.1| alpha/beta hydrolase [Aspergillus fumigatus Af293]	146322469	477
fungalrv2011_neg_1266	fungalrv_2011	negative	FungalRV-negative-dataset-2644seq.fasta	1266	gi|239587841|gb|EEQ70484.1| alpha/beta hydrolase [Ajellomyces dermatitidis SLH14081]	239587841	330
fungalrv2011_neg_1267	fungalrv_2011	negative	FungalRV-negative-dataset-2644seq.fasta	1267	gi|52782713|sp|Q6FSD5.1|ATPO_CANGA RecName: Full=ATP synthase subunit 5, mitochondrial; Short=ATP synthase chain 5; AltName: Full=Oligomycin sensitivity conferral protein; Short=OSCP; Flags: Precursor	52782713	207
fungalrv2011_neg_1268	fungalrv_2011	negative	FungalRV-negative-dataset-2644seq.fasta	1268	gi|70998550|ref|XP_753997.1| 60S ribosomal protein L8 [Aspergillus fumigatus Af293]	70998550	254
fungalrv2011_neg_1269	fungalrv_2011	negative	FungalRV-negative-dataset-2644seq.fasta	1269	gi|70989797|ref|XP_749748.1| DNA polymerase epsilon subunit B [Aspergillus fumigatus Af293]	70989797	762
fungalrv2011_neg_1270	fungalrv_2011	negative	FungalRV-negative-dataset-2644seq.fasta	1270	gi|239592236|gb|EEQ74817.1| ribosomal protein L5 [Ajellomyces dermatitidis SLH14081]	239592236	174
fungalrv2011_neg_1271	fungalrv_2011	negative	FungalRV-negative-dataset-2644seq.fasta	1271	gi|70998048|ref|XP_753756.1| epoxide hydrolase [Aspergillus fumigatus Af293]	70998048	396
fungalrv2011_neg_1272	fungalrv_2011	negative	FungalRV-negative-dataset-2644seq.fasta	1272	gi|159129261|gb|EDP54375.1| orotidine 5'-phosphate decarboxylase PyrG [Aspergillus fumigatus A1163]	159129261	263
fungalrv2011_neg_1273	fungalrv_2011	negative	FungalRV-negative-dataset-2644seq.fasta	1273	gi|239592630|gb|EEQ75211.1| ubiquitin C-terminal hydrolase CreB [Ajellomyces dermatitidis SLH14081]	239592630	790
fungalrv2011_neg_1274	fungalrv_2011	negative	FungalRV-negative-dataset-2644seq.fasta	1274	gi|239613503|gb|EEQ90490.1| DNA-directed RNA polymerase III subunit rpc3 [Ajellomyces dermatitidis ER-3]	239613503	645
fungalrv2011_neg_1275	fungalrv_2011	negative	FungalRV-negative-dataset-2644seq.fasta	1275	gi|239586754|gb|EEQ69397.1| acyl-CoA dehydrogenase [Ajellomyces dermatitidis SLH14081]	239586754	440
fungalrv2011_neg_1276	fungalrv_2011	negative	FungalRV-negative-dataset-2644seq.fasta	1276	gi|239613153|gb|EEQ90140.1| 40S ribosomal protein S9 [Ajellomyces dermatitidis ER-3]	239613153	312
fungalrv2011_neg_1277	fungalrv_2011	negative	FungalRV-negative-dataset-2644seq.fasta	1277	gi|118578052|sp|Q1DWF4.1|DBP9_COCIM RecName: Full=ATP-dependent RNA helicase DBP9	118578052	607
fungalrv2011_neg_1278	fungalrv_2011	negative	FungalRV-negative-dataset-2644seq.fasta	1278	gi|55585179|gb|AAV53782.1| 3-isopropylmalate dehydrogenase [Candida glabrata]	55585179	170
fungalrv2011_neg_1279	fungalrv_2011	negative	FungalRV-negative-dataset-2644seq.fasta	1279	gi|116256792|sp|Q3MNT0.1|SPT6_CANAL RecName: Full=Transcription elongation factor SPT6; AltName: Full=Chromatin elongation factor SPT6	116256792	1401
fungalrv2011_neg_1280	fungalrv_2011	negative	FungalRV-negative-dataset-2644seq.fasta	1280	gi|121937034|sp|Q1DUF9.1|INO80_COCIM RecName: Full=Putative DNA helicase INO80	121937034	1662
fungalrv2011_neg_1281	fungalrv_2011	negative	FungalRV-negative-dataset-2644seq.fasta	1281	gi|239612290|gb|EEQ89277.1| 6-phosphogluconate dehydrogenase [Ajellomyces dermatitidis ER-3]	239612290	519
fungalrv2011_neg_1282	fungalrv_2011	negative	FungalRV-negative-dataset-2644seq.fasta	1282	gi|121753448|sp|Q1DNE1.1|NAGS_COCIM RecName: Full=Amino-acid acetyltransferase, mitochondrial; AltName: Full=N-acetylglutamate synthase; Short=NAGS; Short=AGS; AltName: Full=Glutamate N-acetyltransferase; AltName: Full=Arginine-requiring protein 2; Flags: Precursor	121753448	737
fungalrv2011_neg_1283	fungalrv_2011	negative	FungalRV-negative-dataset-2644seq.fasta	1283	gi|74656107|sp|Q59NP8.1|SPB42_CANAL RecName: Full=ATP-dependent rRNA helicase SPB42	74656107	631
fungalrv2011_neg_1284	fungalrv_2011	negative	FungalRV-negative-dataset-2644seq.fasta	1284	gi|239595749|gb|EEQ78330.1| 40S ribosomal protein S12 [Ajellomyces dermatitidis SLH14081]	239595749	151
fungalrv2011_neg_1285	fungalrv_2011	negative	FungalRV-negative-dataset-2644seq.fasta	1285	gi|239595391|gb|EEQ77972.1| short chain dehydrogenase [Ajellomyces dermatitidis SLH14081]	239595391	317
fungalrv2011_neg_1286	fungalrv_2011	negative	FungalRV-negative-dataset-2644seq.fasta	1286	gi|146324612|ref|XP_746689.2| malate dehydrogenase [Aspergillus fumigatus Af293]	146324612	576
fungalrv2011_neg_1287	fungalrv_2011	negative	FungalRV-negative-dataset-2644seq.fasta	1287	gi|32567801|ref|NP_075040.2| NADH dehydrogenase subunit 5 [Candida albicans SC5314]	32567801	552
fungalrv2011_neg_1288	fungalrv_2011	negative	FungalRV-negative-dataset-2644seq.fasta	1288	gi|70996374|ref|XP_752942.1| phosphatidylserine decarboxylase [Aspergillus fumigatus Af293]	70996374	548
fungalrv2011_neg_1289	fungalrv_2011	negative	FungalRV-negative-dataset-2644seq.fasta	1289	gi|70986963|ref|XP_748967.1| mitochondrial intermembrane space protein Mia40 [Aspergillus fumigatus Af293]	70986963	297
fungalrv2011_neg_1290	fungalrv_2011	negative	FungalRV-negative-dataset-2644seq.fasta	1290	gi|238879272|gb|EEQ42910.1| 60S ribosomal protein L10 [Candida albicans WO-1]	238879272	220
fungalrv2011_neg_1291	fungalrv_2011	negative	FungalRV-negative-dataset-2644seq.fasta	1291	gi|239589462|gb|EEQ72105.1| 30S ribosomal protein S9 [Ajellomyces dermatitidis SLH14081]	239589462	143
fungalrv2011_neg_1292	fungalrv_2011	negative	FungalRV-negative-dataset-2644seq.fasta	1292	gi|74610133|sp|Q6FTE0.1|YKR18_CANGA RecName: Full=Mitochondrial outer membrane protein CAGL0G03245g	74610133	751
fungalrv2011_neg_1293	fungalrv_2011	negative	FungalRV-negative-dataset-2644seq.fasta	1293	gi|66849798|gb|EAL90126.1| Glutamate/Leucine/Phenylalanine/Valine dehydrogenase, putative [Aspergillus fumigatus Af293]	66849798	458
fungalrv2011_neg_1294	fungalrv_2011	negative	FungalRV-negative-dataset-2644seq.fasta	1294	gi|70984128|ref|XP_747583.1| mitochondrial GTPase (Mss1) [Aspergillus fumigatus Af293]	70984128	604
fungalrv2011_neg_1295	fungalrv_2011	negative	FungalRV-negative-dataset-2644seq.fasta	1295	gi|90306130|gb|EAS35761.1| thiazole biosynthetic enzyme, mitochondrial precursor [Coccidioides immitis RS]	90306130	328
fungalrv2011_neg_1296	fungalrv_2011	negative	FungalRV-negative-dataset-2644seq.fasta	1296	gi|239612231|gb|EEQ89218.1| mitochondrial fusion protein [Ajellomyces dermatitidis ER-3]	239612231	553
fungalrv2011_neg_1297	fungalrv_2011	negative	FungalRV-negative-dataset-2644seq.fasta	1297	gi|239591352|gb|EEQ73933.1| RNA polymerase II transcription factor SIII subunit A [Ajellomyces dermatitidis SLH14081]	239591352	383
fungalrv2011_neg_1298	fungalrv_2011	negative	FungalRV-negative-dataset-2644seq.fasta	1298	gi|239610135|gb|EEQ87122.1| 60S ribosomal protein L2 [Ajellomyces dermatitidis ER-3]	239610135	360
fungalrv2011_neg_1299	fungalrv_2011	negative	FungalRV-negative-dataset-2644seq.fasta	1299	gi|239592778|gb|EEQ75359.1| ornithine decarboxylase [Ajellomyces dermatitidis SLH14081]	239592778	450
fungalrv2011_neg_1300	fungalrv_2011	negative	FungalRV-negative-dataset-2644seq.fasta	1300	gi|239589903|gb|EEQ72546.1| ubiquitin carboxyl-terminal hydrolase 2 [Ajellomyces dermatitidis SLH14081]	239589903	327
fungalrv2011_neg_1301	fungalrv_2011	negative	FungalRV-negative-dataset-2644seq.fasta	1301	gi|239587911|gb|EEQ70554.1| mitochondrial AAA ATPase [Ajellomyces dermatitidis SLH14081]	239587911	973
fungalrv2011_neg_1302	fungalrv_2011	negative	FungalRV-negative-dataset-2644seq.fasta	1302	gi|90306467|gb|EAS36098.1| aspartate aminotransferase, mitochondrial precursor [Coccidioides immitis RS]	90306467	427
fungalrv2011_neg_1303	fungalrv_2011	negative	FungalRV-negative-dataset-2644seq.fasta	1303	gi|239588217|gb|EEQ70860.1| RNA polymerase III subunit RPC82 [Ajellomyces dermatitidis SLH14081]	239588217	664
fungalrv2011_neg_1304	fungalrv_2011	negative	FungalRV-negative-dataset-2644seq.fasta	1304	gi|74590344|sp|Q5A2Y7.1|NSA2_CANAL RecName: Full=Ribosome biogenesis protein NSA2	74590344	261
fungalrv2011_neg_1305	fungalrv_2011	negative	FungalRV-negative-dataset-2644seq.fasta	1305	gi|3859690|emb|CAA21965.1| 40S ribosomal protein rps16 [Candida albicans]	3859690	142
fungalrv2011_neg_1306	fungalrv_2011	negative	FungalRV-negative-dataset-2644seq.fasta	1306	gi|70982141|ref|XP_746599.1| mitochondrial ATPase (Afg1) [Aspergillus fumigatus Af293]	70982141	563
fungalrv2011_neg_1307	fungalrv_2011	negative	FungalRV-negative-dataset-2644seq.fasta	1307	gi|239587929|gb|EEQ70572.1| alpha/beta hydrolase [Ajellomyces dermatitidis SLH14081]	239587929	321
fungalrv2011_neg_1308	fungalrv_2011	negative	FungalRV-negative-dataset-2644seq.fasta	1308	gi|74637551|sp|Q6FQV5.1|SNU13_CANGA RecName: Full=13 kDa ribonucleoprotein-associated protein	74637551	126
fungalrv2011_neg_1309	fungalrv_2011	negative	FungalRV-negative-dataset-2644seq.fasta	1309	gi|239596069|gb|EEQ78650.1| short chain dehydrogenase [Ajellomyces dermatitidis SLH14081]	239596069	279
fungalrv2011_neg_1310	fungalrv_2011	negative	FungalRV-negative-dataset-2644seq.fasta	1310	gi|74661294|sp|Q6FS54.1|DBP3_CANGA RecName: Full=ATP-dependent RNA helicase DBP3	74661294	540
fungalrv2011_neg_1311	fungalrv_2011	negative	FungalRV-negative-dataset-2644seq.fasta	1311	gi|238880151|gb|EEQ43789.1| dihydrolipoyl dehydrogenase, mitochondrial precursor [Candida albicans WO-1]	238880151	491
fungalrv2011_neg_1312	fungalrv_2011	negative	FungalRV-negative-dataset-2644seq.fasta	1312	gi|238880720|gb|EEQ44358.1| D-lactate dehydrogenase 2, mitochondrial precursor [Candida albicans WO-1]	238880720	527
fungalrv2011_neg_1313	fungalrv_2011	negative	FungalRV-negative-dataset-2644seq.fasta	1313	gi|74679771|sp|Q59VP7.1|ERB1_CANAL RecName: Full=Ribosome biogenesis protein ERB1; AltName: Full=Eukaryotic ribosome biogenesis protein 1	74679771	849
fungalrv2011_neg_1314	fungalrv_2011	negative	FungalRV-negative-dataset-2644seq.fasta	1314	gi|90305636|gb|EAS35267.1| histidyl-tRNA synthetase, mitochondrial precursor [Coccidioides immitis RS]	90305636	590
fungalrv2011_neg_1315	fungalrv_2011	negative	FungalRV-negative-dataset-2644seq.fasta	1315	gi|239587434|gb|EEQ70077.1| ubiquitin carboxyl-terminal hydrolase [Ajellomyces dermatitidis SLH14081]	239587434	415
fungalrv2011_neg_1316	fungalrv_2011	negative	FungalRV-negative-dataset-2644seq.fasta	1316	gi|3334374|sp|O43133.1|TBP_CANAL RecName: Full=TATA-box-binding protein; AltName: Full=TATA-box factor; AltName: Full=TATA-binding factor; AltName: Full=TATA sequence-binding protein; Short=TBP; AltName: Full=Transcription initiation factor TFIID TBP subunit	3334374	238
fungalrv2011_neg_1317	fungalrv_2011	negative	FungalRV-negative-dataset-2644seq.fasta	1317	gi|74675019|sp|Q4WZT9.1|SSN8_ASPFU RecName: Full=RNA polymerase II holoenzyme cyclin-like subunit	74675019	302
fungalrv2011_neg_1318	fungalrv_2011	negative	FungalRV-negative-dataset-2644seq.fasta	1318	gi|239590097|gb|EEQ72678.1| isocitrate dehydrogenase subunit 2 [Ajellomyces dermatitidis SLH14081]	239590097	383
fungalrv2011_neg_1319	fungalrv_2011	negative	FungalRV-negative-dataset-2644seq.fasta	1319	gi|239587457|gb|EEQ70100.1| mitochondrial glycoprotein [Ajellomyces dermatitidis SLH14081]	239587457	302
fungalrv2011_neg_1320	fungalrv_2011	negative	FungalRV-negative-dataset-2644seq.fasta	1320	gi|70995416|ref|XP_752464.1| ribosomal RNA processing protein [Aspergillus fumigatus Af293]	70995416	325
fungalrv2011_neg_1321	fungalrv_2011	negative	FungalRV-negative-dataset-2644seq.fasta	1321	gi|239607416|gb|EEQ84403.1| saccharopine dehydrogenase [Ajellomyces dermatitidis ER-3]	239607416	414
fungalrv2011_neg_1322	fungalrv_2011	negative	FungalRV-negative-dataset-2644seq.fasta	1322	gi|166222394|sp|Q1EBK0.2|SSN3_COCIM RecName: Full=Serine/threonine-protein kinase SSN3; AltName: Full=Cyclin-dependent kinase 8	166222394	488
fungalrv2011_neg_1323	fungalrv_2011	negative	FungalRV-negative-dataset-2644seq.fasta	1323	gi|74627338|sp|Q59SI2.1|TIM14_CANAL RecName: Full=Mitochondrial import inner membrane translocase subunit TIM14; AltName: Full=Presequence translocated-associated motor subunit PAM18	74627338	157
fungalrv2011_neg_1324	fungalrv_2011	negative	FungalRV-negative-dataset-2644seq.fasta	1324	gi|71002544|ref|XP_755953.1| DNA-directed RNA polymerase III RPC4 [Aspergillus fumigatus Af293]	71002544	606
fungalrv2011_neg_1325	fungalrv_2011	negative	FungalRV-negative-dataset-2644seq.fasta	1325	gi|238878492|gb|EEQ42130.1| 60S ribosomal protein L2 [Candida albicans WO-1]	238878492	263
fungalrv2011_neg_1326	fungalrv_2011	negative	FungalRV-negative-dataset-2644seq.fasta	1326	gi|239588357|gb|EEQ71000.1| mitochondrial outer membrane protein iml2 [Ajellomyces dermatitidis SLH14081]	239588357	795
fungalrv2011_neg_1327	fungalrv_2011	negative	FungalRV-negative-dataset-2644seq.fasta	1327	gi|239611576|gb|EEQ88563.1| 30S ribosomal protein S8e [Ajellomyces dermatitidis ER-3]	239611576	261
fungalrv2011_neg_1328	fungalrv_2011	negative	FungalRV-negative-dataset-2644seq.fasta	1328	gi|239593122|gb|EEQ75703.1| mRNA decapping hydrolase [Ajellomyces dermatitidis SLH14081]	239593122	317
fungalrv2011_neg_1329	fungalrv_2011	negative	FungalRV-negative-dataset-2644seq.fasta	1329	gi|239592301|gb|EEQ74882.1| pyruvate dehydrogenase complex component Pdx1 [Ajellomyces dermatitidis SLH14081]	239592301	326
fungalrv2011_neg_1330	fungalrv_2011	negative	FungalRV-negative-dataset-2644seq.fasta	1330	gi|74690788|sp|Q6FNA2.1|DBP10_CANGA RecName: Full=ATP-dependent RNA helicase DBP10	74690788	969
fungalrv2011_neg_1331	fungalrv_2011	negative	FungalRV-negative-dataset-2644seq.fasta	1331	gi|90299260|gb|EAS28891.1| 60S ribosomal protein L33 [Coccidioides immitis RS]	90299260	104
fungalrv2011_neg_1332	fungalrv_2011	negative	FungalRV-negative-dataset-2644seq.fasta	1332	gi|239594744|gb|EEQ77325.1| 60S ribosomal protein L2 [Ajellomyces dermatitidis SLH14081]	239594744	360
fungalrv2011_neg_1333	fungalrv_2011	negative	FungalRV-negative-dataset-2644seq.fasta	1333	gi|239588655|gb|EEQ71298.1| mitochondrial DNA-directed RNA polymerase [Ajellomyces dermatitidis SLH14081]	239588655	1382
fungalrv2011_neg_1334	fungalrv_2011	negative	FungalRV-negative-dataset-2644seq.fasta	1334	gi|71000942|ref|XP_755152.1| RNA polymerase II transcription factor SIII (Elongin) subunit A [Aspergillus fumigatus Af293]	71000942	396
fungalrv2011_neg_1335	fungalrv_2011	negative	FungalRV-negative-dataset-2644seq.fasta	1335	gi|238882026|gb|EEQ45664.1| mitochondrial 40S ribosomal protein S8 [Candida albicans WO-1]	238882026	155
fungalrv2011_neg_1336	fungalrv_2011	negative	FungalRV-negative-dataset-2644seq.fasta	1336	gi|74586549|sp|Q5AAR0.1|IWS1_CANAL RecName: Full=Transcription factor IWS1	74586549	400
fungalrv2011_neg_1337	fungalrv_2011	negative	FungalRV-negative-dataset-2644seq.fasta	1337	gi|74679968|sp|Q5A4P9.1|DBP9_CANAL RecName: Full=ATP-dependent RNA helicase DBP9	74679968	574
fungalrv2011_neg_1338	fungalrv_2011	negative	FungalRV-negative-dataset-2644seq.fasta	1338	gi|121752136|sp|Q1DHR3.1|NACA_COCIM RecName: Full=Nascent polypeptide-associated complex subunit alpha; Short=NAC-alpha; AltName: Full=Alpha-NAC	121752136	205
fungalrv2011_neg_1339	fungalrv_2011	negative	FungalRV-negative-dataset-2644seq.fasta	1339	gi|239609575|gb|EEQ86562.1| 4-carboxymuconolactone decarboxylase [Ajellomyces dermatitidis ER-3]	239609575	186
fungalrv2011_neg_1340	fungalrv_2011	negative	FungalRV-negative-dataset-2644seq.fasta	1340	gi|90307175|gb|EAS36806.1| casein kinase II, alpha chain [Coccidioides immitis RS]	90307175	337
fungalrv2011_neg_1341	fungalrv_2011	negative	FungalRV-negative-dataset-2644seq.fasta	1341	gi|70982620|ref|XP_746838.1| UbiD family decarboxylase [Aspergillus fumigatus Af293]	70982620	423
fungalrv2011_neg_1342	fungalrv_2011	negative	FungalRV-negative-dataset-2644seq.fasta	1342	gi|70981666|ref|XP_746362.1| RNA polymerase II mediator complex component SRB4 [Aspergillus fumigatus Af293]	70981666	639
fungalrv2011_neg_1343	fungalrv_2011	negative	FungalRV-negative-dataset-2644seq.fasta	1343	gi|239596123|gb|EEQ78704.1| acyl-CoA dehydrogenase [Ajellomyces dermatitidis SLH14081]	239596123	622
fungalrv2011_neg_1344	fungalrv_2011	negative	FungalRV-negative-dataset-2644seq.fasta	1344	gi|239591425|gb|EEQ74006.1| mitochondrial oxaloacetate transporter [Ajellomyces dermatitidis SLH14081]	239591425	283
fungalrv2011_neg_1345	fungalrv_2011	negative	FungalRV-negative-dataset-2644seq.fasta	1345	gi|239590941|gb|EEQ73522.1| 40S ribosomal protein S9 [Ajellomyces dermatitidis SLH14081]	239590941	312
fungalrv2011_neg_1346	fungalrv_2011	negative	FungalRV-negative-dataset-2644seq.fasta	1346	gi|70990526|ref|XP_750112.1| vanillin dehydrogenase [Aspergillus fumigatus Af293]	70990526	483
fungalrv2011_neg_1347	fungalrv_2011	negative	FungalRV-negative-dataset-2644seq.fasta	1347	gi|70992231|ref|XP_750964.1| HAD superfamily hydrolase [Aspergillus fumigatus Af293]	70992231	275
fungalrv2011_neg_1348	fungalrv_2011	negative	FungalRV-negative-dataset-2644seq.fasta	1348	gi|238879406|gb|EEQ43044.1| DNA-directed RNA polymerase II 13.6 kDa polypeptide [Candida albicans WO-1]	238879406	124
fungalrv2011_neg_1349	fungalrv_2011	negative	FungalRV-negative-dataset-2644seq.fasta	1349	gi|239593707|gb|EEQ76288.1| saccharopine dehydrogenase [Ajellomyces dermatitidis SLH14081]	239593707	414
fungalrv2011_neg_1350	fungalrv_2011	negative	FungalRV-negative-dataset-2644seq.fasta	1350	gi|239610580|gb|EEQ87567.1| alpha/beta hydrolase [Ajellomyces dermatitidis ER-3]	239610580	321
fungalrv2011_neg_1351	fungalrv_2011	negative	FungalRV-negative-dataset-2644seq.fasta	1351	gi|121767218|sp|Q1DZL3.1|MED14_COCIM RecName: Full=Mediator of RNA polymerase II transcription subunit 14; AltName: Full=Mediator complex subunit 14	121767218	1194
fungalrv2011_neg_1352	fungalrv_2011	negative	FungalRV-negative-dataset-2644seq.fasta	1352	gi|239591225|gb|EEQ73806.1| mitochondrial ribosomal protein DAP3 [Ajellomyces dermatitidis SLH14081]	239591225	506
fungalrv2011_neg_1353	fungalrv_2011	negative	FungalRV-negative-dataset-2644seq.fasta	1353	gi|70983858|ref|XP_747455.1| ornithine decarboxylase [Aspergillus fumigatus Af293]	70983858	433
fungalrv2011_neg_1354	fungalrv_2011	negative	FungalRV-negative-dataset-2644seq.fasta	1354	gi|27948804|gb|AAO25594.1| ribosomal protein L37A [Candida glabrata]	27948804	88
fungalrv2011_neg_1355	fungalrv_2011	negative	FungalRV-negative-dataset-2644seq.fasta	1355	gi|90305517|gb|EAS35148.1| glutaryl-CoA dehydrogenase [Coccidioides immitis RS]	90305517	429
fungalrv2011_neg_1356	fungalrv_2011	negative	FungalRV-negative-dataset-2644seq.fasta	1356	gi|239594421|gb|EEQ77002.1| DNA polymerase V [Ajellomyces dermatitidis SLH14081]	239594421	980
fungalrv2011_neg_1357	fungalrv_2011	negative	FungalRV-negative-dataset-2644seq.fasta	1357	gi|55976396|sp|Q6FNR4.1|HEM3_CANGA RecName: Full=Porphobilinogen deaminase; Short=PBG; AltName: Full=Pre-uroporphyrinogen synthase; AltName: Full=Hydroxymethylbilane synthase; Short=HMBS	55976396	329
fungalrv2011_neg_1358	fungalrv_2011	negative	FungalRV-negative-dataset-2644seq.fasta	1358	gi|238882140|gb|EEQ45778.1| cytochrome c oxidase polypeptide VI, mitochondrial precursor [Candida albicans WO-1]	238882140	150
fungalrv2011_neg_1359	fungalrv_2011	negative	FungalRV-negative-dataset-2644seq.fasta	1359	gi|239609846|gb|EEQ86833.1| branched chain alpha-keto acid dehydrogenase E1 subunit beta [Ajellomyces dermatitidis ER-3]	239609846	391
fungalrv2011_neg_1360	fungalrv_2011	negative	FungalRV-negative-dataset-2644seq.fasta	1360	gi|238883579|gb|EEQ47217.1| 60S ribosomal protein L11 [Candida albicans WO-1]	238883579	174
fungalrv2011_neg_1361	fungalrv_2011	negative	FungalRV-negative-dataset-2644seq.fasta	1361	gi|239611205|gb|EEQ88192.1| 50S ribosomal protein L36 [Ajellomyces dermatitidis ER-3]	239611205	194
fungalrv2011_neg_1362	fungalrv_2011	negative	FungalRV-negative-dataset-2644seq.fasta	1362	gi|52783115|sp|Q6FM51.1|LYS4_CANGA RecName: Full=Homoaconitase, mitochondrial; AltName: Full=Homoaconitate hydratase; Flags: Precursor	52783115	689
fungalrv2011_neg_1363	fungalrv_2011	negative	FungalRV-negative-dataset-2644seq.fasta	1363	gi|239611269|gb|EEQ88256.1| HAD superfamily hydrolase [Ajellomyces dermatitidis ER-3]	239611269	235
fungalrv2011_neg_1364	fungalrv_2011	negative	FungalRV-negative-dataset-2644seq.fasta	1364	gi|70989900|ref|XP_749799.1| betaine aldehyde dehydrogenase [Aspergillus fumigatus Af293]	70989900	499
fungalrv2011_neg_1365	fungalrv_2011	negative	FungalRV-negative-dataset-2644seq.fasta	1365	gi|74609416|sp|Q6FPT7.1|DBP4_CANGA RecName: Full=ATP-dependent RNA helicase DBP4	74609416	765
fungalrv2011_neg_1366	fungalrv_2011	negative	FungalRV-negative-dataset-2644seq.fasta	1366	gi|239595042|gb|EEQ77623.1| branched chain alpha-keto acid dehydrogenase E1 subunit beta [Ajellomyces dermatitidis SLH14081]	239595042	391
fungalrv2011_neg_1367	fungalrv_2011	negative	FungalRV-negative-dataset-2644seq.fasta	1367	gi|239587835|gb|EEQ70478.1| 60S ribosomal protein L10-B [Ajellomyces dermatitidis SLH14081]	239587835	223
fungalrv2011_neg_1368	fungalrv_2011	negative	FungalRV-negative-dataset-2644seq.fasta	1368	gi|239592579|gb|EEQ75160.1| HAD superfamily hydrolase [Ajellomyces dermatitidis SLH14081]	239592579	235
fungalrv2011_neg_1369	fungalrv_2011	negative	FungalRV-negative-dataset-2644seq.fasta	1369	gi|66847211|gb|EAL87542.1| D-3-phosphoglycerate dehydrogenase [Aspergillus fumigatus Af293]	66847211	635
fungalrv2011_neg_1370	fungalrv_2011	negative	FungalRV-negative-dataset-2644seq.fasta	1370	gi|52783292|sp|Q6FS31.1|RM02_CANGA RecName: Full=60S ribosomal protein L2, mitochondrial; Flags: Precursor	52783292	368
fungalrv2011_neg_1371	fungalrv_2011	negative	FungalRV-negative-dataset-2644seq.fasta	1371	gi|70997333|ref|XP_753416.1| mitochondrial oxaloacetate transporter (Oac) [Aspergillus fumigatus Af293]	70997333	377
fungalrv2011_neg_1372	fungalrv_2011	negative	FungalRV-negative-dataset-2644seq.fasta	1372	gi|239615592|gb|EEQ92579.1| DNA polymerase V [Ajellomyces dermatitidis ER-3]	239615592	977
fungalrv2011_neg_1373	fungalrv_2011	negative	FungalRV-negative-dataset-2644seq.fasta	1373	gi|187609711|sp|Q1DXN1.2|MCR1_COCIM RecName: Full=NADH-cytochrome b5 reductase 2; AltName: Full=Mitochondrial cytochrome b reductase	187609711	325
fungalrv2011_neg_1374	fungalrv_2011	negative	FungalRV-negative-dataset-2644seq.fasta	1374	gi|187609701|sp|Q4WVS4.2|MDV1_ASPFU RecName: Full=Mitochondrial division protein 1	187609701	658
fungalrv2011_neg_1375	fungalrv_2011	negative	FungalRV-negative-dataset-2644seq.fasta	1375	gi|239590627|gb|EEQ73208.1| 2,2-dialkylglycine decarboxylase [Ajellomyces dermatitidis SLH14081]	239590627	441
fungalrv2011_neg_1376	fungalrv_2011	negative	FungalRV-negative-dataset-2644seq.fasta	1376	gi|71000970|ref|XP_755166.1| U3 small nucleolar ribonucleoprotein subunit (Imp3) [Aspergillus fumigatus Af293]	71000970	188
fungalrv2011_neg_1377	fungalrv_2011	negative	FungalRV-negative-dataset-2644seq.fasta	1377	gi|239609710|gb|EEQ86697.1| acyl-CoA dehydrogenase [Ajellomyces dermatitidis ER-3]	239609710	622
fungalrv2011_neg_1378	fungalrv_2011	negative	FungalRV-negative-dataset-2644seq.fasta	1378	gi|20086302|gb|AAM08094.1| mitochondrial ribosomal protein MRPL28 [Candida glabrata]	20086302	146
fungalrv2011_neg_1379	fungalrv_2011	negative	FungalRV-negative-dataset-2644seq.fasta	1379	gi|239595996|gb|EEQ78577.1| 4-carboxymuconolactone decarboxylase [Ajellomyces dermatitidis SLH14081]	239595996	186
fungalrv2011_neg_1380	fungalrv_2011	negative	FungalRV-negative-dataset-2644seq.fasta	1380	gi|239588359|gb|EEQ71002.1| epoxide hydrolase [Ajellomyces dermatitidis SLH14081]	239588359	377
fungalrv2011_neg_1381	fungalrv_2011	negative	FungalRV-negative-dataset-2644seq.fasta	1381	gi|239610025|gb|EEQ87012.1| mitochondrial outer membrane protein [Ajellomyces dermatitidis ER-3]	239610025	301
fungalrv2011_neg_1382	fungalrv_2011	negative	FungalRV-negative-dataset-2644seq.fasta	1382	gi|118575169|sp|Q1EB38.1|DBP10_COCIM RecName: Full=ATP-dependent RNA helicase DBP10	118575169	927
fungalrv2011_neg_1383	fungalrv_2011	negative	FungalRV-negative-dataset-2644seq.fasta	1383	gi|239613201|gb|EEQ90188.1| mitochondrial GTPase [Ajellomyces dermatitidis ER-3]	239613201	608
fungalrv2011_neg_1384	fungalrv_2011	negative	FungalRV-negative-dataset-2644seq.fasta	1384	gi|239594000|gb|EEQ76581.1| ribosomal protein S15 [Ajellomyces dermatitidis SLH14081]	239594000	330
fungalrv2011_neg_1385	fungalrv_2011	negative	FungalRV-negative-dataset-2644seq.fasta	1385	gi|70989559|ref|XP_749629.1| tyrosine decarboxylase [Aspergillus fumigatus Af293]	70989559	506
fungalrv2011_neg_1386	fungalrv_2011	negative	FungalRV-negative-dataset-2644seq.fasta	1386	gi|239613615|gb|EEQ90602.1| mitochondrial cytochrome b2 [Ajellomyces dermatitidis ER-3]	239613615	495
fungalrv2011_neg_1387	fungalrv_2011	negative	FungalRV-negative-dataset-2644seq.fasta	1387	gi|239606411|gb|EEQ83398.1| RNA polymerase II transcription factor SIII subunit A [Ajellomyces dermatitidis ER-3]	239606411	383
fungalrv2011_neg_1388	fungalrv_2011	negative	FungalRV-negative-dataset-2644seq.fasta	1388	gi|239613660|gb|EEQ90647.1| 30S ribosomal subunit S4 [Ajellomyces dermatitidis ER-3]	239613660	498
fungalrv2011_neg_1389	fungalrv_2011	negative	FungalRV-negative-dataset-2644seq.fasta	1389	gi|239613367|gb|EEQ90354.1| mitochondrial outer membrane protein iml2 [Ajellomyces dermatitidis ER-3]	239613367	794
fungalrv2011_neg_1390	fungalrv_2011	negative	FungalRV-negative-dataset-2644seq.fasta	1390	gi|166222405|sp|Q4WWL0.2|SRB8_ASPFU RecName: Full=Mediator of RNA polymerase II transcription subunit 12; AltName: Full=Mediator complex subunit 12	166222405	1617
fungalrv2011_neg_1391	fungalrv_2011	negative	FungalRV-negative-dataset-2644seq.fasta	1391	gi|239587585|gb|EEQ70228.1| mannitol 1-phosphate dehydrogenase [Ajellomyces dermatitidis SLH14081]	239587585	428
fungalrv2011_neg_1392	fungalrv_2011	negative	FungalRV-negative-dataset-2644seq.fasta	1392	gi|239611036|gb|EEQ88023.1| mitochondrial hypoxia responsive domain-containing protein [Ajellomyces dermatitidis ER-3]	239611036	148
fungalrv2011_neg_1393	fungalrv_2011	negative	FungalRV-negative-dataset-2644seq.fasta	1393	gi|74630336|sp|Q8TFZ1.4|XRN2_ASPFU RecName: Full=5'-3' exoribonuclease 2	74630336	1058
fungalrv2011_neg_1394	fungalrv_2011	negative	FungalRV-negative-dataset-2644seq.fasta	1394	gi|226731865|sp|Q1DJF7.2|YTM1_COCIM RecName: Full=Ribosome biogenesis protein YTM1	226731865	465
fungalrv2011_neg_1395	fungalrv_2011	negative	FungalRV-negative-dataset-2644seq.fasta	1395	gi|74661437|sp|Q6FW42.1|DRS1_CANGA RecName: Full=ATP-dependent RNA helicase DRS1	74661437	725
fungalrv2011_neg_1396	fungalrv_2011	negative	FungalRV-negative-dataset-2644seq.fasta	1396	gi|239590893|gb|EEQ73474.1| mitochondrial GTPase [Ajellomyces dermatitidis SLH14081]	239590893	609
fungalrv2011_neg_1397	fungalrv_2011	negative	FungalRV-negative-dataset-2644seq.fasta	1397	gi|57012906|sp|P83778.1|MDHC_CANAL RecName: Full=Malate dehydrogenase, cytoplasmic	57012906	51
fungalrv2011_neg_1398	fungalrv_2011	negative	FungalRV-negative-dataset-2644seq.fasta	1398	gi|74664283|sp|Q8TFK8.1|DED1_CANGA RecName: Full=ATP-dependent RNA helicase DED1	74664283	617
fungalrv2011_neg_1399	fungalrv_2011	negative	FungalRV-negative-dataset-2644seq.fasta	1399	gi|74690687|sp|Q6FL17.1|SUB2_CANGA RecName: Full=ATP-dependent RNA helicase SUB2	74690687	439
fungalrv2011_neg_1400	fungalrv_2011	negative	FungalRV-negative-dataset-2644seq.fasta	1400	gi|70983376|ref|XP_747215.1| betaine aldehyde dehydrogenase (BadH) [Aspergillus fumigatus Af293]	70983376	499
fungalrv2011_neg_1401	fungalrv_2011	negative	FungalRV-negative-dataset-2644seq.fasta	1401	gi|239615638|gb|EEQ92625.1| dienelactone hydrolase [Ajellomyces dermatitidis ER-3]	239615638	248
fungalrv2011_neg_1402	fungalrv_2011	negative	FungalRV-negative-dataset-2644seq.fasta	1402	gi|90298783|gb|EAS28414.1| 60S ribosomal protein L22 [Coccidioides immitis RS]	90298783	122
fungalrv2011_neg_1403	fungalrv_2011	negative	FungalRV-negative-dataset-2644seq.fasta	1403	gi|57013284|sp|Q6FWV2.1|ATP10_CANGA RecName: Full=Mitochondrial ATPase complex subunit ATP10	57013284	273
fungalrv2011_neg_1404	fungalrv_2011	negative	FungalRV-negative-dataset-2644seq.fasta	1404	gi|66847847|gb|EAL88177.1| 60S ribosomal protein L15 [Aspergillus fumigatus Af293]	66847847	232
fungalrv2011_neg_1405	fungalrv_2011	negative	FungalRV-negative-dataset-2644seq.fasta	1405	gi|239594078|gb|EEQ76659.1| homoisocitrate dehydrogenase [Ajellomyces dermatitidis SLH14081]	239594078	363
fungalrv2011_neg_1406	fungalrv_2011	negative	FungalRV-negative-dataset-2644seq.fasta	1406	gi|66849686|gb|EAL90014.1| 60S ribosomal protein L11 [Aspergillus fumigatus Af293]	66849686	176
fungalrv2011_neg_1407	fungalrv_2011	negative	FungalRV-negative-dataset-2644seq.fasta	1407	gi|239595971|gb|EEQ78552.1| DNA-directed RNA polymerase I and III polypeptide [Ajellomyces dermatitidis SLH14081]	239595971	380
fungalrv2011_neg_1408	fungalrv_2011	negative	FungalRV-negative-dataset-2644seq.fasta	1408	gi|70998274|ref|XP_753861.1| mitochondrial ferrochelatase [Aspergillus fumigatus Af293]	70998274	428
fungalrv2011_neg_1409	fungalrv_2011	negative	FungalRV-negative-dataset-2644seq.fasta	1409	gi|159131172|gb|EDP56285.1| 60S ribosomal protein L35 [Aspergillus fumigatus A1163]	159131172	203
fungalrv2011_neg_1410	fungalrv_2011	negative	FungalRV-negative-dataset-2644seq.fasta	1410	gi|239606746|gb|EEQ83733.1| 40S ribosomal protein S12 [Ajellomyces dermatitidis ER-3]	239606746	151
fungalrv2011_neg_1411	fungalrv_2011	negative	FungalRV-negative-dataset-2644seq.fasta	1411	gi|121937249|sp|Q1E1R2.1|RSSA_COCIM RecName: Full=40S ribosomal protein S0	121937249	291
fungalrv2011_neg_1412	fungalrv_2011	negative	FungalRV-negative-dataset-2644seq.fasta	1412	gi|70984870|ref|XP_747941.1| 50S ribosomal protein L27 [Aspergillus fumigatus Af293]	70984870	295
fungalrv2011_neg_1413	fungalrv_2011	negative	FungalRV-negative-dataset-2644seq.fasta	1413	gi|66850628|gb|EAL90955.1| xylitol dehydrogenase XdhB [Aspergillus fumigatus Af293]	66850628	386
fungalrv2011_neg_1414	fungalrv_2011	negative	FungalRV-negative-dataset-2644seq.fasta	1414	gi|239590833|gb|EEQ73414.1| aldehyde dehydrogenase [Ajellomyces dermatitidis SLH14081]	239590833	449
fungalrv2011_neg_1415	fungalrv_2011	negative	FungalRV-negative-dataset-2644seq.fasta	1415	gi|159128988|gb|EDP54102.1| D-3-phosphoglycerate dehydrogenase [Aspergillus fumigatus A1163]	159128988	584
fungalrv2011_neg_1416	fungalrv_2011	negative	FungalRV-negative-dataset-2644seq.fasta	1416	gi|238879810|gb|EEQ43448.1| citrate synthase, mitochondrial precursor [Candida albicans WO-1]	238879810	467
fungalrv2011_neg_1417	fungalrv_2011	negative	FungalRV-negative-dataset-2644seq.fasta	1417	gi|239587898|gb|EEQ70541.1| mitochondrial co-chaperone GrpE [Ajellomyces dermatitidis SLH14081]	239587898	252
fungalrv2011_neg_1418	fungalrv_2011	negative	FungalRV-negative-dataset-2644seq.fasta	1418	gi|239594474|gb|EEQ77055.1| dienelactone hydrolase [Ajellomyces dermatitidis SLH14081]	239594474	248
fungalrv2011_neg_1419	fungalrv_2011	negative	FungalRV-negative-dataset-2644seq.fasta	1419	gi|239587063|gb|EEQ69706.1| short chain dehydrogenase [Ajellomyces dermatitidis SLH14081]	239587063	321
fungalrv2011_neg_1420	fungalrv_2011	negative	FungalRV-negative-dataset-2644seq.fasta	1420	gi|239610612|gb|EEQ87599.1| mitochondrial co-chaperone GrpE [Ajellomyces dermatitidis ER-3]	239610612	252
fungalrv2011_neg_1421	fungalrv_2011	negative	FungalRV-negative-dataset-2644seq.fasta	1421	gi|74591090|sp|Q5ACH7.1|COX16_CANAL RecName: Full=Cytochrome c oxidase assembly protein COX16, mitochondrial; Flags: Precursor	74591090	128
fungalrv2011_neg_1422	fungalrv_2011	negative	FungalRV-negative-dataset-2644seq.fasta	1422	gi|239611811|gb|EEQ88798.1| FMN-dependent alpha-hydroxy acid dehydrogenase [Ajellomyces dermatitidis ER-3]	239611811	434
fungalrv2011_neg_1423	fungalrv_2011	negative	FungalRV-negative-dataset-2644seq.fasta	1423	gi|238880618|gb|EEQ44256.1| acyl-coenzyme A oxidase 2 [Candida albicans WO-1]	238880618	724
fungalrv2011_neg_1424	fungalrv_2011	negative	FungalRV-negative-dataset-2644seq.fasta	1424	gi|74608687|sp|Q6FL80.1|ALB1_CANGA RecName: Full=Ribosome biogenesis protein ALB1	74608687	162
fungalrv2011_neg_1425	fungalrv_2011	negative	FungalRV-negative-dataset-2644seq.fasta	1425	gi|90307462|gb|EAS37093.1| pyruvate dehydrogenase E1 component alpha subunit, mitochondrial precursor [Coccidioides immitis RS]	90307462	404
fungalrv2011_neg_1426	fungalrv_2011	negative	FungalRV-negative-dataset-2644seq.fasta	1426	gi|239589874|gb|EEQ72517.1| 40S ribosomal protein S22 [Ajellomyces dermatitidis SLH14081]	239589874	130
fungalrv2011_neg_1427	fungalrv_2011	negative	FungalRV-negative-dataset-2644seq.fasta	1427	gi|239592641|gb|EEQ75222.1| 50S ribosomal protein L36 [Ajellomyces dermatitidis SLH14081]	239592641	193
fungalrv2011_neg_1428	fungalrv_2011	negative	FungalRV-negative-dataset-2644seq.fasta	1428	gi|239589079|gb|EEQ71722.1| 30S ribosomal subunit S4 [Ajellomyces dermatitidis SLH14081]	239589079	498
fungalrv2011_neg_1429	fungalrv_2011	negative	FungalRV-negative-dataset-2644seq.fasta	1429	gi|74672521|sp|Q4WSM6.1|IWS1_ASPFU RecName: Full=Transcription factor iws1	74672521	460
fungalrv2011_neg_1430	fungalrv_2011	negative	FungalRV-negative-dataset-2644seq.fasta	1430	gi|71001404|ref|XP_755383.1| 40S ribosomal protein Rps16 [Aspergillus fumigatus Af293]	71001404	143
fungalrv2011_neg_1431	fungalrv_2011	negative	FungalRV-negative-dataset-2644seq.fasta	1431	gi|70985888|ref|XP_748449.1| alpha/beta hydrolase [Aspergillus fumigatus Af293]	70985888	308
fungalrv2011_neg_1432	fungalrv_2011	negative	FungalRV-negative-dataset-2644seq.fasta	1432	gi|70989029|ref|XP_749364.1| 37S ribosomal protein Rsm22 [Aspergillus fumigatus Af293]	70989029	860
fungalrv2011_neg_1433	fungalrv_2011	negative	FungalRV-negative-dataset-2644seq.fasta	1433	gi|239595677|gb|EEQ78258.1| aldehyde dehydrogenase [Ajellomyces dermatitidis SLH14081]	239595677	516
fungalrv2011_neg_1434	fungalrv_2011	negative	FungalRV-negative-dataset-2644seq.fasta	1434	gi|158564252|sp|Q1E065.2|MED18_COCIM RecName: Full=Mediator of RNA polymerase II transcription subunit 18; AltName: Full=Mediator complex subunit 18	158564252	267
fungalrv2011_neg_1435	fungalrv_2011	negative	FungalRV-negative-dataset-2644seq.fasta	1435	gi|239614541|gb|EEQ91528.1| mannitol 1-phosphate dehydrogenase [Ajellomyces dermatitidis ER-3]	239614541	428
fungalrv2011_neg_1436	fungalrv_2011	negative	FungalRV-negative-dataset-2644seq.fasta	1436	gi|52782865|sp|Q6FXE3.1|HEM1_CANGA RecName: Full=5-aminolevulinate synthase, mitochondrial; AltName: Full=5-aminolevulinic acid synthase; AltName: Full=Delta-aminolevulinate synthase; AltName: Full=Delta-ALA synthetase; Flags: Precursor	52782865	530
fungalrv2011_neg_1437	fungalrv_2011	negative	FungalRV-negative-dataset-2644seq.fasta	1437	gi|239607858|gb|EEQ84845.1| 1-aminocyclopropane-1-carboxylate deaminase [Ajellomyces dermatitidis ER-3]	239607858	371
fungalrv2011_neg_1438	fungalrv_2011	negative	FungalRV-negative-dataset-2644seq.fasta	1438	gi|239594749|gb|EEQ77330.1| acyl-CoA dehydrogenase [Ajellomyces dermatitidis SLH14081]	239594749	444
fungalrv2011_neg_1439	fungalrv_2011	negative	FungalRV-negative-dataset-2644seq.fasta	1439	gi|90306602|gb|EAS36233.1| superoxide dismutase [Mn], mitochondrial precursor [Coccidioides immitis RS]	90306602	235
fungalrv2011_neg_1440	fungalrv_2011	negative	FungalRV-negative-dataset-2644seq.fasta	1440	gi|239609287|gb|EEQ86274.1| 60S ribosomal protein L18A [Ajellomyces dermatitidis ER-3]	239609287	174
fungalrv2011_neg_1441	fungalrv_2011	negative	FungalRV-negative-dataset-2644seq.fasta	1441	gi|74691095|sp|Q6FW75.1|APTH1_CANGA RecName: Full=Acyl-protein thioesterase 1	74691095	230
fungalrv2011_neg_1442	fungalrv_2011	negative	FungalRV-negative-dataset-2644seq.fasta	1442	gi|66849627|gb|EAL89955.1| tyrosyl-tRNA synthetase, mitochondrial precursor (tyrosine--tRNA ligase) (tyrrs) [Aspergillus fumigatus Af293]	66849627	632
fungalrv2011_neg_1443	fungalrv_2011	negative	FungalRV-negative-dataset-2644seq.fasta	1443	gi|70984834|ref|XP_747923.1| DNA directed RNA polymerase III subunit Rpc82 [Aspergillus fumigatus Af293]	70984834	629
fungalrv2011_neg_1444	fungalrv_2011	negative	FungalRV-negative-dataset-2644seq.fasta	1444	gi|159129276|gb|EDP54390.1| 50S ribosomal protein L14 [Aspergillus fumigatus A1163]	159129276	227
fungalrv2011_neg_1445	fungalrv_2011	negative	FungalRV-negative-dataset-2644seq.fasta	1445	gi|66847833|gb|EAL88163.1| Ribosomal L18ae protein family [Aspergillus fumigatus Af293]	66847833	148
fungalrv2011_neg_1446	fungalrv_2011	negative	FungalRV-negative-dataset-2644seq.fasta	1446	gi|238881277|gb|EEQ44915.1| NADP-specific glutamate dehydrogenase [Candida albicans WO-1]	238881277	456
fungalrv2011_neg_1447	fungalrv_2011	negative	FungalRV-negative-dataset-2644seq.fasta	1447	gi|70998807|ref|XP_754125.1| alpha/beta hydrolase [Aspergillus fumigatus Af293]	70998807	297
fungalrv2011_neg_1448	fungalrv_2011	negative	FungalRV-negative-dataset-2644seq.fasta	1448	gi|121927136|sp|Q1E4N0.1|YME2_COCIM RecName: Full=Mitochondrial escape protein 2; Flags: Precursor	121927136	839
fungalrv2011_neg_1449	fungalrv_2011	negative	FungalRV-negative-dataset-2644seq.fasta	1449	gi|239608676|gb|EEQ85663.1| D-isomer specific 2-hydroxyacid dehydrogenase [Ajellomyces dermatitidis ER-3]	239608676	307
fungalrv2011_neg_1450	fungalrv_2011	negative	FungalRV-negative-dataset-2644seq.fasta	1450	gi|238883265|gb|EEQ46903.1| 40S ribosomal protein S18 [Candida albicans WO-1]	238883265	145
fungalrv2011_neg_1451	fungalrv_2011	negative	FungalRV-negative-dataset-2644seq.fasta	1451	gi|70984012|ref|XP_747531.1| alpha/beta hydrolase [Aspergillus fumigatus Af293]	70984012	300
fungalrv2011_neg_1452	fungalrv_2011	negative	FungalRV-negative-dataset-2644seq.fasta	1452	gi|118574937|sp|Q1E306.1|ROK1_COCIM RecName: Full=ATP-dependent RNA helicase ROK1	118574937	730
fungalrv2011_neg_1453	fungalrv_2011	negative	FungalRV-negative-dataset-2644seq.fasta	1453	gi|68566354|gb|AAY99390.1| mitochondrial phosphopantetheinyl transferase B [Aspergillus fumigatus]	68566354	153
fungalrv2011_neg_1454	fungalrv_2011	negative	FungalRV-negative-dataset-2644seq.fasta	1454	gi|239591054|gb|EEQ73635.1| RNA polymerase TFIIH complex subunit Ssl1 [Ajellomyces dermatitidis SLH14081]	239591054	502
fungalrv2011_neg_1455	fungalrv_2011	negative	FungalRV-negative-dataset-2644seq.fasta	1455	gi|239607360|gb|EEQ84347.1| glutamate decarboxylase [Ajellomyces dermatitidis ER-3]	239607360	579
fungalrv2011_neg_1456	fungalrv_2011	negative	FungalRV-negative-dataset-2644seq.fasta	1456	gi|66853022|gb|EAL93346.1| 50S ribosomal protein L13 [Aspergillus fumigatus Af293]	66853022	170
fungalrv2011_neg_1457	fungalrv_2011	negative	FungalRV-negative-dataset-2644seq.fasta	1457	gi|238878510|gb|EEQ42148.1| 40S ribosomal protein S17-B [Candida albicans WO-1]	238878510	137
fungalrv2011_neg_1458	fungalrv_2011	negative	FungalRV-negative-dataset-2644seq.fasta	1458	gi|239608136|gb|EEQ85123.1| ribosomal protein S10A [Ajellomyces dermatitidis ER-3]	239608136	219
fungalrv2011_neg_1459	fungalrv_2011	negative	FungalRV-negative-dataset-2644seq.fasta	1459	gi|239594853|gb|EEQ77434.1| mitochondrial outer membrane protein [Ajellomyces dermatitidis SLH14081]	239594853	301
fungalrv2011_neg_1460	fungalrv_2011	negative	FungalRV-negative-dataset-2644seq.fasta	1460	gi|52783192|sp|Q6FRV0.1|NOG1_CANGA RecName: Full=Nucleolar GTP-binding protein 1	52783192	645
fungalrv2011_neg_1461	fungalrv_2011	negative	FungalRV-negative-dataset-2644seq.fasta	1461	gi|239593092|gb|EEQ75673.1| 37S ribosomal protein S12 [Ajellomyces dermatitidis SLH14081]	239593092	208
fungalrv2011_neg_1462	fungalrv_2011	negative	FungalRV-negative-dataset-2644seq.fasta	1462	gi|239610130|gb|EEQ87117.1| acyl-CoA dehydrogenase [Ajellomyces dermatitidis ER-3]	239610130	444
fungalrv2011_neg_1463	fungalrv_2011	negative	FungalRV-negative-dataset-2644seq.fasta	1463	gi|77416683|sp|Q6FMP4.1|TFB3_CANGA RecName: Full=RNA polymerase II transcription factor B subunit 3; AltName: Full=RNA polymerase II transcription factor B 38 kDa subunit; AltName: Full=RNA polymerase II transcription factor B p38 subunit	77416683	330
fungalrv2011_neg_1464	fungalrv_2011	negative	FungalRV-negative-dataset-2644seq.fasta	1464	gi|239589032|gb|EEQ71675.1| mitochondrial cytochrome b2 [Ajellomyces dermatitidis SLH14081]	239589032	495
fungalrv2011_neg_1465	fungalrv_2011	negative	FungalRV-negative-dataset-2644seq.fasta	1465	gi|557223|emb|CAA57542.1| ribosomal protein 10 [Candida albicans]	557223	256
fungalrv2011_neg_1466	fungalrv_2011	negative	FungalRV-negative-dataset-2644seq.fasta	1466	gi|14326103|gb|AAK60141.1|AF365406_3 ribosomal protein S22 [Candida albicans]	14326103	130
fungalrv2011_neg_1467	fungalrv_2011	negative	FungalRV-negative-dataset-2644seq.fasta	1467	gi|74589398|sp|Q59TD3.1|MED8_CANAL RecName: Full=Mediator of RNA polymerase II transcription subunit 8; AltName: Full=Mediator complex subunit 8	74589398	239
fungalrv2011_neg_1468	fungalrv_2011	negative	FungalRV-negative-dataset-2644seq.fasta	1468	gi|70983812|ref|XP_747432.1| Patatin-like serine hydrolase [Aspergillus fumigatus Af293]	70983812	682
fungalrv2011_neg_1469	fungalrv_2011	negative	FungalRV-negative-dataset-2644seq.fasta	1469	gi|239588460|gb|EEQ71103.1| mitochondrial cytochrome c oxidase assembly factor [Ajellomyces dermatitidis SLH14081]	239588460	604
fungalrv2011_neg_1470	fungalrv_2011	negative	FungalRV-negative-dataset-2644seq.fasta	1470	gi|70982638|ref|XP_746847.1| alpha/beta hydrolase [Aspergillus fumigatus Af293]	70982638	343
fungalrv2011_neg_1471	fungalrv_2011	negative	FungalRV-negative-dataset-2644seq.fasta	1471	gi|90303691|gb|EAS33322.1| 40S ribosomal protein S16 [Coccidioides immitis RS]	90303691	143
fungalrv2011_neg_1472	fungalrv_2011	negative	FungalRV-negative-dataset-2644seq.fasta	1472	gi|238881581|gb|EEQ45219.1| DNA polymerase epsilon subunit C [Candida albicans WO-1]	238881581	146
fungalrv2011_neg_1473	fungalrv_2011	negative	FungalRV-negative-dataset-2644seq.fasta	1473	gi|239606697|gb|EEQ83684.1| 60S ribosomal protein L24e [Ajellomyces dermatitidis ER-3]	239606697	189
fungalrv2011_neg_1474	fungalrv_2011	negative	FungalRV-negative-dataset-2644seq.fasta	1474	gi|239589440|gb|EEQ72083.1| 40S ribosomal protein S17 [Ajellomyces dermatitidis SLH14081]	239589440	142
fungalrv2011_neg_1475	fungalrv_2011	negative	FungalRV-negative-dataset-2644seq.fasta	1475	gi|118597491|sp|Q1DHB2.1|PRP5_COCIM RecName: Full=Pre-mRNA-processing ATP-dependent RNA helicase PRP5	118597491	1197
fungalrv2011_neg_1476	fungalrv_2011	negative	FungalRV-negative-dataset-2644seq.fasta	1476	gi|239591038|gb|EEQ73619.1| alpha/beta hydrolase [Ajellomyces dermatitidis SLH14081]	239591038	231
fungalrv2011_neg_1477	fungalrv_2011	negative	FungalRV-negative-dataset-2644seq.fasta	1477	gi|239606775|gb|EEQ83762.1| tRNA-specific adenosine deaminase [Ajellomyces dermatitidis ER-3]	239606775	504
fungalrv2011_neg_1478	fungalrv_2011	negative	FungalRV-negative-dataset-2644seq.fasta	1478	gi|70991114|ref|XP_750406.1| 40S ribosomal protein S2 [Aspergillus fumigatus Af293]	70991114	344
fungalrv2011_neg_1479	fungalrv_2011	negative	FungalRV-negative-dataset-2644seq.fasta	1479	gi|121931788|sp|Q1DUU8.1|HOG1_COCIM RecName: Full=Mitogen-activated protein kinase HOG1; Short=MAP kinase HOG1	121931788	364
fungalrv2011_neg_1480	fungalrv_2011	negative	FungalRV-negative-dataset-2644seq.fasta	1480	gi|239593170|gb|EEQ75751.1| ribosomal protein L22 [Ajellomyces dermatitidis SLH14081]	239593170	149
fungalrv2011_neg_1481	fungalrv_2011	negative	FungalRV-negative-dataset-2644seq.fasta	1481	gi|90306822|gb|EAS36453.1| aspartyl-tRNA synthetase, cytoplasmic [Coccidioides immitis RS]	90306822	565
fungalrv2011_neg_1482	fungalrv_2011	negative	FungalRV-negative-dataset-2644seq.fasta	1482	gi|41581285|emb|CAE47934.1| mitochondrial 40s ribosomal protein mrp17, putative [Aspergillus fumigatus]	41581285	105
fungalrv2011_neg_1483	fungalrv_2011	negative	FungalRV-negative-dataset-2644seq.fasta	1483	gi|32567799|ref|NP_075038.2| NADH dehydrogenase subunit 3 [Candida albicans SC5314]	32567799	129
fungalrv2011_neg_1484	fungalrv_2011	negative	FungalRV-negative-dataset-2644seq.fasta	1484	gi|239593539|gb|EEQ76120.1| 30S ribosomal protein S6 [Ajellomyces dermatitidis SLH14081]	239593539	133
fungalrv2011_neg_1485	fungalrv_2011	negative	FungalRV-negative-dataset-2644seq.fasta	1485	gi|146323382|ref|XP_754672.2| 3-hydroxyisobutyrate dehydrogenase [Aspergillus fumigatus Af293]	146323382	317
fungalrv2011_neg_1486	fungalrv_2011	negative	FungalRV-negative-dataset-2644seq.fasta	1486	gi|239594608|gb|EEQ77189.1| acyl-CoA dehydrogenase [Ajellomyces dermatitidis SLH14081]	239594608	428
fungalrv2011_neg_1487	fungalrv_2011	negative	FungalRV-negative-dataset-2644seq.fasta	1487	gi|238883338|gb|EEQ46976.1| 60S ribosomal protein L5 [Candida albicans WO-1]	238883338	298
fungalrv2011_neg_1488	fungalrv_2011	negative	FungalRV-negative-dataset-2644seq.fasta	1488	gi|70982606|ref|XP_746831.1| aldehyde dehydrogenase [Aspergillus fumigatus Af293]	70982606	493
fungalrv2011_neg_1489	fungalrv_2011	negative	FungalRV-negative-dataset-2644seq.fasta	1489	gi|66850172|gb|EAL90499.1| 60S ribosomal protein L1 [Aspergillus fumigatus Af293]	66850172	217
fungalrv2011_neg_1490	fungalrv_2011	negative	FungalRV-negative-dataset-2644seq.fasta	1490	gi|70995175|ref|XP_752352.1| 37S ribosomal protein S11 [Aspergillus fumigatus Af293]	70995175	198
fungalrv2011_neg_1491	fungalrv_2011	negative	FungalRV-negative-dataset-2644seq.fasta	1491	gi|66850209|gb|EAL90536.1| 37S ribosomal protein Mrp17 [Aspergillus fumigatus Af293]	66850209	121
fungalrv2011_neg_1492	fungalrv_2011	negative	FungalRV-negative-dataset-2644seq.fasta	1492	gi|121932320|sp|Q1EBD3.1|BUD32_COCIM RecName: Full=Serine/threonine-protein kinase BUD32	121932320	287
fungalrv2011_neg_1493	fungalrv_2011	negative	FungalRV-negative-dataset-2644seq.fasta	1493	gi|239606977|gb|EEQ83964.1| mitochondrial cytochrome c oxidase assembly factor [Ajellomyces dermatitidis ER-3]	239606977	604
fungalrv2011_neg_1494	fungalrv_2011	negative	FungalRV-negative-dataset-2644seq.fasta	1494	gi|52782712|sp|Q6FRW0.1|ATPF_CANGA RecName: Full=ATP synthase subunit 4, mitochondrial; Flags: Precursor	52782712	242
fungalrv2011_neg_1495	fungalrv_2011	negative	FungalRV-negative-dataset-2644seq.fasta	1495	gi|239592407|gb|EEQ74988.1| mitochondrial molecular chaperone [Ajellomyces dermatitidis SLH14081]	239592407	384
fungalrv2011_neg_1496	fungalrv_2011	negative	FungalRV-negative-dataset-2644seq.fasta	1496	gi|239610763|gb|EEQ87750.1| 60S ribosomal protein L15 [Ajellomyces dermatitidis ER-3]	239610763	203
fungalrv2011_neg_1497	fungalrv_2011	negative	FungalRV-negative-dataset-2644seq.fasta	1497	gi|239608626|gb|EEQ85613.1| mitochondrial import inner membrane translocase subunit tim54 [Ajellomyces dermatitidis ER-3]	239608626	497
fungalrv2011_neg_1498	fungalrv_2011	negative	FungalRV-negative-dataset-2644seq.fasta	1498	gi|239593766|gb|EEQ76347.1| glutamate decarboxylase [Ajellomyces dermatitidis SLH14081]	239593766	569
fungalrv2011_neg_1499	fungalrv_2011	negative	FungalRV-negative-dataset-2644seq.fasta	1499	gi|70982195|ref|XP_746626.1| 3-hydroxybutyryl-CoA dehydrogenase [Aspergillus fumigatus Af293]	70982195	338
fungalrv2011_neg_1500	fungalrv_2011	negative	FungalRV-negative-dataset-2644seq.fasta	1500	gi|70986224|ref|XP_748606.1| isopropanol dehydrogenase [Aspergillus fumigatus Af293]	70986224	343
fungalrv2011_neg_1501	fungalrv_2011	negative	FungalRV-negative-dataset-2644seq.fasta	1501	gi|121936661|sp|Q1DHH9.1|UTP10_COCIM RecName: Full=U3 small nucleolar RNA-associated protein 10	121936661	1682
fungalrv2011_neg_1502	fungalrv_2011	negative	FungalRV-negative-dataset-2644seq.fasta	1502	gi|159127684|gb|EDP52799.1| 15-hydroxyprostaglandin dehydrogenase (NAD(+)) [Aspergillus fumigatus A1163]	159127684	227
fungalrv2011_neg_1503	fungalrv_2011	negative	FungalRV-negative-dataset-2644seq.fasta	1503	gi|66845615|gb|EAL85949.1| mitochondrial large ribosomal subunit protein L1, putative [Aspergillus fumigatus Af293]	66845615	303
fungalrv2011_neg_1504	fungalrv_2011	negative	FungalRV-negative-dataset-2644seq.fasta	1504	gi|94418550|gb|ABF18620.1| glutamate decarboxylase [Candida albicans]	94418550	172
fungalrv2011_neg_1505	fungalrv_2011	negative	FungalRV-negative-dataset-2644seq.fasta	1505	gi|51701708|sp|Q6FPN7.1|RL2_CANGA RecName: Full=60S ribosomal protein L2	51701708	254
fungalrv2011_neg_1506	fungalrv_2011	negative	FungalRV-negative-dataset-2644seq.fasta	1506	gi|90307094|gb|EAS36725.1| 60S ribosomal protein L28 [Coccidioides immitis RS]	90307094	149
fungalrv2011_neg_1507	fungalrv_2011	negative	FungalRV-negative-dataset-2644seq.fasta	1507	gi|71000737|ref|XP_755050.1| ubiquitin C-terminal hydrolase 37 [Aspergillus fumigatus Af293]	71000737	328
fungalrv2011_neg_1508	fungalrv_2011	negative	FungalRV-negative-dataset-2644seq.fasta	1508	gi|66844198|gb|EAL84537.1| 60S ribosomal protein L7 [Aspergillus fumigatus Af293]	66844198	297
fungalrv2011_neg_1509	fungalrv_2011	negative	FungalRV-negative-dataset-2644seq.fasta	1509	gi|70983614|ref|XP_747334.1| mitochondrial F1 ATPase subunit alpha [Aspergillus fumigatus Af293]	70983614	556
fungalrv2011_neg_1510	fungalrv_2011	negative	FungalRV-negative-dataset-2644seq.fasta	1510	gi|52783352|sp|Q6FL25.1|RT09_CANGA RecName: Full=40S ribosomal protein S9, mitochondrial; Flags: Precursor	52783352	288
fungalrv2011_neg_1511	fungalrv_2011	negative	FungalRV-negative-dataset-2644seq.fasta	1511	gi|239606245|gb|EEQ83232.1| 37S ribosomal protein S12 [Ajellomyces dermatitidis ER-3]	239606245	208
fungalrv2011_neg_1512	fungalrv_2011	negative	FungalRV-negative-dataset-2644seq.fasta	1512	gi|239590079|gb|EEQ72660.1| 60S ribosomal protein L3 [Ajellomyces dermatitidis SLH14081]	239590079	400
fungalrv2011_neg_1513	fungalrv_2011	negative	FungalRV-negative-dataset-2644seq.fasta	1513	gi|115503787|sp|Q1E180.1|ARGI_COCIM RecName: Full=Arginase	115503787	322
fungalrv2011_neg_1514	fungalrv_2011	negative	FungalRV-negative-dataset-2644seq.fasta	1514	gi|239587742|gb|EEQ70385.1| 60S ribosomal protein L15 [Ajellomyces dermatitidis SLH14081]	239587742	203
fungalrv2011_neg_1515	fungalrv_2011	negative	FungalRV-negative-dataset-2644seq.fasta	1515	gi|118597485|sp|Q1DMX8.1|PRP28_COCIM RecName: Full=Pre-mRNA-splicing ATP-dependent RNA helicase PRP28	118597485	817
fungalrv2011_neg_1516	fungalrv_2011	negative	FungalRV-negative-dataset-2644seq.fasta	1516	gi|118578045|sp|Q1EB85.1|DBP5_COCIM RecName: Full=ATP-dependent RNA helicase DBP5	118578045	495
fungalrv2011_neg_1517	fungalrv_2011	negative	FungalRV-negative-dataset-2644seq.fasta	1517	gi|239607997|gb|EEQ84984.1| acyl-CoA dehydrogenase [Ajellomyces dermatitidis ER-3]	239607997	428
fungalrv2011_neg_1518	fungalrv_2011	negative	FungalRV-negative-dataset-2644seq.fasta	1518	gi|51701954|sp|Q6FSJ2.1|QCR7_CANGA RecName: Full=Cytochrome b-c1 complex subunit 7; AltName: Full=Ubiquinol-cytochrome c reductase complex 14 kDa protein; AltName: Full=Complex III subunit 7; AltName: Full=Complex III subunit VII	51701954	128
fungalrv2011_neg_1519	fungalrv_2011	negative	FungalRV-negative-dataset-2644seq.fasta	1519	gi|74673863|sp|Q4WWH6.1|SPT6_ASPFU RecName: Full=Transcription elongation factor spt6; AltName: Full=Chromatin elongation factor spt6	74673863	1420
fungalrv2011_neg_1520	fungalrv_2011	negative	FungalRV-negative-dataset-2644seq.fasta	1520	gi|239587655|gb|EEQ70298.1| malate/L-lactate dehydrogenase [Ajellomyces dermatitidis SLH14081]	239587655	358
fungalrv2011_neg_1521	fungalrv_2011	negative	FungalRV-negative-dataset-2644seq.fasta	1521	gi|70986899|ref|XP_748936.1| malate dehydrogenase, NAD-dependent [Aspergillus fumigatus Af293]	70986899	340
fungalrv2011_neg_1522	fungalrv_2011	negative	FungalRV-negative-dataset-2644seq.fasta	1522	gi|239609703|gb|EEQ86690.1| DNA-directed RNA polymerase III subunit Rpc34 [Ajellomyces dermatitidis ER-3]	239609703	363
fungalrv2011_neg_1523	fungalrv_2011	negative	FungalRV-negative-dataset-2644seq.fasta	1523	gi|619452|emb|CAA87398.1| TFIIB related subunit of TFIIIB (BRF1) [Candida albicans]	619452	553
fungalrv2011_neg_1524	fungalrv_2011	negative	FungalRV-negative-dataset-2644seq.fasta	1524	gi|66850337|gb|EAL90664.1| 6-phosphogluconate dehydrogenase family protein [Aspergillus fumigatus Af293]	66850337	376
fungalrv2011_neg_1525	fungalrv_2011	negative	FungalRV-negative-dataset-2644seq.fasta	1525	gi|239615137|gb|EEQ92124.1| mitochondrial import inner membrane translocase subunit tim-16 [Ajellomyces dermatitidis ER-3]	239615137	139
fungalrv2011_neg_1526	fungalrv_2011	negative	FungalRV-negative-dataset-2644seq.fasta	1526	gi|70990580|ref|XP_750139.1| alpha/beta hydrolase [Aspergillus fumigatus Af293]	70990580	574
fungalrv2011_neg_1527	fungalrv_2011	negative	FungalRV-negative-dataset-2644seq.fasta	1527	gi|70990942|ref|XP_750320.1| tRNA-specific adenosine deaminase [Aspergillus fumigatus Af293]	70990942	531
fungalrv2011_neg_1528	fungalrv_2011	negative	FungalRV-negative-dataset-2644seq.fasta	1528	gi|728887|sp|P40906.1|ARGI_COCPO RecName: Full=Arginase	728887	322
fungalrv2011_neg_1529	fungalrv_2011	negative	FungalRV-negative-dataset-2644seq.fasta	1529	gi|121752201|sp|Q1DI23.1|NACB_COCIM RecName: Full=Nascent polypeptide-associated complex subunit beta; Short=NAC-beta; AltName: Full=Beta-NAC	121752201	155
fungalrv2011_neg_1530	fungalrv_2011	negative	FungalRV-negative-dataset-2644seq.fasta	1530	gi|239590500|gb|EEQ73081.1| mitochondrial ribosomal protein [Ajellomyces dermatitidis SLH14081]	239590500	232
fungalrv2011_neg_1531	fungalrv_2011	negative	FungalRV-negative-dataset-2644seq.fasta	1531	gi|118578048|sp|Q1E9T9.1|DBP7_COCIM RecName: Full=ATP-dependent RNA helicase DBP7	118578048	769
fungalrv2011_neg_1532	fungalrv_2011	negative	FungalRV-negative-dataset-2644seq.fasta	1532	gi|70997417|ref|XP_753456.1| ubiquitin carboxyl-terminal hydrolase [Aspergillus fumigatus Af293]	70997417	245
fungalrv2011_neg_1533	fungalrv_2011	negative	FungalRV-negative-dataset-2644seq.fasta	1533	gi|74669679|sp|Q4WJH6.1|MED10_ASPFU RecName: Full=Mediator of RNA polymerase II transcription subunit 10; AltName: Full=Mediator complex subunit 10	74669679	159
fungalrv2011_neg_1534	fungalrv_2011	negative	FungalRV-negative-dataset-2644seq.fasta	1534	gi|239593389|gb|EEQ75970.1| mitochondrial enoyl reductase [Ajellomyces dermatitidis SLH14081]	239593389	408
fungalrv2011_neg_1535	fungalrv_2011	negative	FungalRV-negative-dataset-2644seq.fasta	1535	gi|239610852|gb|EEQ87839.1| RNA polymerase II mediator complex subunit Srb5 [Ajellomyces dermatitidis ER-3]	239610852	314
fungalrv2011_neg_1536	fungalrv_2011	negative	FungalRV-negative-dataset-2644seq.fasta	1536	gi|187609699|sp|Q1DIW7.2|MDV1_COCIM RecName: Full=Mitochondrial division protein 1	187609699	668
fungalrv2011_neg_1537	fungalrv_2011	negative	FungalRV-negative-dataset-2644seq.fasta	1537	gi|46443138|gb|EAL02422.1| cytosolic ribosomal protein S1 (rp10) [Candida albicans SC5314]	46443138	256
fungalrv2011_neg_1538	fungalrv_2011	negative	FungalRV-negative-dataset-2644seq.fasta	1538	gi|74691026|sp|Q6FUA6.1|DBP9_CANGA RecName: Full=ATP-dependent RNA helicase DBP9	74691026	595
fungalrv2011_neg_1539	fungalrv_2011	negative	FungalRV-negative-dataset-2644seq.fasta	1539	gi|239612509|gb|EEQ89496.1| acyl-CoA dehydrogenase [Ajellomyces dermatitidis ER-3]	239612509	417
fungalrv2011_neg_1540	fungalrv_2011	negative	FungalRV-negative-dataset-2644seq.fasta	1540	gi|119193094|ref|XP_001247153.1| hypothetical serine hydroxymethyltransferase, mitochondrial precursor [Coccidioides immitis RS]	119193094	528
fungalrv2011_neg_1541	fungalrv_2011	negative	FungalRV-negative-dataset-2644seq.fasta	1541	gi|239593348|gb|EEQ75929.1| tRNA-specific adenosine-34 deaminase subunit Tad2p/ADAT2 [Ajellomyces dermatitidis SLH14081]	239593348	187
fungalrv2011_neg_1542	fungalrv_2011	negative	FungalRV-negative-dataset-2644seq.fasta	1542	gi|239593033|gb|EEQ75614.1| hydrolase [Ajellomyces dermatitidis SLH14081]	239593033	300
fungalrv2011_neg_1543	fungalrv_2011	negative	FungalRV-negative-dataset-2644seq.fasta	1543	gi|239609131|gb|EEQ86118.1| mitochondrial enoyl reductase [Ajellomyces dermatitidis ER-3]	239609131	408
fungalrv2011_neg_1544	fungalrv_2011	negative	FungalRV-negative-dataset-2644seq.fasta	1544	gi|70994616|ref|XP_752085.1| epoxide hydrolase [Aspergillus fumigatus Af293]	70994616	417
fungalrv2011_neg_1545	fungalrv_2011	negative	FungalRV-negative-dataset-2644seq.fasta	1545	gi|90306624|gb|EAS36255.1| hypothetical 2-hydroxyacid dehydrogenase [Coccidioides immitis RS]	90306624	337
fungalrv2011_neg_1546	fungalrv_2011	negative	FungalRV-negative-dataset-2644seq.fasta	1546	gi|66852712|gb|EAL93036.1| 60S ribosomal protein L18 [Aspergillus fumigatus Af293]	66852712	184
fungalrv2011_neg_1547	fungalrv_2011	negative	FungalRV-negative-dataset-2644seq.fasta	1547	gi|239594174|gb|EEQ76755.1| 60S ribosomal protein L12 [Ajellomyces dermatitidis SLH14081]	239594174	165
fungalrv2011_neg_1548	fungalrv_2011	negative	FungalRV-negative-dataset-2644seq.fasta	1548	gi|14326102|gb|AAK60140.1|AF365406_2 ribosomal protein L39 [Candida albicans]	14326102	51
fungalrv2011_neg_1549	fungalrv_2011	negative	FungalRV-negative-dataset-2644seq.fasta	1549	gi|239590790|gb|EEQ73371.1| acyl-CoA dehydrogenase [Ajellomyces dermatitidis SLH14081]	239590790	417
fungalrv2011_neg_1550	fungalrv_2011	negative	FungalRV-negative-dataset-2644seq.fasta	1550	gi|239596116|gb|EEQ78697.1| DNA-directed RNA polymerase III subunit Rpc34 [Ajellomyces dermatitidis SLH14081]	239596116	363
fungalrv2011_neg_1551	fungalrv_2011	negative	FungalRV-negative-dataset-2644seq.fasta	1551	gi|70994214|ref|XP_751954.1| short chain dehydrogenase [Aspergillus fumigatus Af293]	70994214	287
fungalrv2011_neg_1552	fungalrv_2011	negative	FungalRV-negative-dataset-2644seq.fasta	1552	gi|121927334|sp|Q1EAW8.1|SSN8_COCIM RecName: Full=RNA polymerase II holoenzyme cyclin-like subunit	121927334	318
fungalrv2011_neg_1553	fungalrv_2011	negative	FungalRV-negative-dataset-2644seq.fasta	1553	gi|129557582|gb|EAL90186.2| 50S ribosomal protein L3 [Aspergillus fumigatus Af293]	129557582	317
fungalrv2011_neg_1554	fungalrv_2011	negative	FungalRV-negative-dataset-2644seq.fasta	1554	gi|70985070|ref|XP_748041.1| 60S ribosomal protein L4 [Aspergillus fumigatus Af293]	70985070	373
fungalrv2011_neg_1555	fungalrv_2011	negative	FungalRV-negative-dataset-2644seq.fasta	1555	gi|239610362|gb|EEQ87349.1| mitochondrial carnitine:acyl carnitine carrier [Ajellomyces dermatitidis ER-3]	239610362	327
fungalrv2011_neg_1556	fungalrv_2011	negative	FungalRV-negative-dataset-2644seq.fasta	1556	gi|239592537|gb|EEQ75118.1| 50S ribosomal protein L33 [Ajellomyces dermatitidis SLH14081]	239592537	57
fungalrv2011_neg_1557	fungalrv_2011	negative	FungalRV-negative-dataset-2644seq.fasta	1557	gi|239590370|gb|EEQ72951.1| isochorismatase family hydrolase [Ajellomyces dermatitidis SLH14081]	239590370	195
fungalrv2011_neg_1558	fungalrv_2011	negative	FungalRV-negative-dataset-2644seq.fasta	1558	gi|239588147|gb|EEQ70790.1| mitochondrial carnitine:acyl carnitine carrier [Ajellomyces dermatitidis SLH14081]	239588147	327
fungalrv2011_neg_1559	fungalrv_2011	negative	FungalRV-negative-dataset-2644seq.fasta	1559	gi|239608576|gb|EEQ85563.1| phosphopantothenoylcysteine decarboxylase [Ajellomyces dermatitidis ER-3]	239608576	231
fungalrv2011_neg_1560	fungalrv_2011	negative	FungalRV-negative-dataset-2644seq.fasta	1560	gi|121770650|sp|Q1E7P0.1|TPC1_COCIM RecName: Full=Mitochondrial thiamine pyrophosphate carrier 1	121770650	319
fungalrv2011_neg_1561	fungalrv_2011	negative	FungalRV-negative-dataset-2644seq.fasta	1561	gi|66851721|gb|EAL92047.1| 40S ribosomal protein S3Ae [Aspergillus fumigatus Af293]	66851721	256
fungalrv2011_neg_1562	fungalrv_2011	negative	FungalRV-negative-dataset-2644seq.fasta	1562	gi|239595588|gb|EEQ78169.1| 60S ribosomal protein L18 [Ajellomyces dermatitidis SLH14081]	239595588	189
fungalrv2011_neg_1563	fungalrv_2011	negative	FungalRV-negative-dataset-2644seq.fasta	1563	gi|239589917|gb|EEQ72560.1| TIM barrel metal-dependent hydrolase [Ajellomyces dermatitidis SLH14081]	239589917	343
fungalrv2011_neg_1564	fungalrv_2011	negative	FungalRV-negative-dataset-2644seq.fasta	1564	gi|74627403|sp|Q5AF95.1|DBP4_CANAL RecName: Full=ATP-dependent RNA helicase DBP4	74627403	765
fungalrv2011_neg_1565	fungalrv_2011	negative	FungalRV-negative-dataset-2644seq.fasta	1565	gi|70983241|ref|XP_747148.1| alpha/beta hydrolase [Aspergillus fumigatus Af293]	70983241	385
fungalrv2011_neg_1566	fungalrv_2011	negative	FungalRV-negative-dataset-2644seq.fasta	1566	gi|71002274|ref|XP_755818.1| epoxide hydrolase [Aspergillus fumigatus Af293]	71002274	255
fungalrv2011_neg_1567	fungalrv_2011	negative	FungalRV-negative-dataset-2644seq.fasta	1567	gi|239591487|gb|EEQ74068.1| mitochondrial large ribosomal subunit YmL35 [Ajellomyces dermatitidis SLH14081]	239591487	420
fungalrv2011_neg_1568	fungalrv_2011	negative	FungalRV-negative-dataset-2644seq.fasta	1568	gi|239612721|gb|EEQ89708.1| 40S ribosomal protein S22 [Ajellomyces dermatitidis ER-3]	239612721	130
fungalrv2011_neg_1569	fungalrv_2011	negative	FungalRV-negative-dataset-2644seq.fasta	1569	gi|239593100|gb|EEQ75681.1| mitochondrial ATP-dependent RNA helicase Suv3 [Ajellomyces dermatitidis SLH14081]	239593100	730
fungalrv2011_neg_1570	fungalrv_2011	negative	FungalRV-negative-dataset-2644seq.fasta	1570	gi|239595624|gb|EEQ78205.1| NADP-specific glutamate dehydrogenase [Ajellomyces dermatitidis SLH14081]	239595624	459
fungalrv2011_neg_1571	fungalrv_2011	negative	FungalRV-negative-dataset-2644seq.fasta	1571	gi|239593387|gb|EEQ75968.1| pyruvate dehydrogenase E1 component beta subunit [Ajellomyces dermatitidis SLH14081]	239593387	377
fungalrv2011_neg_1572	fungalrv_2011	negative	FungalRV-negative-dataset-2644seq.fasta	1572	gi|238881698|gb|EEQ45336.1| 40S ribosomal protein S6 [Candida albicans WO-1]	238881698	236
fungalrv2011_neg_1573	fungalrv_2011	negative	FungalRV-negative-dataset-2644seq.fasta	1573	gi|238882902|gb|EEQ46540.1| mitochondrial 40S ribosomal protein MRP2 [Candida albicans WO-1]	238882902	115
fungalrv2011_neg_1574	fungalrv_2011	negative	FungalRV-negative-dataset-2644seq.fasta	1574	gi|74656492|sp|Q5ACK7.1|DRS1_CANAL RecName: Full=ATP-dependent RNA helicase DRS1	74656492	613
fungalrv2011_neg_1575	fungalrv_2011	negative	FungalRV-negative-dataset-2644seq.fasta	1575	gi|74665945|sp|Q4VWW3.1|PYRF_COCPO RecName: Full=Orotidine 5'-phosphate decarboxylase; AltName: Full=OMP decarboxylase; Short=OMPdecase; Short=OMPDCase; AltName: Full=Uridine 5'-monophosphate synthase; Short=UMP synthase	74665945	274
fungalrv2011_neg_1576	fungalrv_2011	negative	FungalRV-negative-dataset-2644seq.fasta	1576	gi|146322894|ref|XP_755342.2| 40S ribosomal protein S15 [Aspergillus fumigatus Af293]	146322894	153
fungalrv2011_neg_1577	fungalrv_2011	negative	FungalRV-negative-dataset-2644seq.fasta	1577	gi|70999177|ref|XP_754310.1| porphobilinogen deaminase Hem3 [Aspergillus fumigatus Af293]	70999177	362
fungalrv2011_neg_1578	fungalrv_2011	negative	FungalRV-negative-dataset-2644seq.fasta	1578	gi|90302504|gb|EAS32135.1| casein kinase I [Coccidioides immitis RS]	90302504	340
fungalrv2011_neg_1579	fungalrv_2011	negative	FungalRV-negative-dataset-2644seq.fasta	1579	gi|239614290|gb|EEQ91277.1| short chain dehydrogenase [Ajellomyces dermatitidis ER-3]	239614290	346
fungalrv2011_neg_1580	fungalrv_2011	negative	FungalRV-negative-dataset-2644seq.fasta	1580	gi|146322854|ref|XP_755159.2| glycerol 3-phosphate dehydrogenase (GfdB) [Aspergillus fumigatus Af293]	146322854	403
fungalrv2011_neg_1581	fungalrv_2011	negative	FungalRV-negative-dataset-2644seq.fasta	1581	gi|239595563|gb|EEQ78144.1| 50S ribosomal protein L3 [Ajellomyces dermatitidis SLH14081]	239595563	301
fungalrv2011_neg_1582	fungalrv_2011	negative	FungalRV-negative-dataset-2644seq.fasta	1582	gi|66844301|gb|EAL84639.1| xylitol dehydrogenase [Aspergillus fumigatus Af293]	66844301	348
fungalrv2011_neg_1583	fungalrv_2011	negative	FungalRV-negative-dataset-2644seq.fasta	1583	gi|239591302|gb|EEQ73883.1| 50S ribosomal protein L14 [Ajellomyces dermatitidis SLH14081]	239591302	131
fungalrv2011_neg_1584	fungalrv_2011	negative	FungalRV-negative-dataset-2644seq.fasta	1584	gi|239591984|gb|EEQ74565.1| 30S ribosomal protein S5 [Ajellomyces dermatitidis SLH14081]	239591984	260
fungalrv2011_neg_1585	fungalrv_2011	negative	FungalRV-negative-dataset-2644seq.fasta	1585	gi|70992123|ref|XP_750910.1| guanine deaminase [Aspergillus fumigatus Af293]	70992123	461
fungalrv2011_neg_1586	fungalrv_2011	negative	FungalRV-negative-dataset-2644seq.fasta	1586	gi|239612984|gb|EEQ89971.1| mitochondrial large ribosomal subunit YmL35 [Ajellomyces dermatitidis ER-3]	239612984	420
fungalrv2011_neg_1587	fungalrv_2011	negative	FungalRV-negative-dataset-2644seq.fasta	1587	gi|71002430|ref|XP_755896.1| mitochondrial DNA-directed RNA polymerase [Aspergillus fumigatus Af293]	71002430	1375
fungalrv2011_neg_1588	fungalrv_2011	negative	FungalRV-negative-dataset-2644seq.fasta	1588	gi|91207158|sp|Q4WMS3.2|MAK5_ASPFU RecName: Full=ATP-dependent RNA helicase mak5	91207158	777
fungalrv2011_neg_1589	fungalrv_2011	negative	FungalRV-negative-dataset-2644seq.fasta	1589	gi|118574275|sp|Q1E7Y4.1|MAK5_COCIM RecName: Full=ATP-dependent RNA helicase MAK5	118574275	783
fungalrv2011_neg_1590	fungalrv_2011	negative	FungalRV-negative-dataset-2644seq.fasta	1590	gi|70999472|ref|XP_754455.1| homoserine dehydrogenase [Aspergillus fumigatus Af293]	70999472	368
fungalrv2011_neg_1591	fungalrv_2011	negative	FungalRV-negative-dataset-2644seq.fasta	1591	gi|118595828|sp|Q1E1N5.1|RRP3_COCIM RecName: Full=ATP-dependent rRNA helicase RRP3	118595828	474
fungalrv2011_neg_1592	fungalrv_2011	negative	FungalRV-negative-dataset-2644seq.fasta	1592	gi|238879344|gb|EEQ42982.1| succinyl-CoA ligase alpha-chain, mitochondrial precursor [Candida albicans WO-1]	238879344	323
fungalrv2011_neg_1593	fungalrv_2011	negative	FungalRV-negative-dataset-2644seq.fasta	1593	gi|66845184|gb|EAL85519.1| 60S ribosomal protein L28 [Aspergillus fumigatus Af293]	66845184	157
fungalrv2011_neg_1594	fungalrv_2011	negative	FungalRV-negative-dataset-2644seq.fasta	1594	gi|159122616|gb|EDP47737.1| ribosomal S30/ubiquitin fusion [Aspergillus fumigatus A1163]	159122616	62
fungalrv2011_neg_1595	fungalrv_2011	negative	FungalRV-negative-dataset-2644seq.fasta	1595	gi|239606254|gb|EEQ83241.1| mitochondrial ATP-dependent RNA helicase Suv3 [Ajellomyces dermatitidis ER-3]	239606254	730
fungalrv2011_neg_1596	fungalrv_2011	negative	FungalRV-negative-dataset-2644seq.fasta	1596	gi|239606614|gb|EEQ83601.1| NADP-specific glutamate dehydrogenase [Ajellomyces dermatitidis ER-3]	239606614	459
fungalrv2011_neg_1597	fungalrv_2011	negative	FungalRV-negative-dataset-2644seq.fasta	1597	gi|70996110|ref|XP_752810.1| hydroxyisocaproate dehydrogenase [Aspergillus fumigatus Af293]	70996110	335
fungalrv2011_neg_1598	fungalrv_2011	negative	FungalRV-negative-dataset-2644seq.fasta	1598	gi|238882426|gb|EEQ46064.1| mitochondrial 60S ribosomal protein L38 [Candida albicans WO-1]	238882426	132
fungalrv2011_neg_1599	fungalrv_2011	negative	FungalRV-negative-dataset-2644seq.fasta	1599	gi|239587958|gb|EEQ70601.1| mitochondrial ribosomal protein L16 [Ajellomyces dermatitidis SLH14081]	239587958	229
fungalrv2011_neg_1600	fungalrv_2011	negative	FungalRV-negative-dataset-2644seq.fasta	1600	gi|239609129|gb|EEQ86116.1| pyruvate dehydrogenase E1 component beta subunit [Ajellomyces dermatitidis ER-3]	239609129	377
fungalrv2011_neg_1601	fungalrv_2011	negative	FungalRV-negative-dataset-2644seq.fasta	1601	gi|239591997|gb|EEQ74578.1| mitochondrial import receptor subunit [Ajellomyces dermatitidis SLH14081]	239591997	462
fungalrv2011_neg_1602	fungalrv_2011	negative	FungalRV-negative-dataset-2644seq.fasta	1602	gi|239609177|gb|EEQ86164.1| mitochondrial complex I protein Fmp36 [Ajellomyces dermatitidis ER-3]	239609177	124
fungalrv2011_neg_1603	fungalrv_2011	negative	FungalRV-negative-dataset-2644seq.fasta	1603	gi|90300796|gb|EAS30427.1| 60S ribosomal protein L5 [Coccidioides immitis RS]	90300796	300
fungalrv2011_neg_1604	fungalrv_2011	negative	FungalRV-negative-dataset-2644seq.fasta	1604	gi|238879287|gb|EEQ42925.1| 60S ribosomal protein L26-B [Candida albicans WO-1]	238879287	127
fungalrv2011_neg_1605	fungalrv_2011	negative	FungalRV-negative-dataset-2644seq.fasta	1605	gi|7271018|emb|CAB77645.1| ribosomal protein L16 [Candida albicans]	7271018	176
fungalrv2011_neg_1606	fungalrv_2011	negative	FungalRV-negative-dataset-2644seq.fasta	1606	gi|74608283|sp|Q6FJD1.1|LPE10_CANGA RecName: Full=Mitochondrial inner membrane magnesium transporter LPE10; Flags: Precursor	74608283	397
fungalrv2011_neg_1607	fungalrv_2011	negative	FungalRV-negative-dataset-2644seq.fasta	1607	gi|239610312|gb|EEQ87299.1| glutamate decarboxylase [Ajellomyces dermatitidis ER-3]	239610312	391
fungalrv2011_neg_1608	fungalrv_2011	negative	FungalRV-negative-dataset-2644seq.fasta	1608	gi|239612676|gb|EEQ89663.1| TIM barrel metal-dependent hydrolase [Ajellomyces dermatitidis ER-3]	239612676	343
fungalrv2011_neg_1609	fungalrv_2011	negative	FungalRV-negative-dataset-2644seq.fasta	1609	gi|239592032|gb|EEQ74613.1| glutamic acid decarboxylase [Ajellomyces dermatitidis SLH14081]	239592032	414
fungalrv2011_neg_1610	fungalrv_2011	negative	FungalRV-negative-dataset-2644seq.fasta	1610	gi|29469902|gb|AAO74621.1| dihydroorotate dehydrogenase precursor [Candida albicans]	29469902	444
fungalrv2011_neg_1611	fungalrv_2011	negative	FungalRV-negative-dataset-2644seq.fasta	1611	gi|71002066|ref|XP_755714.1| malate/L-lactate dehydrogenase [Aspergillus fumigatus Af293]	71002066	356
fungalrv2011_neg_1612	fungalrv_2011	negative	FungalRV-negative-dataset-2644seq.fasta	1612	gi|239594294|gb|EEQ76875.1| short chain dehydrogenase [Ajellomyces dermatitidis SLH14081]	239594294	284
fungalrv2011_neg_1613	fungalrv_2011	negative	FungalRV-negative-dataset-2644seq.fasta	1613	gi|239590466|gb|EEQ73047.1| 50S ribosomal protein L27 [Ajellomyces dermatitidis SLH14081]	239590466	279
fungalrv2011_neg_1614	fungalrv_2011	negative	FungalRV-negative-dataset-2644seq.fasta	1614	gi|71001364|ref|XP_755363.1| 40S ribosomal protein S17 [Aspergillus fumigatus Af293]	71001364	212
fungalrv2011_neg_1615	fungalrv_2011	negative	FungalRV-negative-dataset-2644seq.fasta	1615	gi|66848773|gb|EAL89102.1| 50S ribosomal protein Mrp49 [Aspergillus fumigatus Af293]	66848773	204
fungalrv2011_neg_1616	fungalrv_2011	negative	FungalRV-negative-dataset-2644seq.fasta	1616	gi|70982392|ref|XP_746724.1| RNA polymerase I subunit Rpa43 [Aspergillus fumigatus Af293]	70982392	428
fungalrv2011_neg_1617	fungalrv_2011	negative	FungalRV-negative-dataset-2644seq.fasta	1617	gi|158705871|sp|Q1DXC2.2|MED21_COCIM RecName: Full=Mediator of RNA polymerase II transcription subunit 21; AltName: Full=Mediator complex subunit 21	158705871	192
fungalrv2011_neg_1618	fungalrv_2011	negative	FungalRV-negative-dataset-2644seq.fasta	1618	gi|70983654|ref|XP_747354.1| aldehyde dehydrogenase family protein [Aspergillus fumigatus Af293]	70983654	487
fungalrv2011_neg_1619	fungalrv_2011	negative	FungalRV-negative-dataset-2644seq.fasta	1619	gi|239610987|gb|EEQ87974.1| RNA polymerase II mediator complex component Med8 [Ajellomyces dermatitidis ER-3]	239610987	255
fungalrv2011_neg_1620	fungalrv_2011	negative	FungalRV-negative-dataset-2644seq.fasta	1620	gi|239593823|gb|EEQ76404.1| mitochondrial chaperone BCS1 [Ajellomyces dermatitidis SLH14081]	239593823	501
fungalrv2011_neg_1621	fungalrv_2011	negative	FungalRV-negative-dataset-2644seq.fasta	1621	gi|118575177|sp|Q1EB31.1|DBP4_COCIM RecName: Full=ATP-dependent RNA helicase DBP4	118575177	806
fungalrv2011_neg_1622	fungalrv_2011	negative	FungalRV-negative-dataset-2644seq.fasta	1622	gi|239589691|gb|EEQ72334.1| phosphopantothenoylcysteine decarboxylase [Ajellomyces dermatitidis SLH14081]	239589691	233
fungalrv2011_neg_1623	fungalrv_2011	negative	FungalRV-negative-dataset-2644seq.fasta	1623	gi|239586976|gb|EEQ69619.1| 40S ribosomal protein S14 [Ajellomyces dermatitidis SLH14081]	239586976	113
fungalrv2011_neg_1624	fungalrv_2011	negative	FungalRV-negative-dataset-2644seq.fasta	1624	gi|74661162|sp|Q6FNK8.1|RRP3_CANGA RecName: Full=ATP-dependent rRNA helicase RRP3	74661162	493
fungalrv2011_neg_1625	fungalrv_2011	negative	FungalRV-negative-dataset-2644seq.fasta	1625	gi|118595360|sp|Q1E2B2.1|DRS1_COCIM RecName: Full=ATP-dependent RNA helicase DRS1	118595360	840
fungalrv2011_neg_1626	fungalrv_2011	negative	FungalRV-negative-dataset-2644seq.fasta	1626	gi|66850574|gb|EAL90901.1| 40S ribosomal protein S22 [Aspergillus fumigatus Af293]	66850574	130
fungalrv2011_neg_1627	fungalrv_2011	negative	FungalRV-negative-dataset-2644seq.fasta	1627	gi|90304307|gb|EAS33938.1| 60S ribosomal protein L15 [Coccidioides immitis RS]	90304307	203
fungalrv2011_neg_1628	fungalrv_2011	negative	FungalRV-negative-dataset-2644seq.fasta	1628	gi|129557738|gb|EAL90379.2| 60S ribosomal protein L35 [Aspergillus fumigatus Af293]	129557738	203
fungalrv2011_neg_1629	fungalrv_2011	negative	FungalRV-negative-dataset-2644seq.fasta	1629	gi|70993286|ref|XP_751490.1| 37S ribosomal protein Rsm24 [Aspergillus fumigatus Af293]	70993286	383
fungalrv2011_neg_1630	fungalrv_2011	negative	FungalRV-negative-dataset-2644seq.fasta	1630	gi|66847889|gb|EAL88219.1| 60S ribosomal protein P0 [Aspergillus fumigatus Af293]	66847889	313
fungalrv2011_neg_1631	fungalrv_2011	negative	FungalRV-negative-dataset-2644seq.fasta	1631	gi|74661507|sp|Q6FY67.1|MAK5_CANGA RecName: Full=ATP-dependent RNA helicase MAK5	74661507	733
fungalrv2011_neg_1632	fungalrv_2011	negative	FungalRV-negative-dataset-2644seq.fasta	1632	gi|71001146|ref|XP_755254.1| 60S ribosomal protein L30 [Aspergillus fumigatus Af293]	71001146	106
fungalrv2011_neg_1633	fungalrv_2011	negative	FungalRV-negative-dataset-2644seq.fasta	1633	gi|90307238|gb|EAS36869.1| 40S ribosomal protein S15 [Coccidioides immitis RS]	90307238	153
fungalrv2011_neg_1634	fungalrv_2011	negative	FungalRV-negative-dataset-2644seq.fasta	1634	gi|51701756|sp|Q6FRF5.1|RL10A_CANGA RecName: Full=60S ribosomal protein L10a	51701756	217
fungalrv2011_neg_1635	fungalrv_2011	negative	FungalRV-negative-dataset-2644seq.fasta	1635	gi|66850278|gb|EAL90605.1| 60S ribosomal protein L3 [Aspergillus fumigatus Af293]	66850278	363
fungalrv2011_neg_1636	fungalrv_2011	negative	FungalRV-negative-dataset-2644seq.fasta	1636	gi|239589197|gb|EEQ71840.1| outer mitochondrial membrane protein porin [Ajellomyces dermatitidis SLH14081]	239589197	284
fungalrv2011_neg_1637	fungalrv_2011	negative	FungalRV-negative-dataset-2644seq.fasta	1637	gi|90301184|gb|EAS30815.1| citrate synthase, mitochondrial precursor [Coccidioides immitis RS]	90301184	474
fungalrv2011_neg_1638	fungalrv_2011	negative	FungalRV-negative-dataset-2644seq.fasta	1638	gi|71000747|ref|XP_755055.1| 60S ribosomal protein L20 [Aspergillus fumigatus Af293]	71000747	201
fungalrv2011_neg_1639	fungalrv_2011	negative	FungalRV-negative-dataset-2644seq.fasta	1639	gi|6708310|gb|AAF25884.1|AF210772_1 reverse transcriptase [Candida albicans]	6708310	88
fungalrv2011_neg_1640	fungalrv_2011	negative	FungalRV-negative-dataset-2644seq.fasta	1640	gi|74585682|sp|Q5A2A2.1|MHR1_CANAL RecName: Full=Mitochondrial homologous recombination protein 1	74585682	239
fungalrv2011_neg_1641	fungalrv_2011	negative	FungalRV-negative-dataset-2644seq.fasta	1641	gi|239590775|gb|EEQ73356.1| mitochondrial division protein 1 [Ajellomyces dermatitidis SLH14081]	239590775	668
fungalrv2011_neg_1642	fungalrv_2011	negative	FungalRV-negative-dataset-2644seq.fasta	1642	gi|70982925|ref|XP_746990.1| aldehyde dehydrogenase family protein [Aspergillus fumigatus Af293]	70982925	510
fungalrv2011_neg_1643	fungalrv_2011	negative	FungalRV-negative-dataset-2644seq.fasta	1643	gi|66851437|gb|EAL91763.1| 37S ribosomal protein S16 [Aspergillus fumigatus Af293]	66851437	104
fungalrv2011_neg_1644	fungalrv_2011	negative	FungalRV-negative-dataset-2644seq.fasta	1644	gi|70993408|ref|XP_751551.1| 50S ribosomal protein L36 [Aspergillus fumigatus Af293]	70993408	169
fungalrv2011_neg_1645	fungalrv_2011	negative	FungalRV-negative-dataset-2644seq.fasta	1645	gi|239586802|gb|EEQ69445.1| ribosomal RNA processing protein [Ajellomyces dermatitidis SLH14081]	239586802	310
fungalrv2011_neg_1646	fungalrv_2011	negative	FungalRV-negative-dataset-2644seq.fasta	1646	gi|90302458|gb|EAS32089.1| 40S ribosomal protein S22 [Coccidioides immitis RS]	90302458	130
fungalrv2011_neg_1647	fungalrv_2011	negative	FungalRV-negative-dataset-2644seq.fasta	1647	gi|239592952|gb|EEQ75533.1| mitochondrial export translocase [Ajellomyces dermatitidis SLH14081]	239592952	367
fungalrv2011_neg_1648	fungalrv_2011	negative	FungalRV-negative-dataset-2644seq.fasta	1648	gi|239591037|gb|EEQ73618.1| 40S ribosomal protein S3A [Ajellomyces dermatitidis SLH14081]	239591037	255
fungalrv2011_neg_1649	fungalrv_2011	negative	FungalRV-negative-dataset-2644seq.fasta	1649	gi|239595870|gb|EEQ78451.1| mitochondrial integral membrane protein [Ajellomyces dermatitidis SLH14081]	239595870	525
fungalrv2011_neg_1650	fungalrv_2011	negative	FungalRV-negative-dataset-2644seq.fasta	1650	gi|85541640|sp|P0C0X3.1|TFB5_CANAL RecName: Full=RNA polymerase II transcription factor B subunit 5; AltName: Full=General transcription and DNA repair factor IIH subunit 5; Short=TFIIH subunit 5	85541640	69
fungalrv2011_neg_1651	fungalrv_2011	negative	FungalRV-negative-dataset-2644seq.fasta	1651	gi|239591495|gb|EEQ74076.1| DNA polymerase alpha/primase associated subunit [Ajellomyces dermatitidis SLH14081]	239591495	667
fungalrv2011_neg_1652	fungalrv_2011	negative	FungalRV-negative-dataset-2644seq.fasta	1652	gi|66851705|gb|EAL92031.1| 60S ribosomal protein L23 [Aspergillus fumigatus Af293]	66851705	144
fungalrv2011_neg_1653	fungalrv_2011	negative	FungalRV-negative-dataset-2644seq.fasta	1653	gi|239608164|gb|EEQ85151.1| ribosomal RNA processing protein [Ajellomyces dermatitidis ER-3]	239608164	311
fungalrv2011_neg_1654	fungalrv_2011	negative	FungalRV-negative-dataset-2644seq.fasta	1654	gi|239607305|gb|EEQ84292.1| mitochondrial chaperone BCS1 [Ajellomyces dermatitidis ER-3]	239607305	501
fungalrv2011_neg_1655	fungalrv_2011	negative	FungalRV-negative-dataset-2644seq.fasta	1655	gi|238879871|gb|EEQ43509.1| 60S ribosomal protein L15-B [Candida albicans WO-1]	238879871	204
fungalrv2011_neg_1656	fungalrv_2011	negative	FungalRV-negative-dataset-2644seq.fasta	1656	gi|239586518|gb|EEQ69161.1| ribosomal protein S5 [Ajellomyces dermatitidis SLH14081]	239586518	412
fungalrv2011_neg_1657	fungalrv_2011	negative	FungalRV-negative-dataset-2644seq.fasta	1657	gi|239609443|gb|EEQ86430.1| mitochondrial integral membrane protein [Ajellomyces dermatitidis ER-3]	239609443	525
fungalrv2011_neg_1658	fungalrv_2011	negative	FungalRV-negative-dataset-2644seq.fasta	1658	gi|94418548|gb|ABF18619.1| glutamate decarboxylase [Candida albicans]	94418548	146
fungalrv2011_neg_1659	fungalrv_2011	negative	FungalRV-negative-dataset-2644seq.fasta	1659	gi|66845321|gb|EAL85656.1| ribosomal protein L14 [Aspergillus fumigatus Af293]	66845321	141
fungalrv2011_neg_1660	fungalrv_2011	negative	FungalRV-negative-dataset-2644seq.fasta	1660	gi|70996052|ref|XP_752781.1| RNA polymerase subunit [Aspergillus fumigatus Af293]	70996052	171
fungalrv2011_neg_1661	fungalrv_2011	negative	FungalRV-negative-dataset-2644seq.fasta	1661	gi|239613763|gb|EEQ90750.1| malate dehydrogenase [Ajellomyces dermatitidis ER-3]	239613763	189
fungalrv2011_neg_1662	fungalrv_2011	negative	FungalRV-negative-dataset-2644seq.fasta	1662	gi|90306048|gb|EAS35679.1| 60S ribosomal protein L10 [Coccidioides immitis RS]	90306048	223
fungalrv2011_neg_1663	fungalrv_2011	negative	FungalRV-negative-dataset-2644seq.fasta	1663	gi|239593540|gb|EEQ76121.1| mitochondrial dynamin GTPase [Ajellomyces dermatitidis SLH14081]	239593540	920
fungalrv2011_neg_1664	fungalrv_2011	negative	FungalRV-negative-dataset-2644seq.fasta	1664	gi|52783269|sp|Q6FSN6.1|RL7_CANGA RecName: Full=60S ribosomal protein L7	52783269	244
fungalrv2011_neg_1665	fungalrv_2011	negative	FungalRV-negative-dataset-2644seq.fasta	1665	gi|74584724|sp|Q59RP7.1|RM04_CANAL RecName: Full=54S ribosomal protein L4, mitochondrial; Flags: Precursor	74584724	309
fungalrv2011_neg_1666	fungalrv_2011	negative	FungalRV-negative-dataset-2644seq.fasta	1666	gi|238882246|gb|EEQ45884.1| mitochondrial import inner membrane translocase subunit TIM17 [Candida albicans WO-1]	238882246	154
fungalrv2011_neg_1667	fungalrv_2011	negative	FungalRV-negative-dataset-2644seq.fasta	1667	gi|239609584|gb|EEQ86571.1| vanillin dehydrogenase [Ajellomyces dermatitidis ER-3]	239609584	475
fungalrv2011_neg_1668	fungalrv_2011	negative	FungalRV-negative-dataset-2644seq.fasta	1668	gi|70990810|ref|XP_750254.1| cytosine deaminase [Aspergillus fumigatus Af293]	70990810	148
fungalrv2011_neg_1669	fungalrv_2011	negative	FungalRV-negative-dataset-2644seq.fasta	1669	gi|70996634|ref|XP_753072.1| D-lactate dehydrogenase [Aspergillus fumigatus Af293]	70996634	347
fungalrv2011_neg_1670	fungalrv_2011	negative	FungalRV-negative-dataset-2644seq.fasta	1670	gi|239596005|gb|EEQ78586.1| vanillin dehydrogenase [Ajellomyces dermatitidis SLH14081]	239596005	476
fungalrv2011_neg_1671	fungalrv_2011	negative	FungalRV-negative-dataset-2644seq.fasta	1671	gi|239610239|gb|EEQ87226.1| 3-hydroxyisobutyrate dehydrogenase [Ajellomyces dermatitidis ER-3]	239610239	445
fungalrv2011_neg_1672	fungalrv_2011	negative	FungalRV-negative-dataset-2644seq.fasta	1672	gi|74610732|sp|Q6FW43.1|COX16_CANGA RecName: Full=Cytochrome c oxidase assembly protein COX16, mitochondrial; Flags: Precursor	74610732	118
fungalrv2011_neg_1673	fungalrv_2011	negative	FungalRV-negative-dataset-2644seq.fasta	1673	gi|239612976|gb|EEQ89963.1| DNA polymerase alpha/primase associated subunit [Ajellomyces dermatitidis ER-3]	239612976	667
fungalrv2011_neg_1674	fungalrv_2011	negative	FungalRV-negative-dataset-2644seq.fasta	1674	gi|238880090|gb|EEQ43728.1| succinyl-CoA ligase beta-chain, mitochondrial precursor [Candida albicans WO-1]	238880090	415
fungalrv2011_neg_1675	fungalrv_2011	negative	FungalRV-negative-dataset-2644seq.fasta	1675	gi|239608155|gb|EEQ85142.1| ribosomal protein L7a [Ajellomyces dermatitidis ER-3]	239608155	294
fungalrv2011_neg_1676	fungalrv_2011	negative	FungalRV-negative-dataset-2644seq.fasta	1676	gi|70996845|ref|XP_753177.1| lactate dehydrogenase [Aspergillus fumigatus Af293]	70996845	309
fungalrv2011_neg_1677	fungalrv_2011	negative	FungalRV-negative-dataset-2644seq.fasta	1677	gi|239593308|gb|EEQ75889.1| 60S ribosomal protein L18A [Ajellomyces dermatitidis SLH14081]	239593308	105
fungalrv2011_neg_1678	fungalrv_2011	negative	FungalRV-negative-dataset-2644seq.fasta	1678	gi|239586811|gb|EEQ69454.1| ribosomal protein L7a [Ajellomyces dermatitidis SLH14081]	239586811	294
fungalrv2011_neg_1679	fungalrv_2011	negative	FungalRV-negative-dataset-2644seq.fasta	1679	gi|238881020|gb|EEQ44658.1| mitochondrial oxaloacetate transport protein [Candida albicans WO-1]	238881020	350
fungalrv2011_neg_1680	fungalrv_2011	negative	FungalRV-negative-dataset-2644seq.fasta	1680	gi|70998418|ref|XP_753931.1| cyclin Ccl1 [Aspergillus fumigatus Af293]	70998418	433
fungalrv2011_neg_1681	fungalrv_2011	negative	FungalRV-negative-dataset-2644seq.fasta	1681	gi|66851619|gb|EAL91945.1| acyl-CoA dehydrogenase family protein [Aspergillus fumigatus Af293]	66851619	468
fungalrv2011_neg_1682	fungalrv_2011	negative	FungalRV-negative-dataset-2644seq.fasta	1682	gi|74609417|sp|Q6FPU1.1|TIM14_CANGA RecName: Full=Mitochondrial import inner membrane translocase subunit TIM14; AltName: Full=Presequence translocated-associated motor subunit PAM18	74609417	153
fungalrv2011_neg_1683	fungalrv_2011	negative	FungalRV-negative-dataset-2644seq.fasta	1683	gi|146322436|ref|XP_750175.2| 30S ribosomal protein S7 [Aspergillus fumigatus Af293]	146322436	354
fungalrv2011_neg_1684	fungalrv_2011	negative	FungalRV-negative-dataset-2644seq.fasta	1684	gi|239590739|gb|EEQ73320.1| 3-hydroxybutyryl-CoA dehydrogenase [Ajellomyces dermatitidis SLH14081]	239590739	245
fungalrv2011_neg_1685	fungalrv_2011	negative	FungalRV-negative-dataset-2644seq.fasta	1685	gi|239591509|gb|EEQ74090.1| mitochondrial ribosomal protein L43 [Ajellomyces dermatitidis SLH14081]	239591509	156
fungalrv2011_neg_1686	fungalrv_2011	negative	FungalRV-negative-dataset-2644seq.fasta	1686	gi|70999199|ref|XP_754321.1| mitochondrial chaperone BCS1 [Aspergillus fumigatus Af293]	70999199	499
fungalrv2011_neg_1687	fungalrv_2011	negative	FungalRV-negative-dataset-2644seq.fasta	1687	gi|20086301|gb|AAM08093.1| subunit of RNA polymerase II transcription factor TFIIH [Candida glabrata]	20086301	234
fungalrv2011_neg_1688	fungalrv_2011	negative	FungalRV-negative-dataset-2644seq.fasta	1688	gi|70990348|ref|XP_750023.1| mitochondrial phosphate carrier protein (Ptp) [Aspergillus fumigatus Af293]	70990348	331
fungalrv2011_neg_1689	fungalrv_2011	negative	FungalRV-negative-dataset-2644seq.fasta	1689	gi|146322946|ref|XP_755555.2| mitochondrial large ribosomal subunit protein L16 [Aspergillus fumigatus Af293]	146322946	231
fungalrv2011_neg_1690	fungalrv_2011	negative	FungalRV-negative-dataset-2644seq.fasta	1690	gi|74669820|sp|Q4WJW8.1|MCR1_ASPFU RecName: Full=NADH-cytochrome b5 reductase 2; AltName: Full=Mitochondrial cytochrome b reductase	74669820	323
fungalrv2011_neg_1691	fungalrv_2011	negative	FungalRV-negative-dataset-2644seq.fasta	1691	gi|239589068|gb|EEQ71711.1| 50S ribosomal protein L12 [Ajellomyces dermatitidis SLH14081]	239589068	192
fungalrv2011_neg_1692	fungalrv_2011	negative	FungalRV-negative-dataset-2644seq.fasta	1692	gi|74609152|sp|Q6FNH1.1|TAF4_CANGA RecName: Full=Transcription initiation factor TFIID subunit 4; AltName: Full=TBP-associated factor 4	74609152	336
fungalrv2011_neg_1693	fungalrv_2011	negative	FungalRV-negative-dataset-2644seq.fasta	1693	gi|70993862|ref|XP_751778.1| 50S ribosomal protein L30 [Aspergillus fumigatus Af293]	70993862	94
fungalrv2011_neg_1694	fungalrv_2011	negative	FungalRV-negative-dataset-2644seq.fasta	1694	gi|239591488|gb|EEQ74069.1| 50S ribosomal protein L4 [Ajellomyces dermatitidis SLH14081]	239591488	263
fungalrv2011_neg_1695	fungalrv_2011	negative	FungalRV-negative-dataset-2644seq.fasta	1695	gi|239610731|gb|EEQ87718.1| mitochondrial respiratory complex I chaperone [Ajellomyces dermatitidis ER-3]	239610731	802
fungalrv2011_neg_1696	fungalrv_2011	negative	FungalRV-negative-dataset-2644seq.fasta	1696	gi|238878810|gb|EEQ42448.1| ATP synthase D chain, mitochondrial [Candida albicans WO-1]	238878810	174
fungalrv2011_neg_1697	fungalrv_2011	negative	FungalRV-negative-dataset-2644seq.fasta	1697	gi|239612962|gb|EEQ89949.1| mitochondrial ribosomal protein L43 [Ajellomyces dermatitidis ER-3]	239612962	156
fungalrv2011_neg_1698	fungalrv_2011	negative	FungalRV-negative-dataset-2644seq.fasta	1698	gi|239588915|gb|EEQ71558.1| malate dehydrogenase [Ajellomyces dermatitidis SLH14081]	239588915	260
fungalrv2011_neg_1699	fungalrv_2011	negative	FungalRV-negative-dataset-2644seq.fasta	1699	gi|74609918|sp|Q6FSD7.1|MHR1_CANGA RecName: Full=Mitochondrial homologous recombination protein 1	74609918	201
fungalrv2011_neg_1700	fungalrv_2011	negative	FungalRV-negative-dataset-2644seq.fasta	1700	gi|239589224|gb|EEQ71867.1| 3-hydroxyisobutyrate dehydrogenase [Ajellomyces dermatitidis SLH14081]	239589224	445
fungalrv2011_neg_1701	fungalrv_2011	negative	FungalRV-negative-dataset-2644seq.fasta	1701	gi|239591903|gb|EEQ74484.1| mitochondrial complex I protein Fmp36 [Ajellomyces dermatitidis SLH14081]	239591903	159
fungalrv2011_neg_1702	fungalrv_2011	negative	FungalRV-negative-dataset-2644seq.fasta	1702	gi|238883166|gb|EEQ46804.1| 60S ribosomal protein L25 [Candida albicans WO-1]	238883166	142
fungalrv2011_neg_1703	fungalrv_2011	negative	FungalRV-negative-dataset-2644seq.fasta	1703	gi|239592573|gb|EEQ75154.1| mitochondrial inner membrane import translocase subunit [Ajellomyces dermatitidis SLH14081]	239592573	160
fungalrv2011_neg_1704	fungalrv_2011	negative	FungalRV-negative-dataset-2644seq.fasta	1704	gi|70991455|ref|XP_750576.1| RNA polymerase II mediator complex subunit Srb5 [Aspergillus fumigatus Af293]	70991455	268
fungalrv2011_neg_1705	fungalrv_2011	negative	FungalRV-negative-dataset-2644seq.fasta	1705	gi|239588299|gb|EEQ70942.1| 37S ribosomal protein S11 [Ajellomyces dermatitidis SLH14081]	239588299	211
fungalrv2011_neg_1706	fungalrv_2011	negative	FungalRV-negative-dataset-2644seq.fasta	1706	gi|66847812|gb|EAL88142.1| 40S ribosomal protein S8e [Aspergillus fumigatus Af293]	66847812	201
fungalrv2011_neg_1707	fungalrv_2011	negative	FungalRV-negative-dataset-2644seq.fasta	1707	gi|70989025|ref|XP_749362.1| 40S ribosomal protein S14 [Aspergillus fumigatus Af293]	70989025	113
fungalrv2011_neg_1708	fungalrv_2011	negative	FungalRV-negative-dataset-2644seq.fasta	1708	gi|239586534|gb|EEQ69177.1| NADH dehydrogenase subunit 3 [Ajellomyces dermatitidis SLH14081]	239586534	139
fungalrv2011_neg_1709	fungalrv_2011	negative	FungalRV-negative-dataset-2644seq.fasta	1709	gi|239594907|gb|EEQ77488.1| alpha/beta hydrolase fold protein [Ajellomyces dermatitidis SLH14081]	239594907	357
fungalrv2011_neg_1710	fungalrv_2011	negative	FungalRV-negative-dataset-2644seq.fasta	1710	gi|115502566|sp|Q1E9A1.1|PYRF_COCIM RecName: Full=Orotidine 5'-phosphate decarboxylase; AltName: Full=OMP decarboxylase; Short=OMPdecase; Short=OMPDCase; AltName: Full=Uridine 5'-monophosphate synthase; Short=UMP synthase	115502566	274
fungalrv2011_neg_1711	fungalrv_2011	negative	FungalRV-negative-dataset-2644seq.fasta	1711	gi|239593999|gb|EEQ76580.1| 40S ribosomal protein S0 [Ajellomyces dermatitidis SLH14081]	239593999	301
fungalrv2011_neg_1712	fungalrv_2011	negative	FungalRV-negative-dataset-2644seq.fasta	1712	gi|74610071|sp|Q6FT37.1|TIM22_CANGA RecName: Full=Mitochondrial import inner membrane translocase subunit TIM22	74610071	193
fungalrv2011_neg_1713	fungalrv_2011	negative	FungalRV-negative-dataset-2644seq.fasta	1713	gi|239612338|gb|EEQ89325.1| 60S ribosomal protein L4 [Ajellomyces dermatitidis ER-3]	239612338	372
fungalrv2011_neg_1714	fungalrv_2011	negative	FungalRV-negative-dataset-2644seq.fasta	1714	gi|68052142|sp|Q6FV07.1|IPL1_CANGA RecName: Full=Spindle assembly checkpoint kinase; AltName: Full=Aurora kinase	68052142	358
fungalrv2011_neg_1715	fungalrv_2011	negative	FungalRV-negative-dataset-2644seq.fasta	1715	gi|239610039|gb|EEQ87026.1| NUDIX family hydrolase [Ajellomyces dermatitidis ER-3]	239610039	297
fungalrv2011_neg_1716	fungalrv_2011	negative	FungalRV-negative-dataset-2644seq.fasta	1716	gi|159129354|gb|EDP54468.1| choline dehydrogenase family protein [Aspergillus fumigatus A1163]	159129354	83
fungalrv2011_neg_1717	fungalrv_2011	negative	FungalRV-negative-dataset-2644seq.fasta	1717	gi|52783161|sp|Q6FKY1.1|PGK_CANGA RecName: Full=Phosphoglycerate kinase	52783161	416
fungalrv2011_neg_1718	fungalrv_2011	negative	FungalRV-negative-dataset-2644seq.fasta	1718	gi|239608140|gb|EEQ85127.1| 50S ribosomal protein Mrp49 [Ajellomyces dermatitidis ER-3]	239608140	209
fungalrv2011_neg_1719	fungalrv_2011	negative	FungalRV-negative-dataset-2644seq.fasta	1719	gi|239586528|gb|EEQ69171.1| NADH dehydrogenase subunit 4L [Ajellomyces dermatitidis SLH14081]	239586528	89
fungalrv2011_neg_1720	fungalrv_2011	negative	FungalRV-negative-dataset-2644seq.fasta	1720	gi|239590612|gb|EEQ73193.1| 60S ribosomal protein L4 [Ajellomyces dermatitidis SLH14081]	239590612	372
fungalrv2011_neg_1721	fungalrv_2011	negative	FungalRV-negative-dataset-2644seq.fasta	1721	gi|70981546|ref|XP_746302.1| aldehyde dehydrogenase [Aspergillus fumigatus Af293]	70981546	487
fungalrv2011_neg_1722	fungalrv_2011	negative	FungalRV-negative-dataset-2644seq.fasta	1722	gi|239586620|gb|EEQ69263.1| polymerase II polypeptide D [Ajellomyces dermatitidis SLH14081]	239586620	152
fungalrv2011_neg_1723	fungalrv_2011	negative	FungalRV-negative-dataset-2644seq.fasta	1723	gi|66847931|gb|EAL88261.1| 40S ribosomal protein S12 [Aspergillus fumigatus Af293]	66847931	144
fungalrv2011_neg_1724	fungalrv_2011	negative	FungalRV-negative-dataset-2644seq.fasta	1724	gi|239595138|gb|EEQ77719.1| RNA polymerase I subunit Rpa43 [Ajellomyces dermatitidis SLH14081]	239595138	518
fungalrv2011_neg_1725	fungalrv_2011	negative	FungalRV-negative-dataset-2644seq.fasta	1725	gi|239589954|gb|EEQ72597.1| 40S ribosomal protein S25 [Ajellomyces dermatitidis SLH14081]	239589954	98
fungalrv2011_neg_1726	fungalrv_2011	negative	FungalRV-negative-dataset-2644seq.fasta	1726	gi|70997856|ref|XP_753660.1| hydrolase [Aspergillus fumigatus Af293]	70997856	344
fungalrv2011_neg_1727	fungalrv_2011	negative	FungalRV-negative-dataset-2644seq.fasta	1727	gi|239587868|gb|EEQ70511.1| tyrosine decarboxylase [Ajellomyces dermatitidis SLH14081]	239587868	463
fungalrv2011_neg_1728	fungalrv_2011	negative	FungalRV-negative-dataset-2644seq.fasta	1728	gi|238883268|gb|EEQ46906.1| 60S acidic ribosomal protein P0 [Candida albicans WO-1]	238883268	275
fungalrv2011_neg_1729	fungalrv_2011	negative	FungalRV-negative-dataset-2644seq.fasta	1729	gi|121754656|sp|Q1DTR6.1|RPC3_COCIM RecName: Full=DNA-directed RNA polymerase III subunit RPC-3; Short=RNA polymerase III subunit C3	121754656	653
fungalrv2011_neg_1730	fungalrv_2011	negative	FungalRV-negative-dataset-2644seq.fasta	1730	gi|74590034|sp|Q59ZW9.1|TIM16_CANAL RecName: Full=Mitochondrial import inner membrane translocase subunit TIM16; AltName: Full=Presequence translocated-associated motor subunit PAM16	74590034	121
fungalrv2011_neg_1731	fungalrv_2011	negative	FungalRV-negative-dataset-2644seq.fasta	1731	gi|70990852|ref|XP_750275.1| DNA-directed DNA polymerase theta [Aspergillus fumigatus Af293]	70990852	940
fungalrv2011_neg_1732	fungalrv_2011	negative	FungalRV-negative-dataset-2644seq.fasta	1732	gi|70996232|ref|XP_752871.1| 40S ribosomal protein S5 [Aspergillus fumigatus Af293]	70996232	231
fungalrv2011_neg_1733	fungalrv_2011	negative	FungalRV-negative-dataset-2644seq.fasta	1733	gi|238880420|gb|EEQ44058.1| para-hydroxybenzoate-polyprenyltransferase, mitochondrial precursor [Candida albicans WO-1]	238880420	348
fungalrv2011_neg_1734	fungalrv_2011	negative	FungalRV-negative-dataset-2644seq.fasta	1734	gi|66844410|gb|EAL84748.1| ribosomal protein S5 [Aspergillus fumigatus Af293]	66844410	259
fungalrv2011_neg_1735	fungalrv_2011	negative	FungalRV-negative-dataset-2644seq.fasta	1735	gi|13446612|emb|CAC35044.1| orotidine 5'-monophosphate decarboxylase (OMPD) [Coccidioides immitis]	13446612	132
fungalrv2011_neg_1736	fungalrv_2011	negative	FungalRV-negative-dataset-2644seq.fasta	1736	gi|121769092|sp|Q1E403.1|LOC1_COCIM RecName: Full=60S ribosomal subunit assembly/export protein LOC1	121769092	195
fungalrv2011_neg_1737	fungalrv_2011	negative	FungalRV-negative-dataset-2644seq.fasta	1737	gi|239612460|gb|EEQ89447.1| 3-hydroxybutyryl-CoA dehydrogenase [Ajellomyces dermatitidis ER-3]	239612460	245
fungalrv2011_neg_1738	fungalrv_2011	negative	FungalRV-negative-dataset-2644seq.fasta	1738	gi|239609768|gb|EEQ86755.1| RNA polymerase I subunit Rpa43 [Ajellomyces dermatitidis ER-3]	239609768	519
fungalrv2011_neg_1739	fungalrv_2011	negative	FungalRV-negative-dataset-2644seq.fasta	1739	gi|90305768|gb|EAS35399.1| ATP synthase f chain, mitochondrial precursor [Coccidioides immitis RS]	90305768	95
fungalrv2011_neg_1740	fungalrv_2011	negative	FungalRV-negative-dataset-2644seq.fasta	1740	gi|239594217|gb|EEQ76798.1| 30S ribosomal protein S7 [Ajellomyces dermatitidis SLH14081]	239594217	406
fungalrv2011_neg_1741	fungalrv_2011	negative	FungalRV-negative-dataset-2644seq.fasta	1741	gi|239586731|gb|EEQ69374.1| 60S ribosomal protein L10 [Ajellomyces dermatitidis SLH14081]	239586731	217
fungalrv2011_neg_1742	fungalrv_2011	negative	FungalRV-negative-dataset-2644seq.fasta	1742	gi|239593201|gb|EEQ75782.1| cytosine deaminase [Ajellomyces dermatitidis SLH14081]	239593201	143
fungalrv2011_neg_1743	fungalrv_2011	negative	FungalRV-negative-dataset-2644seq.fasta	1743	gi|238881717|gb|EEQ45355.1| 60S ribosomal protein L40 [Candida albicans WO-1]	238881717	52
fungalrv2011_neg_1744	fungalrv_2011	negative	FungalRV-negative-dataset-2644seq.fasta	1744	gi|66849735|gb|EAL90063.1| 37S ribosomal protein Rsm25 [Aspergillus fumigatus Af293]	66849735	258
fungalrv2011_neg_1745	fungalrv_2011	negative	FungalRV-negative-dataset-2644seq.fasta	1745	gi|70992657|ref|XP_751177.1| cytosolic large ribosomal subunit protein L7A [Aspergillus fumigatus Af293]	70992657	254
fungalrv2011_neg_1746	fungalrv_2011	negative	FungalRV-negative-dataset-2644seq.fasta	1746	gi|74610686|sp|Q6FVX3.1|IWS1_CANGA RecName: Full=Transcription factor IWS1	74610686	382
fungalrv2011_neg_1747	fungalrv_2011	negative	FungalRV-negative-dataset-2644seq.fasta	1747	gi|189045115|sp|Q4WT68.2|IML2_ASPFU RecName: Full=Mitochondrial outer membrane protein iml2	189045115	725
fungalrv2011_neg_1748	fungalrv_2011	negative	FungalRV-negative-dataset-2644seq.fasta	1748	gi|74585349|sp|Q59YD8.1|NOP16_CANAL RecName: Full=Nucleolar protein 16	74585349	218
fungalrv2011_neg_1749	fungalrv_2011	negative	FungalRV-negative-dataset-2644seq.fasta	1749	gi|239615380|gb|EEQ92367.1| 30S ribosomal protein S7 [Ajellomyces dermatitidis ER-3]	239615380	406
fungalrv2011_neg_1750	fungalrv_2011	negative	FungalRV-negative-dataset-2644seq.fasta	1750	gi|239595496|gb|EEQ78077.1| 60S ribosomal protein L19 [Ajellomyces dermatitidis SLH14081]	239595496	153
fungalrv2011_neg_1751	fungalrv_2011	negative	FungalRV-negative-dataset-2644seq.fasta	1751	gi|118578050|sp|Q1E0Z3.1|DBP8_COCIM RecName: Full=ATP-dependent RNA helicase DBP8	118578050	536
fungalrv2011_neg_1752	fungalrv_2011	negative	FungalRV-negative-dataset-2644seq.fasta	1752	gi|13446620|emb|CAC35048.1| orotidine 5'-monophosphate decarboxylase (OMPD) [Coccidioides immitis]	13446620	132
fungalrv2011_neg_1753	fungalrv_2011	negative	FungalRV-negative-dataset-2644seq.fasta	1753	gi|238878495|gb|EEQ42133.1| 60S ribosomal protein L8-B [Candida albicans WO-1]	238878495	262
fungalrv2011_neg_1754	fungalrv_2011	negative	FungalRV-negative-dataset-2644seq.fasta	1754	gi|13446618|emb|CAC35047.1| orotidine 5'-monophosphate decarboxylase (OMPD) [Coccidioides immitis]	13446618	132
fungalrv2011_neg_1755	fungalrv_2011	negative	FungalRV-negative-dataset-2644seq.fasta	1755	gi|239612263|gb|EEQ89250.1| mitochondrial import protein 1 [Ajellomyces dermatitidis ER-3]	239612263	96
fungalrv2011_neg_1756	fungalrv_2011	negative	FungalRV-negative-dataset-2644seq.fasta	1756	gi|74637470|sp|Q6FP78.1|ADA_CANGA RecName: Full=Adenosine deaminase; AltName: Full=Adenosine aminohydrolase	74637470	347
fungalrv2011_neg_1757	fungalrv_2011	negative	FungalRV-negative-dataset-2644seq.fasta	1757	gi|239596139|gb|EEQ78720.1| 30S ribosomal protein S21e [Ajellomyces dermatitidis SLH14081]	239596139	88
fungalrv2011_neg_1758	fungalrv_2011	negative	FungalRV-negative-dataset-2644seq.fasta	1758	gi|238882240|gb|EEQ45878.1| 60S ribosomal protein L17 [Candida albicans WO-1]	238882240	185
fungalrv2011_neg_1759	fungalrv_2011	negative	FungalRV-negative-dataset-2644seq.fasta	1759	gi|239594097|gb|EEQ76678.1| cytochrome c mitochondrial import factor [Ajellomyces dermatitidis SLH14081]	239594097	410
fungalrv2011_neg_1760	fungalrv_2011	negative	FungalRV-negative-dataset-2644seq.fasta	1760	gi|66849387|gb|EAL89715.1| 50S ribosomal protein L24 [Aspergillus fumigatus Af293]	66849387	212
fungalrv2011_neg_1761	fungalrv_2011	negative	FungalRV-negative-dataset-2644seq.fasta	1761	gi|51338736|sp|O14429.2|LEU3_CANGA RecName: Full=3-isopropylmalate dehydrogenase; Short=3-IPM-DH; Short=IMDH; AltName: Full=Beta-IPM dehydrogenase	51338736	365
fungalrv2011_neg_1762	fungalrv_2011	negative	FungalRV-negative-dataset-2644seq.fasta	1762	gi|29500875|emb|CAD54425.1| ATP synthase protein 9 [Candida glabrata]	29500875	76
fungalrv2011_neg_1763	fungalrv_2011	negative	FungalRV-negative-dataset-2644seq.fasta	1763	gi|121752976|sp|Q1DLG1.1|MED8_COCIM RecName: Full=Mediator of RNA polymerase II transcription subunit 8; AltName: Full=Mediator complex subunit 8	121752976	262
fungalrv2011_neg_1764	fungalrv_2011	negative	FungalRV-negative-dataset-2644seq.fasta	1764	gi|239593432|gb|EEQ76013.1| 60S ribosomal protein L7 [Ajellomyces dermatitidis SLH14081]	239593432	250
fungalrv2011_neg_1765	fungalrv_2011	negative	FungalRV-negative-dataset-2644seq.fasta	1765	gi|239595528|gb|EEQ78109.1| 40S ribosomal protein S15 [Ajellomyces dermatitidis SLH14081]	239595528	153
fungalrv2011_neg_1766	fungalrv_2011	negative	FungalRV-negative-dataset-2644seq.fasta	1766	gi|129555387|gb|EAL84680.2| 37S ribosomal protein S24 [Aspergillus fumigatus Af293]	129555387	133
fungalrv2011_neg_1767	fungalrv_2011	negative	FungalRV-negative-dataset-2644seq.fasta	1767	gi|239587833|gb|EEQ70476.1| cytosolic large ribosomal subunit protein L30 [Ajellomyces dermatitidis SLH14081]	239587833	109
fungalrv2011_neg_1768	fungalrv_2011	negative	FungalRV-negative-dataset-2644seq.fasta	1768	gi|238880579|gb|EEQ44217.1| 40S ribosomal protein S7-A [Candida albicans WO-1]	238880579	186
fungalrv2011_neg_1769	fungalrv_2011	negative	FungalRV-negative-dataset-2644seq.fasta	1769	gi|239587098|gb|EEQ69741.1| 60S ribosomal protein L25 [Ajellomyces dermatitidis SLH14081]	239587098	199
fungalrv2011_neg_1770	fungalrv_2011	negative	FungalRV-negative-dataset-2644seq.fasta	1770	gi|70999504|ref|XP_754471.1| mitochondrial methylglutaconyl-CoA hydratase (Auh) [Aspergillus fumigatus Af293]	70999504	308
fungalrv2011_neg_1771	fungalrv_2011	negative	FungalRV-negative-dataset-2644seq.fasta	1771	gi|159124985|gb|EDP50102.1| 37S ribosomal protein Rsm25 [Aspergillus fumigatus A1163]	159124985	258
fungalrv2011_neg_1772	fungalrv_2011	negative	FungalRV-negative-dataset-2644seq.fasta	1772	gi|70983638|ref|XP_747346.1| mitochondrial ATPase subunit ATP4 [Aspergillus fumigatus Af293]	70983638	274
fungalrv2011_neg_1773	fungalrv_2011	negative	FungalRV-negative-dataset-2644seq.fasta	1773	gi|70988769|ref|XP_749239.1| 1-aminocyclopropane-1-carboxylate deaminase [Aspergillus fumigatus Af293]	70988769	350
fungalrv2011_neg_1774	fungalrv_2011	negative	FungalRV-negative-dataset-2644seq.fasta	1774	gi|70997441|ref|XP_753468.1| mitochondrial ribosomal protein L11 [Aspergillus fumigatus Af293]	70997441	153
fungalrv2011_neg_1775	fungalrv_2011	negative	FungalRV-negative-dataset-2644seq.fasta	1775	gi|70992871|ref|XP_751284.1| mitochondrial carnitine:acyl carnitine carrier [Aspergillus fumigatus Af293]	70992871	326
fungalrv2011_neg_1776	fungalrv_2011	negative	FungalRV-negative-dataset-2644seq.fasta	1776	gi|70983751|ref|XP_747402.1| FMN dependent dehydrogenase [Aspergillus fumigatus Af293]	70983751	390
fungalrv2011_neg_1777	fungalrv_2011	negative	FungalRV-negative-dataset-2644seq.fasta	1777	gi|239594839|gb|EEQ77420.1| NUDIX family hydrolase [Ajellomyces dermatitidis SLH14081]	239594839	297
fungalrv2011_neg_1778	fungalrv_2011	negative	FungalRV-negative-dataset-2644seq.fasta	1778	gi|239586826|gb|EEQ69469.1| 50S ribosomal protein Mrp49 [Ajellomyces dermatitidis SLH14081]	239586826	225
fungalrv2011_neg_1779	fungalrv_2011	negative	FungalRV-negative-dataset-2644seq.fasta	1779	gi|239589463|gb|EEQ72106.1| ribosomal protein L13 [Ajellomyces dermatitidis SLH14081]	239589463	180
fungalrv2011_neg_1780	fungalrv_2011	negative	FungalRV-negative-dataset-2644seq.fasta	1780	gi|239595767|gb|EEQ78348.1| 40S ribosomal protein S3 [Ajellomyces dermatitidis SLH14081]	239595767	270
fungalrv2011_neg_1781	fungalrv_2011	negative	FungalRV-negative-dataset-2644seq.fasta	1781	gi|239608923|gb|EEQ85910.1| cytochrome c mitochondrial import factor [Ajellomyces dermatitidis ER-3]	239608923	410
fungalrv2011_neg_1782	fungalrv_2011	negative	FungalRV-negative-dataset-2644seq.fasta	1782	gi|239615019|gb|EEQ92006.1| 60S ribosomal protein L7 [Ajellomyces dermatitidis ER-3]	239615019	250
fungalrv2011_neg_1783	fungalrv_2011	negative	FungalRV-negative-dataset-2644seq.fasta	1783	gi|70986424|ref|XP_748706.1| 3-hydroxyacyl-CoA dehydrogenase [Aspergillus fumigatus Af293]	70986424	293
fungalrv2011_neg_1784	fungalrv_2011	negative	FungalRV-negative-dataset-2644seq.fasta	1784	gi|66848868|gb|EAL89197.1| 3-isopropylmalate dehydrogenase [Aspergillus fumigatus Af293]	66848868	368
fungalrv2011_neg_1785	fungalrv_2011	negative	FungalRV-negative-dataset-2644seq.fasta	1785	gi|239587900|gb|EEQ70543.1| mitochondrial dicarboxylate carrier [Ajellomyces dermatitidis SLH14081]	239587900	323
fungalrv2011_neg_1786	fungalrv_2011	negative	FungalRV-negative-dataset-2644seq.fasta	1786	gi|74637387|sp|Q6FMG7.1|CCPR_CANGA RecName: Full=Cytochrome c peroxidase, mitochondrial; Short=CCP; Flags: Precursor	74637387	357
fungalrv2011_neg_1787	fungalrv_2011	negative	FungalRV-negative-dataset-2644seq.fasta	1787	gi|239594146|gb|EEQ76727.1| 37 ribosomal protein Rsm10 [Ajellomyces dermatitidis SLH14081]	239594146	260
fungalrv2011_neg_1788	fungalrv_2011	negative	FungalRV-negative-dataset-2644seq.fasta	1788	gi|70984990|ref|XP_748001.1| 1-aminocyclopropane-1-carboxylate deaminase [Aspergillus fumigatus Af293]	70984990	399
fungalrv2011_neg_1789	fungalrv_2011	negative	FungalRV-negative-dataset-2644seq.fasta	1789	gi|239614293|gb|EEQ91280.1| ribosomal RNA assembly protein mis3 [Ajellomyces dermatitidis ER-3]	239614293	352
fungalrv2011_neg_1790	fungalrv_2011	negative	FungalRV-negative-dataset-2644seq.fasta	1790	gi|239593113|gb|EEQ75694.1| mitochondrial F1F0 ATP synthase subunit F [Ajellomyces dermatitidis SLH14081]	239593113	182
fungalrv2011_neg_1791	fungalrv_2011	negative	FungalRV-negative-dataset-2644seq.fasta	1791	gi|239589580|gb|EEQ72223.1| D-isomer specific 2-hydroxyacid dehydrogenase [Ajellomyces dermatitidis SLH14081]	239589580	286
fungalrv2011_neg_1792	fungalrv_2011	negative	FungalRV-negative-dataset-2644seq.fasta	1792	gi|70999139|ref|XP_754291.1| ribosomal protein S15 [Aspergillus fumigatus Af293]	70999139	300
fungalrv2011_neg_1793	fungalrv_2011	negative	FungalRV-negative-dataset-2644seq.fasta	1793	gi|239596016|gb|EEQ78597.1| 30S ribosomal protein S19e [Ajellomyces dermatitidis SLH14081]	239596016	147
fungalrv2011_neg_1794	fungalrv_2011	negative	FungalRV-negative-dataset-2644seq.fasta	1794	gi|239590960|gb|EEQ73541.1| RNA polymerase II transcription mediator complex subunit Med6 [Ajellomyces dermatitidis SLH14081]	239590960	400
fungalrv2011_neg_1795	fungalrv_2011	negative	FungalRV-negative-dataset-2644seq.fasta	1795	gi|121768096|sp|Q1E1Q5.1|NOP58_COCIM RecName: Full=Nucleolar protein 58	121768096	607
fungalrv2011_neg_1796	fungalrv_2011	negative	FungalRV-negative-dataset-2644seq.fasta	1796	gi|66852447|gb|EAL92772.1| polymerase (RNA) II (DNA directed) polypeptide D [Aspergillus fumigatus Af293]	66852447	148
fungalrv2011_neg_1797	fungalrv_2011	negative	FungalRV-negative-dataset-2644seq.fasta	1797	gi|74587407|sp|Q5AJF1.1|LOC1_CANAL RecName: Full=60S ribosomal subunit assembly/export protein LOC1	74587407	206
fungalrv2011_neg_1798	fungalrv_2011	negative	FungalRV-negative-dataset-2644seq.fasta	1798	gi|239594557|gb|EEQ77138.1| 50S ribosomal protein L24 [Ajellomyces dermatitidis SLH14081]	239594557	193
fungalrv2011_neg_1799	fungalrv_2011	negative	FungalRV-negative-dataset-2644seq.fasta	1799	gi|51701757|sp|Q6FRG6.1|RL43_CANGA RecName: Full=60S ribosomal protein L43	51701757	92
fungalrv2011_neg_1800	fungalrv_2011	negative	FungalRV-negative-dataset-2644seq.fasta	1800	gi|239587167|gb|EEQ69810.1| ribosomal RNA assembly protein mis3 [Ajellomyces dermatitidis SLH14081]	239587167	352
fungalrv2011_neg_1801	fungalrv_2011	negative	FungalRV-negative-dataset-2644seq.fasta	1801	gi|239613136|gb|EEQ90123.1| RNA polymerase II transcription mediator complex subunit [Ajellomyces dermatitidis ER-3]	239613136	361
fungalrv2011_neg_1802	fungalrv_2011	negative	FungalRV-negative-dataset-2644seq.fasta	1802	gi|238883139|gb|EEQ46777.1| 60S ribosomal protein L10a [Candida albicans WO-1]	238883139	217
fungalrv2011_neg_1803	fungalrv_2011	negative	FungalRV-negative-dataset-2644seq.fasta	1803	gi|90303917|gb|EAS33548.1| 60S ribosomal protein L34 [Coccidioides immitis RS]	90303917	120
fungalrv2011_neg_1804	fungalrv_2011	negative	FungalRV-negative-dataset-2644seq.fasta	1804	gi|70987175|ref|XP_749067.1| mitochondrial ribosomal protein DAP3 [Aspergillus fumigatus Af293]	70987175	501
fungalrv2011_neg_1805	fungalrv_2011	negative	FungalRV-negative-dataset-2644seq.fasta	1805	gi|118577977|sp|Q1DI07.1|SUB2_COCIM RecName: Full=ATP-dependent RNA helicase SUB2	118577977	443
fungalrv2011_neg_1806	fungalrv_2011	negative	FungalRV-negative-dataset-2644seq.fasta	1806	gi|238878218|gb|EEQ41856.1| 60S ribosomal protein L4-B [Candida albicans WO-1]	238878218	363
fungalrv2011_neg_1807	fungalrv_2011	negative	FungalRV-negative-dataset-2644seq.fasta	1807	gi|146322664|ref|XP_753018.2| 40S ribosomal protein S25 [Aspergillus fumigatus Af293]	146322664	93
fungalrv2011_neg_1808	fungalrv_2011	negative	FungalRV-negative-dataset-2644seq.fasta	1808	gi|90303693|gb|EAS33324.1| 40S ribosomal protein S14 [Coccidioides immitis RS]	90303693	151
fungalrv2011_neg_1809	fungalrv_2011	negative	FungalRV-negative-dataset-2644seq.fasta	1809	gi|74667363|sp|Q4WCV3.1|MRS2_ASPFU RecName: Full=Mitochondrial inner membrane magnesium transporter mrs2; AltName: Full=RNA-splicing protein mrs2; Flags: Precursor	74667363	597
fungalrv2011_neg_1810	fungalrv_2011	negative	FungalRV-negative-dataset-2644seq.fasta	1810	gi|70995024|ref|XP_752278.1| Patatin-like serine hydrolase [Aspergillus fumigatus Af293]	70995024	589
fungalrv2011_neg_1811	fungalrv_2011	negative	FungalRV-negative-dataset-2644seq.fasta	1811	gi|90303934|gb|EAS33565.1| 40S ribosomal protein S19 [Coccidioides immitis RS]	90303934	148
fungalrv2011_neg_1812	fungalrv_2011	negative	FungalRV-negative-dataset-2644seq.fasta	1812	gi|239595940|gb|EEQ78521.1| ribosomal protein S13 [Ajellomyces dermatitidis SLH14081]	239595940	151
fungalrv2011_neg_1813	fungalrv_2011	negative	FungalRV-negative-dataset-2644seq.fasta	1813	gi|70992099|ref|XP_750898.1| D-isomer specific 2-hydroxyacid dehydrogenase family protein [Aspergillus fumigatus Af293]	70992099	343
fungalrv2011_neg_1814	fungalrv_2011	negative	FungalRV-negative-dataset-2644seq.fasta	1814	gi|238879522|gb|EEQ43160.1| ATP synthase f chain, mitochondrial precursor [Candida albicans WO-1]	238879522	102
fungalrv2011_neg_1815	fungalrv_2011	negative	FungalRV-negative-dataset-2644seq.fasta	1815	gi|66850446|gb|EAL90773.1| 60S ribosomal protein L17 [Aspergillus fumigatus Af293]	66850446	194
fungalrv2011_neg_1816	fungalrv_2011	negative	FungalRV-negative-dataset-2644seq.fasta	1816	gi|239610610|gb|EEQ87597.1| mitochondrial dicarboxylate carrier [Ajellomyces dermatitidis ER-3]	239610610	323
fungalrv2011_neg_1817	fungalrv_2011	negative	FungalRV-negative-dataset-2644seq.fasta	1817	gi|54036349|sp|Q6FMW9.3|RS22_CANGA RecName: Full=40S ribosomal protein S22	54036349	130
fungalrv2011_neg_1818	fungalrv_2011	negative	FungalRV-negative-dataset-2644seq.fasta	1818	gi|239591590|gb|EEQ74171.1| 40S ribosomal protein S5 [Ajellomyces dermatitidis SLH14081]	239591590	214
fungalrv2011_neg_1819	fungalrv_2011	negative	FungalRV-negative-dataset-2644seq.fasta	1819	gi|239590541|gb|EEQ73122.1| mitochondrial large ribosomal subunit protein L1 [Ajellomyces dermatitidis SLH14081]	239590541	298
fungalrv2011_neg_1820	fungalrv_2011	negative	FungalRV-negative-dataset-2644seq.fasta	1820	gi|70990878|ref|XP_750288.1| mitochondrial ADP,ATP carrier protein (Ant) [Aspergillus fumigatus Af293]	70990878	308
fungalrv2011_neg_1821	fungalrv_2011	negative	FungalRV-negative-dataset-2644seq.fasta	1821	gi|238880927|gb|EEQ44565.1| 60S ribosomal protein L8-B [Candida albicans WO-1]	238880927	262
fungalrv2011_neg_1822	fungalrv_2011	negative	FungalRV-negative-dataset-2644seq.fasta	1822	gi|70985232|ref|XP_748122.1| Mitochondrial import inner membrane translocase subunit (TIM22) [Aspergillus fumigatus Af293]	70985232	175
fungalrv2011_neg_1823	fungalrv_2011	negative	FungalRV-negative-dataset-2644seq.fasta	1823	gi|74656286|sp|Q59ZH9.1|MAK5_CANAL RecName: Full=ATP-dependent RNA helicase MAK5	74656286	782
fungalrv2011_neg_1824	fungalrv_2011	negative	FungalRV-negative-dataset-2644seq.fasta	1824	gi|239611933|gb|EEQ88920.1| mitochondrial ribosome small subunit component S19 [Ajellomyces dermatitidis ER-3]	239611933	88
fungalrv2011_neg_1825	fungalrv_2011	negative	FungalRV-negative-dataset-2644seq.fasta	1825	gi|146324361|ref|XP_747544.2| 37 ribosomal protein Rsm10 [Aspergillus fumigatus Af293]	146324361	217
fungalrv2011_neg_1826	fungalrv_2011	negative	FungalRV-negative-dataset-2644seq.fasta	1826	gi|70984948|ref|XP_747980.1| mitochondrial export translocase Oxa1 [Aspergillus fumigatus Af293]	70984948	436
fungalrv2011_neg_1827	fungalrv_2011	negative	FungalRV-negative-dataset-2644seq.fasta	1827	gi|239593467|gb|EEQ76048.1| 60S ribosomal protein L13 [Ajellomyces dermatitidis SLH14081]	239593467	218
fungalrv2011_neg_1828	fungalrv_2011	negative	FungalRV-negative-dataset-2644seq.fasta	1828	gi|74638049|sp|Q6FXQ4.1|DENR_CANGA RecName: Full=Translation machinery-associated protein 22	74638049	196
fungalrv2011_neg_1829	fungalrv_2011	negative	FungalRV-negative-dataset-2644seq.fasta	1829	gi|5918018|emb|CAB56219.1| L10A ribosomal protein [Candida albicans]	5918018	217
fungalrv2011_neg_1830	fungalrv_2011	negative	FungalRV-negative-dataset-2644seq.fasta	1830	gi|159131315|gb|EDP56428.1| 50S ribosomal subunit protein L15 [Aspergillus fumigatus A1163]	159131315	315
fungalrv2011_neg_1831	fungalrv_2011	negative	FungalRV-negative-dataset-2644seq.fasta	1831	gi|90303248|gb|EAS32879.1| 40S ribosomal protein S3 [Coccidioides immitis RS]	90303248	263
fungalrv2011_neg_1832	fungalrv_2011	negative	FungalRV-negative-dataset-2644seq.fasta	1832	gi|90302539|gb|EAS32170.1| 60S ribosomal protein L17 [Coccidioides immitis RS]	90302539	187
fungalrv2011_neg_1833	fungalrv_2011	negative	FungalRV-negative-dataset-2644seq.fasta	1833	gi|239610206|gb|EEQ87193.1| mitochondrial inner membrane magnesium transporter mrs2 [Ajellomyces dermatitidis ER-3]	239610206	669
fungalrv2011_neg_1834	fungalrv_2011	negative	FungalRV-negative-dataset-2644seq.fasta	1834	gi|91208168|sp|Q4WYJ7.2|SPB4_ASPFU RecName: Full=ATP-dependent rRNA helicase spb4	91208168	640
fungalrv2011_neg_1835	fungalrv_2011	negative	FungalRV-negative-dataset-2644seq.fasta	1835	gi|238880480|gb|EEQ44118.1| 60S ribosomal protein RML2, mitochondrial precursor [Candida albicans WO-1]	238880480	368
fungalrv2011_neg_1836	fungalrv_2011	negative	FungalRV-negative-dataset-2644seq.fasta	1836	gi|66848864|gb|EAL89193.1| ribosomal protein S13p/S18e [Aspergillus fumigatus Af293]	66848864	127
fungalrv2011_neg_1837	fungalrv_2011	negative	FungalRV-negative-dataset-2644seq.fasta	1837	gi|52783293|sp|Q6FS36.1|RLP7_CANGA RecName: Full=Ribosome biogenesis protein RLP7	52783293	317
fungalrv2011_neg_1838	fungalrv_2011	negative	FungalRV-negative-dataset-2644seq.fasta	1838	gi|238881379|gb|EEQ45017.1| 60S ribosomal protein L24 [Candida albicans WO-1]	238881379	155
fungalrv2011_neg_1839	fungalrv_2011	negative	FungalRV-negative-dataset-2644seq.fasta	1839	gi|239593117|gb|EEQ75698.1| 60S ribosomal biogenesis protein Nop53 [Ajellomyces dermatitidis SLH14081]	239593117	429
fungalrv2011_neg_1840	fungalrv_2011	negative	FungalRV-negative-dataset-2644seq.fasta	1840	gi|239589258|gb|EEQ71901.1| mitochondrial inner membrane magnesium transporter mrs2 [Ajellomyces dermatitidis SLH14081]	239589258	669
fungalrv2011_neg_1841	fungalrv_2011	negative	FungalRV-negative-dataset-2644seq.fasta	1841	gi|239594550|gb|EEQ77131.1| ribosomal protein S6 [Ajellomyces dermatitidis SLH14081]	239594550	237
fungalrv2011_neg_1842	fungalrv_2011	negative	FungalRV-negative-dataset-2644seq.fasta	1842	gi|51701762|sp|Q6FWF4.1|RL31_CANGA RecName: Full=60S ribosomal protein L31	51701762	113
fungalrv2011_neg_1843	fungalrv_2011	negative	FungalRV-negative-dataset-2644seq.fasta	1843	gi|90303276|gb|EAS32907.1| ADP,ATP carrier protein [Coccidioides immitis RS]	90303276	319
fungalrv2011_neg_1844	fungalrv_2011	negative	FungalRV-negative-dataset-2644seq.fasta	1844	gi|238881378|gb|EEQ45016.1| 60S ribosomal protein L30 [Candida albicans WO-1]	238881378	107
fungalrv2011_neg_1845	fungalrv_2011	negative	FungalRV-negative-dataset-2644seq.fasta	1845	gi|52783250|sp|Q6FXY9.1|RL24_CANGA RecName: Full=60S ribosomal protein L24	52783250	155
fungalrv2011_neg_1846	fungalrv_2011	negative	FungalRV-negative-dataset-2644seq.fasta	1846	gi|239606981|gb|EEQ83968.1| mitochondrial methylglutaconyl-CoA hydratase [Ajellomyces dermatitidis ER-3]	239606981	305
fungalrv2011_neg_1847	fungalrv_2011	negative	FungalRV-negative-dataset-2644seq.fasta	1847	gi|121769070|sp|Q1E3Z7.1|MED6_COCIM RecName: Full=Mediator of RNA polymerase II transcription subunit 6; AltName: Full=Mediator complex subunit 6	121769070	358
fungalrv2011_neg_1848	fungalrv_2011	negative	FungalRV-negative-dataset-2644seq.fasta	1848	gi|7271014|emb|CAB77643.1| ribosomal protein L37 [Candida albicans]	7271014	88
fungalrv2011_neg_1849	fungalrv_2011	negative	FungalRV-negative-dataset-2644seq.fasta	1849	gi|66849381|gb|EAL89709.1| 40S ribosomal protein S6 [Aspergillus fumigatus Af293]	66849381	237
fungalrv2011_neg_1850	fungalrv_2011	negative	FungalRV-negative-dataset-2644seq.fasta	1850	gi|238880855|gb|EEQ44493.1| 60S ribosomal protein L19 [Candida albicans WO-1]	238880855	188
fungalrv2011_neg_1851	fungalrv_2011	negative	FungalRV-negative-dataset-2644seq.fasta	1851	gi|239587657|gb|EEQ70300.1| ribosomal large subunit biogenesis protein MAK16 [Ajellomyces dermatitidis SLH14081]	239587657	326
fungalrv2011_neg_1852	fungalrv_2011	negative	FungalRV-negative-dataset-2644seq.fasta	1852	gi|70999678|ref|XP_754556.1| mitochondrial F1F0 ATP synthase subunit Atp14 [Aspergillus fumigatus Af293]	70999678	123
fungalrv2011_neg_1853	fungalrv_2011	negative	FungalRV-negative-dataset-2644seq.fasta	1853	gi|70998632|ref|XP_754038.1| peptidyl-tRNA hydrolase [Aspergillus fumigatus Af293]	70998632	256
fungalrv2011_neg_1854	fungalrv_2011	negative	FungalRV-negative-dataset-2644seq.fasta	1854	gi|239595100|gb|EEQ77681.1| 37S ribosomal protein S24 [Ajellomyces dermatitidis SLH14081]	239595100	135
fungalrv2011_neg_1855	fungalrv_2011	negative	FungalRV-negative-dataset-2644seq.fasta	1855	gi|54036325|sp|Q6FJH3.1|RS6_CANGA RecName: Full=40S ribosomal protein S6	54036325	236
fungalrv2011_neg_1856	fungalrv_2011	negative	FungalRV-negative-dataset-2644seq.fasta	1856	gi|66853663|gb|EAL93987.1| 60S ribosomal protein L37a [Aspergillus fumigatus Af293]	66853663	92
fungalrv2011_neg_1857	fungalrv_2011	negative	FungalRV-negative-dataset-2644seq.fasta	1857	gi|239589460|gb|EEQ72103.1| 40S ribosomal protein S14 [Ajellomyces dermatitidis SLH14081]	239589460	151
fungalrv2011_neg_1858	fungalrv_2011	negative	FungalRV-negative-dataset-2644seq.fasta	1858	gi|239606389|gb|EEQ83376.1| orotidine 5'-phosphate decarboxylase [Ajellomyces dermatitidis ER-3]	239606389	295
fungalrv2011_neg_1859	fungalrv_2011	negative	FungalRV-negative-dataset-2644seq.fasta	1859	gi|66849716|gb|EAL90044.1| 60S ribosomal protein L36 [Aspergillus fumigatus Af293]	66849716	166
fungalrv2011_neg_1860	fungalrv_2011	negative	FungalRV-negative-dataset-2644seq.fasta	1860	gi|239592016|gb|EEQ74597.1| acyl-CoA dehydrogenase [Ajellomyces dermatitidis SLH14081]	239592016	424
fungalrv2011_neg_1861	fungalrv_2011	negative	FungalRV-negative-dataset-2644seq.fasta	1861	gi|66847037|gb|EAL87368.1| 60S ribosomal protein L24b [Aspergillus fumigatus Af293]	66847037	188
fungalrv2011_neg_1862	fungalrv_2011	negative	FungalRV-negative-dataset-2644seq.fasta	1862	gi|74589278|sp|Q59S06.1|NOP58_CANAL RecName: Full=Nucleolar protein 58	74589278	515
fungalrv2011_neg_1863	fungalrv_2011	negative	FungalRV-negative-dataset-2644seq.fasta	1863	gi|239590874|gb|EEQ73455.1| ribosomal protein L23a [Ajellomyces dermatitidis SLH14081]	239590874	153
fungalrv2011_neg_1864	fungalrv_2011	negative	FungalRV-negative-dataset-2644seq.fasta	1864	gi|66853015|gb|EAL93339.1| 40S ribosomal protein S11 [Aspergillus fumigatus Af293]	66853015	150
fungalrv2011_neg_1865	fungalrv_2011	negative	FungalRV-negative-dataset-2644seq.fasta	1865	gi|51701952|sp|Q6FPX5.1|RS25_CANGA RecName: Full=40S ribosomal protein S25	51701952	107
fungalrv2011_neg_1866	fungalrv_2011	negative	FungalRV-negative-dataset-2644seq.fasta	1866	gi|239613220|gb|EEQ90207.1| ribosomal protein L23a [Ajellomyces dermatitidis ER-3]	239613220	153
fungalrv2011_neg_1867	fungalrv_2011	negative	FungalRV-negative-dataset-2644seq.fasta	1867	gi|70990424|ref|XP_750061.1| 60S ribosomal protein L29 [Aspergillus fumigatus Af293]	70990424	65
fungalrv2011_neg_1868	fungalrv_2011	negative	FungalRV-negative-dataset-2644seq.fasta	1868	gi|239591381|gb|EEQ73962.1| 60S ribosomal protein L19 [Ajellomyces dermatitidis SLH14081]	239591381	193
fungalrv2011_neg_1869	fungalrv_2011	negative	FungalRV-negative-dataset-2644seq.fasta	1869	gi|239612448|gb|EEQ89435.1| mitochondrial import inner membrane translocase subunit tim22 [Ajellomyces dermatitidis ER-3]	239612448	184
fungalrv2011_neg_1870	fungalrv_2011	negative	FungalRV-negative-dataset-2644seq.fasta	1870	gi|66852771|gb|EAL93095.1| 60S ribosomal protein L19 [Aspergillus fumigatus Af293]	66852771	211
fungalrv2011_neg_1871	fungalrv_2011	negative	FungalRV-negative-dataset-2644seq.fasta	1871	gi|239587528|gb|EEQ70171.1| mitochondrial large ribosomal subunit [Ajellomyces dermatitidis SLH14081]	239587528	383
fungalrv2011_neg_1872	fungalrv_2011	negative	FungalRV-negative-dataset-2644seq.fasta	1872	gi|239614478|gb|EEQ91465.1| mitochondrial large ribosomal subunit [Ajellomyces dermatitidis ER-3]	239614478	385
fungalrv2011_neg_1873	fungalrv_2011	negative	FungalRV-negative-dataset-2644seq.fasta	1873	gi|70994156|ref|XP_751925.1| 60S ribosomal protein L25 [Aspergillus fumigatus Af293]	70994156	199
fungalrv2011_neg_1874	fungalrv_2011	negative	FungalRV-negative-dataset-2644seq.fasta	1874	gi|51701948|sp|Q6FLA8.1|RS23_CANGA RecName: Full=40S ribosomal protein S23	51701948	145
fungalrv2011_neg_1875	fungalrv_2011	negative	FungalRV-negative-dataset-2644seq.fasta	1875	gi|239592193|gb|EEQ74774.1| 60S ribosomal protein L36 [Ajellomyces dermatitidis SLH14081]	239592193	103
fungalrv2011_neg_1876	fungalrv_2011	negative	FungalRV-negative-dataset-2644seq.fasta	1876	gi|239592251|gb|EEQ74832.1| 60S ribosomal protein L38 [Ajellomyces dermatitidis SLH14081]	239592251	79
fungalrv2011_neg_1877	fungalrv_2011	negative	FungalRV-negative-dataset-2644seq.fasta	1877	gi|238880900|gb|EEQ44538.1| 60S ribosomal protein L35 [Candida albicans WO-1]	238880900	120
fungalrv2011_neg_1878	fungalrv_2011	negative	FungalRV-negative-dataset-2644seq.fasta	1878	gi|121932112|sp|Q1E556.1|DENR_COCIM RecName: Full=Translation machinery-associated protein 22	121932112	200
fungalrv2011_neg_1879	fungalrv_2011	negative	FungalRV-negative-dataset-2644seq.fasta	1879	gi|239588554|gb|EEQ71197.1| 60S ribosomal protein L17 [Ajellomyces dermatitidis SLH14081]	239588554	185
fungalrv2011_neg_1880	fungalrv_2011	negative	FungalRV-negative-dataset-2644seq.fasta	1880	gi|90305927|gb|EAS35558.1| 60S ribosomal protein L19 [Coccidioides immitis RS]	90305927	191
fungalrv2011_neg_1881	fungalrv_2011	negative	FungalRV-negative-dataset-2644seq.fasta	1881	gi|66852183|gb|EAL92508.1| 40S ribosomal protein S7e [Aspergillus fumigatus Af293]	66852183	201
fungalrv2011_neg_1882	fungalrv_2011	negative	FungalRV-negative-dataset-2644seq.fasta	1882	gi|238879472|gb|EEQ43110.1| 60S ribosomal protein L16-A [Candida albicans WO-1]	238879472	200
fungalrv2011_neg_1883	fungalrv_2011	negative	FungalRV-negative-dataset-2644seq.fasta	1883	gi|90302650|gb|EAS32281.1| 40S ribosomal protein S5-A [Coccidioides immitis RS]	90302650	214
fungalrv2011_neg_1884	fungalrv_2011	negative	FungalRV-negative-dataset-2644seq.fasta	1884	gi|238880921|gb|EEQ44559.1| 40S ribosomal protein S19-B [Candida albicans WO-1]	238880921	145
fungalrv2011_neg_1885	fungalrv_2011	negative	FungalRV-negative-dataset-2644seq.fasta	1885	gi|239615407|gb|EEQ92394.1| mitochondrial translation initiation factor IF-2 [Ajellomyces dermatitidis ER-3]	239615407	1064
fungalrv2011_neg_1886	fungalrv_2011	negative	FungalRV-negative-dataset-2644seq.fasta	1886	gi|66850195|gb|EAL90522.1| 50S ribosomal subunit protein L15 [Aspergillus fumigatus Af293]	66850195	315
fungalrv2011_neg_1887	fungalrv_2011	negative	FungalRV-negative-dataset-2644seq.fasta	1887	gi|121753201|sp|Q1DME3.1|COX16_COCIM RecName: Full=Cytochrome c oxidase assembly protein COX16, mitochondrial; Flags: Precursor	121753201	137
fungalrv2011_neg_1888	fungalrv_2011	negative	FungalRV-negative-dataset-2644seq.fasta	1888	gi|121927235|sp|Q1E7Y1.1|FMP52_COCIM RecName: Full=Protein FMP52, mitochondrial; Flags: Precursor	121927235	246
fungalrv2011_neg_1889	fungalrv_2011	negative	FungalRV-negative-dataset-2644seq.fasta	1889	gi|239592708|gb|EEQ75289.1| 50S ribosomal protein L30 [Ajellomyces dermatitidis SLH14081]	239592708	94
fungalrv2011_neg_1890	fungalrv_2011	negative	FungalRV-negative-dataset-2644seq.fasta	1890	gi|239589985|gb|EEQ72628.1| mitochondrial cation transporter [Ajellomyces dermatitidis SLH14081]	239589985	338
fungalrv2011_neg_1891	fungalrv_2011	negative	FungalRV-negative-dataset-2644seq.fasta	1891	gi|239596031|gb|EEQ78612.1| 50S ribosomal protein L34e [Ajellomyces dermatitidis SLH14081]	239596031	120
fungalrv2011_neg_1892	fungalrv_2011	negative	FungalRV-negative-dataset-2644seq.fasta	1892	gi|66847915|gb|EAL88245.1| 40S ribosomal protein S19 [Aspergillus fumigatus Af293]	66847915	221
fungalrv2011_neg_1893	fungalrv_2011	negative	FungalRV-negative-dataset-2644seq.fasta	1893	gi|70989765|ref|XP_749732.1| 37S ribosomal protein S18 [Aspergillus fumigatus Af293]	70989765	190
fungalrv2011_neg_1894	fungalrv_2011	negative	FungalRV-negative-dataset-2644seq.fasta	1894	gi|239594243|gb|EEQ76824.1| mitochondrial translation initiation factor IF-2 [Ajellomyces dermatitidis SLH14081]	239594243	1064
fungalrv2011_neg_1895	fungalrv_2011	negative	FungalRV-negative-dataset-2644seq.fasta	1895	gi|70988821|ref|XP_749264.1| D-mandelate dehydrogenase [Aspergillus fumigatus Af293]	70988821	350
fungalrv2011_neg_1896	fungalrv_2011	negative	FungalRV-negative-dataset-2644seq.fasta	1896	gi|74671330|sp|Q4WP83.1|MED8_ASPFU RecName: Full=Mediator of RNA polymerase II transcription subunit 8; AltName: Full=Mediator complex subunit 8	74671330	249
fungalrv2011_neg_1897	fungalrv_2011	negative	FungalRV-negative-dataset-2644seq.fasta	1897	gi|238879075|gb|EEQ42713.1| ATP synthase alpha chain, mitochondrial precursor [Candida albicans WO-1]	238879075	547
fungalrv2011_neg_1898	fungalrv_2011	negative	FungalRV-negative-dataset-2644seq.fasta	1898	gi|159130756|gb|EDP55869.1| 40S ribosomal protein S19 [Aspergillus fumigatus A1163]	159130756	221
fungalrv2011_neg_1899	fungalrv_2011	negative	FungalRV-negative-dataset-2644seq.fasta	1899	gi|66849946|gb|EAL90273.1| ribosomal protein S23 (S12) [Aspergillus fumigatus Af293]	66849946	145
fungalrv2011_neg_1900	fungalrv_2011	negative	FungalRV-negative-dataset-2644seq.fasta	1900	gi|239614588|gb|EEQ91575.1| mitochondrial cytochrome c oxidase assembly factor [Ajellomyces dermatitidis ER-3]	239614588	98
fungalrv2011_neg_1901	fungalrv_2011	negative	FungalRV-negative-dataset-2644seq.fasta	1901	gi|239611648|gb|EEQ88635.1| 60S ribosomal protein L36 [Ajellomyces dermatitidis ER-3]	239611648	103
fungalrv2011_neg_1902	fungalrv_2011	negative	FungalRV-negative-dataset-2644seq.fasta	1902	gi|239610808|gb|EEQ87795.1| mitochondrial acetolactate synthase small subunit [Ajellomyces dermatitidis ER-3]	239610808	335
fungalrv2011_neg_1903	fungalrv_2011	negative	FungalRV-negative-dataset-2644seq.fasta	1903	gi|74610404|sp|Q6FUM3.1|LOC1_CANGA RecName: Full=60S ribosomal subunit assembly/export protein LOC1	74610404	203
fungalrv2011_neg_1904	fungalrv_2011	negative	FungalRV-negative-dataset-2644seq.fasta	1904	gi|239593017|gb|EEQ75598.1| mitochondrial acetolactate synthase small subunit [Ajellomyces dermatitidis SLH14081]	239593017	335
fungalrv2011_neg_1905	fungalrv_2011	negative	FungalRV-negative-dataset-2644seq.fasta	1905	gi|238882168|gb|EEQ45806.1| 40S ribosomal protein S9-B [Candida albicans WO-1]	238882168	189
fungalrv2011_neg_1906	fungalrv_2011	negative	FungalRV-negative-dataset-2644seq.fasta	1906	gi|239591329|gb|EEQ73910.1| orotidine 5'-phosphate decarboxylase [Ajellomyces dermatitidis SLH14081]	239591329	300
fungalrv2011_neg_1907	fungalrv_2011	negative	FungalRV-negative-dataset-2644seq.fasta	1907	gi|239614129|gb|EEQ91116.1| 40S ribosomal protein S9 [Ajellomyces dermatitidis ER-3]	239614129	191
fungalrv2011_neg_1908	fungalrv_2011	negative	FungalRV-negative-dataset-2644seq.fasta	1908	gi|239593805|gb|EEQ76386.1| 40S ribosomal protein S7 [Ajellomyces dermatitidis SLH14081]	239593805	201
fungalrv2011_neg_1909	fungalrv_2011	negative	FungalRV-negative-dataset-2644seq.fasta	1909	gi|66849695|gb|EAL90023.1| 40S ribosomal protein S13 [Aspergillus fumigatus Af293]	66849695	169
fungalrv2011_neg_1910	fungalrv_2011	negative	FungalRV-negative-dataset-2644seq.fasta	1910	gi|66853085|gb|EAL93409.1| 50S ribosomal protein L4 [Aspergillus fumigatus Af293]	66853085	217
fungalrv2011_neg_1911	fungalrv_2011	negative	FungalRV-negative-dataset-2644seq.fasta	1911	gi|239606267|gb|EEQ83254.1| mitochondrial F1F0 ATP synthase subunit F [Ajellomyces dermatitidis ER-3]	239606267	101
fungalrv2011_neg_1912	fungalrv_2011	negative	FungalRV-negative-dataset-2644seq.fasta	1912	gi|14326104|gb|AAK60142.1|AF365406_4 ribosomal protein S14 [Candida albicans]	14326104	134
fungalrv2011_neg_1913	fungalrv_2011	negative	FungalRV-negative-dataset-2644seq.fasta	1913	gi|90306497|gb|EAS36128.1| 40S ribosomal protein S6 [Coccidioides immitis RS]	90306497	239
fungalrv2011_neg_1914	fungalrv_2011	negative	FungalRV-negative-dataset-2644seq.fasta	1914	gi|239594963|gb|EEQ77544.1| 30S ribosomal protein S23 [Ajellomyces dermatitidis SLH14081]	239594963	145
fungalrv2011_neg_1915	fungalrv_2011	negative	FungalRV-negative-dataset-2644seq.fasta	1915	gi|239595703|gb|EEQ78284.1| mitochondrial import inner membrane translocase subunit tim-14 [Ajellomyces dermatitidis SLH14081]	239595703	104
fungalrv2011_neg_1916	fungalrv_2011	negative	FungalRV-negative-dataset-2644seq.fasta	1916	gi|129555329|gb|EAL84594.2| 60S ribosomal protein L13 [Aspergillus fumigatus Af293]	129555329	226
fungalrv2011_neg_1917	fungalrv_2011	negative	FungalRV-negative-dataset-2644seq.fasta	1917	gi|239595822|gb|EEQ78403.1| 60S ribosomal protein L16 [Ajellomyces dermatitidis SLH14081]	239595822	202
fungalrv2011_neg_1918	fungalrv_2011	negative	FungalRV-negative-dataset-2644seq.fasta	1918	gi|74610104|sp|Q6FT88.1|TIM16_CANGA RecName: Full=Mitochondrial import inner membrane translocase subunit TIM16; AltName: Full=Presequence translocated-associated motor subunit PAM16	74610104	146
fungalrv2011_neg_1919	fungalrv_2011	negative	FungalRV-negative-dataset-2644seq.fasta	1919	gi|239592703|gb|EEQ75284.1| peptidyl-tRNA hydrolase 2 [Ajellomyces dermatitidis SLH14081]	239592703	219
fungalrv2011_neg_1920	fungalrv_2011	negative	FungalRV-negative-dataset-2644seq.fasta	1920	gi|1051264|gb|AAC49873.1| ribosomal protein L29 [Candida albicans]	1051264	62
fungalrv2011_neg_1921	fungalrv_2011	negative	FungalRV-negative-dataset-2644seq.fasta	1921	gi|239593038|gb|EEQ75619.1| 40S ribosomal protein S8e [Ajellomyces dermatitidis SLH14081]	239593038	202
fungalrv2011_neg_1922	fungalrv_2011	negative	FungalRV-negative-dataset-2644seq.fasta	1922	gi|90302016|gb|EAS31647.1| 40S ribosomal protein S23 [Coccidioides immitis RS]	90302016	145
fungalrv2011_neg_1923	fungalrv_2011	negative	FungalRV-negative-dataset-2644seq.fasta	1923	gi|121772110|sp|Q1EBC4.1|NOP16_COCIM RecName: Full=Nucleolar protein 16	121772110	235
fungalrv2011_neg_1924	fungalrv_2011	negative	FungalRV-negative-dataset-2644seq.fasta	1924	gi|52783291|sp|Q6FPU0.1|RLP24_CANGA RecName: Full=Ribosome biogenesis protein RLP24	52783291	197
fungalrv2011_neg_1925	fungalrv_2011	negative	FungalRV-negative-dataset-2644seq.fasta	1925	gi|239590480|gb|EEQ73061.1| succinate dehydrogenase cytochrome b560 subunit [Ajellomyces dermatitidis SLH14081]	239590480	187
fungalrv2011_neg_1926	fungalrv_2011	negative	FungalRV-negative-dataset-2644seq.fasta	1926	gi|129557563|gb|EBA27393.1| 60S ribosomal protein L34 [Aspergillus fumigatus Af293]	129557563	131
fungalrv2011_neg_1927	fungalrv_2011	negative	FungalRV-negative-dataset-2644seq.fasta	1927	gi|239588373|gb|EEQ71016.1| 60S ribosomal protein L35 [Ajellomyces dermatitidis SLH14081]	239588373	125
fungalrv2011_neg_1928	fungalrv_2011	negative	FungalRV-negative-dataset-2644seq.fasta	1928	gi|238882329|gb|EEQ45967.1| 40S ribosomal protein S8 [Candida albicans WO-1]	238882329	206
fungalrv2011_neg_1929	fungalrv_2011	negative	FungalRV-negative-dataset-2644seq.fasta	1929	gi|74669243|sp|Q4WI88.1|TIM14_ASPFU RecName: Full=Mitochondrial import inner membrane translocase subunit tim14; AltName: Full=Presequence translocated-associated motor subunit pam18	74669243	105
fungalrv2011_neg_1930	fungalrv_2011	negative	FungalRV-negative-dataset-2644seq.fasta	1930	gi|66845460|gb|EAL85795.1| 60S ribosomal protein L24a [Aspergillus fumigatus Af293]	66845460	160
fungalrv2011_neg_1931	fungalrv_2011	negative	FungalRV-negative-dataset-2644seq.fasta	1931	gi|90305392|gb|EAS35023.1| 40S ribosomal protein S9 [Coccidioides immitis RS]	90305392	190
fungalrv2011_neg_1932	fungalrv_2011	negative	FungalRV-negative-dataset-2644seq.fasta	1932	gi|52783251|sp|Q6FXZ0.1|RL30_CANGA RecName: Full=60S ribosomal protein L30	52783251	105
fungalrv2011_neg_1933	fungalrv_2011	negative	FungalRV-negative-dataset-2644seq.fasta	1933	gi|66852546|gb|EAL92871.1| 40S ribosomal protein S9 [Aspergillus fumigatus Af293]	66852546	237
fungalrv2011_neg_1934	fungalrv_2011	negative	FungalRV-negative-dataset-2644seq.fasta	1934	gi|129557039|gb|EAL88311.2| ribosomal protein L16a [Aspergillus fumigatus Af293]	129557039	202
fungalrv2011_neg_1935	fungalrv_2011	negative	FungalRV-negative-dataset-2644seq.fasta	1935	gi|70990422|ref|XP_750060.1| ATP synthase delta chain, mitochondrial precursor [Aspergillus fumigatus Af293]	70990422	165
fungalrv2011_neg_1936	fungalrv_2011	negative	FungalRV-negative-dataset-2644seq.fasta	1936	gi|239615493|gb|EEQ92480.1| mitochondrial membrane fission protein [Ajellomyces dermatitidis ER-3]	239615493	153
fungalrv2011_neg_1937	fungalrv_2011	negative	FungalRV-negative-dataset-2644seq.fasta	1937	gi|159130823|gb|EDP55936.1| ribosomal protein L16a [Aspergillus fumigatus A1163]	159130823	202
fungalrv2011_neg_1938	fungalrv_2011	negative	FungalRV-negative-dataset-2644seq.fasta	1938	gi|239589314|gb|EEQ71957.1| 60S ribosomal protein L24 [Ajellomyces dermatitidis SLH14081]	239589314	160
fungalrv2011_neg_1939	fungalrv_2011	negative	FungalRV-negative-dataset-2644seq.fasta	1939	gi|238878494|gb|EEQ42132.1| 60S ribosomal protein L29 [Candida albicans WO-1]	238878494	63
fungalrv2011_neg_1940	fungalrv_2011	negative	FungalRV-negative-dataset-2644seq.fasta	1940	gi|74608889|sp|Q6FM86.1|TFB5_CANGA RecName: Full=RNA polymerase II transcription factor B subunit 5; AltName: Full=General transcription and DNA repair factor IIH subunit 5; Short=TFIIH subunit 5	74608889	73
fungalrv2011_neg_1941	fungalrv_2011	negative	FungalRV-negative-dataset-2644seq.fasta	1941	gi|238882445|gb|EEQ46083.1| 60S ribosomal protein L34, mitochondrial precursor [Candida albicans WO-1]	238882445	97
fungalrv2011_neg_1942	fungalrv_2011	negative	FungalRV-negative-dataset-2644seq.fasta	1942	gi|239588124|gb|EEQ70767.1| mitochondrial import inner membrane translocase subunit tim23 [Ajellomyces dermatitidis SLH14081]	239588124	214
fungalrv2011_neg_1943	fungalrv_2011	negative	FungalRV-negative-dataset-2644seq.fasta	1943	gi|1051262|gb|AAC49872.1| ribosomal protein L39 [Candida albicans]	1051262	99
fungalrv2011_neg_1944	fungalrv_2011	negative	FungalRV-negative-dataset-2644seq.fasta	1944	gi|238879222|gb|EEQ42860.1| 60S acidic ribosomal protein P1-alpha [Candida albicans WO-1]	238879222	101
fungalrv2011_neg_1945	fungalrv_2011	negative	FungalRV-negative-dataset-2644seq.fasta	1945	gi|12539620|gb|AAG59591.1|AF285261_4 ATPase subunit 9 [Candida albicans SC5314]	12539620	76
fungalrv2011_neg_1946	fungalrv_2011	negative	FungalRV-negative-dataset-2644seq.fasta	1946	gi|11229036|gb|AAG33240.1|AF317659_1 60S acidic ribosomal protein type P1-A [Candida albicans]	11229036	106
fungalrv2011_neg_1947	fungalrv_2011	negative	FungalRV-negative-dataset-2644seq.fasta	1947	gi|46436850|gb|EAK96206.1| cytosolic ribosomal acidic protein P1B [Candida albicans SC5314]	46436850	108
fungalrv2011_neg_1948	fungalrv_2011	negative	FungalRV-negative-dataset-2644seq.fasta	1948	gi|3859692|emb|CAA21967.1| 60S ribosomal protein rpla1 [Candida albicans]	3859692	106
fungalrv2011_neg_1949	fungalrv_2011	negative	FungalRV-negative-dataset-2644seq.fasta	1949	gi|90303363|gb|EAS32994.1| 60S acidic ribosomal protein P1 [Coccidioides immitis RS]	90303363	111
fungalrv2011_neg_1950	fungalrv_2011	negative	FungalRV-negative-dataset-2644seq.fasta	1950	gi|11229038|gb|AAG33241.1|AF317660_1 60S acidic ribosomal protein type P1-B [Candida albicans]	11229038	108
fungalrv2011_neg_1951	fungalrv_2011	negative	FungalRV-negative-dataset-2644seq.fasta	1951	gi|11229040|gb|AAG33242.1|AF317661_1 60S acidic ribosomal protein type P2-A [Candida albicans]	11229040	108
fungalrv2011_neg_1952	fungalrv_2011	negative	FungalRV-negative-dataset-2644seq.fasta	1952	gi|29500867|emb|CAD54417.1| mitochondrial ribosomal protein VAR1 [Candida glabrata]	29500867	339
fungalrv2011_neg_1953	fungalrv_2011	negative	FungalRV-negative-dataset-2644seq.fasta	1953	gi|11229042|gb|AAG33243.1|AF317662_1 60S acidic ribosomal protein type P2-B [Candida albicans]	11229042	111
fungalrv2011_neg_1954	fungalrv_2011	negative	FungalRV-negative-dataset-2644seq.fasta	1954	gi|238878914|gb|EEQ42552.1| 40S ribosomal protein S14 [Candida albicans WO-1]	238878914	92
fungalrv2011_neg_1955	fungalrv_2011	negative	FungalRV-negative-dataset-2644seq.fasta	1955	gi|68465557|ref|XP_723140.1| cytosolic ribosomal acidic protein P2B [Candida albicans SC5314]	68465557	111
fungalrv2011_neg_1956	fungalrv_2011	negative	FungalRV-negative-dataset-2644seq.fasta	1956	gi|239592219|gb|EEQ74800.1| 40S ribosomal protein S13 [Ajellomyces dermatitidis SLH14081]	239592219	92
fungalrv2011_neg_1957	fungalrv_2011	negative	FungalRV-negative-dataset-2644seq.fasta	1957	gi|239595527|gb|EEQ78108.1| 60S acidic ribosomal protein P2 [Ajellomyces dermatitidis SLH14081]	239595527	112
fungalrv2011_neg_1958	fungalrv_2011	negative	FungalRV-negative-dataset-2644seq.fasta	1958	gi|520628|emb|CAA56338.1| Cdc 28 protein kinase [Candida albicans]	520628	317
fungalrv2011_neg_1959	fungalrv_2011	negative	FungalRV-negative-dataset-2644seq.fasta	1959	gi|3334315|sp|O42825.1|RHO1_CANAL RecName: Full=GTP-binding protein RHO1; Flags: Precursor	3334315	198
fungalrv2011_neg_1960	fungalrv_2011	negative	FungalRV-negative-dataset-2644seq.fasta	1960	gi|46444978|gb|EAL04249.1| protein kinase C [Candida albicans SC5314]	46444978	1097
fungalrv2011_neg_1961	fungalrv_2011	negative	FungalRV-negative-dataset-2644seq.fasta	1961	gi|46436545|gb|EAK95905.1| CDC2-related protein kinase [Candida albicans SC5314]	46436545	746
fungalrv2011_neg_1962	fungalrv_2011	negative	FungalRV-negative-dataset-2644seq.fasta	1962	gi|11596393|gb|AAG38599.1|AF317472_1 cAMP-dependent protein kinase regulatory subunit [Candida albicans]	11596393	459
fungalrv2011_neg_1963	fungalrv_2011	negative	FungalRV-negative-dataset-2644seq.fasta	1963	gi|2088591|gb|AAB88593.1| ERK/MAP protein kinase [Candida albicans]	2088591	58
fungalrv2011_neg_1964	fungalrv_2011	negative	FungalRV-negative-dataset-2644seq.fasta	1964	gi|1653974|emb|CAA70254.1| phosphatidylinositol 3-kinase [Candida albicans]	1653974	1020
fungalrv2011_neg_1965	fungalrv_2011	negative	FungalRV-negative-dataset-2644seq.fasta	1965	gi|46442726|gb|EAL02013.1| tRNA splicing ligase Trl1p [Candida albicans SC5314]	46442726	832
fungalrv2011_neg_1966	fungalrv_2011	negative	FungalRV-negative-dataset-2644seq.fasta	1966	gi|1469803|gb|AAB48643.1| serine/threonine kinase	1469803	620
fungalrv2011_neg_1967	fungalrv_2011	negative	FungalRV-negative-dataset-2644seq.fasta	1967	gi|1710896|gb|AAC49733.1| Map kinase kinase [Candida albicans]	1710896	589
fungalrv2011_neg_1968	fungalrv_2011	negative	FungalRV-negative-dataset-2644seq.fasta	1968	gi|619450|emb|CAA54129.1| MAP kinase Mkc1 [Candida albicans]	619450	501
fungalrv2011_neg_1969	fungalrv_2011	negative	FungalRV-negative-dataset-2644seq.fasta	1969	gi|799385|gb|AAA66523.1| phosphoglycerate kinase [Candida albicans]	799385	417
fungalrv2011_neg_1970	fungalrv_2011	negative	FungalRV-negative-dataset-2644seq.fasta	1970	gi|1169549|sp|P28869.2|ERK1_CANAL RecName: Full=Extracellular signal-regulated kinase 1; Short=ERK1; AltName: Full=MAP kinase 1; Short=MAPK 1	1169549	417
fungalrv2011_neg_1971	fungalrv_2011	negative	FungalRV-negative-dataset-2644seq.fasta	1971	gi|148886842|sp|Q92207.2|HOG1_CANAL RecName: Full=Mitogen-activated protein kinase HOG1; Short=MAP kinase HOG1	148886842	377
fungalrv2011_neg_1972	fungalrv_2011	negative	FungalRV-negative-dataset-2644seq.fasta	1972	gi|229462923|sp|Q92209.2|KHSE_CANAL RecName: Full=Homoserine kinase; Short=HSK; Short=HK	229462923	357
fungalrv2011_neg_1973	fungalrv_2011	negative	FungalRV-negative-dataset-2644seq.fasta	1973	gi|3093417|gb|AAC15240.1| protein kinase CK2 beta subunit [Candida albicans]	3093417	294
fungalrv2011_neg_1974	fungalrv_2011	negative	FungalRV-negative-dataset-2644seq.fasta	1974	gi|74656223|sp|Q59W41.1|KAD11_CANAL RecName: Full=Adenylate kinase 1-1; Short=AK 1 1; AltName: Full=ATP-AMP transphosphorylase 1 1; AltName: Full=Adenylate kinase cytosolic and mitochondrial 1	74656223	249
fungalrv2011_neg_1975	fungalrv_2011	negative	FungalRV-negative-dataset-2644seq.fasta	1975	gi|2088603|gb|AAB88599.1| ERK/MAP protein kinase [Candida albicans]	2088603	59
fungalrv2011_neg_1976	fungalrv_2011	negative	FungalRV-negative-dataset-2644seq.fasta	1976	gi|74590991|sp|Q5ABX0.1|ATM_CANAL RecName: Full=Serine/threonine-protein kinase TEL1; AltName: Full=DNA-damage checkpoint kinase TEL1; AltName: Full=Telomere length regulation protein 1; AltName: Full=ATM homolog	74590991	2873
fungalrv2011_neg_1977	fungalrv_2011	negative	FungalRV-negative-dataset-2644seq.fasta	1977	gi|2961066|gb|AAC39451.1| histidine kinase 1; CaHK1 [Candida albicans]	2961066	2471
fungalrv2011_neg_1978	fungalrv_2011	negative	FungalRV-negative-dataset-2644seq.fasta	1978	gi|14571648|emb|CAC42810.1| phosphatidylinositol 3,5-kinase [Candida albicans]	14571648	2369
fungalrv2011_neg_1979	fungalrv_2011	negative	FungalRV-negative-dataset-2644seq.fasta	1979	gi|74588866|sp|Q59LR2.1|ATR_CANAL RecName: Full=Serine/threonine-protein kinase MEC1; AltName: Full=DNA-damage checkpoint kinase MEC1; AltName: Full=Mitosis entry checkpoint protein 1; AltName: Full=ATR homolog	74588866	2325
fungalrv2011_neg_1980	fungalrv_2011	negative	FungalRV-negative-dataset-2644seq.fasta	1980	gi|2286042|gb|AAB65439.1| serine/threonine kinase [Candida albicans]	2286042	1230
fungalrv2011_neg_1981	fungalrv_2011	negative	FungalRV-negative-dataset-2644seq.fasta	1981	gi|116258688|sp|Q92212.2|STE20_CANAL RecName: Full=Serine/threonine-protein kinase CST20	116258688	1228
fungalrv2011_neg_1982	fungalrv_2011	negative	FungalRV-negative-dataset-2644seq.fasta	1982	gi|832908|emb|CAA57048.1| protein kinase C [Candida albicans]	832908	1097
fungalrv2011_neg_1983	fungalrv_2011	negative	FungalRV-negative-dataset-2644seq.fasta	1983	gi|3243089|gb|AAC23929.1| histidine kinase [Candida albicans]	3243089	1081
fungalrv2011_neg_1984	fungalrv_2011	negative	FungalRV-negative-dataset-2644seq.fasta	1984	gi|3850150|emb|CAA21950.1| histidine kinase [Candida albicans]	3850150	1081
fungalrv2011_neg_1985	fungalrv_2011	negative	FungalRV-negative-dataset-2644seq.fasta	1985	gi|17366237|sp|O94201.1|K6PF1_CANAL RecName: Full=6-phosphofructokinase subunit alpha; AltName: Full=Phosphofructokinase 1; AltName: Full=Phosphohexokinase; AltName: Full=6PF-1-K subunit alpha; AltName: Full=CaPFK1	17366237	987
fungalrv2011_neg_1986	fungalrv_2011	negative	FungalRV-negative-dataset-2644seq.fasta	1986	gi|3688225|emb|CAA09718.1| phosphatidylinositol 4-kinase [Candida albicans]	3688225	977
fungalrv2011_neg_1987	fungalrv_2011	negative	FungalRV-negative-dataset-2644seq.fasta	1987	gi|62900710|sp|Q9UW20.1|PIK1_CANAL RecName: Full=Phosphatidylinositol 4-kinase PIK1alpha; Short=PtdIns-4-kinase; Short=PI4-kinase	62900710	977
fungalrv2011_neg_1988	fungalrv_2011	negative	FungalRV-negative-dataset-2644seq.fasta	1988	gi|3334151|sp|O14427.1|CLA4_CANAL RecName: Full=Serine/threonine-protein kinase CLA4	3334151	971
fungalrv2011_neg_1989	fungalrv_2011	negative	FungalRV-negative-dataset-2644seq.fasta	1989	gi|62900745|sp|Q9UW24.1|PIK1A_CANAL RecName: Full=Phosphatidylinositol 4-kinase PIK1a; Short=PtdIns-4-kinase; Short=PI4-kinase	62900745	956
fungalrv2011_neg_1990	fungalrv_2011	negative	FungalRV-negative-dataset-2644seq.fasta	1990	gi|17366234|sp|O94200.1|K6PF2_CANAL RecName: Full=6-phosphofructokinase subunit beta; AltName: Full=Phosphofructokinase 2; AltName: Full=Phosphohexokinase; AltName: Full=6PF-1-K subunit beta; AltName: Full=CaPFK2	17366234	946
fungalrv2011_neg_1991	fungalrv_2011	negative	FungalRV-negative-dataset-2644seq.fasta	1991	gi|71152276|sp|Q5A649.1|ATG1_CANAL RecName: Full=Serine/threonine-protein kinase ATG1; AltName: Full=Autophagy-related protein 1	71152276	834
fungalrv2011_neg_1992	fungalrv_2011	negative	FungalRV-negative-dataset-2644seq.fasta	1992	gi|3850140|emb|CAA21941.1| serine /threonine protein kinase [Candida albicans]	3850140	812
fungalrv2011_neg_1993	fungalrv_2011	negative	FungalRV-negative-dataset-2644seq.fasta	1993	gi|238882177|gb|EEQ45815.1| serine/threonine-protein kinase SCH9 [Candida albicans WO-1]	238882177	784
fungalrv2011_neg_1994	fungalrv_2011	negative	FungalRV-negative-dataset-2644seq.fasta	1994	gi|4584846|gb|AAD25159.1|U92261_1 CDC2-related protein kinase CRK1 [Candida albicans]	4584846	746
fungalrv2011_neg_1995	fungalrv_2011	negative	FungalRV-negative-dataset-2644seq.fasta	1995	gi|238878556|gb|EEQ42194.1| serine/threonine-protein kinase CBK1 [Candida albicans WO-1]	238878556	730
fungalrv2011_neg_1996	fungalrv_2011	negative	FungalRV-negative-dataset-2644seq.fasta	1996	gi|238878725|gb|EEQ42363.1| serine/threonine-protein kinase YPK1 [Candida albicans WO-1]	238878725	712
fungalrv2011_neg_1997	fungalrv_2011	negative	FungalRV-negative-dataset-2644seq.fasta	1997	gi|74656627|sp|Q5AK10.1|PAN3_CANAL RecName: Full=PAB-dependent poly(A)-specific ribonuclease subunit PAN3; AltName: Full=PAB1P-dependent poly(A)-nuclease	74656627	698
fungalrv2011_neg_1998	fungalrv_2011	negative	FungalRV-negative-dataset-2644seq.fasta	1998	gi|238878943|gb|EEQ42581.1| protein kinase dsk1 [Candida albicans WO-1]	238878943	682
fungalrv2011_neg_1999	fungalrv_2011	negative	FungalRV-negative-dataset-2644seq.fasta	1999	gi|238879405|gb|EEQ43043.1| cell cycle serine/threonine-protein kinase CDC5/MSD2 [Candida albicans WO-1]	238879405	653
fungalrv2011_neg_2000	fungalrv_2011	negative	FungalRV-negative-dataset-2644seq.fasta	2000	gi|238879975|gb|EEQ43613.1| glycerol kinase [Candida albicans WO-1]	238879975	631
fungalrv2011_neg_2001	fungalrv_2011	negative	FungalRV-negative-dataset-2644seq.fasta	2001	gi|238880037|gb|EEQ43675.1| serine/threonine-protein kinase HAL4/SAT4 [Candida albicans WO-1]	238880037	630
fungalrv2011_neg_2002	fungalrv_2011	negative	FungalRV-negative-dataset-2644seq.fasta	2002	gi|238882537|gb|EEQ46175.1| carbon catabolite derepressing protein kinase [Candida albicans WO-1]	238882537	618
fungalrv2011_neg_2003	fungalrv_2011	negative	FungalRV-negative-dataset-2644seq.fasta	2003	gi|1228927|gb|AAA92456.1| serine threonine protein kinase	1228927	616
fungalrv2011_neg_2004	fungalrv_2011	negative	FungalRV-negative-dataset-2644seq.fasta	2004	gi|74587243|sp|Q5AHK2.1|SSN3_CANAL RecName: Full=Serine/threonine-protein kinase SSN3; AltName: Full=Cyclin-dependent kinase 8	74587243	608
fungalrv2011_neg_2005	fungalrv_2011	negative	FungalRV-negative-dataset-2644seq.fasta	2005	gi|238878667|gb|EEQ42305.1| dihydroxyacetone kinase [Candida albicans WO-1]	238878667	595
fungalrv2011_neg_2006	fungalrv_2011	negative	FungalRV-negative-dataset-2644seq.fasta	2006	gi|974714|gb|AAB59338.1| serine/threonine protein kinase	974714	589
fungalrv2011_neg_2007	fungalrv_2011	negative	FungalRV-negative-dataset-2644seq.fasta	2007	gi|74588894|sp|Q59MB6.1|NAGS_CANAL RecName: Full=Amino-acid acetyltransferase, mitochondrial; AltName: Full=N-acetylglutamate synthase; Short=NAGS; Short=AGS; AltName: Full=Glutamate N-acetyltransferase; AltName: Full=Arginine-requiring protein 2; Flags: Precursor	74588894	580
fungalrv2011_neg_2008	fungalrv_2011	negative	FungalRV-negative-dataset-2644seq.fasta	2008	gi|238883607|gb|EEQ47245.1| serine/threonine-protein kinase srk1 [Candida albicans WO-1]	238883607	572
fungalrv2011_neg_2009	fungalrv_2011	negative	FungalRV-negative-dataset-2644seq.fasta	2009	gi|62900711|sp|Q9UW26.1|PAPA_CANAL RecName: Full=Poly(A) polymerase PAPa; AltName: Full=Polynucleotide adenylyltransferase a	62900711	555
fungalrv2011_neg_2010	fungalrv_2011	negative	FungalRV-negative-dataset-2644seq.fasta	2010	gi|238880828|gb|EEQ44466.1| uridine kinase [Candida albicans WO-1]	238880828	545
fungalrv2011_neg_2011	fungalrv_2011	negative	FungalRV-negative-dataset-2644seq.fasta	2011	gi|68052039|sp|Q59S66.1|IPL1_CANAL RecName: Full=Spindle assembly checkpoint kinase; AltName: Full=Aurora kinase	68052039	530
fungalrv2011_neg_2012	fungalrv_2011	negative	FungalRV-negative-dataset-2644seq.fasta	2012	gi|143811418|sp|Q9Y872.2|MET3_CANAL RecName: Full=Sulfate adenylyltransferase; AltName: Full=Sulfate adenylate transferase; Short=SAT; AltName: Full=ATP-sulfurylase	143811418	527
fungalrv2011_neg_2013	fungalrv_2011	negative	FungalRV-negative-dataset-2644seq.fasta	2013	gi|238883131|gb|EEQ46769.1| spindle assembly checkpoint kinase [Candida albicans WO-1]	238883131	521
fungalrv2011_neg_2014	fungalrv_2011	negative	FungalRV-negative-dataset-2644seq.fasta	2014	gi|2494674|sp|P56091.1|GAL1_CANAL RecName: Full=Galactokinase; AltName: Full=Galactose kinase	2494674	515
fungalrv2011_neg_2015	fungalrv_2011	negative	FungalRV-negative-dataset-2644seq.fasta	2015	gi|238879512|gb|EEQ43150.1| mitogen-activated protein kinase SLT2/MPK1 [Candida albicans WO-1]	238879512	509
fungalrv2011_neg_2016	fungalrv_2011	negative	FungalRV-negative-dataset-2644seq.fasta	2016	gi|238882315|gb|EEQ45953.1| pyruvate kinase [Candida albicans WO-1]	238882315	504
fungalrv2011_neg_2017	fungalrv_2011	negative	FungalRV-negative-dataset-2644seq.fasta	2017	gi|238880963|gb|EEQ44601.1| casein kinase I isoform gamma-1 [Candida albicans WO-1]	238880963	497
fungalrv2011_neg_2018	fungalrv_2011	negative	FungalRV-negative-dataset-2644seq.fasta	2018	gi|238878503|gb|EEQ42141.1| serine/threonine-protein kinase RIO1 [Candida albicans WO-1]	238878503	493
fungalrv2011_neg_2019	fungalrv_2011	negative	FungalRV-negative-dataset-2644seq.fasta	2019	gi|238882419|gb|EEQ46057.1| serine/threonine-protein kinase DBF20 [Candida albicans WO-1]	238882419	492
fungalrv2011_neg_2020	fungalrv_2011	negative	FungalRV-negative-dataset-2644seq.fasta	2020	gi|238883880|gb|EEQ47518.1| calcium/calmodulin-dependent protein kinase II [Candida albicans WO-1]	238883880	477
fungalrv2011_neg_2021	fungalrv_2011	negative	FungalRV-negative-dataset-2644seq.fasta	2021	gi|1168892|sp|P43062.1|CG12_CANAL RecName: Full=G1/S-specific cyclin CLN2	1168892	465
fungalrv2011_neg_2022	fungalrv_2011	negative	FungalRV-negative-dataset-2644seq.fasta	2022	gi|238883707|gb|EEQ47345.1| casein kinase I isoform gamma-3 [Candida albicans WO-1]	238883707	462
fungalrv2011_neg_2023	fungalrv_2011	negative	FungalRV-negative-dataset-2644seq.fasta	2023	gi|238883613|gb|EEQ47251.1| cAMP-dependent protein kinase type 2 [Candida albicans WO-1]	238883613	444
fungalrv2011_neg_2024	fungalrv_2011	negative	FungalRV-negative-dataset-2644seq.fasta	2024	gi|11596395|gb|AAG38600.1|AF317473_1 cAMP-dependent protein kinase catalytic subunit [Candida albicans]	11596395	442
fungalrv2011_neg_2025	fungalrv_2011	negative	FungalRV-negative-dataset-2644seq.fasta	2025	gi|74590512|sp|Q5A4H9.1|SSN8_CANAL RecName: Full=RNA polymerase II holoenzyme cyclin-like subunit	74590512	434
fungalrv2011_neg_2026	fungalrv_2011	negative	FungalRV-negative-dataset-2644seq.fasta	2026	gi|238883129|gb|EEQ46767.1| casein kinase I isoform epsilon [Candida albicans WO-1]	238883129	431
fungalrv2011_neg_2027	fungalrv_2011	negative	FungalRV-negative-dataset-2644seq.fasta	2027	gi|238880212|gb|EEQ43850.1| serine/threonine-protein kinase RIO2 [Candida albicans WO-1]	238880212	428
fungalrv2011_neg_2028	fungalrv_2011	negative	FungalRV-negative-dataset-2644seq.fasta	2028	gi|238880418|gb|EEQ44056.1| glutamate 5-kinase [Candida albicans WO-1]	238880418	423
fungalrv2011_neg_2029	fungalrv_2011	negative	FungalRV-negative-dataset-2644seq.fasta	2029	gi|238881244|gb|EEQ44882.1| mitogen-activated protein kinase [Candida albicans WO-1]	238881244	415
fungalrv2011_neg_2030	fungalrv_2011	negative	FungalRV-negative-dataset-2644seq.fasta	2030	gi|238883144|gb|EEQ46782.1| protein kinase MCK1 [Candida albicans WO-1]	238883144	407
fungalrv2011_neg_2031	fungalrv_2011	negative	FungalRV-negative-dataset-2644seq.fasta	2031	gi|238878571|gb|EEQ42209.1| cAMP-dependent protein kinase type 2 [Candida albicans WO-1]	238878571	402
fungalrv2011_neg_2032	fungalrv_2011	negative	FungalRV-negative-dataset-2644seq.fasta	2032	gi|238878227|gb|EEQ41865.1| sporulation-specific mitogen-activated protein kinase SMK1 [Candida albicans WO-1]	238878227	374
fungalrv2011_neg_2033	fungalrv_2011	negative	FungalRV-negative-dataset-2644seq.fasta	2033	gi|238880028|gb|EEQ43666.1| mitogen-activated protein kinase [Candida albicans WO-1]	238880028	372
fungalrv2011_neg_2034	fungalrv_2011	negative	FungalRV-negative-dataset-2644seq.fasta	2034	gi|12001932|gb|AAG43109.1| mitogen-activated protein kinase [Candida albicans]	12001932	368
fungalrv2011_neg_2035	fungalrv_2011	negative	FungalRV-negative-dataset-2644seq.fasta	2035	gi|68482251|ref|XP_714883.1| CDC2-related protein kinase fragment [Candida albicans SC5314]	68482251	364
fungalrv2011_neg_2036	fungalrv_2011	negative	FungalRV-negative-dataset-2644seq.fasta	2036	gi|74588685|sp|Q59KN8.1|IPK1_CANAL RecName: Full=Inositol-pentakisphosphate 2-kinase; AltName: Full=Inositol-1,3,4,5,6-pentakisphosphate 2-kinase; AltName: Full=Ins(1,3,4,5,6)P5 2-kinase; Short=InsP5 2-kinase	74588685	361
fungalrv2011_neg_2037	fungalrv_2011	negative	FungalRV-negative-dataset-2644seq.fasta	2037	gi|238883059|gb|EEQ46697.1| adenosine kinase [Candida albicans WO-1]	238883059	347
fungalrv2011_neg_2038	fungalrv_2011	negative	FungalRV-negative-dataset-2644seq.fasta	2038	gi|3859672|emb|CAA22010.1| serine-threonine protein kinase [Candida albicans]	3859672	345
fungalrv2011_neg_2039	fungalrv_2011	negative	FungalRV-negative-dataset-2644seq.fasta	2039	gi|238878891|gb|EEQ42529.1| serine/threonine-protein kinase KIN28 [Candida albicans WO-1]	238878891	343
fungalrv2011_neg_2040	fungalrv_2011	negative	FungalRV-negative-dataset-2644seq.fasta	2040	gi|238880426|gb|EEQ44064.1| casein kinase II [Candida albicans WO-1]	238880426	335
fungalrv2011_neg_2041	fungalrv_2011	negative	FungalRV-negative-dataset-2644seq.fasta	2041	gi|238882273|gb|EEQ45911.1| casein kinase II [Candida albicans WO-1]	238882273	329
fungalrv2011_neg_2042	fungalrv_2011	negative	FungalRV-negative-dataset-2644seq.fasta	2042	gi|52783216|sp|Q9HGY5.1|PHO85_CANAL RecName: Full=Negative regulator of the PHO system; AltName: Full=Serine/threonine-protein kinase PHO85; AltName: Full=CaPHO85	52783216	326
fungalrv2011_neg_2043	fungalrv_2011	negative	FungalRV-negative-dataset-2644seq.fasta	2043	gi|1170691|sp|P46585.1|KPR1_CANAL RecName: Full=Ribose-phosphate pyrophosphokinase 1; AltName: Full=Phosphoribosyl pyrophosphate synthetase 1	1170691	321
fungalrv2011_neg_2044	fungalrv_2011	negative	FungalRV-negative-dataset-2644seq.fasta	2044	gi|7271026|emb|CAB77649.1| serine/threonine kinase [Candida albicans]	7271026	315
fungalrv2011_neg_2045	fungalrv_2011	negative	FungalRV-negative-dataset-2644seq.fasta	2045	gi|74680246|sp|Q5AGC7.1|BUD32_CANAL RecName: Full=Serine/threonine-protein kinase BUD32	74680246	296
fungalrv2011_neg_2046	fungalrv_2011	negative	FungalRV-negative-dataset-2644seq.fasta	2046	gi|238882642|gb|EEQ46280.1| serine/threonine-protein kinase BUD32 [Candida albicans WO-1]	238882642	296
fungalrv2011_neg_2047	fungalrv_2011	negative	FungalRV-negative-dataset-2644seq.fasta	2047	gi|5815416|gb|AAD52662.1|AF177670_1 Ras1p [Candida albicans]	5815416	290
fungalrv2011_neg_2048	fungalrv_2011	negative	FungalRV-negative-dataset-2644seq.fasta	2048	gi|46436611|gb|EAK95970.1| mitogen-activated protein kinase [Candida albicans SC5314]	46436611	284
fungalrv2011_neg_2049	fungalrv_2011	negative	FungalRV-negative-dataset-2644seq.fasta	2049	gi|238879093|gb|EEQ42731.1| uridylate kinase [Candida albicans WO-1]	238879093	279
fungalrv2011_neg_2050	fungalrv_2011	negative	FungalRV-negative-dataset-2644seq.fasta	2050	gi|30059126|gb|AAO38844.1| casein kinase 2 beta' subunit [Candida albicans]	30059126	267
fungalrv2011_neg_2051	fungalrv_2011	negative	FungalRV-negative-dataset-2644seq.fasta	2051	gi|74656369|sp|Q5A4Q1.1|KAD12_CANAL RecName: Full=Adenylate kinase 1-2; Short=AK 1 2; AltName: Full=ATP-AMP transphosphorylase 1 2; AltName: Full=Adenylate kinase cytosolic and mitochondrial 2	74656369	249
fungalrv2011_neg_2052	fungalrv_2011	negative	FungalRV-negative-dataset-2644seq.fasta	2052	gi|60390123|sp|Q8TG40.1|KAD6_CANAL RecName: Full=Putative adenylate kinase HBR1; AltName: Full=ATP-AMP transphosphorylase HBR1; AltName: Full=Hemoglobin and proliferation-regulated protein 1; Short=Hb-regulated protein 1	60390123	248
fungalrv2011_neg_2053	fungalrv_2011	negative	FungalRV-negative-dataset-2644seq.fasta	2053	gi|1857157|gb|AAB48398.1| histidine kinase [Candida albicans]	1857157	227
fungalrv2011_neg_2054	fungalrv_2011	negative	FungalRV-negative-dataset-2644seq.fasta	2054	gi|238883180|gb|EEQ46818.1| adenylate kinase 2 [Candida albicans WO-1]	238883180	222
fungalrv2011_neg_2055	fungalrv_2011	negative	FungalRV-negative-dataset-2644seq.fasta	2055	gi|238882675|gb|EEQ46313.1| casein kinase II beta' subunit [Candida albicans WO-1]	238882675	213
fungalrv2011_neg_2056	fungalrv_2011	negative	FungalRV-negative-dataset-2644seq.fasta	2056	gi|238882455|gb|EEQ46093.1| adenylyl-sulfate kinase [Candida albicans WO-1]	238882455	200
fungalrv2011_neg_2057	fungalrv_2011	negative	FungalRV-negative-dataset-2644seq.fasta	2057	gi|238882763|gb|EEQ46401.1| guanylate kinase [Candida albicans WO-1]	238882763	190
fungalrv2011_neg_2058	fungalrv_2011	negative	FungalRV-negative-dataset-2644seq.fasta	2058	gi|238879835|gb|EEQ43473.1| riboflavin kinase [Candida albicans WO-1]	238879835	176
fungalrv2011_neg_2059	fungalrv_2011	negative	FungalRV-negative-dataset-2644seq.fasta	2059	gi|238882685|gb|EEQ46323.1| nucleoside diphosphate kinase [Candida albicans WO-1]	238882685	151
fungalrv2011_neg_2060	fungalrv_2011	negative	FungalRV-negative-dataset-2644seq.fasta	2060	gi|1546063|gb|AAB08101.1| homoserine kinase [Candida albicans]	1546063	147
fungalrv2011_neg_2061	fungalrv_2011	negative	FungalRV-negative-dataset-2644seq.fasta	2061	gi|21542347|sp|P46614.2|KPYK_CANAL RecName: Full=Pyruvate kinase; Short=PK	21542347	92
fungalrv2011_neg_2062	fungalrv_2011	negative	FungalRV-negative-dataset-2644seq.fasta	2062	gi|6708498|gb|AAF25957.1| kinase [Candida albicans]	6708498	65
fungalrv2011_neg_2063	fungalrv_2011	negative	FungalRV-negative-dataset-2644seq.fasta	2063	gi|2088609|gb|AAB88602.1| ERK/MAP protein kinase [Candida albicans]	2088609	61
fungalrv2011_neg_2064	fungalrv_2011	negative	FungalRV-negative-dataset-2644seq.fasta	2064	gi|2088589|gb|AAB88592.1| ERK/MAP protein kinase [Candida albicans]	2088589	59
fungalrv2011_neg_2065	fungalrv_2011	negative	FungalRV-negative-dataset-2644seq.fasta	2065	gi|2088597|gb|AAB88596.1| ERK/MAP protein kinase [Candida albicans]	2088597	59
fungalrv2011_neg_2066	fungalrv_2011	negative	FungalRV-negative-dataset-2644seq.fasta	2066	gi|2088605|gb|AAB88600.1| ERK/MAP protein kinase [Candida albicans]	2088605	59
fungalrv2011_neg_2067	fungalrv_2011	negative	FungalRV-negative-dataset-2644seq.fasta	2067	gi|2088599|gb|AAB88597.1| ERK/MAP protein kinase [Candida albicans]	2088599	58
fungalrv2011_neg_2068	fungalrv_2011	negative	FungalRV-negative-dataset-2644seq.fasta	2068	gi|2088601|gb|AAB88598.1| ERK/MAP protein kinase [Candida albicans]	2088601	58
fungalrv2011_neg_2069	fungalrv_2011	negative	FungalRV-negative-dataset-2644seq.fasta	2069	gi|2088587|gb|AAB88591.1| ERK/MAP protein kinase [Candida albicans]	2088587	57
fungalrv2011_neg_2070	fungalrv_2011	negative	FungalRV-negative-dataset-2644seq.fasta	2070	gi|2088581|gb|AAB88588.1| ERK/MAP protein kinase [Candida albicans]	2088581	55
fungalrv2011_neg_2071	fungalrv_2011	negative	FungalRV-negative-dataset-2644seq.fasta	2071	gi|2088585|gb|AAB88590.1| ERK/MAP protein kinase [Candida albicans]	2088585	55
fungalrv2011_neg_2072	fungalrv_2011	negative	FungalRV-negative-dataset-2644seq.fasta	2072	gi|2088583|gb|AAB88589.1| ERK/MAP protein kinase [Candida albicans]	2088583	51
fungalrv2011_neg_2073	fungalrv_2011	negative	FungalRV-negative-dataset-2644seq.fasta	2073	gi|32527512|gb|AAP85295.1| nucleoside diphosphate kinase [Aspergillus fumigatus]	32527512	153
fungalrv2011_neg_2074	fungalrv_2011	negative	FungalRV-negative-dataset-2644seq.fasta	2074	gi|9887210|gb|AAG01800.1|AF268869_1 acidic ribosomal protein P1 [Aspergillus fumigatus]	9887210	111
fungalrv2011_neg_2075	fungalrv_2011	negative	FungalRV-negative-dataset-2644seq.fasta	2075	gi|15825180|gb|AAL09588.1|AF401202_1 cAMP-dependent protein kinase regulatory subunit PKAR [Aspergillus fumigatus]	15825180	413
fungalrv2011_neg_2076	fungalrv_2011	negative	FungalRV-negative-dataset-2644seq.fasta	2076	gi|89242509|gb|ABD64613.1| MAP kinase [Aspergillus fumigatus]	89242509	378
fungalrv2011_neg_2077	fungalrv_2011	negative	FungalRV-negative-dataset-2644seq.fasta	2077	gi|66850299|gb|EAL90626.1| MAP kinase SakA [Aspergillus fumigatus Af293]	66850299	366
fungalrv2011_neg_2078	fungalrv_2011	negative	FungalRV-negative-dataset-2644seq.fasta	2078	gi|66849785|gb|EAL90113.1| serine-threonine kinase SepH [Aspergillus fumigatus Af293]	66849785	1367
fungalrv2011_neg_2079	fungalrv_2011	negative	FungalRV-negative-dataset-2644seq.fasta	2079	gi|66851090|gb|EAL91416.1| protein kinase c [Aspergillus fumigatus Af293]	66851090	1106
fungalrv2011_neg_2080	fungalrv_2011	negative	FungalRV-negative-dataset-2644seq.fasta	2080	gi|129558086|gb|EAL91953.2| MAP kinase kinase kinase SteC [Aspergillus fumigatus Af293]	129558086	973
fungalrv2011_neg_2081	fungalrv_2011	negative	FungalRV-negative-dataset-2644seq.fasta	2081	gi|66848269|gb|EAL88598.1| pyruvate kinase [Aspergillus fumigatus Af293]	66848269	527
fungalrv2011_neg_2082	fungalrv_2011	negative	FungalRV-negative-dataset-2644seq.fasta	2082	gi|66851212|gb|EAL91538.1| phosphomevalonate kinase [Aspergillus fumigatus Af293]	66851212	484
fungalrv2011_neg_2083	fungalrv_2011	negative	FungalRV-negative-dataset-2644seq.fasta	2083	gi|66849093|gb|EAL89421.1| MAP kinase MpkA [Aspergillus fumigatus Af293]	66849093	424
fungalrv2011_neg_2084	fungalrv_2011	negative	FungalRV-negative-dataset-2644seq.fasta	2084	gi|66849248|gb|EAL89576.1| 50S ribosomal protein L2 [Aspergillus fumigatus Af293]	66849248	404
fungalrv2011_neg_2085	fungalrv_2011	negative	FungalRV-negative-dataset-2644seq.fasta	2085	gi|66845559|gb|EAL85893.1| cyclin-dependent protein kinase PhoA [Aspergillus fumigatus Af293]	66845559	389
fungalrv2011_neg_2086	fungalrv_2011	negative	FungalRV-negative-dataset-2644seq.fasta	2086	gi|66848793|gb|EAL89122.1| MAP kinase MpkB [Aspergillus fumigatus Af293]	66848793	353
fungalrv2011_neg_2087	fungalrv_2011	negative	FungalRV-negative-dataset-2644seq.fasta	2087	gi|66847724|gb|EAL88054.1| adenylate kinase 2 [Aspergillus fumigatus Af293]	66847724	247
fungalrv2011_neg_2088	fungalrv_2011	negative	FungalRV-negative-dataset-2644seq.fasta	2088	gi|66846739|gb|EAL87071.1| uridylate kinase Ura6 [Aspergillus fumigatus Af293]	66846739	235
fungalrv2011_neg_2089	fungalrv_2011	negative	FungalRV-negative-dataset-2644seq.fasta	2089	gi|66849886|gb|EAL90213.1| guanylate kinase [Aspergillus fumigatus Af293]	66849886	228
fungalrv2011_neg_2090	fungalrv_2011	negative	FungalRV-negative-dataset-2644seq.fasta	2090	gi|66845626|gb|EAL85960.1| thymidylate kinase [Aspergillus fumigatus Af293]	66845626	221
fungalrv2011_neg_2091	fungalrv_2011	negative	FungalRV-negative-dataset-2644seq.fasta	2091	gi|70989723|ref|XP_749711.1| Riboflavin kinase [Aspergillus fumigatus Af293]	70989723	214
fungalrv2011_neg_2092	fungalrv_2011	negative	FungalRV-negative-dataset-2644seq.fasta	2092	gi|66850082|gb|EAL90409.1| adenylylsulfate kinase [Aspergillus fumigatus Af293]	66850082	211
fungalrv2011_neg_2093	fungalrv_2011	negative	FungalRV-negative-dataset-2644seq.fasta	2093	gi|66849485|gb|EAL89813.1| 50S ribosomal protein L12 [Aspergillus fumigatus Af293]	66849485	187
fungalrv2011_neg_2094	fungalrv_2011	negative	FungalRV-negative-dataset-2644seq.fasta	2094	gi|129556998|gb|EAL88051.2| 60S ribosomal protein L12 [Aspergillus fumigatus Af293]	129556998	170
fungalrv2011_neg_2095	fungalrv_2011	negative	FungalRV-negative-dataset-2644seq.fasta	2095	gi|66846610|gb|EAL86942.1| 40S ribosomal protein S13 [Aspergillus fumigatus Af293]	66846610	148
fungalrv2011_neg_2096	fungalrv_2011	negative	FungalRV-negative-dataset-2644seq.fasta	2096	gi|70995406|ref|XP_752459.1| MAP kinase kinase kinase SskB [Aspergillus fumigatus Af293]	70995406	1425
fungalrv2011_neg_2097	fungalrv_2011	negative	FungalRV-negative-dataset-2644seq.fasta	2097	gi|70994146|ref|XP_751920.1| serine/threonine protein kinase (Pdd7p) [Aspergillus fumigatus Af293]	70994146	973
fungalrv2011_neg_2098	fungalrv_2011	negative	FungalRV-negative-dataset-2644seq.fasta	2098	gi|66847115|gb|EAL87446.1| calcium/calmodulin-dependent protein kinase, putative [Aspergillus fumigatus Af293]	66847115	645
fungalrv2011_neg_2099	fungalrv_2011	negative	FungalRV-negative-dataset-2644seq.fasta	2099	gi|70998714|ref|XP_754079.1| cyclin-dependent protein kinase Sgv1 [Aspergillus fumigatus Af293]	70998714	580
fungalrv2011_neg_2100	fungalrv_2011	negative	FungalRV-negative-dataset-2644seq.fasta	2100	gi|66849681|gb|EAL90009.1| mevalonate kinase [Aspergillus fumigatus Af293]	66849681	538
fungalrv2011_neg_2101	fungalrv_2011	negative	FungalRV-negative-dataset-2644seq.fasta	2101	gi|66852651|gb|EAL92976.1| MAP kinase kinase Ste7 [Aspergillus fumigatus Af293]	66852651	536
fungalrv2011_neg_2102	fungalrv_2011	negative	FungalRV-negative-dataset-2644seq.fasta	2102	gi|66853190|gb|EAL93514.1| cAMP-dependent protein kinase catalytic subunit PkaC1 [Aspergillus fumigatus Af293]	66853190	490
fungalrv2011_neg_2103	fungalrv_2011	negative	FungalRV-negative-dataset-2644seq.fasta	2103	gi|40641908|emb|CAE01426.2| protein kinase A catalytic subunit 2 [Aspergillus fumigatus]	40641908	396
fungalrv2011_neg_2104	fungalrv_2011	negative	FungalRV-negative-dataset-2644seq.fasta	2104	gi|66848086|gb|EAL88416.1| cyclin-dependent protein kinase regulator Pho80 [Aspergillus fumigatus Af293]	66848086	396
fungalrv2011_neg_2105	fungalrv_2011	negative	FungalRV-negative-dataset-2644seq.fasta	2105	gi|146324016|ref|XP_747979.2| adenylate kinase family protein [Aspergillus fumigatus Af293]	146324016	364
fungalrv2011_neg_2106	fungalrv_2011	negative	FungalRV-negative-dataset-2644seq.fasta	2106	gi|129558089|gb|EAL92012.2| homoserine kinase [Aspergillus fumigatus Af293]	129558089	355
fungalrv2011_neg_2107	fungalrv_2011	negative	FungalRV-negative-dataset-2644seq.fasta	2107	gi|70998951|ref|XP_754197.1| protein kinase [Aspergillus fumigatus Af293]	70998951	277
fungalrv2011_neg_2108	fungalrv_2011	negative	FungalRV-negative-dataset-2644seq.fasta	2108	gi|70991300|ref|XP_750499.1| adenylate kinase [Aspergillus fumigatus Af293]	70991300	257
fungalrv2011_neg_2109	fungalrv_2011	negative	FungalRV-negative-dataset-2644seq.fasta	2109	gi|70991891|ref|XP_750794.1| 60S ribosomal protein L6 [Aspergillus fumigatus Af293]	70991891	253
fungalrv2011_neg_2110	fungalrv_2011	negative	FungalRV-negative-dataset-2644seq.fasta	2110	gi|9887212|gb|AAG01801.1|AF268870_1 acidic ribosomal protein P2 [Aspergillus fumigatus]	9887212	111
fungalrv2011_neg_2111	fungalrv_2011	negative	FungalRV-negative-dataset-2644seq.fasta	2111	gi|70997272|ref|XP_753387.1| phosphotidylinositol kinase Tel1 [Aspergillus fumigatus Af293]	70997272	2815
fungalrv2011_neg_2112	fungalrv_2011	negative	FungalRV-negative-dataset-2644seq.fasta	2112	gi|90111970|sp|Q4WVM7.2|ATM_ASPFU RecName: Full=Serine/threonine-protein kinase tel1; AltName: Full=DNA-damage checkpoint kinase tel1; AltName: Full=Telomere length regulation protein 1; AltName: Full=ATM homolog	90111970	2796
fungalrv2011_neg_2113	fungalrv_2011	negative	FungalRV-negative-dataset-2644seq.fasta	2113	gi|146323675|ref|XP_746662.2| inositol kinase kinase (UvsB) [Aspergillus fumigatus Af293]	146323675	2449
fungalrv2011_neg_2114	fungalrv_2011	negative	FungalRV-negative-dataset-2644seq.fasta	2114	gi|71002306|ref|XP_755834.1| serine threonine protein kinase [Aspergillus fumigatus Af293]	71002306	2058
fungalrv2011_neg_2115	fungalrv_2011	negative	FungalRV-negative-dataset-2644seq.fasta	2115	gi|74670390|sp|Q4WLI9.1|UTP10_ASPFU RecName: Full=U3 small nucleolar RNA-associated protein 10	74670390	1798
fungalrv2011_neg_2116	fungalrv_2011	negative	FungalRV-negative-dataset-2644seq.fasta	2116	gi|70992309|ref|XP_751003.1| protein kinase (VPS15) [Aspergillus fumigatus Af293]	70992309	1637
fungalrv2011_neg_2117	fungalrv_2011	negative	FungalRV-negative-dataset-2644seq.fasta	2117	gi|70999588|ref|XP_754511.1| MAP kinase kinase kinase (Bck1) [Aspergillus fumigatus Af293]	70999588	1617
fungalrv2011_neg_2118	fungalrv_2011	negative	FungalRV-negative-dataset-2644seq.fasta	2118	gi|119399257|gb|EAW09685.1| mitogen activated protein kinase kinase kinase 3, mapkkk3, mekk3 [Aspergillus clavatus NRRL 1]	119399257	1606
fungalrv2011_neg_2119	fungalrv_2011	negative	FungalRV-negative-dataset-2644seq.fasta	2119	gi|70998472|ref|XP_753958.1| protein kinase (Gcn2) [Aspergillus fumigatus Af293]	70998472	1592
fungalrv2011_neg_2120	fungalrv_2011	negative	FungalRV-negative-dataset-2644seq.fasta	2120	gi|70997151|ref|XP_753330.1| inositol hexaphosphate kinase KCS1 [Aspergillus fumigatus Af293]	70997151	1359
fungalrv2011_neg_2121	fungalrv_2011	negative	FungalRV-negative-dataset-2644seq.fasta	2121	gi|70988873|ref|XP_749288.1| protein kinase [Aspergillus fumigatus Af293]	70988873	1314
fungalrv2011_neg_2122	fungalrv_2011	negative	FungalRV-negative-dataset-2644seq.fasta	2122	gi|146324309|ref|XP_747751.2| protein kinase [Aspergillus fumigatus Af293]	146324309	1281
fungalrv2011_neg_2123	fungalrv_2011	negative	FungalRV-negative-dataset-2644seq.fasta	2123	gi|70984681|ref|XP_747847.1| serine/threonine protein kinase (Kcc4) [Aspergillus fumigatus Af293]	70984681	1269
fungalrv2011_neg_2124	fungalrv_2011	negative	FungalRV-negative-dataset-2644seq.fasta	2124	gi|70991184|ref|XP_750441.1| serine/threonine protein kinase [Aspergillus fumigatus Af293]	70991184	1230
fungalrv2011_neg_2125	fungalrv_2011	negative	FungalRV-negative-dataset-2644seq.fasta	2125	gi|70990146|ref|XP_749922.1| protein kinase and ribonuclease Ire1 [Aspergillus fumigatus Af293]	70990146	1165
fungalrv2011_neg_2126	fungalrv_2011	negative	FungalRV-negative-dataset-2644seq.fasta	2126	gi|70996190|ref|XP_752850.1| serine/threonine protein kinase (Kin4) [Aspergillus fumigatus Af293]	70996190	1135
fungalrv2011_neg_2127	fungalrv_2011	negative	FungalRV-negative-dataset-2644seq.fasta	2127	gi|70983684|ref|XP_747369.1| serine/threonine protein kinase [Aspergillus fumigatus Af293]	70983684	1119
fungalrv2011_neg_2128	fungalrv_2011	negative	FungalRV-negative-dataset-2644seq.fasta	2128	gi|70985042|ref|XP_748027.1| protein kinase [Aspergillus fumigatus Af293]	70985042	1092
fungalrv2011_neg_2129	fungalrv_2011	negative	FungalRV-negative-dataset-2644seq.fasta	2129	gi|71000846|ref|XP_755104.1| protein kinase [Aspergillus fumigatus Af293]	71000846	1077
fungalrv2011_neg_2130	fungalrv_2011	negative	FungalRV-negative-dataset-2644seq.fasta	2130	gi|70995436|ref|XP_752473.1| serine/threonine protein kinase Kin1 [Aspergillus fumigatus Af293]	70995436	1072
fungalrv2011_neg_2131	fungalrv_2011	negative	FungalRV-negative-dataset-2644seq.fasta	2131	gi|70989141|ref|XP_749420.1| serine/threonine protein kinase [Aspergillus fumigatus Af293]	70989141	1070
fungalrv2011_neg_2132	fungalrv_2011	negative	FungalRV-negative-dataset-2644seq.fasta	2132	gi|71002288|ref|XP_755825.1| protein kinase [Aspergillus fumigatus Af293]	71002288	1028
fungalrv2011_neg_2133	fungalrv_2011	negative	FungalRV-negative-dataset-2644seq.fasta	2133	gi|70990988|ref|XP_750343.1| serine/threonine protein kinase [Aspergillus fumigatus Af293]	70990988	998
fungalrv2011_neg_2134	fungalrv_2011	negative	FungalRV-negative-dataset-2644seq.fasta	2134	gi|70991799|ref|XP_750748.1| protein kinase [Aspergillus fumigatus Af293]	70991799	973
fungalrv2011_neg_2135	fungalrv_2011	negative	FungalRV-negative-dataset-2644seq.fasta	2135	gi|159129373|gb|EDP54487.1| serine/threonine protein kinase [Aspergillus fumigatus A1163]	159129373	955
fungalrv2011_neg_2136	fungalrv_2011	negative	FungalRV-negative-dataset-2644seq.fasta	2136	gi|70984557|ref|XP_747785.1| acetylglutamate kinase [Aspergillus fumigatus Af293]	70984557	906
fungalrv2011_neg_2137	fungalrv_2011	negative	FungalRV-negative-dataset-2644seq.fasta	2137	gi|159129573|gb|EDP54687.1| Protein kinase domain-containing protein [Aspergillus fumigatus A1163]	159129573	901
fungalrv2011_neg_2138	fungalrv_2011	negative	FungalRV-negative-dataset-2644seq.fasta	2138	gi|70982087|ref|XP_746572.1| protein kinase Yak1 [Aspergillus fumigatus Af293]	70982087	894
fungalrv2011_neg_2139	fungalrv_2011	negative	FungalRV-negative-dataset-2644seq.fasta	2139	gi|70991433|ref|XP_750565.1| serine/threonine protein kinase [Aspergillus fumigatus Af293]	70991433	890
fungalrv2011_neg_2140	fungalrv_2011	negative	FungalRV-negative-dataset-2644seq.fasta	2140	gi|71002032|ref|XP_755697.1| serine/threonin protein kinase [Aspergillus fumigatus Af293]	71002032	882
fungalrv2011_neg_2141	fungalrv_2011	negative	FungalRV-negative-dataset-2644seq.fasta	2141	gi|70984886|ref|XP_747949.1| protein kinase [Aspergillus fumigatus Af293]	70984886	875
fungalrv2011_neg_2142	fungalrv_2011	negative	FungalRV-negative-dataset-2644seq.fasta	2142	gi|74697392|sp|Q8NJM2.1|DBP10_ASPFU RecName: Full=ATP-dependent RNA helicase dbp10	74697392	869
fungalrv2011_neg_2143	fungalrv_2011	negative	FungalRV-negative-dataset-2644seq.fasta	2143	gi|71000174|ref|XP_754804.1| checkpoint protein kinase [Aspergillus fumigatus Af293]	71000174	841
fungalrv2011_neg_2144	fungalrv_2011	negative	FungalRV-negative-dataset-2644seq.fasta	2144	gi|70999270|ref|XP_754354.1| serine/threonine protein kinase [Aspergillus fumigatus Af293]	70999270	839
fungalrv2011_neg_2145	fungalrv_2011	negative	FungalRV-negative-dataset-2644seq.fasta	2145	gi|70998640|ref|XP_754042.1| protein kinase (Chm1) [Aspergillus fumigatus Af293]	70998640	836
fungalrv2011_neg_2146	fungalrv_2011	negative	FungalRV-negative-dataset-2644seq.fasta	2146	gi|74672247|sp|Q4WRV2.1|DRS1_ASPFU RecName: Full=ATP-dependent RNA helicase drs1	74672247	830
fungalrv2011_neg_2147	fungalrv_2011	negative	FungalRV-negative-dataset-2644seq.fasta	2147	gi|70997439|ref|XP_753467.1| protein kinase [Aspergillus fumigatus Af293]	70997439	825
fungalrv2011_neg_2148	fungalrv_2011	negative	FungalRV-negative-dataset-2644seq.fasta	2148	gi|70997503|ref|XP_753498.1| serine/threonine protein kinase (Nrc-2) [Aspergillus fumigatus Af293]	70997503	817
fungalrv2011_neg_2149	fungalrv_2011	negative	FungalRV-negative-dataset-2644seq.fasta	2149	gi|148877252|sp|Q4WHP3.2|STE20_ASPFU RecName: Full=Serine/threonine-protein kinase ste20	148877252	815
fungalrv2011_neg_2150	fungalrv_2011	negative	FungalRV-negative-dataset-2644seq.fasta	2150	gi|159129007|gb|EDP54121.1| serine/threonine kinase Ste20 [Aspergillus fumigatus A1163]	159129007	815
fungalrv2011_neg_2151	fungalrv_2011	negative	FungalRV-negative-dataset-2644seq.fasta	2151	gi|70999700|ref|XP_754567.1| serine/threonine protein kinase (Prp4) [Aspergillus fumigatus Af293]	70999700	808
fungalrv2011_neg_2152	fungalrv_2011	negative	FungalRV-negative-dataset-2644seq.fasta	2152	gi|74666130|sp|Q4W9B8.1|K6PF_ASPFU RecName: Full=6-phosphofructokinase; Short=Phosphofructokinase; AltName: Full=Phosphohexokinase; AltName: Full=6PF-1-K	74666130	808
fungalrv2011_neg_2153	fungalrv_2011	negative	FungalRV-negative-dataset-2644seq.fasta	2153	gi|74672827|sp|Q4WTI3.1|ERB1_ASPFU RecName: Full=Ribosome biogenesis protein erb1; AltName: Full=Eukaryotic ribosome biogenesis protein 1	74672827	795
fungalrv2011_neg_2154	fungalrv_2011	negative	FungalRV-negative-dataset-2644seq.fasta	2154	gi|70988907|ref|XP_749305.1| carbon catabolite derepressing protein kinase Snf1 [Aspergillus fumigatus Af293]	70988907	793
fungalrv2011_neg_2155	fungalrv_2011	negative	FungalRV-negative-dataset-2644seq.fasta	2155	gi|74670609|sp|Q4WM60.1|DBP4_ASPFU RecName: Full=ATP-dependent RNA helicase dbp4	74670609	787
fungalrv2011_neg_2156	fungalrv_2011	negative	FungalRV-negative-dataset-2644seq.fasta	2156	gi|4249370|gb|AAD13681.1| elongation factor 3 [Aspergillus fumigatus]	4249370	781
fungalrv2011_neg_2157	fungalrv_2011	negative	FungalRV-negative-dataset-2644seq.fasta	2157	gi|159131085|gb|EDP56198.1| protein kinase family protein [Aspergillus fumigatus A1163]	159131085	777
fungalrv2011_neg_2158	fungalrv_2011	negative	FungalRV-negative-dataset-2644seq.fasta	2158	gi|74673411|sp|Q4WV71.1|DBP7_ASPFU RecName: Full=ATP-dependent RNA helicase dbp7	74673411	758
fungalrv2011_neg_2159	fungalrv_2011	negative	FungalRV-negative-dataset-2644seq.fasta	2159	gi|74672120|sp|Q4WRH5.1|ROK1_ASPFU RecName: Full=ATP-dependent RNA helicase rok1	74672120	739
fungalrv2011_neg_2160	fungalrv_2011	negative	FungalRV-negative-dataset-2644seq.fasta	2160	gi|229891200|sp|Q4X122.2|NAGS_ASPFU RecName: Full=Amino-acid acetyltransferase, mitochondrial; AltName: Full=N-acetylglutamate synthase; Short=NAGS; Short=AGS; AltName: Full=Glutamate N-acetyltransferase; AltName: Full=Arginine-requiring protein 2; Flags: Precursor	229891200	716
fungalrv2011_neg_2161	fungalrv_2011	negative	FungalRV-negative-dataset-2644seq.fasta	2161	gi|70996408|ref|XP_752959.1| choline kinase [Aspergillus fumigatus Af293]	70996408	700
fungalrv2011_neg_2162	fungalrv_2011	negative	FungalRV-negative-dataset-2644seq.fasta	2162	gi|70994170|ref|XP_751932.1| protein kinase [Aspergillus fumigatus Af293]	70994170	690
fungalrv2011_neg_2163	fungalrv_2011	negative	FungalRV-negative-dataset-2644seq.fasta	2163	gi|70998624|ref|XP_754034.1| calcium/calmodulin dependent protein kinase [Aspergillus fumigatus Af293]	70998624	687
fungalrv2011_neg_2164	fungalrv_2011	negative	FungalRV-negative-dataset-2644seq.fasta	2164	gi|71002144|ref|XP_755753.1| protein kinase [Aspergillus fumigatus Af293]	71002144	670
fungalrv2011_neg_2165	fungalrv_2011	negative	FungalRV-negative-dataset-2644seq.fasta	2165	gi|70998230|ref|XP_753841.1| serine/threonine protein kinase [Aspergillus fumigatus Af293]	70998230	669
fungalrv2011_neg_2166	fungalrv_2011	negative	FungalRV-negative-dataset-2644seq.fasta	2166	gi|70996582|ref|XP_753046.1| protein kinase (Lkh1) [Aspergillus fumigatus Af293]	70996582	664
fungalrv2011_neg_2167	fungalrv_2011	negative	FungalRV-negative-dataset-2644seq.fasta	2167	gi|70996412|ref|XP_752961.1| MAP kinase kinase (Pbs2) [Aspergillus fumigatus Af293]	70996412	656
fungalrv2011_neg_2168	fungalrv_2011	negative	FungalRV-negative-dataset-2644seq.fasta	2168	gi|74675200|sp|Q4X0C2.1|DBP9_ASPFU RecName: Full=ATP-dependent RNA helicase dbp9	74675200	649
fungalrv2011_neg_2169	fungalrv_2011	negative	FungalRV-negative-dataset-2644seq.fasta	2169	gi|70998528|ref|XP_753986.1| serine/threonine protein kinase [Aspergillus fumigatus Af293]	70998528	646
fungalrv2011_neg_2170	fungalrv_2011	negative	FungalRV-negative-dataset-2644seq.fasta	2170	gi|70993588|ref|XP_751641.1| serine/threonine protein kinase [Aspergillus fumigatus Af293]	70993588	645
fungalrv2011_neg_2171	fungalrv_2011	negative	FungalRV-negative-dataset-2644seq.fasta	2171	gi|70984573|ref|XP_747793.1| serine/threonine protein kinase [Aspergillus fumigatus Af293]	70984573	644
fungalrv2011_neg_2172	fungalrv_2011	negative	FungalRV-negative-dataset-2644seq.fasta	2172	gi|70995608|ref|XP_752559.1| protein kinase [Aspergillus fumigatus Af293]	70995608	644
fungalrv2011_neg_2173	fungalrv_2011	negative	FungalRV-negative-dataset-2644seq.fasta	2173	gi|71001428|ref|XP_755395.1| serine/threonine protein kinase (YPK1) [Aspergillus fumigatus Af293]	71001428	637
fungalrv2011_neg_2174	fungalrv_2011	negative	FungalRV-negative-dataset-2644seq.fasta	2174	gi|91206842|sp|Q4WQM4.2|HAS1_ASPFU RecName: Full=ATP-dependent RNA helicase has1	91206842	622
fungalrv2011_neg_2175	fungalrv_2011	negative	FungalRV-negative-dataset-2644seq.fasta	2175	gi|70998118|ref|XP_753789.1| serine/threonine protein kinase [Aspergillus fumigatus Af293]	70998118	618
fungalrv2011_neg_2176	fungalrv_2011	negative	FungalRV-negative-dataset-2644seq.fasta	2176	gi|70997266|ref|XP_753384.1| dihydroxyacetone kinase (DakA) [Aspergillus fumigatus Af293]	70997266	604
fungalrv2011_neg_2177	fungalrv_2011	negative	FungalRV-negative-dataset-2644seq.fasta	2177	gi|70991775|ref|XP_750736.1| glycerol kinase [Aspergillus fumigatus Af293]	70991775	593
fungalrv2011_neg_2178	fungalrv_2011	negative	FungalRV-negative-dataset-2644seq.fasta	2178	gi|70999790|ref|XP_754612.1| serine/threonine protein kinase [Aspergillus fumigatus Af293]	70999790	593
fungalrv2011_neg_2179	fungalrv_2011	negative	FungalRV-negative-dataset-2644seq.fasta	2179	gi|74674590|sp|Q4WYK9.1|NOP58_ASPFU RecName: Full=Nucleolar protein 58	74674590	591
fungalrv2011_neg_2180	fungalrv_2011	negative	FungalRV-negative-dataset-2644seq.fasta	2180	gi|70981943|ref|XP_746500.1| serine protein kinase Sky1 [Aspergillus fumigatus Af293]	70981943	583
fungalrv2011_neg_2181	fungalrv_2011	negative	FungalRV-negative-dataset-2644seq.fasta	2181	gi|159126962|gb|EDP52078.1| Protein kinase domain-containing protein [Aspergillus fumigatus A1163]	159126962	582
fungalrv2011_neg_2182	fungalrv_2011	negative	FungalRV-negative-dataset-2644seq.fasta	2182	gi|70991925|ref|XP_750811.1| protein kinase [Aspergillus fumigatus Af293]	70991925	567
fungalrv2011_neg_2183	fungalrv_2011	negative	FungalRV-negative-dataset-2644seq.fasta	2183	gi|70993658|ref|XP_751676.1| glycerol kinase [Aspergillus fumigatus Af293]	70993658	564
fungalrv2011_neg_2184	fungalrv_2011	negative	FungalRV-negative-dataset-2644seq.fasta	2184	gi|74665880|sp|Q4U3Y2.1|HXK1_ASPFU RecName: Full=Hexokinase-1; AltName: Full=Hexokinase I	74665880	549
fungalrv2011_neg_2185	fungalrv_2011	negative	FungalRV-negative-dataset-2644seq.fasta	2185	gi|70998628|ref|XP_754036.1| serine/threonine protein kinase [Aspergillus fumigatus Af293]	70998628	544
fungalrv2011_neg_2186	fungalrv_2011	negative	FungalRV-negative-dataset-2644seq.fasta	2186	gi|159125039|gb|EDP50156.1| mevalonate kinase [Aspergillus fumigatus A1163]	159125039	538
fungalrv2011_neg_2187	fungalrv_2011	negative	FungalRV-negative-dataset-2644seq.fasta	2187	gi|159128028|gb|EDP53143.1| MAP kinase kinase Ste7 [Aspergillus fumigatus A1163]	159128028	536
fungalrv2011_neg_2188	fungalrv_2011	negative	FungalRV-negative-dataset-2644seq.fasta	2188	gi|74674345|sp|Q4WXW1.1|DBP8_ASPFU RecName: Full=ATP-dependent RNA helicase dbp8	74674345	526
fungalrv2011_neg_2189	fungalrv_2011	negative	FungalRV-negative-dataset-2644seq.fasta	2189	gi|70985228|ref|XP_748120.1| Mst3-like protein kinase [Aspergillus fumigatus Af293]	70985228	518
fungalrv2011_neg_2190	fungalrv_2011	negative	FungalRV-negative-dataset-2644seq.fasta	2190	gi|70992689|ref|XP_751193.1| serine/threonine protein kinase [Aspergillus fumigatus Af293]	70992689	514
fungalrv2011_neg_2191	fungalrv_2011	negative	FungalRV-negative-dataset-2644seq.fasta	2191	gi|70990962|ref|XP_750330.1| MAP kinase kinase (Mkk2) [Aspergillus fumigatus Af293]	70990962	503
fungalrv2011_neg_2192	fungalrv_2011	negative	FungalRV-negative-dataset-2644seq.fasta	2192	gi|74668891|sp|Q4WH83.1|DBP3_ASPFU RecName: Full=ATP-dependent RNA helicase dbp3	74668891	503
fungalrv2011_neg_2193	fungalrv_2011	negative	FungalRV-negative-dataset-2644seq.fasta	2193	gi|27524356|emb|CAC82611.1| protein kinase A catalytic subunit 1 [Aspergillus fumigatus]	27524356	502
fungalrv2011_neg_2194	fungalrv_2011	negative	FungalRV-negative-dataset-2644seq.fasta	2194	gi|16580138|gb|AAL02131.1| cAMP-dependent protein kinase catalytic subunit [Aspergillus fumigatus]	16580138	490
fungalrv2011_neg_2195	fungalrv_2011	negative	FungalRV-negative-dataset-2644seq.fasta	2195	gi|74671257|sp|Q4WP10.1|YTM1_ASPFU RecName: Full=Ribosome biogenesis protein ytm1	74671257	488
fungalrv2011_neg_2196	fungalrv_2011	negative	FungalRV-negative-dataset-2644seq.fasta	2196	gi|70995414|ref|XP_752463.1| sphingosine kinase (SphK) [Aspergillus fumigatus Af293]	70995414	486
fungalrv2011_neg_2197	fungalrv_2011	negative	FungalRV-negative-dataset-2644seq.fasta	2197	gi|71001246|ref|XP_755304.1| protein kinase (NpkA) [Aspergillus fumigatus Af293]	71001246	478
fungalrv2011_neg_2198	fungalrv_2011	negative	FungalRV-negative-dataset-2644seq.fasta	2198	gi|74669652|sp|Q4WJE9.1|RRP3_ASPFU RecName: Full=ATP-dependent rRNA helicase rrp3	74669652	472
fungalrv2011_neg_2199	fungalrv_2011	negative	FungalRV-negative-dataset-2644seq.fasta	2199	gi|146324765|ref|XP_747400.2| protein kinase [Aspergillus fumigatus Af293]	146324765	472
fungalrv2011_neg_2200	fungalrv_2011	negative	FungalRV-negative-dataset-2644seq.fasta	2200	gi|70999654|ref|XP_754544.1| acetate kinase [Aspergillus fumigatus Af293]	70999654	469
fungalrv2011_neg_2201	fungalrv_2011	negative	FungalRV-negative-dataset-2644seq.fasta	2201	gi|71000731|ref|XP_755047.1| cell cycle protein kinase [Aspergillus fumigatus Af293]	71000731	464
fungalrv2011_neg_2202	fungalrv_2011	negative	FungalRV-negative-dataset-2644seq.fasta	2202	gi|70984222|ref|XP_747628.1| Snf1 kinase complex beta-subunit Gal83 [Aspergillus fumigatus Af293]	70984222	463
fungalrv2011_neg_2203	fungalrv_2011	negative	FungalRV-negative-dataset-2644seq.fasta	2203	gi|70989647|ref|XP_749673.1| uridine kinase [Aspergillus fumigatus Af293]	70989647	453
fungalrv2011_neg_2204	fungalrv_2011	negative	FungalRV-negative-dataset-2644seq.fasta	2204	gi|146323203|ref|XP_748569.2| serine protein kinase [Aspergillus fumigatus Af293]	146323203	451
fungalrv2011_neg_2205	fungalrv_2011	negative	FungalRV-negative-dataset-2644seq.fasta	2205	gi|70982656|ref|XP_746856.1| protein kinase [Aspergillus fumigatus Af293]	70982656	448
fungalrv2011_neg_2206	fungalrv_2011	negative	FungalRV-negative-dataset-2644seq.fasta	2206	gi|71002024|ref|XP_755693.1| mitochondrial pyruvate dehydrogenase kinase [Aspergillus fumigatus Af293]	71002024	447
fungalrv2011_neg_2207	fungalrv_2011	negative	FungalRV-negative-dataset-2644seq.fasta	2207	gi|71002040|ref|XP_755701.1| calcium/calmodulin-dependent protein kinase [Aspergillus fumigatus Af293]	71002040	434
fungalrv2011_neg_2208	fungalrv_2011	negative	FungalRV-negative-dataset-2644seq.fasta	2208	gi|146324193|ref|XP_753366.2| NAD+ kinase [Aspergillus fumigatus Af293]	146324193	433
fungalrv2011_neg_2209	fungalrv_2011	negative	FungalRV-negative-dataset-2644seq.fasta	2209	gi|166222396|sp|Q4WYR6.2|SSN3_ASPFU RecName: Full=Serine/threonine-protein kinase ssn3; AltName: Full=Cyclin-dependent kinase 8	166222396	426
fungalrv2011_neg_2210	fungalrv_2011	negative	FungalRV-negative-dataset-2644seq.fasta	2210	gi|74675687|sp|Q4X1R1.1|RMT2_ASPFU RecName: Full=Arginine N-methyltransferase 2	74675687	424
fungalrv2011_neg_2211	fungalrv_2011	negative	FungalRV-negative-dataset-2644seq.fasta	2211	gi|70993022|ref|XP_751359.1| serine/threonine protein kinase (Ark1) [Aspergillus fumigatus Af293]	70993022	423
fungalrv2011_neg_2212	fungalrv_2011	negative	FungalRV-negative-dataset-2644seq.fasta	2212	gi|70999698|ref|XP_754566.1| protein serine/threonine kinase (Ran1) [Aspergillus fumigatus Af293]	70999698	423
fungalrv2011_neg_2213	fungalrv_2011	negative	FungalRV-negative-dataset-2644seq.fasta	2213	gi|70983806|ref|XP_747429.1| casein kinase family protein [Aspergillus fumigatus Af293]	70983806	419
fungalrv2011_neg_2214	fungalrv_2011	negative	FungalRV-negative-dataset-2644seq.fasta	2214	gi|159124741|gb|EDP49859.1| casein kinase family protein [Aspergillus fumigatus A1163]	159124741	419
fungalrv2011_neg_2215	fungalrv_2011	negative	FungalRV-negative-dataset-2644seq.fasta	2215	gi|70998476|ref|XP_753960.1| protein kinase [Aspergillus fumigatus Af293]	70998476	418
fungalrv2011_neg_2216	fungalrv_2011	negative	FungalRV-negative-dataset-2644seq.fasta	2216	gi|70995281|ref|XP_752401.1| phosphoglycerate kinase PgkA [Aspergillus fumigatus Af293]	70995281	417
fungalrv2011_neg_2217	fungalrv_2011	negative	FungalRV-negative-dataset-2644seq.fasta	2217	gi|70998670|ref|XP_754057.1| protein kinase [Aspergillus fumigatus Af293]	70998670	415
fungalrv2011_neg_2218	fungalrv_2011	negative	FungalRV-negative-dataset-2644seq.fasta	2218	gi|159127753|gb|EDP52868.1| protein kinase domain-containing protein [Aspergillus fumigatus A1163]	159127753	413
fungalrv2011_neg_2219	fungalrv_2011	negative	FungalRV-negative-dataset-2644seq.fasta	2219	gi|70984090|ref|XP_747565.1| glycogen synthase kinase (Skp1) [Aspergillus fumigatus Af293]	70984090	412
fungalrv2011_neg_2220	fungalrv_2011	negative	FungalRV-negative-dataset-2644seq.fasta	2220	gi|70997459|ref|XP_753477.1| RIO1 family protein kinase [Aspergillus fumigatus Af293]	70997459	412
fungalrv2011_neg_2221	fungalrv_2011	negative	FungalRV-negative-dataset-2644seq.fasta	2221	gi|70987439|ref|XP_749133.1| cell-cycle checkpoint protein kinase [Aspergillus fumigatus Af293]	70987439	409
fungalrv2011_neg_2222	fungalrv_2011	negative	FungalRV-negative-dataset-2644seq.fasta	2222	gi|74674080|sp|Q4WX43.1|IF4A_ASPFU RecName: Full=ATP-dependent RNA helicase eIF4A; AltName: Full=Eukaryotic initiation factor 4A; Short=eIF-4A; AltName: Full=Translation initiation factor 1	74674080	406
fungalrv2011_neg_2223	fungalrv_2011	negative	FungalRV-negative-dataset-2644seq.fasta	2223	gi|70987446|ref|XP_749136.1| serine/threonine protein kinase (Kin28) [Aspergillus fumigatus Af293]	70987446	404
fungalrv2011_neg_2224	fungalrv_2011	negative	FungalRV-negative-dataset-2644seq.fasta	2224	gi|91206662|sp|Q4WEB4.2|FAL1_ASPFU RecName: Full=ATP-dependent RNA helicase fal1	91206662	398
fungalrv2011_neg_2225	fungalrv_2011	negative	FungalRV-negative-dataset-2644seq.fasta	2225	gi|71000820|ref|XP_755091.1| serine/threonine protein kinase (Ark1) [Aspergillus fumigatus Af293]	71000820	396
fungalrv2011_neg_2226	fungalrv_2011	negative	FungalRV-negative-dataset-2644seq.fasta	2226	gi|70999894|ref|XP_754664.1| calcium/calmodulin dependent protein kinase [Aspergillus fumigatus Af293]	70999894	394
fungalrv2011_neg_2227	fungalrv_2011	negative	FungalRV-negative-dataset-2644seq.fasta	2227	gi|70996831|ref|XP_753170.1| protein kinase [Aspergillus fumigatus Af293]	70996831	393
fungalrv2011_neg_2228	fungalrv_2011	negative	FungalRV-negative-dataset-2644seq.fasta	2228	gi|21215170|gb|AAM43909.1|AF464911_1 large subunit ribosomal protein L3 [Aspergillus fumigatus]	21215170	392
fungalrv2011_neg_2229	fungalrv_2011	negative	FungalRV-negative-dataset-2644seq.fasta	2229	gi|159125703|gb|EDP50820.1| serine/threonine-protein kinase [Aspergillus fumigatus A1163]	159125703	390
fungalrv2011_neg_2230	fungalrv_2011	negative	FungalRV-negative-dataset-2644seq.fasta	2230	gi|70987150|ref|XP_749055.1| serine/threonine protein kinase [Aspergillus fumigatus Af293]	70987150	389
fungalrv2011_neg_2231	fungalrv_2011	negative	FungalRV-negative-dataset-2644seq.fasta	2231	gi|70989077|ref|XP_749388.1| casein kinase I [Aspergillus fumigatus Af293]	70989077	383
fungalrv2011_neg_2232	fungalrv_2011	negative	FungalRV-negative-dataset-2644seq.fasta	2232	gi|70999007|ref|XP_754225.1| cyclin-dependent protein kinase Ssn3 [Aspergillus fumigatus Af293]	70999007	382
fungalrv2011_neg_2233	fungalrv_2011	negative	FungalRV-negative-dataset-2644seq.fasta	2233	gi|159126537|gb|EDP51653.1| MAP kinase MpkC [Aspergillus fumigatus A1163]	159126537	378
fungalrv2011_neg_2234	fungalrv_2011	negative	FungalRV-negative-dataset-2644seq.fasta	2234	gi|70988693|ref|XP_749204.1| protein kinase [Aspergillus fumigatus Af293]	70988693	365
fungalrv2011_neg_2235	fungalrv_2011	negative	FungalRV-negative-dataset-2644seq.fasta	2235	gi|159124881|gb|EDP49998.1| casein kinase II beta subunit CKB1 [Aspergillus fumigatus A1163]	159124881	364
fungalrv2011_neg_2236	fungalrv_2011	negative	FungalRV-negative-dataset-2644seq.fasta	2236	gi|70990382|ref|XP_750040.1| pyridoxal kinase [Aspergillus fumigatus Af293]	70990382	356
fungalrv2011_neg_2237	fungalrv_2011	negative	FungalRV-negative-dataset-2644seq.fasta	2237	gi|70998544|ref|XP_753994.1| adenosine kinase [Aspergillus fumigatus Af293]	70998544	338
fungalrv2011_neg_2238	fungalrv_2011	negative	FungalRV-negative-dataset-2644seq.fasta	2238	gi|159125151|gb|EDP50268.1| CDK-activating kinase assembly factor MAT1 [Aspergillus fumigatus A1163]	159125151	337
fungalrv2011_neg_2239	fungalrv_2011	negative	FungalRV-negative-dataset-2644seq.fasta	2239	gi|70983520|ref|XP_747287.1| casein kinase [Aspergillus fumigatus Af293]	70983520	336
fungalrv2011_neg_2240	fungalrv_2011	negative	FungalRV-negative-dataset-2644seq.fasta	2240	gi|159128705|gb|EDP53819.1| mitogen-activated protein kinase MAF1 [Aspergillus fumigatus A1163]	159128705	335
fungalrv2011_neg_2241	fungalrv_2011	negative	FungalRV-negative-dataset-2644seq.fasta	2241	gi|70996422|ref|XP_752966.1| serine/threonine protein kinase [Aspergillus fumigatus Af293]	70996422	327
fungalrv2011_neg_2242	fungalrv_2011	negative	FungalRV-negative-dataset-2644seq.fasta	2242	gi|70998642|ref|XP_754043.1| mitochondrial NADH kinase POS5 [Aspergillus fumigatus Af293]	70998642	302
fungalrv2011_neg_2243	fungalrv_2011	negative	FungalRV-negative-dataset-2644seq.fasta	2243	gi|159129854|gb|EDP54968.1| protein kinase domain-containing protein [Aspergillus fumigatus A1163]	159129854	286
fungalrv2011_neg_2244	fungalrv_2011	negative	FungalRV-negative-dataset-2644seq.fasta	2244	gi|70990926|ref|XP_750312.1| 40S ribosomal protein S3 [Aspergillus fumigatus Af293]	70990926	266
fungalrv2011_neg_2245	fungalrv_2011	negative	FungalRV-negative-dataset-2644seq.fasta	2245	gi|71000467|ref|XP_754922.1| 40S ribosomal protein S4 [Aspergillus fumigatus Af293]	71000467	261
fungalrv2011_neg_2246	fungalrv_2011	negative	FungalRV-negative-dataset-2644seq.fasta	2246	gi|37594598|gb|AAQ94236.1| ras GTPase [Aspergillus fumigatus]	37594598	243
fungalrv2011_neg_2247	fungalrv_2011	negative	FungalRV-negative-dataset-2644seq.fasta	2247	gi|70986400|ref|XP_748694.1| protein kinase [Aspergillus fumigatus Af293]	70986400	243
fungalrv2011_neg_2248	fungalrv_2011	negative	FungalRV-negative-dataset-2644seq.fasta	2248	gi|74669364|sp|Q4WIK9.1|NOP16_ASPFU RecName: Full=Nucleolar protein 16	74669364	241
fungalrv2011_neg_2249	fungalrv_2011	negative	FungalRV-negative-dataset-2644seq.fasta	2249	gi|71001148|ref|XP_755255.1| 60S ribosomal protein L10 [Aspergillus fumigatus Af293]	71001148	223
fungalrv2011_neg_2250	fungalrv_2011	negative	FungalRV-negative-dataset-2644seq.fasta	2250	gi|37594596|gb|AAQ94235.1| ras GTPase [Aspergillus fumigatus]	37594596	213
fungalrv2011_neg_2251	fungalrv_2011	negative	FungalRV-negative-dataset-2644seq.fasta	2251	gi|70985869|ref|XP_748440.1| serine/threonine protein kinase [Aspergillus fumigatus Af293]	70985869	202
fungalrv2011_neg_2252	fungalrv_2011	negative	FungalRV-negative-dataset-2644seq.fasta	2252	gi|13432032|gb|AAG12155.1| GTPase Rho1 [Aspergillus fumigatus]	13432032	200
fungalrv2011_neg_2253	fungalrv_2011	negative	FungalRV-negative-dataset-2644seq.fasta	2253	gi|41393714|gb|AAS02092.1| guanylate kinase [Aspergillus fumigatus]	41393714	200
fungalrv2011_neg_2254	fungalrv_2011	negative	FungalRV-negative-dataset-2644seq.fasta	2254	gi|70995022|ref|XP_752277.1| 60S ribosomal protein L9 [Aspergillus fumigatus Af293]	70995022	192
fungalrv2011_neg_2255	fungalrv_2011	negative	FungalRV-negative-dataset-2644seq.fasta	2255	gi|70671877|gb|AAZ06279.1| ribosomal protein large subunit protein 1 isoform b [Aspergillus fumigatus]	70671877	155
fungalrv2011_neg_2256	fungalrv_2011	negative	FungalRV-negative-dataset-2644seq.fasta	2256	gi|8745509|gb|AAF78942.1|AF267166_1 cAMP-dependent protein kinase regulatory subunit PKAR [Aspergillus fumigatus]	8745509	57
fungalrv2011_neg_2257	fungalrv_2011	negative	FungalRV-negative-dataset-2644seq.fasta	2257	gi|3253053|gb|AAC24555.1| ADP-ribosylation factor [Ajellomyces capsulatus]	3253053	93
fungalrv2011_neg_2258	fungalrv_2011	negative	FungalRV-negative-dataset-2644seq.fasta	2258	gi|537275|gb|AAB17119.1| elongation factor 1-alpha [Ajellomyces capsulatus]	537275	460
fungalrv2011_neg_2259	fungalrv_2011	negative	FungalRV-negative-dataset-2644seq.fasta	2259	gi|150408839|gb|EDN04295.1| ribosomal protein S5 [Ajellomyces capsulatus NAm1]	150408839	258
fungalrv2011_neg_2260	fungalrv_2011	negative	FungalRV-negative-dataset-2644seq.fasta	2260	gi|150408071|gb|EDN03612.1| 60S ribosomal protein RML2, mitochondrial precursor [Ajellomyces capsulatus NAm1]	150408071	374
fungalrv2011_neg_2261	fungalrv_2011	negative	FungalRV-negative-dataset-2644seq.fasta	2261	gi|269969554|sp|A6R9C3.1|RS3A_AJECN RecName: Full=40S ribosomal protein S1	269969554	255
fungalrv2011_neg_2262	fungalrv_2011	negative	FungalRV-negative-dataset-2644seq.fasta	2262	gi|4753146|gb|AAC13304.2| translation elongation factor 3 [Ajellomyces capsulatus]	4753146	332
fungalrv2011_neg_2263	fungalrv_2011	negative	FungalRV-negative-dataset-2644seq.fasta	2263	gi|240276365|gb|EER39877.1| 60S ribosomal protein RML2 [Ajellomyces capsulatus H143]	240276365	402
fungalrv2011_neg_2264	fungalrv_2011	negative	FungalRV-negative-dataset-2644seq.fasta	2264	gi|240274319|gb|EER37836.1| mitochondrial large ribosomal subunit [Ajellomyces capsulatus H143]	240274319	380
fungalrv2011_neg_2265	fungalrv_2011	negative	FungalRV-negative-dataset-2644seq.fasta	2265	gi|225555766|gb|EEH04057.1| 50S ribosomal protein L4 [Ajellomyces capsulatus G186AR]	225555766	248
fungalrv2011_neg_2266	fungalrv_2011	negative	FungalRV-negative-dataset-2644seq.fasta	2266	gi|240276721|gb|EER40232.1| 50S ribosomal protein L13 [Ajellomyces capsulatus H143]	240276721	89
fungalrv2011_neg_2267	fungalrv_2011	negative	FungalRV-negative-dataset-2644seq.fasta	2267	gi|240276502|gb|EER40014.1| DNA-directed DNA polymerase alpha [Ajellomyces capsulatus H143]	240276502	1458
fungalrv2011_neg_2268	fungalrv_2011	negative	FungalRV-negative-dataset-2644seq.fasta	2268	gi|154283185|ref|XP_001542388.1| DNA polymerase gamma [Ajellomyces capsulatus NAm1]	154283185	1126
fungalrv2011_neg_2269	fungalrv_2011	negative	FungalRV-negative-dataset-2644seq.fasta	2269	gi|240276225|gb|EER39737.1| DNA polymerase iota [Ajellomyces capsulatus H143]	240276225	730
fungalrv2011_neg_2270	fungalrv_2011	negative	FungalRV-negative-dataset-2644seq.fasta	2270	gi|225559652|gb|EEH07934.1| DNA polymerase lambda [Ajellomyces capsulatus G186AR]	225559652	628
fungalrv2011_neg_2271	fungalrv_2011	negative	FungalRV-negative-dataset-2644seq.fasta	2271	gi|240275320|gb|EER38834.1| DNA polymerase gamma [Ajellomyces capsulatus H143]	240275320	1084
fungalrv2011_neg_2272	fungalrv_2011	negative	FungalRV-negative-dataset-2644seq.fasta	2272	gi|240282344|gb|EER45847.1| DNA directed RNA polymerase II 15 kDa subunit [Ajellomyces capsulatus H143]	240282344	129
fungalrv2011_neg_2273	fungalrv_2011	negative	FungalRV-negative-dataset-2644seq.fasta	2273	gi|240276965|gb|EER40475.1| DNA-directed RNA polymerase III [Ajellomyces capsulatus H143]	240276965	1227
fungalrv2011_neg_2274	fungalrv_2011	negative	FungalRV-negative-dataset-2644seq.fasta	2274	gi|225557526|gb|EEH05812.1| DNA-directed RNA polymerase I [Ajellomyces capsulatus G186AR]	225557526	1242
fungalrv2011_neg_2275	fungalrv_2011	negative	FungalRV-negative-dataset-2644seq.fasta	2275	gi|225558540|gb|EEH06824.1| mitochondrial RNA polymerase [Ajellomyces capsulatus G186AR]	225558540	1397
fungalrv2011_neg_2276	fungalrv_2011	negative	FungalRV-negative-dataset-2644seq.fasta	2276	gi|240274624|gb|EER38140.1| DNA-directed RNA polymerase II [Ajellomyces capsulatus H143]	240274624	668
fungalrv2011_neg_2277	fungalrv_2011	negative	FungalRV-negative-dataset-2644seq.fasta	2277	gi|225559206|gb|EEH07489.1| helicase [Ajellomyces capsulatus G186AR]	225559206	732
fungalrv2011_neg_2278	fungalrv_2011	negative	FungalRV-negative-dataset-2644seq.fasta	2278	gi|160380608|sp|A6RGE3.1|DBP2_AJECN RecName: Full=ATP-dependent RNA helicase DBP2	160380608	542
fungalrv2011_neg_2279	fungalrv_2011	negative	FungalRV-negative-dataset-2644seq.fasta	2279	gi|240276813|gb|EER40324.1| RNA helicase [Ajellomyces capsulatus H143]	240276813	1297
fungalrv2011_neg_2280	fungalrv_2011	negative	FungalRV-negative-dataset-2644seq.fasta	2280	gi|240281151|gb|EER44654.1| ATP-dependent RNA helicase eIF4A [Ajellomyces capsulatus H143]	240281151	398
fungalrv2011_neg_2281	fungalrv_2011	negative	FungalRV-negative-dataset-2644seq.fasta	2281	gi|240280098|gb|EER43602.1| DNA helicase [Ajellomyces capsulatus H143]	240280098	572
fungalrv2011_neg_2282	fungalrv_2011	negative	FungalRV-negative-dataset-2644seq.fasta	2282	gi|240276108|gb|EER39620.1| MAP kinase kinase kinase SskB [Ajellomyces capsulatus H143]	240276108	1366
fungalrv2011_neg_2283	fungalrv_2011	negative	FungalRV-negative-dataset-2644seq.fasta	2283	gi|240275977|gb|EER39490.1| pyruvate dehydrogenase kinase [Ajellomyces capsulatus H143]	240275977	433
fungalrv2011_neg_2284	fungalrv_2011	negative	FungalRV-negative-dataset-2644seq.fasta	2284	gi|154271754|ref|XP_001536730.1| adenosine kinase [Ajellomyces capsulatus NAm1]	154271754	374
fungalrv2011_neg_2285	fungalrv_2011	negative	FungalRV-negative-dataset-2644seq.fasta	2285	gi|225560355|gb|EEH08637.1| histidine kinase [Ajellomyces capsulatus G186AR]	225560355	1925
fungalrv2011_neg_2286	fungalrv_2011	negative	FungalRV-negative-dataset-2644seq.fasta	2286	gi|240276503|gb|EER40015.1| phosphomethylpyrimidine kinase THI20 [Ajellomyces capsulatus H143]	240276503	511
fungalrv2011_neg_2287	fungalrv_2011	negative	FungalRV-negative-dataset-2644seq.fasta	2287	gi|240281997|gb|EER45500.1| CDK-activating kinase assembly factor MAT1 [Ajellomyces capsulatus H143]	240281997	369
fungalrv2011_neg_2288	fungalrv_2011	negative	FungalRV-negative-dataset-2644seq.fasta	2288	gi|240277654|gb|EER41162.1| nucleoside diphosphate kinase [Ajellomyces capsulatus H143]	240277654	152
fungalrv2011_neg_2289	fungalrv_2011	negative	FungalRV-negative-dataset-2644seq.fasta	2289	gi|239591008|gb|EEQ73589.1| protein kinase C [Ajellomyces dermatitidis SLH14081]	239591008	1124
fungalrv2011_neg_2290	fungalrv_2011	negative	FungalRV-negative-dataset-2644seq.fasta	2290	gi|239592167|gb|EEQ74748.1| serine/threonine protein kinase [Ajellomyces dermatitidis SLH14081]	239592167	958
fungalrv2011_neg_2291	fungalrv_2011	negative	FungalRV-negative-dataset-2644seq.fasta	2291	gi|239591732|gb|EEQ74313.1| serine/threonine-protein kinase CLA4 [Ajellomyces dermatitidis SLH14081]	239591732	869
fungalrv2011_neg_2292	fungalrv_2011	negative	FungalRV-negative-dataset-2644seq.fasta	2292	gi|239589904|gb|EEQ72547.1| choline kinase [Ajellomyces dermatitidis SLH14081]	239589904	802
fungalrv2011_neg_2293	fungalrv_2011	negative	FungalRV-negative-dataset-2644seq.fasta	2293	gi|239590216|gb|EEQ72797.1| serine/threonine-protein kinase nrc-2 [Ajellomyces dermatitidis SLH14081]	239590216	673
fungalrv2011_neg_2294	fungalrv_2011	negative	FungalRV-negative-dataset-2644seq.fasta	2294	gi|239591799|gb|EEQ74380.1| serine/threonine-protein kinase sid2 [Ajellomyces dermatitidis SLH14081]	239591799	660
fungalrv2011_neg_2295	fungalrv_2011	negative	FungalRV-negative-dataset-2644seq.fasta	2295	gi|239589631|gb|EEQ72274.1| serine/threonine-protein kinase cot-1 [Ajellomyces dermatitidis SLH14081]	239589631	650
fungalrv2011_neg_2296	fungalrv_2011	negative	FungalRV-negative-dataset-2644seq.fasta	2296	gi|239593414|gb|EEQ75995.1| serine/threonine-protein kinase gad8 [Ajellomyces dermatitidis SLH14081]	239593414	647
fungalrv2011_neg_2297	fungalrv_2011	negative	FungalRV-negative-dataset-2644seq.fasta	2297	gi|239588126|gb|EEQ70769.1| protein kinase [Ajellomyces dermatitidis SLH14081]	239588126	641
fungalrv2011_neg_2298	fungalrv_2011	negative	FungalRV-negative-dataset-2644seq.fasta	2298	gi|239594755|gb|EEQ77336.1| serine/threonine protein kinase [Ajellomyces dermatitidis SLH14081]	239594755	636
fungalrv2011_neg_2299	fungalrv_2011	negative	FungalRV-negative-dataset-2644seq.fasta	2299	gi|239591942|gb|EEQ74523.1| protein kinase dsk1 [Ajellomyces dermatitidis SLH14081]	239591942	604
fungalrv2011_neg_2300	fungalrv_2011	negative	FungalRV-negative-dataset-2644seq.fasta	2300	gi|239587996|gb|EEQ70639.1| kinase activator [Ajellomyces dermatitidis SLH14081]	239587996	588
fungalrv2011_neg_2301	fungalrv_2011	negative	FungalRV-negative-dataset-2644seq.fasta	2301	gi|239592544|gb|EEQ75125.1| protein kinase [Ajellomyces dermatitidis SLH14081]	239592544	561
fungalrv2011_neg_2302	fungalrv_2011	negative	FungalRV-negative-dataset-2644seq.fasta	2302	gi|239590935|gb|EEQ73516.1| Snf1 kinase complex beta-subunit Gal83 [Ajellomyces dermatitidis SLH14081]	239590935	553
fungalrv2011_neg_2303	fungalrv_2011	negative	FungalRV-negative-dataset-2644seq.fasta	2303	gi|239591562|gb|EEQ74143.1| protein kinase regulator Ste50 [Ajellomyces dermatitidis SLH14081]	239591562	530
fungalrv2011_neg_2304	fungalrv_2011	negative	FungalRV-negative-dataset-2644seq.fasta	2304	gi|239595797|gb|EEQ78378.1| MAP kinase kinase [Ajellomyces dermatitidis SLH14081]	239595797	504
fungalrv2011_neg_2305	fungalrv_2011	negative	FungalRV-negative-dataset-2644seq.fasta	2305	gi|239593180|gb|EEQ75761.1| cell cycle protein kinase [Ajellomyces dermatitidis SLH14081]	239593180	493
fungalrv2011_neg_2306	fungalrv_2011	negative	FungalRV-negative-dataset-2644seq.fasta	2306	gi|239586803|gb|EEQ69446.1| sphingosine kinase [Ajellomyces dermatitidis SLH14081]	239586803	492
fungalrv2011_neg_2307	fungalrv_2011	negative	FungalRV-negative-dataset-2644seq.fasta	2307	gi|239588505|gb|EEQ71148.1| protein kinase domain-containing protein [Ajellomyces dermatitidis SLH14081]	239588505	437
fungalrv2011_neg_2308	fungalrv_2011	negative	FungalRV-negative-dataset-2644seq.fasta	2308	gi|239595701|gb|EEQ78282.1| mitogen-activated protein kinase MKC1 [Ajellomyces dermatitidis SLH14081]	239595701	423
fungalrv2011_neg_2309	fungalrv_2011	negative	FungalRV-negative-dataset-2644seq.fasta	2309	gi|239590333|gb|EEQ72914.1| serine/threonine-protein kinase PRKX [Ajellomyces dermatitidis SLH14081]	239590333	416
fungalrv2011_neg_2310	fungalrv_2011	negative	FungalRV-negative-dataset-2644seq.fasta	2310	gi|239595920|gb|EEQ78501.1| cyclin-dependent protein kinase PhoA [Ajellomyces dermatitidis SLH14081]	239595920	413
fungalrv2011_neg_2311	fungalrv_2011	negative	FungalRV-negative-dataset-2644seq.fasta	2311	gi|239587020|gb|EEQ69663.1| calcium/calmodulin-dependent protein kinase type I [Ajellomyces dermatitidis SLH14081]	239587020	401
fungalrv2011_neg_2312	fungalrv_2011	negative	FungalRV-negative-dataset-2644seq.fasta	2312	gi|239592068|gb|EEQ74649.1| serine/threonine-protein kinase crk1 [Ajellomyces dermatitidis SLH14081]	239592068	387
fungalrv2011_neg_2313	fungalrv_2011	negative	FungalRV-negative-dataset-2644seq.fasta	2313	gi|239594693|gb|EEQ77274.1| serine/threonine-protein kinase Eg2 [Ajellomyces dermatitidis SLH14081]	239594693	385
fungalrv2011_neg_2314	fungalrv_2011	negative	FungalRV-negative-dataset-2644seq.fasta	2314	gi|239595620|gb|EEQ78201.1| homoserine kinase [Ajellomyces dermatitidis SLH14081]	239595620	353
fungalrv2011_neg_2315	fungalrv_2011	negative	FungalRV-negative-dataset-2644seq.fasta	2315	gi|239595372|gb|EEQ77953.1| casein kinase [Ajellomyces dermatitidis SLH14081]	239595372	337
fungalrv2011_neg_2316	fungalrv_2011	negative	FungalRV-negative-dataset-2644seq.fasta	2316	gi|239592358|gb|EEQ74939.1| cyclin-dependent protein kinase PhoA [Ajellomyces dermatitidis SLH14081]	239592358	309
fungalrv2011_neg_2317	fungalrv_2011	negative	FungalRV-negative-dataset-2644seq.fasta	2317	gi|239589002|gb|EEQ71645.1| adenylate kinase cytosolic [Ajellomyces dermatitidis SLH14081]	239589002	277
fungalrv2011_neg_2318	fungalrv_2011	negative	FungalRV-negative-dataset-2644seq.fasta	2318	gi|239593814|gb|EEQ76395.1| mitogen-activated protein kinase mpkC [Ajellomyces dermatitidis SLH14081]	239593814	275
fungalrv2011_neg_2319	fungalrv_2011	negative	FungalRV-negative-dataset-2644seq.fasta	2319	gi|239588306|gb|EEQ70949.1| casein kinase subunit II beta [Ajellomyces dermatitidis SLH14081]	239588306	273
fungalrv2011_neg_2320	fungalrv_2011	negative	FungalRV-negative-dataset-2644seq.fasta	2320	gi|239591173|gb|EEQ73754.1| uridylate kinase [Ajellomyces dermatitidis SLH14081]	239591173	258
fungalrv2011_neg_2321	fungalrv_2011	negative	FungalRV-negative-dataset-2644seq.fasta	2321	gi|239594172|gb|EEQ76753.1| adenylate kinase [Ajellomyces dermatitidis SLH14081]	239594172	242
fungalrv2011_neg_2322	fungalrv_2011	negative	FungalRV-negative-dataset-2644seq.fasta	2322	gi|239587803|gb|EEQ70446.1| riboflavin kinase [Ajellomyces dermatitidis SLH14081]	239587803	241
fungalrv2011_neg_2323	fungalrv_2011	negative	FungalRV-negative-dataset-2644seq.fasta	2323	gi|239595632|gb|EEQ78213.1| phosphoribulokinase/uridine kinase [Ajellomyces dermatitidis SLH14081]	239595632	237
fungalrv2011_neg_2324	fungalrv_2011	negative	FungalRV-negative-dataset-2644seq.fasta	2324	gi|239590555|gb|EEQ73136.1| thymidylate kinase [Ajellomyces dermatitidis SLH14081]	239590555	232
fungalrv2011_neg_2325	fungalrv_2011	negative	FungalRV-negative-dataset-2644seq.fasta	2325	gi|239586768|gb|EEQ69411.1| adenylsulfate kinase [Ajellomyces dermatitidis SLH14081]	239586768	218
fungalrv2011_neg_2326	fungalrv_2011	negative	FungalRV-negative-dataset-2644seq.fasta	2326	gi|239590550|gb|EEQ73131.1| nucleoside diphosphate kinase [Ajellomyces dermatitidis SLH14081]	239590550	152
fungalrv2011_neg_2327	fungalrv_2011	negative	FungalRV-negative-dataset-2644seq.fasta	2327	gi|239613012|gb|EEQ89999.1| phosphotidylinositol kinase Tel1 [Ajellomyces dermatitidis ER-3]	239613012	2872
fungalrv2011_neg_2328	fungalrv_2011	negative	FungalRV-negative-dataset-2644seq.fasta	2328	gi|239586608|gb|EEQ69251.1| serine threonine protein kinase [Ajellomyces dermatitidis SLH14081]	239586608	2221
fungalrv2011_neg_2329	fungalrv_2011	negative	FungalRV-negative-dataset-2644seq.fasta	2329	gi|239608355|gb|EEQ85342.1| serine threonine protein kinase [Ajellomyces dermatitidis ER-3]	239608355	2221
fungalrv2011_neg_2330	fungalrv_2011	negative	FungalRV-negative-dataset-2644seq.fasta	2330	gi|239593771|gb|EEQ76352.1| mitogen activated protein kinase kinase kinase 3 [Ajellomyces dermatitidis SLH14081]	239593771	1637
fungalrv2011_neg_2331	fungalrv_2011	negative	FungalRV-negative-dataset-2644seq.fasta	2331	gi|239588688|gb|EEQ71331.1| protein kinase [Ajellomyces dermatitidis SLH14081]	239588688	1628
fungalrv2011_neg_2332	fungalrv_2011	negative	FungalRV-negative-dataset-2644seq.fasta	2332	gi|239613990|gb|EEQ90977.1| protein kinase [Ajellomyces dermatitidis ER-3]	239613990	1628
fungalrv2011_neg_2333	fungalrv_2011	negative	FungalRV-negative-dataset-2644seq.fasta	2333	gi|239607356|gb|EEQ84343.1| MAP kinase kinase kinase [Ajellomyces dermatitidis ER-3]	239607356	1613
fungalrv2011_neg_2334	fungalrv_2011	negative	FungalRV-negative-dataset-2644seq.fasta	2334	gi|239610069|gb|EEQ87056.1| protein kinase [Ajellomyces dermatitidis ER-3]	239610069	1567
fungalrv2011_neg_2335	fungalrv_2011	negative	FungalRV-negative-dataset-2644seq.fasta	2335	gi|239594810|gb|EEQ77391.1| protein kinase [Ajellomyces dermatitidis SLH14081]	239594810	1557
fungalrv2011_neg_2336	fungalrv_2011	negative	FungalRV-negative-dataset-2644seq.fasta	2336	gi|239590766|gb|EEQ73347.1| inositol hexaphosphate kinase KCS1 [Ajellomyces dermatitidis SLH14081]	239590766	1500
fungalrv2011_neg_2337	fungalrv_2011	negative	FungalRV-negative-dataset-2644seq.fasta	2337	gi|239612486|gb|EEQ89473.1| inositol hexaphosphate kinase KCS1 [Ajellomyces dermatitidis ER-3]	239612486	1500
fungalrv2011_neg_2338	fungalrv_2011	negative	FungalRV-negative-dataset-2644seq.fasta	2338	gi|239613875|gb|EEQ90862.1| dual specificity tyrosine-phosphorylation regulated kinase 2 [Ajellomyces dermatitidis ER-3]	239613875	1470
fungalrv2011_neg_2339	fungalrv_2011	negative	FungalRV-negative-dataset-2644seq.fasta	2339	gi|239595977|gb|EEQ78558.1| serine/threonin protein kinase [Ajellomyces dermatitidis SLH14081]	239595977	1385
fungalrv2011_neg_2340	fungalrv_2011	negative	FungalRV-negative-dataset-2644seq.fasta	2340	gi|239608182|gb|EEQ85169.1| MAP kinase kinase kinase SskB [Ajellomyces dermatitidis ER-3]	239608182	1378
fungalrv2011_neg_2341	fungalrv_2011	negative	FungalRV-negative-dataset-2644seq.fasta	2341	gi|239612311|gb|EEQ89298.1| serine/threonine protein kinase Japonica Group [Ajellomyces dermatitidis ER-3]	239612311	1358
fungalrv2011_neg_2342	fungalrv_2011	negative	FungalRV-negative-dataset-2644seq.fasta	2342	gi|239586785|gb|EEQ69428.1| MAP kinase kinase kinase SskB [Ajellomyces dermatitidis SLH14081]	239586785	1346
fungalrv2011_neg_2343	fungalrv_2011	negative	FungalRV-negative-dataset-2644seq.fasta	2343	gi|239610165|gb|EEQ87152.1| serine/threonine protein kinase [Ajellomyces dermatitidis ER-3]	239610165	1309
fungalrv2011_neg_2344	fungalrv_2011	negative	FungalRV-negative-dataset-2644seq.fasta	2344	gi|239589297|gb|EEQ71940.1| serine/threonine protein kinase [Ajellomyces dermatitidis SLH14081]	239589297	1297
fungalrv2011_neg_2345	fungalrv_2011	negative	FungalRV-negative-dataset-2644seq.fasta	2345	gi|239596142|gb|EEQ78723.1| DRK1 histidine kinase [Ajellomyces dermatitidis SLH14081]	239596142	1287
fungalrv2011_neg_2346	fungalrv_2011	negative	FungalRV-negative-dataset-2644seq.fasta	2346	gi|239609727|gb|EEQ86714.1| DRK1 histidine kinase [Ajellomyces dermatitidis ER-3]	239609727	1287
fungalrv2011_neg_2347	fungalrv_2011	negative	FungalRV-negative-dataset-2644seq.fasta	2347	gi|239592956|gb|EEQ75537.1| serine/threonine-protein kinase ssp1 [Ajellomyces dermatitidis SLH14081]	239592956	1275
fungalrv2011_neg_2348	fungalrv_2011	negative	FungalRV-negative-dataset-2644seq.fasta	2348	gi|239610869|gb|EEQ87856.1| serine/threonine-protein kinase ssp1 [Ajellomyces dermatitidis ER-3]	239610869	1275
fungalrv2011_neg_2349	fungalrv_2011	negative	FungalRV-negative-dataset-2644seq.fasta	2349	gi|93609097|gb|ABF13477.1| DRK1 histidine kinase [Ajellomyces dermatitidis]	93609097	1274
fungalrv2011_neg_2350	fungalrv_2011	negative	FungalRV-negative-dataset-2644seq.fasta	2350	gi|239594418|gb|EEQ76999.1| checkpoint protein kinase [Ajellomyces dermatitidis SLH14081]	239594418	1271
fungalrv2011_neg_2351	fungalrv_2011	negative	FungalRV-negative-dataset-2644seq.fasta	2351	gi|239615589|gb|EEQ92576.1| checkpoint protein kinase [Ajellomyces dermatitidis ER-3]	239615589	1235
fungalrv2011_neg_2352	fungalrv_2011	negative	FungalRV-negative-dataset-2644seq.fasta	2352	gi|239606464|gb|EEQ83451.1| protein kinase [Ajellomyces dermatitidis ER-3]	239606464	1203
fungalrv2011_neg_2353	fungalrv_2011	negative	FungalRV-negative-dataset-2644seq.fasta	2353	gi|239591620|gb|EEQ74201.1| serine/threonine protein kinase [Ajellomyces dermatitidis SLH14081]	239591620	1200
fungalrv2011_neg_2354	fungalrv_2011	negative	FungalRV-negative-dataset-2644seq.fasta	2354	gi|239595063|gb|EEQ77644.1| serine/threonine-protein kinase [Ajellomyces dermatitidis SLH14081]	239595063	1161
fungalrv2011_neg_2355	fungalrv_2011	negative	FungalRV-negative-dataset-2644seq.fasta	2355	gi|239609824|gb|EEQ86811.1| protein kinase and ribonuclease Ire1 [Ajellomyces dermatitidis ER-3]	239609824	1161
fungalrv2011_neg_2356	fungalrv_2011	negative	FungalRV-negative-dataset-2644seq.fasta	2356	gi|239595732|gb|EEQ78313.1| serine/threonine protein kinase [Ajellomyces dermatitidis SLH14081]	239595732	1135
fungalrv2011_neg_2357	fungalrv_2011	negative	FungalRV-negative-dataset-2644seq.fasta	2357	gi|239606723|gb|EEQ83710.1| serine/threonine protein kinase [Ajellomyces dermatitidis ER-3]	239606723	1135
fungalrv2011_neg_2358	fungalrv_2011	negative	FungalRV-negative-dataset-2644seq.fasta	2358	gi|239612849|gb|EEQ89836.1| serine/threonine protein kinase [Ajellomyces dermatitidis ER-3]	239612849	1130
fungalrv2011_neg_2359	fungalrv_2011	negative	FungalRV-negative-dataset-2644seq.fasta	2359	gi|239592770|gb|EEQ75351.1| serine/threonine protein kinase [Ajellomyces dermatitidis SLH14081]	239592770	1126
fungalrv2011_neg_2360	fungalrv_2011	negative	FungalRV-negative-dataset-2644seq.fasta	2360	gi|239611071|gb|EEQ88058.1| serine/threonine protein kinase [Ajellomyces dermatitidis ER-3]	239611071	1126
fungalrv2011_neg_2361	fungalrv_2011	negative	FungalRV-negative-dataset-2644seq.fasta	2361	gi|239615023|gb|EEQ92010.1| protein kinase Yak1 [Ajellomyces dermatitidis ER-3]	239615023	1079
fungalrv2011_neg_2362	fungalrv_2011	negative	FungalRV-negative-dataset-2644seq.fasta	2362	gi|239590597|gb|EEQ73178.1| protein kinase [Ajellomyces dermatitidis SLH14081]	239590597	1076
fungalrv2011_neg_2363	fungalrv_2011	negative	FungalRV-negative-dataset-2644seq.fasta	2363	gi|239612322|gb|EEQ89309.1| protein kinase [Ajellomyces dermatitidis ER-3]	239612322	1076
fungalrv2011_neg_2364	fungalrv_2011	negative	FungalRV-negative-dataset-2644seq.fasta	2364	gi|239586799|gb|EEQ69442.1| serine/threonine protein kinase Kin1 [Ajellomyces dermatitidis SLH14081]	239586799	1073
fungalrv2011_neg_2365	fungalrv_2011	negative	FungalRV-negative-dataset-2644seq.fasta	2365	gi|239587209|gb|EEQ69852.1| protein kinase domain-containing protein [Ajellomyces dermatitidis SLH14081]	239587209	1053
fungalrv2011_neg_2366	fungalrv_2011	negative	FungalRV-negative-dataset-2644seq.fasta	2366	gi|239586565|gb|EEQ69208.1| protein kinase [Ajellomyces dermatitidis SLH14081]	239586565	1038
fungalrv2011_neg_2367	fungalrv_2011	negative	FungalRV-negative-dataset-2644seq.fasta	2367	gi|239608398|gb|EEQ85385.1| protein kinase [Ajellomyces dermatitidis ER-3]	239608398	1038
fungalrv2011_neg_2368	fungalrv_2011	negative	FungalRV-negative-dataset-2644seq.fasta	2368	gi|239614343|gb|EEQ91330.1| serine/threonine protein kinase [Ajellomyces dermatitidis ER-3]	239614343	1012
fungalrv2011_neg_2369	fungalrv_2011	negative	FungalRV-negative-dataset-2644seq.fasta	2369	gi|239614244|gb|EEQ91231.1| protein kinase domain-containing protein [Ajellomyces dermatitidis ER-3]	239614244	991
fungalrv2011_neg_2370	fungalrv_2011	negative	FungalRV-negative-dataset-2644seq.fasta	2370	gi|239589324|gb|EEQ71967.1| serine/threonine protein kinase [Ajellomyces dermatitidis SLH14081]	239589324	986
fungalrv2011_neg_2371	fungalrv_2011	negative	FungalRV-negative-dataset-2644seq.fasta	2371	gi|239615044|gb|EEQ92031.1| serine/threonine protein kinase [Ajellomyces dermatitidis ER-3]	239615044	985
fungalrv2011_neg_2372	fungalrv_2011	negative	FungalRV-negative-dataset-2644seq.fasta	2372	gi|239595814|gb|EEQ78395.1| serine/threonine protein kinase [Ajellomyces dermatitidis SLH14081]	239595814	984
fungalrv2011_neg_2373	fungalrv_2011	negative	FungalRV-negative-dataset-2644seq.fasta	2373	gi|239606811|gb|EEQ83798.1| serine/threonine protein kinase [Ajellomyces dermatitidis ER-3]	239606811	974
fungalrv2011_neg_2374	fungalrv_2011	negative	FungalRV-negative-dataset-2644seq.fasta	2374	gi|239608167|gb|EEQ85154.1| serine/threonine protein kinase Kin1 [Ajellomyces dermatitidis ER-3]	239608167	956
fungalrv2011_neg_2375	fungalrv_2011	negative	FungalRV-negative-dataset-2644seq.fasta	2375	gi|239606548|gb|EEQ83535.1| protein kinase Scy1 [Ajellomyces dermatitidis ER-3]	239606548	928
fungalrv2011_neg_2376	fungalrv_2011	negative	FungalRV-negative-dataset-2644seq.fasta	2376	gi|239594760|gb|EEQ77341.1| MAPKK kinase [Ajellomyces dermatitidis SLH14081]	239594760	926
fungalrv2011_neg_2377	fungalrv_2011	negative	FungalRV-negative-dataset-2644seq.fasta	2377	gi|239610118|gb|EEQ87105.1| MAPKK kinase [Ajellomyces dermatitidis ER-3]	239610118	926
fungalrv2011_neg_2378	fungalrv_2011	negative	FungalRV-negative-dataset-2644seq.fasta	2378	gi|239593436|gb|EEQ76017.1| protein kinase Yak1 [Ajellomyces dermatitidis SLH14081]	239593436	923
fungalrv2011_neg_2379	fungalrv_2011	negative	FungalRV-negative-dataset-2644seq.fasta	2379	gi|239595545|gb|EEQ78126.1| protein kinase Scy1 [Ajellomyces dermatitidis SLH14081]	239595545	909
fungalrv2011_neg_2380	fungalrv_2011	negative	FungalRV-negative-dataset-2644seq.fasta	2380	gi|239611659|gb|EEQ88646.1| protein kinase [Ajellomyces dermatitidis ER-3]	239611659	906
fungalrv2011_neg_2381	fungalrv_2011	negative	FungalRV-negative-dataset-2644seq.fasta	2381	gi|239587105|gb|EEQ69748.1| serine/threonine protein kinase [Ajellomyces dermatitidis SLH14081]	239587105	902
fungalrv2011_neg_2382	fungalrv_2011	negative	FungalRV-negative-dataset-2644seq.fasta	2382	gi|239591689|gb|EEQ74270.1| serine/threonine protein kinase [Ajellomyces dermatitidis SLH14081]	239591689	893
fungalrv2011_neg_2383	fungalrv_2011	negative	FungalRV-negative-dataset-2644seq.fasta	2383	gi|239606939|gb|EEQ83926.1| serine/threonine-protein kinase sck1 [Ajellomyces dermatitidis ER-3]	239606939	879
fungalrv2011_neg_2384	fungalrv_2011	negative	FungalRV-negative-dataset-2644seq.fasta	2384	gi|239610485|gb|EEQ87472.1| stress activated MAP kinase interacting protein [Ajellomyces dermatitidis ER-3]	239610485	877
fungalrv2011_neg_2385	fungalrv_2011	negative	FungalRV-negative-dataset-2644seq.fasta	2385	gi|239588500|gb|EEQ71143.1| serine/threonine-protein kinase sck1 [Ajellomyces dermatitidis SLH14081]	239588500	876
fungalrv2011_neg_2386	fungalrv_2011	negative	FungalRV-negative-dataset-2644seq.fasta	2386	gi|239609556|gb|EEQ86543.1| serine/threonin protein kinase [Ajellomyces dermatitidis ER-3]	239609556	872
fungalrv2011_neg_2387	fungalrv_2011	negative	FungalRV-negative-dataset-2644seq.fasta	2387	gi|239587477|gb|EEQ70120.1| serine/threonine-protein kinase Sgk2 [Ajellomyces dermatitidis SLH14081]	239587477	864
fungalrv2011_neg_2388	fungalrv_2011	negative	FungalRV-negative-dataset-2644seq.fasta	2388	gi|239615720|gb|EEQ92707.1| serine/threonine kinase Ste20 [Ajellomyces dermatitidis ER-3]	239615720	861
fungalrv2011_neg_2389	fungalrv_2011	negative	FungalRV-negative-dataset-2644seq.fasta	2389	gi|239595426|gb|EEQ78007.1| serine/threonine kinase Ste20 [Ajellomyces dermatitidis SLH14081]	239595426	860
fungalrv2011_neg_2390	fungalrv_2011	negative	FungalRV-negative-dataset-2644seq.fasta	2390	gi|239592976|gb|EEQ75557.1| serine/threonine-protein kinase Sgk2 [Ajellomyces dermatitidis SLH14081]	239592976	852
fungalrv2011_neg_2391	fungalrv_2011	negative	FungalRV-negative-dataset-2644seq.fasta	2391	gi|239610846|gb|EEQ87833.1| serine/threonine-protein kinase Sgk2 [Ajellomyces dermatitidis ER-3]	239610846	852
fungalrv2011_neg_2392	fungalrv_2011	negative	FungalRV-negative-dataset-2644seq.fasta	2392	gi|239593842|gb|EEQ76423.1| serine/threonine protein kinase [Ajellomyces dermatitidis SLH14081]	239593842	837
fungalrv2011_neg_2393	fungalrv_2011	negative	FungalRV-negative-dataset-2644seq.fasta	2393	gi|239607285|gb|EEQ84272.1| serine/threonine protein kinase [Ajellomyces dermatitidis ER-3]	239607285	837
fungalrv2011_neg_2394	fungalrv_2011	negative	FungalRV-negative-dataset-2644seq.fasta	2394	gi|239595495|gb|EEQ78076.1| protein kinase [Ajellomyces dermatitidis SLH14081]	239595495	827
fungalrv2011_neg_2395	fungalrv_2011	negative	FungalRV-negative-dataset-2644seq.fasta	2395	gi|239607879|gb|EEQ84866.1| protein kinase [Ajellomyces dermatitidis ER-3]	239607879	827
fungalrv2011_neg_2396	fungalrv_2011	negative	FungalRV-negative-dataset-2644seq.fasta	2396	gi|239607446|gb|EEQ84433.1| protein kinase [Ajellomyces dermatitidis ER-3]	239607446	821
fungalrv2011_neg_2397	fungalrv_2011	negative	FungalRV-negative-dataset-2644seq.fasta	2397	gi|239614429|gb|EEQ91416.1| serine/threonine-protein kinase Sgk2 [Ajellomyces dermatitidis ER-3]	239614429	821
fungalrv2011_neg_2398	fungalrv_2011	negative	FungalRV-negative-dataset-2644seq.fasta	2398	gi|239587810|gb|EEQ70453.1| carbohydrate kinase [Ajellomyces dermatitidis SLH14081]	239587810	818
fungalrv2011_neg_2399	fungalrv_2011	negative	FungalRV-negative-dataset-2644seq.fasta	2399	gi|239595942|gb|EEQ78523.1| serine/threonine-protein kinase Sgk2 [Ajellomyces dermatitidis SLH14081]	239595942	816
fungalrv2011_neg_2400	fungalrv_2011	negative	FungalRV-negative-dataset-2644seq.fasta	2400	gi|239609518|gb|EEQ86505.1| serine/threonine-protein kinase Sgk2 [Ajellomyces dermatitidis ER-3]	239609518	816
fungalrv2011_neg_2401	fungalrv_2011	negative	FungalRV-negative-dataset-2644seq.fasta	2401	gi|239587541|gb|EEQ70184.1| 5'-AMP-activated protein kinase [Ajellomyces dermatitidis SLH14081]	239587541	815
fungalrv2011_neg_2402	fungalrv_2011	negative	FungalRV-negative-dataset-2644seq.fasta	2402	gi|239614492|gb|EEQ91479.1| 5'-AMP-activated protein kinase [Ajellomyces dermatitidis ER-3]	239614492	815
fungalrv2011_neg_2403	fungalrv_2011	negative	FungalRV-negative-dataset-2644seq.fasta	2403	gi|239593677|gb|EEQ76258.1| protein kinase [Ajellomyces dermatitidis SLH14081]	239593677	814
fungalrv2011_neg_2404	fungalrv_2011	negative	FungalRV-negative-dataset-2644seq.fasta	2404	gi|239606863|gb|EEQ83850.1| serine/threonine-protein kinase prp4 [Ajellomyces dermatitidis ER-3]	239606863	812
fungalrv2011_neg_2405	fungalrv_2011	negative	FungalRV-negative-dataset-2644seq.fasta	2405	gi|239592272|gb|EEQ74853.1| checkpoint protein kinase [Ajellomyces dermatitidis SLH14081]	239592272	811
fungalrv2011_neg_2406	fungalrv_2011	negative	FungalRV-negative-dataset-2644seq.fasta	2406	gi|239611574|gb|EEQ88561.1| checkpoint protein kinase [Ajellomyces dermatitidis ER-3]	239611574	811
fungalrv2011_neg_2407	fungalrv_2011	negative	FungalRV-negative-dataset-2644seq.fasta	2407	gi|239589819|gb|EEQ72462.1| serine/threonine-protein kinase Sgk2 [Ajellomyces dermatitidis SLH14081]	239589819	808
fungalrv2011_neg_2408	fungalrv_2011	negative	FungalRV-negative-dataset-2644seq.fasta	2408	gi|239608963|gb|EEQ85950.1| calcium/calmodulin dependent protein kinase [Ajellomyces dermatitidis ER-3]	239608963	808
fungalrv2011_neg_2409	fungalrv_2011	negative	FungalRV-negative-dataset-2644seq.fasta	2409	gi|239591723|gb|EEQ74304.1| calcium/calmodulin dependent protein kinase [Ajellomyces dermatitidis SLH14081]	239591723	806
fungalrv2011_neg_2410	fungalrv_2011	negative	FungalRV-negative-dataset-2644seq.fasta	2410	gi|239615523|gb|EEQ92510.1| meiosis induction protein kinase [Ajellomyces dermatitidis ER-3]	239615523	805
fungalrv2011_neg_2411	fungalrv_2011	negative	FungalRV-negative-dataset-2644seq.fasta	2411	gi|239594019|gb|EEQ76600.1| serine/threonine-protein kinase Sgk2 [Ajellomyces dermatitidis SLH14081]	239594019	803
fungalrv2011_neg_2412	fungalrv_2011	negative	FungalRV-negative-dataset-2644seq.fasta	2412	gi|239607107|gb|EEQ84094.1| serine/threonine-protein kinase Sgk2 [Ajellomyces dermatitidis ER-3]	239607107	803
fungalrv2011_neg_2413	fungalrv_2011	negative	FungalRV-negative-dataset-2644seq.fasta	2413	gi|239615506|gb|EEQ92493.1| serine/threonine-protein kinase Sgk2 [Ajellomyces dermatitidis ER-3]	239615506	802
fungalrv2011_neg_2414	fungalrv_2011	negative	FungalRV-negative-dataset-2644seq.fasta	2414	gi|239611027|gb|EEQ88014.1| serine/threonine-protein kinase Sgk2 [Ajellomyces dermatitidis ER-3]	239611027	799
fungalrv2011_neg_2415	fungalrv_2011	negative	FungalRV-negative-dataset-2644seq.fasta	2415	gi|239587883|gb|EEQ70526.1| serine/threonine-protein kinase cbk1 [Ajellomyces dermatitidis SLH14081]	239587883	797
fungalrv2011_neg_2416	fungalrv_2011	negative	FungalRV-negative-dataset-2644seq.fasta	2416	gi|239610628|gb|EEQ87615.1| protein kinase [Ajellomyces dermatitidis ER-3]	239610628	797
fungalrv2011_neg_2417	fungalrv_2011	negative	FungalRV-negative-dataset-2644seq.fasta	2417	gi|239589792|gb|EEQ72435.1| serine/threonine-protein kinase prp4 [Ajellomyces dermatitidis SLH14081]	239589792	796
fungalrv2011_neg_2418	fungalrv_2011	negative	FungalRV-negative-dataset-2644seq.fasta	2418	gi|239592748|gb|EEQ75329.1| protein kinase [Ajellomyces dermatitidis SLH14081]	239592748	792
fungalrv2011_neg_2419	fungalrv_2011	negative	FungalRV-negative-dataset-2644seq.fasta	2419	gi|239611092|gb|EEQ88079.1| protein kinase [Ajellomyces dermatitidis ER-3]	239611092	792
fungalrv2011_neg_2420	fungalrv_2011	negative	FungalRV-negative-dataset-2644seq.fasta	2420	gi|239594357|gb|EEQ76938.1| meiosis induction protein kinase [Ajellomyces dermatitidis SLH14081]	239594357	764
fungalrv2011_neg_2421	fungalrv_2011	negative	FungalRV-negative-dataset-2644seq.fasta	2421	gi|239588968|gb|EEQ71611.1| protein kinase [Ajellomyces dermatitidis SLH14081]	239588968	762
fungalrv2011_neg_2422	fungalrv_2011	negative	FungalRV-negative-dataset-2644seq.fasta	2422	gi|239592809|gb|EEQ75390.1| serine/threonine-protein kinase Sgk2 [Ajellomyces dermatitidis SLH14081]	239592809	761
fungalrv2011_neg_2423	fungalrv_2011	negative	FungalRV-negative-dataset-2644seq.fasta	2423	gi|239592182|gb|EEQ74763.1| protein kinase [Ajellomyces dermatitidis SLH14081]	239592182	755
fungalrv2011_neg_2424	fungalrv_2011	negative	FungalRV-negative-dataset-2644seq.fasta	2424	gi|239614879|gb|EEQ91866.1| serine/threonine-protein kinase 24 [Ajellomyces dermatitidis ER-3]	239614879	748
fungalrv2011_neg_2425	fungalrv_2011	negative	FungalRV-negative-dataset-2644seq.fasta	2425	gi|239591193|gb|EEQ73774.1| serine/threonine-protein kinase 24 [Ajellomyces dermatitidis SLH14081]	239591193	736
fungalrv2011_neg_2426	fungalrv_2011	negative	FungalRV-negative-dataset-2644seq.fasta	2426	gi|239591782|gb|EEQ74363.1| G2-specific protein kinase nimA [Ajellomyces dermatitidis SLH14081]	239591782	722
fungalrv2011_neg_2427	fungalrv_2011	negative	FungalRV-negative-dataset-2644seq.fasta	2427	gi|239614700|gb|EEQ91687.1| G2-specific protein kinase nimA [Ajellomyces dermatitidis ER-3]	239614700	722
fungalrv2011_neg_2428	fungalrv_2011	negative	FungalRV-negative-dataset-2644seq.fasta	2428	gi|239587089|gb|EEQ69732.1| protein kinase [Ajellomyces dermatitidis SLH14081]	239587089	699
fungalrv2011_neg_2429	fungalrv_2011	negative	FungalRV-negative-dataset-2644seq.fasta	2429	gi|239614358|gb|EEQ91345.1| protein kinase [Ajellomyces dermatitidis ER-3]	239614358	699
fungalrv2011_neg_2430	fungalrv_2011	negative	FungalRV-negative-dataset-2644seq.fasta	2430	gi|239590316|gb|EEQ72897.1| serine/threonine protein kinase [Ajellomyces dermatitidis SLH14081]	239590316	687
fungalrv2011_neg_2431	fungalrv_2011	negative	FungalRV-negative-dataset-2644seq.fasta	2431	gi|239612026|gb|EEQ89013.1| serine/threonine protein kinase [Ajellomyces dermatitidis ER-3]	239612026	687
fungalrv2011_neg_2432	fungalrv_2011	negative	FungalRV-negative-dataset-2644seq.fasta	2432	gi|239589910|gb|EEQ72553.1| dual specificity mitogen-activated protein kinase kinase dSOR1 [Ajellomyces dermatitidis SLH14081]	239589910	672
fungalrv2011_neg_2433	fungalrv_2011	negative	FungalRV-negative-dataset-2644seq.fasta	2433	gi|239612684|gb|EEQ89671.1| dual specificity mitogen-activated protein kinase kinase dSOR1 [Ajellomyces dermatitidis ER-3]	239612684	672
fungalrv2011_neg_2434	fungalrv_2011	negative	FungalRV-negative-dataset-2644seq.fasta	2434	gi|239592065|gb|EEQ74646.1| serine/threonine-protein kinase chk2 [Ajellomyces dermatitidis SLH14081]	239592065	668
fungalrv2011_neg_2435	fungalrv_2011	negative	FungalRV-negative-dataset-2644seq.fasta	2435	gi|239589984|gb|EEQ72627.1| protein kinase [Ajellomyces dermatitidis SLH14081]	239589984	662
fungalrv2011_neg_2436	fungalrv_2011	negative	FungalRV-negative-dataset-2644seq.fasta	2436	gi|239612608|gb|EEQ89595.1| protein kinase [Ajellomyces dermatitidis ER-3]	239612608	662
fungalrv2011_neg_2437	fungalrv_2011	negative	FungalRV-negative-dataset-2644seq.fasta	2437	gi|239614181|gb|EEQ91168.1| NAD+ kinase Utr1 [Ajellomyces dermatitidis ER-3]	239614181	660
fungalrv2011_neg_2438	fungalrv_2011	negative	FungalRV-negative-dataset-2644seq.fasta	2438	gi|239587280|gb|EEQ69923.1| NAD+ kinase Utr1 [Ajellomyces dermatitidis SLH14081]	239587280	659
fungalrv2011_neg_2439	fungalrv_2011	negative	FungalRV-negative-dataset-2644seq.fasta	2439	gi|239589546|gb|EEQ72189.1| protein kinase [Ajellomyces dermatitidis SLH14081]	239589546	656
fungalrv2011_neg_2440	fungalrv_2011	negative	FungalRV-negative-dataset-2644seq.fasta	2440	gi|239611770|gb|EEQ88757.1| serine/threonine-protein kinase chk2 [Ajellomyces dermatitidis ER-3]	239611770	656
fungalrv2011_neg_2441	fungalrv_2011	negative	FungalRV-negative-dataset-2644seq.fasta	2441	gi|239613620|gb|EEQ90607.1| protein kinase [Ajellomyces dermatitidis ER-3]	239613620	652
fungalrv2011_neg_2442	fungalrv_2011	negative	FungalRV-negative-dataset-2644seq.fasta	2442	gi|239613718|gb|EEQ90705.1| protein kinase [Ajellomyces dermatitidis ER-3]	239613718	639
fungalrv2011_neg_2443	fungalrv_2011	negative	FungalRV-negative-dataset-2644seq.fasta	2443	gi|239588529|gb|EEQ71172.1| serine/threonine protein kinase [Ajellomyces dermatitidis SLH14081]	239588529	637
fungalrv2011_neg_2444	fungalrv_2011	negative	FungalRV-negative-dataset-2644seq.fasta	2444	gi|239606900|gb|EEQ83887.1| serine/threonine protein kinase [Ajellomyces dermatitidis ER-3]	239606900	637
fungalrv2011_neg_2445	fungalrv_2011	negative	FungalRV-negative-dataset-2644seq.fasta	2445	gi|239596147|gb|EEQ78728.1| calcium/calmodulin-dependent protein kinase [Ajellomyces dermatitidis SLH14081]	239596147	636
fungalrv2011_neg_2446	fungalrv_2011	negative	FungalRV-negative-dataset-2644seq.fasta	2446	gi|239609732|gb|EEQ86719.1| calcium/calmodulin-dependent protein kinase [Ajellomyces dermatitidis ER-3]	239609732	636
fungalrv2011_neg_2447	fungalrv_2011	negative	FungalRV-negative-dataset-2644seq.fasta	2447	gi|239613009|gb|EEQ89996.1| dihydroxyacetone kinase [Ajellomyces dermatitidis ER-3]	239613009	620
fungalrv2011_neg_2448	fungalrv_2011	negative	FungalRV-negative-dataset-2644seq.fasta	2448	gi|239612772|gb|EEQ89759.1| serine/threonine-protein kinase Sgk2 [Ajellomyces dermatitidis ER-3]	239612772	619
fungalrv2011_neg_2449	fungalrv_2011	negative	FungalRV-negative-dataset-2644seq.fasta	2449	gi|239594340|gb|EEQ76921.1| serine/threonine-protein kinase Sgk2 [Ajellomyces dermatitidis SLH14081]	239594340	616
fungalrv2011_neg_2450	fungalrv_2011	negative	FungalRV-negative-dataset-2644seq.fasta	2450	gi|239589533|gb|EEQ72176.1| protein kinase activator Bem1 [Ajellomyces dermatitidis SLH14081]	239589533	613
fungalrv2011_neg_2451	fungalrv_2011	negative	FungalRV-negative-dataset-2644seq.fasta	2451	gi|239615249|gb|EEQ92236.1| protein kinase activator Bem1 [Ajellomyces dermatitidis ER-3]	239615249	610
fungalrv2011_neg_2452	fungalrv_2011	negative	FungalRV-negative-dataset-2644seq.fasta	2452	gi|239590734|gb|EEQ73315.1| Mst3-like protein kinase [Ajellomyces dermatitidis SLH14081]	239590734	607
fungalrv2011_neg_2453	fungalrv_2011	negative	FungalRV-negative-dataset-2644seq.fasta	2453	gi|239612453|gb|EEQ89440.1| Mst3-like protein kinase [Ajellomyces dermatitidis ER-3]	239612453	607
fungalrv2011_neg_2454	fungalrv_2011	negative	FungalRV-negative-dataset-2644seq.fasta	2454	gi|239608168|gb|EEQ85155.1| serine/threonine-protein kinase Sgk2 [Ajellomyces dermatitidis ER-3]	239608168	598
fungalrv2011_neg_2455	fungalrv_2011	negative	FungalRV-negative-dataset-2644seq.fasta	2455	gi|239591460|gb|EEQ74041.1| dihydroxyacetone kinase [Ajellomyces dermatitidis SLH14081]	239591460	597
fungalrv2011_neg_2456	fungalrv_2011	negative	FungalRV-negative-dataset-2644seq.fasta	2456	gi|239593263|gb|EEQ75844.1| cyclin-dependent protein kinase complex component [Ajellomyces dermatitidis SLH14081]	239593263	592
fungalrv2011_neg_2457	fungalrv_2011	negative	FungalRV-negative-dataset-2644seq.fasta	2457	gi|239614942|gb|EEQ91929.1| cyclin-dependent protein kinase complex component [Ajellomyces dermatitidis ER-3]	239614942	592
fungalrv2011_neg_2458	fungalrv_2011	negative	FungalRV-negative-dataset-2644seq.fasta	2458	gi|239589037|gb|EEQ71680.1| protein kinase [Ajellomyces dermatitidis SLH14081]	239589037	589
fungalrv2011_neg_2459	fungalrv_2011	negative	FungalRV-negative-dataset-2644seq.fasta	2459	gi|239610484|gb|EEQ87471.1| cAMP-dependent protein kinase type 2 [Ajellomyces dermatitidis ER-3]	239610484	577
fungalrv2011_neg_2460	fungalrv_2011	negative	FungalRV-negative-dataset-2644seq.fasta	2460	gi|239588025|gb|EEQ70668.1| cAMP-dependent protein kinase type 2 [Ajellomyces dermatitidis SLH14081]	239588025	574
fungalrv2011_neg_2461	fungalrv_2011	negative	FungalRV-negative-dataset-2644seq.fasta	2461	gi|239615128|gb|EEQ92115.1| protein kinase C substrate [Ajellomyces dermatitidis ER-3]	239615128	568
fungalrv2011_neg_2462	fungalrv_2011	negative	FungalRV-negative-dataset-2644seq.fasta	2462	gi|239615260|gb|EEQ92247.1| protein kinase [Ajellomyces dermatitidis ER-3]	239615260	567
fungalrv2011_neg_2463	fungalrv_2011	negative	FungalRV-negative-dataset-2644seq.fasta	2463	gi|239587997|gb|EEQ70640.1| serine/threonine-protein kinase RIO1 [Ajellomyces dermatitidis SLH14081]	239587997	561
fungalrv2011_neg_2464	fungalrv_2011	negative	FungalRV-negative-dataset-2644seq.fasta	2464	gi|239610514|gb|EEQ87501.1| serine/threonine-protein kinase RIO1 [Ajellomyces dermatitidis ER-3]	239610514	561
fungalrv2011_neg_2465	fungalrv_2011	negative	FungalRV-negative-dataset-2644seq.fasta	2465	gi|239613232|gb|EEQ90219.1| serine/threonine-protein kinase bur-1 [Ajellomyces dermatitidis ER-3]	239613232	557
fungalrv2011_neg_2466	fungalrv_2011	negative	FungalRV-negative-dataset-2644seq.fasta	2466	gi|239592246|gb|EEQ74827.1| mevalonate kinase [Ajellomyces dermatitidis SLH14081]	239592246	556
fungalrv2011_neg_2467	fungalrv_2011	negative	FungalRV-negative-dataset-2644seq.fasta	2467	gi|239593135|gb|EEQ75716.1| protein kinase byr1 [Ajellomyces dermatitidis SLH14081]	239593135	555
fungalrv2011_neg_2468	fungalrv_2011	negative	FungalRV-negative-dataset-2644seq.fasta	2468	gi|239590862|gb|EEQ73443.1| serine/threonine-protein kinase [Ajellomyces dermatitidis SLH14081]	239590862	554
fungalrv2011_neg_2469	fungalrv_2011	negative	FungalRV-negative-dataset-2644seq.fasta	2469	gi|239611221|gb|EEQ88208.1| protein kinase domain-containing protein [Ajellomyces dermatitidis ER-3]	239611221	552
fungalrv2011_neg_2470	fungalrv_2011	negative	FungalRV-negative-dataset-2644seq.fasta	2470	gi|239606241|gb|EEQ83228.1| phosphomevalonate kinase [Ajellomyces dermatitidis ER-3]	239606241	551
fungalrv2011_neg_2471	fungalrv_2011	negative	FungalRV-negative-dataset-2644seq.fasta	2471	gi|239589592|gb|EEQ72235.1| glycerol kinase [Ajellomyces dermatitidis SLH14081]	239589592	549
fungalrv2011_neg_2472	fungalrv_2011	negative	FungalRV-negative-dataset-2644seq.fasta	2472	gi|239608666|gb|EEQ85653.1| glycerol kinase [Ajellomyces dermatitidis ER-3]	239608666	549
fungalrv2011_neg_2473	fungalrv_2011	negative	FungalRV-negative-dataset-2644seq.fasta	2473	gi|239611598|gb|EEQ88585.1| mevalonate kinase [Ajellomyces dermatitidis ER-3]	239611598	545
fungalrv2011_neg_2474	fungalrv_2011	negative	FungalRV-negative-dataset-2644seq.fasta	2474	gi|239613294|gb|EEQ90281.1| protein kinase byr1 [Ajellomyces dermatitidis ER-3]	239613294	536
fungalrv2011_neg_2475	fungalrv_2011	negative	FungalRV-negative-dataset-2644seq.fasta	2475	gi|239594087|gb|EEQ76668.1| pyruvate kinase [Ajellomyces dermatitidis SLH14081]	239594087	534
fungalrv2011_neg_2476	fungalrv_2011	negative	FungalRV-negative-dataset-2644seq.fasta	2476	gi|239594655|gb|EEQ77236.1| serine/threonine protein kinase [Ajellomyces dermatitidis SLH14081]	239594655	533
fungalrv2011_neg_2477	fungalrv_2011	negative	FungalRV-negative-dataset-2644seq.fasta	2477	gi|239608045|gb|EEQ85032.1| serine/threonine protein kinase [Ajellomyces dermatitidis ER-3]	239608045	533
fungalrv2011_neg_2478	fungalrv_2011	negative	FungalRV-negative-dataset-2644seq.fasta	2478	gi|239608482|gb|EEQ85469.1| pyruvate kinase [Ajellomyces dermatitidis ER-3]	239608482	530
fungalrv2011_neg_2479	fungalrv_2011	negative	FungalRV-negative-dataset-2644seq.fasta	2479	gi|239608121|gb|EEQ85108.1| mitogen-activated protein kinase [Ajellomyces dermatitidis ER-3]	239608121	521
fungalrv2011_neg_2480	fungalrv_2011	negative	FungalRV-negative-dataset-2644seq.fasta	2480	gi|239588853|gb|EEQ71496.1| glycerol kinase [Ajellomyces dermatitidis SLH14081]	239588853	510
fungalrv2011_neg_2481	fungalrv_2011	negative	FungalRV-negative-dataset-2644seq.fasta	2481	gi|239593430|gb|EEQ76011.1| phosphomethylpyrimidine kinase [Ajellomyces dermatitidis SLH14081]	239593430	510
fungalrv2011_neg_2482	fungalrv_2011	negative	FungalRV-negative-dataset-2644seq.fasta	2482	gi|239613823|gb|EEQ90810.1| glycerol kinase [Ajellomyces dermatitidis ER-3]	239613823	510
fungalrv2011_neg_2483	fungalrv_2011	negative	FungalRV-negative-dataset-2644seq.fasta	2483	gi|239595159|gb|EEQ77740.1| serine/threonine protein kinase [Ajellomyces dermatitidis SLH14081]	239595159	509
fungalrv2011_neg_2484	fungalrv_2011	negative	FungalRV-negative-dataset-2644seq.fasta	2484	gi|239592968|gb|EEQ75549.1| polynucleotide kinase [Ajellomyces dermatitidis SLH14081]	239592968	504
fungalrv2011_neg_2485	fungalrv_2011	negative	FungalRV-negative-dataset-2644seq.fasta	2485	gi|239610854|gb|EEQ87841.1| polynucleotide kinase [Ajellomyces dermatitidis ER-3]	239610854	504
fungalrv2011_neg_2486	fungalrv_2011	negative	FungalRV-negative-dataset-2644seq.fasta	2486	gi|239593088|gb|EEQ75669.1| phosphomevalonate kinase [Ajellomyces dermatitidis SLH14081]	239593088	502
fungalrv2011_neg_2487	fungalrv_2011	negative	FungalRV-negative-dataset-2644seq.fasta	2487	gi|239615017|gb|EEQ92004.1| phosphomethylpyrimidine kinase [Ajellomyces dermatitidis ER-3]	239615017	501
fungalrv2011_neg_2488	fungalrv_2011	negative	FungalRV-negative-dataset-2644seq.fasta	2488	gi|239612996|gb|EEQ89983.1| NAD+ kinase [Ajellomyces dermatitidis ER-3]	239612996	496
fungalrv2011_neg_2489	fungalrv_2011	negative	FungalRV-negative-dataset-2644seq.fasta	2489	gi|239593438|gb|EEQ76019.1| protein kinase [Ajellomyces dermatitidis SLH14081]	239593438	492
fungalrv2011_neg_2490	fungalrv_2011	negative	FungalRV-negative-dataset-2644seq.fasta	2490	gi|239615035|gb|EEQ92022.1| protein kinase [Ajellomyces dermatitidis ER-3]	239615035	481
fungalrv2011_neg_2491	fungalrv_2011	negative	FungalRV-negative-dataset-2644seq.fasta	2491	gi|239591473|gb|EEQ74054.1| NAD+ kinase [Ajellomyces dermatitidis SLH14081]	239591473	480
fungalrv2011_neg_2492	fungalrv_2011	negative	FungalRV-negative-dataset-2644seq.fasta	2492	gi|239613942|gb|EEQ90929.1| serine/threonine-protein kinase ssn3 [Ajellomyces dermatitidis ER-3]	239613942	480
fungalrv2011_neg_2493	fungalrv_2011	negative	FungalRV-negative-dataset-2644seq.fasta	2493	gi|239614105|gb|EEQ91092.1| pantothenate kinase [Ajellomyces dermatitidis ER-3]	239614105	480
fungalrv2011_neg_2494	fungalrv_2011	negative	FungalRV-negative-dataset-2644seq.fasta	2494	gi|239592982|gb|EEQ75563.1| serine/threonine protein kinase Cki1 [Ajellomyces dermatitidis SLH14081]	239592982	475
fungalrv2011_neg_2495	fungalrv_2011	negative	FungalRV-negative-dataset-2644seq.fasta	2495	gi|239591733|gb|EEQ74314.1| poly(p)/ATP NAD kinase [Ajellomyces dermatitidis SLH14081]	239591733	473
fungalrv2011_neg_2496	fungalrv_2011	negative	FungalRV-negative-dataset-2644seq.fasta	2496	gi|239608953|gb|EEQ85940.1| poly(p)/ATP NAD kinase [Ajellomyces dermatitidis ER-3]	239608953	473
fungalrv2011_neg_2497	fungalrv_2011	negative	FungalRV-negative-dataset-2644seq.fasta	2497	gi|239610842|gb|EEQ87829.1| casein kinase I isoform gamma-1 [Ajellomyces dermatitidis ER-3]	239610842	472
fungalrv2011_neg_2498	fungalrv_2011	negative	FungalRV-negative-dataset-2644seq.fasta	2498	gi|239590519|gb|EEQ73100.1| protein kinase domain-containing protein [Ajellomyces dermatitidis SLH14081]	239590519	466
fungalrv2011_neg_2499	fungalrv_2011	negative	FungalRV-negative-dataset-2644seq.fasta	2499	gi|239612245|gb|EEQ89232.1| protein kinase [Ajellomyces dermatitidis ER-3]	239612245	466
fungalrv2011_neg_2500	fungalrv_2011	negative	FungalRV-negative-dataset-2644seq.fasta	2500	gi|239587355|gb|EEQ69998.1| pantothenate kinase [Ajellomyces dermatitidis SLH14081]	239587355	465
fungalrv2011_neg_2501	fungalrv_2011	negative	FungalRV-negative-dataset-2644seq.fasta	2501	gi|239593418|gb|EEQ75999.1| tyrosine protein kinase:Serine/threonine protein kinase [Ajellomyces dermatitidis SLH14081]	239593418	461
fungalrv2011_neg_2502	fungalrv_2011	negative	FungalRV-negative-dataset-2644seq.fasta	2502	gi|239588366|gb|EEQ71009.1| serine/threonine protein kinase [Ajellomyces dermatitidis SLH14081]	239588366	450
fungalrv2011_neg_2503	fungalrv_2011	negative	FungalRV-negative-dataset-2644seq.fasta	2503	gi|239587409|gb|EEQ70052.1| protein kinase domain-containing protein [Ajellomyces dermatitidis SLH14081]	239587409	445
fungalrv2011_neg_2504	fungalrv_2011	negative	FungalRV-negative-dataset-2644seq.fasta	2504	gi|239614045|gb|EEQ91032.1| protein kinase domain-containing protein [Ajellomyces dermatitidis ER-3]	239614045	445
fungalrv2011_neg_2505	fungalrv_2011	negative	FungalRV-negative-dataset-2644seq.fasta	2505	gi|239595082|gb|EEQ77663.1| protein kinase [Ajellomyces dermatitidis SLH14081]	239595082	442
fungalrv2011_neg_2506	fungalrv_2011	negative	FungalRV-negative-dataset-2644seq.fasta	2506	gi|239595361|gb|EEQ77942.1| serine/threonine protein kinase [Ajellomyces dermatitidis SLH14081]	239595361	441
fungalrv2011_neg_2507	fungalrv_2011	negative	FungalRV-negative-dataset-2644seq.fasta	2507	gi|239607789|gb|EEQ84776.1| serine/threonine protein kinase [Ajellomyces dermatitidis ER-3]	239607789	441
fungalrv2011_neg_2508	fungalrv_2011	negative	FungalRV-negative-dataset-2644seq.fasta	2508	gi|239614735|gb|EEQ91722.1| protein kinase domain-containing protein [Ajellomyces dermatitidis ER-3]	239614735	440
fungalrv2011_neg_2509	fungalrv_2011	negative	FungalRV-negative-dataset-2644seq.fasta	2509	gi|239591817|gb|EEQ74398.1| protein kinase domain-containing protein [Ajellomyces dermatitidis SLH14081]	239591817	436
fungalrv2011_neg_2510	fungalrv_2011	negative	FungalRV-negative-dataset-2644seq.fasta	2510	gi|239592371|gb|EEQ74952.1| protein kinase domain-containing protein [Ajellomyces dermatitidis SLH14081]	239592371	433
fungalrv2011_neg_2511	fungalrv_2011	negative	FungalRV-negative-dataset-2644seq.fasta	2511	gi|239611471|gb|EEQ88458.1| protein kinase domain-containing protein [Ajellomyces dermatitidis ER-3]	239611471	433
fungalrv2011_neg_2512	fungalrv_2011	negative	FungalRV-negative-dataset-2644seq.fasta	2512	gi|239590990|gb|EEQ73571.1| glycerate kinase [Ajellomyces dermatitidis SLH14081]	239590990	432
fungalrv2011_neg_2513	fungalrv_2011	negative	FungalRV-negative-dataset-2644seq.fasta	2513	gi|239613097|gb|EEQ90084.1| glycerate kinase [Ajellomyces dermatitidis ER-3]	239613097	432
fungalrv2011_neg_2514	fungalrv_2011	negative	FungalRV-negative-dataset-2644seq.fasta	2514	gi|239595975|gb|EEQ78556.1| calcium/calmodulin-dependent protein kinase [Ajellomyces dermatitidis SLH14081]	239595975	431
fungalrv2011_neg_2515	fungalrv_2011	negative	FungalRV-negative-dataset-2644seq.fasta	2515	gi|239609554|gb|EEQ86541.1| calcium/calmodulin-dependent protein kinase [Ajellomyces dermatitidis ER-3]	239609554	431
fungalrv2011_neg_2516	fungalrv_2011	negative	FungalRV-negative-dataset-2644seq.fasta	2516	gi|239613358|gb|EEQ90345.1| protein kinase domain-containing protein [Ajellomyces dermatitidis ER-3]	239613358	431
fungalrv2011_neg_2517	fungalrv_2011	negative	FungalRV-negative-dataset-2644seq.fasta	2517	gi|239588733|gb|EEQ71376.1| serine/threonine-protein kinase ssn3 [Ajellomyces dermatitidis SLH14081]	239588733	430
fungalrv2011_neg_2518	fungalrv_2011	negative	FungalRV-negative-dataset-2644seq.fasta	2518	gi|239586747|gb|EEQ69390.1| ethanolamine kinase [Ajellomyces dermatitidis SLH14081]	239586747	428
fungalrv2011_neg_2519	fungalrv_2011	negative	FungalRV-negative-dataset-2644seq.fasta	2519	gi|239608222|gb|EEQ85209.1| ethanolamine kinase [Ajellomyces dermatitidis ER-3]	239608222	428
fungalrv2011_neg_2520	fungalrv_2011	negative	FungalRV-negative-dataset-2644seq.fasta	2520	gi|239592883|gb|EEQ75464.1| protein kinase domain-containing protein [Ajellomyces dermatitidis SLH14081]	239592883	426
fungalrv2011_neg_2521	fungalrv_2011	negative	FungalRV-negative-dataset-2644seq.fasta	2521	gi|239610692|gb|EEQ87679.1| protein kinase domain-containing protein [Ajellomyces dermatitidis ER-3]	239610692	425
fungalrv2011_neg_2522	fungalrv_2011	negative	FungalRV-negative-dataset-2644seq.fasta	2522	gi|239594985|gb|EEQ77566.1| protein kinase domain-containing protein [Ajellomyces dermatitidis SLH14081]	239594985	421
fungalrv2011_neg_2523	fungalrv_2011	negative	FungalRV-negative-dataset-2644seq.fasta	2523	gi|239613218|gb|EEQ90205.1| protein kinase domain-containing protein [Ajellomyces dermatitidis ER-3]	239613218	421
fungalrv2011_neg_2524	fungalrv_2011	negative	FungalRV-negative-dataset-2644seq.fasta	2524	gi|239592134|gb|EEQ74715.1| serine kinase [Ajellomyces dermatitidis SLH14081]	239592134	420
fungalrv2011_neg_2525	fungalrv_2011	negative	FungalRV-negative-dataset-2644seq.fasta	2525	gi|239609740|gb|EEQ86727.1| protein kinase domain-containing protein [Ajellomyces dermatitidis ER-3]	239609740	420
fungalrv2011_neg_2526	fungalrv_2011	negative	FungalRV-negative-dataset-2644seq.fasta	2526	gi|239611703|gb|EEQ88690.1| serine kinase [Ajellomyces dermatitidis ER-3]	239611703	420
fungalrv2011_neg_2527	fungalrv_2011	negative	FungalRV-negative-dataset-2644seq.fasta	2527	gi|239588348|gb|EEQ70991.1| phosphoglycerate kinase [Ajellomyces dermatitidis SLH14081]	239588348	419
fungalrv2011_neg_2528	fungalrv_2011	negative	FungalRV-negative-dataset-2644seq.fasta	2528	gi|239613374|gb|EEQ90361.1| phosphoglycerate kinase [Ajellomyces dermatitidis ER-3]	239613374	419
fungalrv2011_neg_2529	fungalrv_2011	negative	FungalRV-negative-dataset-2644seq.fasta	2529	gi|239591570|gb|EEQ74151.1| serine protein kinase [Ajellomyces dermatitidis SLH14081]	239591570	417
fungalrv2011_neg_2530	fungalrv_2011	negative	FungalRV-negative-dataset-2644seq.fasta	2530	gi|239613669|gb|EEQ90656.1| cyclin-dependent protein kinase regulator Pho80 [Ajellomyces dermatitidis ER-3]	239613669	417
fungalrv2011_neg_2531	fungalrv_2011	negative	FungalRV-negative-dataset-2644seq.fasta	2531	gi|239589796|gb|EEQ72439.1| protein serine/threonine kinase [Ajellomyces dermatitidis SLH14081]	239589796	414
fungalrv2011_neg_2532	fungalrv_2011	negative	FungalRV-negative-dataset-2644seq.fasta	2532	gi|239595843|gb|EEQ78424.1| pyridoxine kinase [Ajellomyces dermatitidis SLH14081]	239595843	414
fungalrv2011_neg_2533	fungalrv_2011	negative	FungalRV-negative-dataset-2644seq.fasta	2533	gi|239606867|gb|EEQ83854.1| protein serine/threonine kinase [Ajellomyces dermatitidis ER-3]	239606867	414
fungalrv2011_neg_2534	fungalrv_2011	negative	FungalRV-negative-dataset-2644seq.fasta	2534	gi|239609418|gb|EEQ86405.1| pyridoxine kinase [Ajellomyces dermatitidis ER-3]	239609418	414
fungalrv2011_neg_2535	fungalrv_2011	negative	FungalRV-negative-dataset-2644seq.fasta	2535	gi|239587726|gb|EEQ70369.1| protein kinase domain-containing protein [Ajellomyces dermatitidis SLH14081]	239587726	411
fungalrv2011_neg_2536	fungalrv_2011	negative	FungalRV-negative-dataset-2644seq.fasta	2536	gi|239610778|gb|EEQ87765.1| protein kinase domain-containing protein [Ajellomyces dermatitidis ER-3]	239610778	411
fungalrv2011_neg_2537	fungalrv_2011	negative	FungalRV-negative-dataset-2644seq.fasta	2537	gi|239594887|gb|EEQ77468.1| mitogen-activated protein kinase HOG1 [Ajellomyces dermatitidis SLH14081]	239594887	410
fungalrv2011_neg_2538	fungalrv_2011	negative	FungalRV-negative-dataset-2644seq.fasta	2538	gi|239609991|gb|EEQ86978.1| mitogen-activated protein kinase HOG1 [Ajellomyces dermatitidis ER-3]	239609991	410
fungalrv2011_neg_2539	fungalrv_2011	negative	FungalRV-negative-dataset-2644seq.fasta	2539	gi|239596154|gb|EEQ78735.1| protein kinase domain-containing protein [Ajellomyces dermatitidis SLH14081]	239596154	407
fungalrv2011_neg_2540	fungalrv_2011	negative	FungalRV-negative-dataset-2644seq.fasta	2540	gi|239587218|gb|EEQ69861.1| protein kinase domain-containing protein [Ajellomyces dermatitidis SLH14081]	239587218	406
fungalrv2011_neg_2541	fungalrv_2011	negative	FungalRV-negative-dataset-2644seq.fasta	2541	gi|239614235|gb|EEQ91222.1| protein kinase domain-containing protein [Ajellomyces dermatitidis ER-3]	239614235	406
fungalrv2011_neg_2542	fungalrv_2011	negative	FungalRV-negative-dataset-2644seq.fasta	2542	gi|239592062|gb|EEQ74643.1| protein kinase domain-containing protein [Ajellomyces dermatitidis SLH14081]	239592062	404
fungalrv2011_neg_2543	fungalrv_2011	negative	FungalRV-negative-dataset-2644seq.fasta	2543	gi|239594122|gb|EEQ76703.1| glycogen synthase kinase [Ajellomyces dermatitidis SLH14081]	239594122	404
fungalrv2011_neg_2544	fungalrv_2011	negative	FungalRV-negative-dataset-2644seq.fasta	2544	gi|239611778|gb|EEQ88765.1| protein kinase domain-containing protein [Ajellomyces dermatitidis ER-3]	239611778	404
fungalrv2011_neg_2545	fungalrv_2011	negative	FungalRV-negative-dataset-2644seq.fasta	2545	gi|239608814|gb|EEQ85801.1| casein kinase I [Ajellomyces dermatitidis ER-3]	239608814	401
fungalrv2011_neg_2546	fungalrv_2011	negative	FungalRV-negative-dataset-2644seq.fasta	2546	gi|239607210|gb|EEQ84197.1| protein kinase [Ajellomyces dermatitidis ER-3]	239607210	399
fungalrv2011_neg_2547	fungalrv_2011	negative	FungalRV-negative-dataset-2644seq.fasta	2547	gi|239589272|gb|EEQ71915.1| serine protein kinase Sky1 [Ajellomyces dermatitidis SLH14081]	239589272	398
fungalrv2011_neg_2548	fungalrv_2011	negative	FungalRV-negative-dataset-2644seq.fasta	2548	gi|239610191|gb|EEQ87178.1| serine protein kinase Sky1 [Ajellomyces dermatitidis ER-3]	239610191	398
fungalrv2011_neg_2549	fungalrv_2011	negative	FungalRV-negative-dataset-2644seq.fasta	2549	gi|239609804|gb|EEQ86791.1| protein kinase domain-containing protein [Ajellomyces dermatitidis ER-3]	239609804	395
fungalrv2011_neg_2550	fungalrv_2011	negative	FungalRV-negative-dataset-2644seq.fasta	2550	gi|239610946|gb|EEQ87933.1| protein kinase domain-containing protein [Ajellomyces dermatitidis ER-3]	239610946	395
fungalrv2011_neg_2551	fungalrv_2011	negative	FungalRV-negative-dataset-2644seq.fasta	2551	gi|239612901|gb|EEQ89888.1| serine protein kinase [Ajellomyces dermatitidis ER-3]	239612901	395
fungalrv2011_neg_2552	fungalrv_2011	negative	FungalRV-negative-dataset-2644seq.fasta	2552	gi|239590077|gb|EEQ72658.1| PfkB family carbohydrate kinase [Ajellomyces dermatitidis SLH14081]	239590077	394
fungalrv2011_neg_2553	fungalrv_2011	negative	FungalRV-negative-dataset-2644seq.fasta	2553	gi|239608899|gb|EEQ85886.1| glycogen synthase kinase [Ajellomyces dermatitidis ER-3]	239608899	394
fungalrv2011_neg_2554	fungalrv_2011	negative	FungalRV-negative-dataset-2644seq.fasta	2554	gi|239612571|gb|EEQ89558.1| protein kinase domain-containing protein [Ajellomyces dermatitidis ER-3]	239612571	394
fungalrv2011_neg_2555	fungalrv_2011	negative	FungalRV-negative-dataset-2644seq.fasta	2555	gi|239612884|gb|EEQ89871.1| protein kinase domain-containing protein [Ajellomyces dermatitidis ER-3]	239612884	388
fungalrv2011_neg_2556	fungalrv_2011	negative	FungalRV-negative-dataset-2644seq.fasta	2556	gi|239595511|gb|EEQ78092.1| serine/threonine-protein kinase RIO2 [Ajellomyces dermatitidis SLH14081]	239595511	386
fungalrv2011_neg_2557	fungalrv_2011	negative	FungalRV-negative-dataset-2644seq.fasta	2557	gi|239607863|gb|EEQ84850.1| serine/threonine-protein kinase RIO2 [Ajellomyces dermatitidis ER-3]	239607863	386
fungalrv2011_neg_2558	fungalrv_2011	negative	FungalRV-negative-dataset-2644seq.fasta	2558	gi|239594265|gb|EEQ76846.1| casein kinase [Ajellomyces dermatitidis SLH14081]	239594265	379
fungalrv2011_neg_2559	fungalrv_2011	negative	FungalRV-negative-dataset-2644seq.fasta	2559	gi|239614360|gb|EEQ91347.1| CDK-activating kinase assembly factor MAT1 [Ajellomyces dermatitidis ER-3]	239614360	379
fungalrv2011_neg_2560	fungalrv_2011	negative	FungalRV-negative-dataset-2644seq.fasta	2560	gi|239610938|gb|EEQ87925.1| protein kinase domain-containing protein [Ajellomyces dermatitidis ER-3]	239610938	378
fungalrv2011_neg_2561	fungalrv_2011	negative	FungalRV-negative-dataset-2644seq.fasta	2561	gi|239611790|gb|EEQ88777.1| PfkB family carbohydrate kinase [Ajellomyces dermatitidis ER-3]	239611790	374
fungalrv2011_neg_2562	fungalrv_2011	negative	FungalRV-negative-dataset-2644seq.fasta	2562	gi|239586955|gb|EEQ69598.1| casein kinase I [Ajellomyces dermatitidis SLH14081]	239586955	371
fungalrv2011_neg_2563	fungalrv_2011	negative	FungalRV-negative-dataset-2644seq.fasta	2563	gi|239591893|gb|EEQ74474.1| protein kinase domain-containing protein [Ajellomyces dermatitidis SLH14081]	239591893	371
fungalrv2011_neg_2564	fungalrv_2011	negative	FungalRV-negative-dataset-2644seq.fasta	2564	gi|239593265|gb|EEQ75846.1| serine protein kinase [Ajellomyces dermatitidis SLH14081]	239593265	371
fungalrv2011_neg_2565	fungalrv_2011	negative	FungalRV-negative-dataset-2644seq.fasta	2565	gi|239609161|gb|EEQ86148.1| protein kinase domain-containing protein [Ajellomyces dermatitidis ER-3]	239609161	371
fungalrv2011_neg_2566	fungalrv_2011	negative	FungalRV-negative-dataset-2644seq.fasta	2566	gi|239608243|gb|EEQ85230.1| protein kinase domain-containing protein [Ajellomyces dermatitidis ER-3]	239608243	369
fungalrv2011_neg_2567	fungalrv_2011	negative	FungalRV-negative-dataset-2644seq.fasta	2567	gi|239606551|gb|EEQ83538.1| casein kinase II beta subunit [Ajellomyces dermatitidis ER-3]	239606551	364
fungalrv2011_neg_2568	fungalrv_2011	negative	FungalRV-negative-dataset-2644seq.fasta	2568	gi|239595541|gb|EEQ78122.1| casein kinase II beta 1 subunit [Ajellomyces dermatitidis SLH14081]	239595541	363
fungalrv2011_neg_2569	fungalrv_2011	negative	FungalRV-negative-dataset-2644seq.fasta	2569	gi|239586845|gb|EEQ69488.1| mitogen-activated protein kinase [Ajellomyces dermatitidis SLH14081]	239586845	362
fungalrv2011_neg_2570	fungalrv_2011	negative	FungalRV-negative-dataset-2644seq.fasta	2570	gi|239591588|gb|EEQ74169.1| protein kinase domain-containing protein [Ajellomyces dermatitidis SLH14081]	239591588	362
fungalrv2011_neg_2571	fungalrv_2011	negative	FungalRV-negative-dataset-2644seq.fasta	2571	gi|239594747|gb|EEQ77328.1| adenosine kinase [Ajellomyces dermatitidis SLH14081]	239594747	358
fungalrv2011_neg_2572	fungalrv_2011	negative	FungalRV-negative-dataset-2644seq.fasta	2572	gi|239610132|gb|EEQ87119.1| adenosine kinase [Ajellomyces dermatitidis ER-3]	239610132	358
fungalrv2011_neg_2573	fungalrv_2011	negative	FungalRV-negative-dataset-2644seq.fasta	2573	gi|239593915|gb|EEQ76496.1| protein kinase [Ajellomyces dermatitidis SLH14081]	239593915	355
fungalrv2011_neg_2574	fungalrv_2011	negative	FungalRV-negative-dataset-2644seq.fasta	2574	gi|239615274|gb|EEQ92261.1| calcium/calmodulin dependent protein kinase [Ajellomyces dermatitidis ER-3]	239615274	352
fungalrv2011_neg_2575	fungalrv_2011	negative	FungalRV-negative-dataset-2644seq.fasta	2575	gi|239590877|gb|EEQ73458.1| protein kinase domain-containing protein [Ajellomyces dermatitidis SLH14081]	239590877	351
fungalrv2011_neg_2576	fungalrv_2011	negative	FungalRV-negative-dataset-2644seq.fasta	2576	gi|239615429|gb|EEQ92416.1| casein kinase [Ajellomyces dermatitidis ER-3]	239615429	350
fungalrv2011_neg_2577	fungalrv_2011	negative	FungalRV-negative-dataset-2644seq.fasta	2577	gi|239613881|gb|EEQ90868.1| serine/threonine-protein kinase bud32 [Ajellomyces dermatitidis ER-3]	239613881	349
fungalrv2011_neg_2578	fungalrv_2011	negative	FungalRV-negative-dataset-2644seq.fasta	2578	gi|239611042|gb|EEQ88029.1| protein kinase domain-containing protein [Ajellomyces dermatitidis ER-3]	239611042	347
fungalrv2011_neg_2579	fungalrv_2011	negative	FungalRV-negative-dataset-2644seq.fasta	2579	gi|239612834|gb|EEQ89821.1| protein kinase [Ajellomyces dermatitidis ER-3]	239612834	347
fungalrv2011_neg_2580	fungalrv_2011	negative	FungalRV-negative-dataset-2644seq.fasta	2580	gi|239588795|gb|EEQ71438.1| serine/threonine-protein kinase bud32 [Ajellomyces dermatitidis SLH14081]	239588795	343
fungalrv2011_neg_2581	fungalrv_2011	negative	FungalRV-negative-dataset-2644seq.fasta	2581	gi|239595008|gb|EEQ77589.1| protein kinase activator Mob2 [Ajellomyces dermatitidis SLH14081]	239595008	340
fungalrv2011_neg_2582	fungalrv_2011	negative	FungalRV-negative-dataset-2644seq.fasta	2582	gi|239592891|gb|EEQ75472.1| protein kinase domain-containing protein [Ajellomyces dermatitidis SLH14081]	239592891	339
fungalrv2011_neg_2583	fungalrv_2011	negative	FungalRV-negative-dataset-2644seq.fasta	2583	gi|239591853|gb|EEQ74434.1| protein kinase domain-containing protein [Ajellomyces dermatitidis SLH14081]	239591853	336
fungalrv2011_neg_2584	fungalrv_2011	negative	FungalRV-negative-dataset-2644seq.fasta	2584	gi|239588798|gb|EEQ71441.1| mitogen-activated protein kinase MAF1 [Ajellomyces dermatitidis SLH14081]	239588798	335
fungalrv2011_neg_2585	fungalrv_2011	negative	FungalRV-negative-dataset-2644seq.fasta	2585	gi|239613878|gb|EEQ90865.1| mitogen-activated protein kinase MAF1 [Ajellomyces dermatitidis ER-3]	239613878	335
fungalrv2011_neg_2586	fungalrv_2011	negative	FungalRV-negative-dataset-2644seq.fasta	2586	gi|239594445|gb|EEQ77026.1| cyclin-dependent protein kinase [Ajellomyces dermatitidis SLH14081]	239594445	331
fungalrv2011_neg_2587	fungalrv_2011	negative	FungalRV-negative-dataset-2644seq.fasta	2587	gi|239590640|gb|EEQ73221.1| calcium/calmodulin dependent protein kinase [Ajellomyces dermatitidis SLH14081]	239590640	324
fungalrv2011_neg_2588	fungalrv_2011	negative	FungalRV-negative-dataset-2644seq.fasta	2588	gi|239612367|gb|EEQ89354.1| calcium/calmodulin dependent protein kinase [Ajellomyces dermatitidis ER-3]	239612367	324
fungalrv2011_neg_2589	fungalrv_2011	negative	FungalRV-negative-dataset-2644seq.fasta	2589	gi|239615608|gb|EEQ92595.1| cyclin-dependent protein kinase [Ajellomyces dermatitidis ER-3]	239615608	324
fungalrv2011_neg_2590	fungalrv_2011	negative	FungalRV-negative-dataset-2644seq.fasta	2590	gi|239589674|gb|EEQ72317.1| calcium/calmodulin dependent protein kinase [Ajellomyces dermatitidis SLH14081]	239589674	321
fungalrv2011_neg_2591	fungalrv_2011	negative	FungalRV-negative-dataset-2644seq.fasta	2591	gi|239586701|gb|EEQ69344.1| serine/threonine protein kinase [Ajellomyces dermatitidis SLH14081]	239586701	319
fungalrv2011_neg_2592	fungalrv_2011	negative	FungalRV-negative-dataset-2644seq.fasta	2592	gi|239595273|gb|EEQ77854.1| G2-specific protein kinase NimA [Ajellomyces dermatitidis SLH14081]	239595273	307
fungalrv2011_neg_2593	fungalrv_2011	negative	FungalRV-negative-dataset-2644seq.fasta	2593	gi|239607697|gb|EEQ84684.1| G2-specific protein kinase NimA [Ajellomyces dermatitidis ER-3]	239607697	307
fungalrv2011_neg_2594	fungalrv_2011	negative	FungalRV-negative-dataset-2644seq.fasta	2594	gi|239588528|gb|EEQ71171.1| serine/threonine-protein kinase psk1 [Ajellomyces dermatitidis SLH14081]	239588528	296
fungalrv2011_neg_2595	fungalrv_2011	negative	FungalRV-negative-dataset-2644seq.fasta	2595	gi|239595278|gb|EEQ77859.1| protein kinase domain-containing protein [Ajellomyces dermatitidis SLH14081]	239595278	296
fungalrv2011_neg_2596	fungalrv_2011	negative	FungalRV-negative-dataset-2644seq.fasta	2596	gi|239606901|gb|EEQ83888.1| serine/threonine-protein kinase psk1 [Ajellomyces dermatitidis ER-3]	239606901	296
fungalrv2011_neg_2597	fungalrv_2011	negative	FungalRV-negative-dataset-2644seq.fasta	2597	gi|239590748|gb|EEQ73329.1| dephospho-CoA kinase [Ajellomyces dermatitidis SLH14081]	239590748	284
fungalrv2011_neg_2598	fungalrv_2011	negative	FungalRV-negative-dataset-2644seq.fasta	2598	gi|239607319|gb|EEQ84306.1| acetate kinase [Ajellomyces dermatitidis ER-3]	239607319	284
fungalrv2011_neg_2599	fungalrv_2011	negative	FungalRV-negative-dataset-2644seq.fasta	2599	gi|239612468|gb|EEQ89455.1| dephospho-CoA kinase [Ajellomyces dermatitidis ER-3]	239612468	284
fungalrv2011_neg_2600	fungalrv_2011	negative	FungalRV-negative-dataset-2644seq.fasta	2600	gi|239593807|gb|EEQ76388.1| acetate kinase [Ajellomyces dermatitidis SLH14081]	239593807	281
fungalrv2011_neg_2601	fungalrv_2011	negative	FungalRV-negative-dataset-2644seq.fasta	2601	gi|239591634|gb|EEQ74215.1| protein kinase domain-containing protein [Ajellomyces dermatitidis SLH14081]	239591634	280
fungalrv2011_neg_2602	fungalrv_2011	negative	FungalRV-negative-dataset-2644seq.fasta	2602	gi|239593105|gb|EEQ75686.1| uridine kinase [Ajellomyces dermatitidis SLH14081]	239593105	253
fungalrv2011_neg_2603	fungalrv_2011	negative	FungalRV-negative-dataset-2644seq.fasta	2603	gi|239606259|gb|EEQ83246.1| uridine kinase [Ajellomyces dermatitidis ER-3]	239606259	253
fungalrv2011_neg_2604	fungalrv_2011	negative	FungalRV-negative-dataset-2644seq.fasta	2604	gi|239610474|gb|EEQ87461.1| CTD kinase subunit gamma [Ajellomyces dermatitidis ER-3]	239610474	246
fungalrv2011_neg_2605	fungalrv_2011	negative	FungalRV-negative-dataset-2644seq.fasta	2605	gi|239587418|gb|EEQ70061.1| serine/threonine protein kinase [Ajellomyces dermatitidis SLH14081]	239587418	240
fungalrv2011_neg_2606	fungalrv_2011	negative	FungalRV-negative-dataset-2644seq.fasta	2606	gi|239610563|gb|EEQ87550.1| protein kinase regulator [Ajellomyces dermatitidis ER-3]	239610563	218
fungalrv2011_neg_2607	fungalrv_2011	negative	FungalRV-negative-dataset-2644seq.fasta	2607	gi|239594706|gb|EEQ77287.1| guanylate kinase [Ajellomyces dermatitidis SLH14081]	239594706	201
fungalrv2011_neg_2608	fungalrv_2011	negative	FungalRV-negative-dataset-2644seq.fasta	2608	gi|239609283|gb|EEQ86270.1| guanylate kinase [Ajellomyces dermatitidis ER-3]	239609283	201
fungalrv2011_neg_2609	fungalrv_2011	negative	FungalRV-negative-dataset-2644seq.fasta	2609	gi|239609881|gb|EEQ86868.1| protein kinase activator [Ajellomyces dermatitidis ER-3]	239609881	193
fungalrv2011_neg_2610	fungalrv_2011	negative	FungalRV-negative-dataset-2644seq.fasta	2610	gi|239613492|gb|EEQ90479.1| protein kinase domain-containing protein [Ajellomyces dermatitidis ER-3]	239613492	192
fungalrv2011_neg_2611	fungalrv_2011	negative	FungalRV-negative-dataset-2644seq.fasta	2611	gi|239595409|gb|EEQ77990.1| protein kinase domain-containing protein [Ajellomyces dermatitidis SLH14081]	239595409	188
fungalrv2011_neg_2612	fungalrv_2011	negative	FungalRV-negative-dataset-2644seq.fasta	2612	gi|239607736|gb|EEQ84723.1| protein kinase [Ajellomyces dermatitidis ER-3]	239607736	188
fungalrv2011_neg_2613	fungalrv_2011	negative	FungalRV-negative-dataset-2644seq.fasta	2613	gi|239607704|gb|EEQ84691.1| protein kinase domain-containing protein [Ajellomyces dermatitidis ER-3]	239607704	176
fungalrv2011_neg_2614	fungalrv_2011	negative	FungalRV-negative-dataset-2644seq.fasta	2614	gi|239593106|gb|EEQ75687.1| uridine kinase [Ajellomyces dermatitidis SLH14081]	239593106	146
fungalrv2011_neg_2615	fungalrv_2011	negative	FungalRV-negative-dataset-2644seq.fasta	2615	gi|239606260|gb|EEQ83247.1| uridine kinase [Ajellomyces dermatitidis ER-3]	239606260	146
fungalrv2011_neg_2616	fungalrv_2011	negative	FungalRV-negative-dataset-2644seq.fasta	2616	CIMT_10553 | CIMG_10247 | Coccidioides immitis RS WD repeat-containing protein (translation) (360 aa)	CIMT_10553	359
fungalrv2011_neg_2617	fungalrv_2011	negative	FungalRV-negative-dataset-2644seq.fasta	2617	CIMT_02491 | CIMG_02331 | Coccidioides immitis RS Cox17p (translation) (82 aa)	CIMT_02491	81
fungalrv2011_neg_2618	fungalrv_2011	negative	FungalRV-negative-dataset-2644seq.fasta	2618	gnl|GLV|CAGL0E03245g similar to uniprot|P27476 Saccharomyces cerevisiae YGR159c NSR1 nuclear localization sequence binding protein [Candida glabrata] Complete CDS. CAGL0E03245g	gnl	425
fungalrv2011_neg_2619	fungalrv_2011	negative	FungalRV-negative-dataset-2644seq.fasta	2619	BDBG_00105T0 | BDBG_00105 | Blastomyces dermatitidis SLH14081 Cox17p (translation) (80 aa)	BDBG_00105T0	79
fungalrv2011_neg_2620	fungalrv_2011	negative	FungalRV-negative-dataset-2644seq.fasta	2620	BDBG_02210T0 | BDBG_02210 | Blastomyces dermatitidis SLH14081 G-protein comlpex beta subunit CpcB (translation) (317 aa)	BDBG_02210T0	316
fungalrv2011_neg_2621	fungalrv_2011	negative	FungalRV-negative-dataset-2644seq.fasta	2621	orf19.5975 orf19.5975 CGDID:CAL0003428 Assembly 21, Ca21chr3:1087657-1088517W, translated using codon table 12 (286 residues), Uncharacterized ORF||Putative transcription factor with zinc finger DNA-binding motif; fluconazole-downregulated; expression regulated during planktonic growth; increased expression observed in an ssr1 homozygous null mutant	orf19.5975	286
fungalrv2011_neg_2622	fungalrv_2011	negative	FungalRV-negative-dataset-2644seq.fasta	2622	orf19.1275 GAT1 CGDID:CAL0003020 Assembly 21, Ca21chr4:1302003-1304069W, translated using codon table 12 (688 residues), Verified ORF||Zinc finger transcriptional regulator of nitrogen utilization; required for nitrogen catabolite repression and utilization of isoleucine, tyrosine and tryptophan N sources; required for virulence in a mouse systemic infection model	orf19.1275	688
fungalrv2011_neg_2623	fungalrv_2011	negative	FungalRV-negative-dataset-2644seq.fasta	2623	orf19.173 orf19.173 CGDID:CAL0003208 Assembly 21, Ca21chrR:556961-560263W, translated using codon table 12 (1100 residues), Uncharacterized ORF||Putative transcription factor with zinc finger DNA-binding motif; transcriptionally activated by Mnl1p under weak acid stress	orf19.173	1100
fungalrv2011_neg_2624	fungalrv_2011	negative	FungalRV-negative-dataset-2644seq.fasta	2624	orf19.2356 CRZ2 CGDID:CAL0000754 Assembly 21, Ca21chrR:1525254-1523701C, translated using codon table 12 (517 residues), Verified ORF||Putative transcription factor; zinc finger; similar to S. cerevisiae Crz1p; homozygous crz1, not crz2, null mutation suppresses fluconazole resistance of homozygous cka2 null (defective in CK2 kinase ); Rim101p-downregulated at pH 8	orf19.2356	517
fungalrv2011_neg_2625	fungalrv_2011	negative	FungalRV-negative-dataset-2644seq.fasta	2625	orf19.3071 MIH1 CGDID:CAL0001477 Assembly 21, Ca21chr3:155057-157741W, translated using codon table 12 (894 residues), Uncharacterized ORF||Putative protein phosphatase of the PTP family (tyrosine-specific), similar to S. cerevisiae Mih1p	orf19.3071	894
fungalrv2011_neg_2626	fungalrv_2011	negative	FungalRV-negative-dataset-2644seq.fasta	2626	orf19.3127 CZF1 CGDID:CAL0002268 Assembly 21, Ca21chr4:1520318-1519161C, translated using codon table 12 (385 residues), Verified ORF||Transcriptional regulator of white-opaque switching frequency; hyphal growth regulator; has C-terminal zinc finger and central Glu-rich region; expression in S. cerevisiae causes dominant-negative inhibition of pheromone response	orf19.3127	385
fungalrv2011_neg_2627	fungalrv_2011	negative	FungalRV-negative-dataset-2644seq.fasta	2627	orf19.3409 SEC12 CGDID:CAL0004877 Assembly 21, Ca21chr6:369918-372443W, translated using codon table 12 (841 residues), Uncharacterized ORF||Protein described as a guanyl-nucleotide exchange factor; transcriptionally regulated by iron; expression greater in high iron	orf19.3409	841
fungalrv2011_neg_2628	fungalrv_2011	negative	FungalRV-negative-dataset-2644seq.fasta	2628	orf19.4084 KIS1 CGDID:CAL0004936 Assembly 21, Ca21chr2:1892346-1891108C, translated using codon table 12 (412 residues), Verified ORF||Scaffold protein of Snf1p complex; similar to S. cerevisiae Gal83p and Sip2p, with regions of similarity to Sip1p (ASC and KIS domain); interacts with Snf4p	orf19.4084	412
fungalrv2011_neg_2629	fungalrv_2011	negative	FungalRV-negative-dataset-2644seq.fasta	2629	orf19.4752 MSN4 CGDID:CAL0004476 Assembly 21, Ca21chr1:1942792-1940516C, translated using codon table 12 (758 residues), Uncharacterized ORF||Putative zinc finger transcription factor; similar to S. cerevisiae Msn4p, but not a significant stress response regulator in C. albicans; partly complements STRE-activation defect of S. cerevisiae msn2 msn4 double mutant	orf19.4752	758
fungalrv2011_neg_2630	fungalrv_2011	negative	FungalRV-negative-dataset-2644seq.fasta	2630	orf19.7053 GAC1 CGDID:CAL0002080 Assembly 21, Ca21chr7:115894-117909W, translated using codon table 12 (671 residues), Uncharacterized ORF||Protein described as similar to regulatory subunit of serine/threonine phosphoprotein phosphatase 1; fluconazole-induced; caspofungin repressed; transcriptionally activated by Mnl1p under weak acid stress; regulated by Nrg1p, Tup1p	orf19.7053	671
fungalrv2011_neg_2631	fungalrv_2011	negative	FungalRV-negative-dataset-2644seq.fasta	2631	orf19.5992 WOR2 CGDID:CAL0003465 Assembly 21, Ca21chr3:1118835-1120175W, translated using codon table 12 (446 residues), Verified ORF||Transcriptional regulator of white-opaque switching; required for maintenance of opaque state	orf19.5992	446
fungalrv2011_neg_2632	fungalrv_2011	negative	FungalRV-negative-dataset-2644seq.fasta	2632	orf19.2859 SRP40 CGDID:CAL0005156 Assembly 21, Ca21chrR:686858-685572C, translated using codon table 12 (428 residues), Uncharacterized ORF||Predicted ORF in Assemblies 19, 20 and 21; macrophage/pseudohyphal-induced	orf19.2859	428
fungalrv2011_neg_2633	fungalrv_2011	negative	FungalRV-negative-dataset-2644seq.fasta	2633	orf19.4166 ZCF21 CGDID:CAL0005785 Assembly 21, Ca21chr4:131943-133832W, translated using codon table 12 (629 residues), Uncharacterized ORF||Predicted zinc-finger protein of unknown function	orf19.4166	629
fungalrv2011_neg_2634	fungalrv_2011	negative	FungalRV-negative-dataset-2644seq.fasta	2634	gi|45545345|gb|AAS67520.1| DNA-dependent RNA polymerase II second largest subunit [Pneumocystis carinii]	45545345	898
fungalrv2011_neg_2635	fungalrv_2011	negative	FungalRV-negative-dataset-2644seq.fasta	2635	gi|169428|gb|AAA33801.1| RNA polymerase III [Pneumocystis carinii]	169428	76
fungalrv2011_neg_2636	fungalrv_2011	negative	FungalRV-negative-dataset-2644seq.fasta	2636	gi|169426|gb|AAA33800.1| RNA polymerase I [Pneumocystis carinii]	169426	59
fungalrv2011_neg_2637	fungalrv_2011	negative	FungalRV-negative-dataset-2644seq.fasta	2637	gi|169424|gb|AAA33799.1| RNA polymerase I [Pneumocystis carinii]	169424	66
fungalrv2011_neg_2638	fungalrv_2011	negative	FungalRV-negative-dataset-2644seq.fasta	2638	gi|11993622|gb|AAG42818.1| cytochrome b [Pneumocystis carinii]	11993622	312
fungalrv2011_neg_2639	fungalrv_2011	negative	FungalRV-negative-dataset-2644seq.fasta	2639	gi|270486317|gb|ACZ82940.1| ATP synthase subunit 6 [Pneumocystis carinii]	270486317	255
fungalrv2011_neg_2640	fungalrv_2011	negative	FungalRV-negative-dataset-2644seq.fasta	2640	gi|226292836|gb|EEH48256.1| DNA-directed RNA polymerase II subunit RPB2 [Paracoccidioides brasiliensis Pb18]	226292836	1258
fungalrv2011_neg_2641	fungalrv_2011	negative	FungalRV-negative-dataset-2644seq.fasta	2641	gi|226287945|gb|EEH43458.1| DNA-directed RNA polymerase III subunit RPC2 [Paracoccidioides brasiliensis Pb18]	226287945	1209
fungalrv2011_neg_2642	fungalrv_2011	negative	FungalRV-negative-dataset-2644seq.fasta	2642	gi|226293906|gb|EEH49326.1| DNA-directed RNA polymerase I subunit RPA12 [Paracoccidioides brasiliensis Pb18]	226293906	130
fungalrv2011_neg_2643	fungalrv_2011	negative	FungalRV-negative-dataset-2644seq.fasta	2643	gi|89242708|gb|ABD64680.1| mitochondrial cytochrome c oxidase assembly factor [Paracoccidioides brasiliensis]	89242708	603
fungalrv2011_neg_2644	fungalrv_2011	negative	FungalRV-negative-dataset-2644seq.fasta	2644	gi|157781770|gb|ABV72230.1| cytochrome b [Paracoccidioides brasiliensis]	157781770	119
