"","ID","Name","FungalRV Score","failed_tests","pfam_domains","unique_domains","uncertain_domains (E-value)","S/T Frequency","Max window S/T frequency","Average B-aggregation per residue","B-agg sequences","B-agg seq count","TR Percentage"
"9","1403546","emb",1.4450625,"PredGPI",NA,NA,"YfjL_C (0.036), GCIP_C (0.69)",0.4,0.4,4795.12,"ILCSLLLVTSNFASALYV, KYVTVTAAAVTEVV, TLTSTLLVTVY, TLTSTYIITLS, TTFYITSTFYSTYWFTT, YVTITA",6,0.127
"14","74625380","sp",1.1031945,"PredGPI",NA,NA,NA,0.319,0.319,2154.54,NA,0,0
"19","O42724","SODC1_DEBHA",0.50110883,"FungalRV, SignalP, PredGPI","Sod_Cu (14-150)","Sod_Cu",NA,0.162,0.26,71.2,"AVAVL",1,0
"20","1711459","sp",0.4679774,"FungalRV, SignalP, PredGPI","KilA-N (429-520)","KilA-N",NA,0.234,0.234,65.45,NA,0,0
"21","74676455","sp",0.36020196,"FungalRV",NA,NA,"F1F0-ATPsyn_F (0.016)",0.323,0.323,1928.27,NA,0,0
"22","558257","emb",0.34671954,"FungalRV, SignalP, PredGPI",NA,NA,NA,0.239,0.239,3152.38,"CFSFTVFS, FIHLYF, IVFFFL, LTLCF, LVVGLVFSLV, VTISSIGILLLFVSFF",6,0
"23","Q6BJD4","EDC1_DEBHA",0.27312274,"FungalRV, SignalP, PredGPI","PNRC (172-191)","PNRC",NA,0.156,0.3,5.24,NA,0,0.06
"24","239938728","sp",0.25051468,"FungalRV, PredGPI","SUN (111-353)","SUN","DUF6328 (2.8), SR-25 (3.7), Dehydrin (5.6)",0.233,0.233,718.03,NA,0,0.164
"25","Q6CIG2","CCS1_KLULA",0.2466125,"FungalRV, SignalP, PredGPI","HMA (12-69)","HMA","DUF5651 (0.14)",0.143,0.26,473.63,"AAVSIL, ISFGGVI, SFVVTT",3,0
"26","Q09688","MU121_SCHPO",0.21490454,"FungalRV, PredGPI",NA,NA,NA,0.164,0.24,2295.3,"FILTLFILI, SWWIKLYDYMMTFIS, VTFFGSVT",3,0
"27","2494678","sp",0.19726989,"FungalRV","Glyco_hydro_72 (14-352), Glyco_hydro_2_C (71-352)","Glyco_hydro_72, Glyco_hydro_2_C",NA,0.216,0.216,2006.38,NA,0,0.048
"28","Q6CXQ8","ATG27_KLULA",0.18834691,"FungalRV, PredGPI","ATG27 (3-281)","ATG27","TrAA12 (0.017), AA_permease (0.03), PBP1_TM (0.034), FixP_N (0.25)",0.172,0.24,2609.45,"IFCGVTSV, VLLATALVSL, WLVWLFMYATIFALIYLVVT",3,0
"29","93141247","sp",0.18686311,"FungalRV","Glyco_hydro_16 (96-273)","Glyco_hydro_16","Chitin_bind_1 (0.017), SOG2 (6.7)",0.285,0.285,3930.34,NA,0,0.111
"30","1170954","sp",0.17810906,"FungalRV, PredGPI","Mid1 (99-537)","Mid1","Fz (0.13), UPF0149 (0.18)",0.197,0.197,4440.7,NA,0,0.035
"31","P41821","MID1_YEAST",0.17810906,"FungalRV, PredGPI","Mid1 (99-537)","Mid1","Fz (0.13), UPF0149 (0.18)",0.197,0.36,3004.03,"LTIYYSF, MCYTLV, MFYVTGLNASTTYVAYLT, NLYVVA, SFVFTI, SLMVI, VCSLIFGL, VGGILFSHVYFTT, VLMFIS, WVCAVS",10,0.035
"32","Q5AD77","SNX4_CANAL",0.15796773,"FungalRV, SignalP, PredGPI","PX (230-318), Snx8_BAR_dom (344-456)","PX, Snx8_BAR_dom","DASH_Dam1 (0.074), Phage_tail_terminator_8 (2.3), DUF2935 (3.5), RusA (6.7)",0.184,0.4,1391.43,"FISYLVTTTT, FLISL, SIFHLFIS, YLTFSV",4,0.051
"33","Q07653","HBT1_YEAST",0.15068259,"FungalRV, SignalP, PredGPI",NA,NA,"DUF4254 (0.96)",0.233,0.44,3.16,NA,0,0.047
"34","A3LTE2","EDC1_PICST",0.14380348,"FungalRV, SignalP, PredGPI","PNRC (177-196)","PNRC","Tox-REase-9 (0.066)",0.162,0.34,10.18,NA,0,0
"35","74581989","sp",0.12962628,"FungalRV, PredGPI","Rax2_3 (358-507), Rax2 (140-254), Rax2 (571-672), Rax2 (836-1089), Rax2_2 (203-339)","Rax2_3, Rax2, Rax2_2","Kelch_KLHDC2_KLHL20_DRC7 (0.017)",0.217,0.217,8589.44,NA,0,0
"36","1346099","sp",0.11310957,"FungalRV","Glyco_hydro_72 (17-330), X8 (377-452)","Glyco_hydro_72, X8","SOG2 (0.47), DA1-like (0.59)",0.227,0.227,3446.41,NA,0,0.052
"37","Q6CTH8","ASK1_KLULA",0.10879086,"FungalRV, SignalP, PredGPI","DASH_Ask1 (6-69)","DASH_Ask1",NA,0.216,0.32,12.55,NA,0,0
"38","Q6BP09","TCTP_DEBHA",0.086337817,"FungalRV, SignalP, PredGPI","TCTP (1-163)","TCTP","GerPC (0.013), DUF6386 (0.035), DUF2937 (0.11)",0.114,0.16,816.18,"MVVLLNY, VVYSF, YVAIW",3,0
"39","2829437","sp",0.077125266,"FungalRV, SignalP, PredGPI","Ras (5-59), Ras (61-219), Roc (5-56), Roc (63-159), GTP_EFTU (1-218), Arf (1-50), Arf (69-217)","Ras, Roc, GTP_EFTU, Arf",NA,0.19,0.19,874.79,NA,0,0
"40","Q6C6Y4","CAPZA_YARLI",0.05474041,"FungalRV, SignalP, PredGPI","F-actin_cap_A (9-254)","F-actin_cap_A",NA,0.16,0.26,895.65,"IALVLV, MVVSL, SVYIF",3,0
"41","Q9UTC0","ZYM1_SCHPO",0.054505995,"FungalRV, SignalP, PredGPI","Metallothio_Euk (1-49)","Metallothio_Euk",NA,0.2,0.2,0,NA,0,0
"42","Q6CRM3","IBD2_KLULA",0.028897274,"FungalRV, SignalP, PredGPI",NA,NA,NA,0.122,0.2,445.47,"YYVVFG",1,0
"43","A7A031","DRE2_YEAS7",0.0054841975,"FungalRV, SignalP, PredGPI","CIAPIN1 (245-341), DRE2_N (5-134)","CIAPIN1, DRE2_N",NA,0.172,0.3,367,"GLLLI, LISVLA, MITMIT",3,0
"44","74583758","sp",0.0045058725,"FungalRV, SignalP, PredGPI",NA,NA,"Phostensin_N (0.49), DivIC (3.2)",0.256,0.256,374.7,NA,0,0
"45","Q08887","NDD1_YEAST",0.0045058725,"FungalRV, SignalP, PredGPI",NA,NA,"Phostensin_N (0.49), DivIC (3.2)",0.256,0.42,374.7,"FQIIVANI",1,0
"46","O43024","YGVA_SCHPO",0.0040423984,"FungalRV, SignalP, PredGPI","CUE (78-119)","CUE",NA,0.239,0.4,20.98,NA,0,0
"47","Q9UTC8","OS9_SCHPO",-0.0080771156,"FungalRV, SignalP, PredGPI","PRKCSH (126-203)","PRKCSH",NA,0.151,0.26,1731.22,"FAFVGFFIFP, IVCYNVI, LANVFLI, VILSY, WAIGFV",5,0
"48","417695","sp",-0.039275633,"FungalRV, SignalP, PredGPI","Zn_ribbon_TFIIS (84-122), Zn_ribbon_RPB9 (7-42), Zn_ribbon_RPB9 (84-124), DUF7351 (8-125), DZR (4-42), DUF7838 (79-124), Zn_Ribbon_TF (84-125), DUF7836 (77-125), TackOD1 (3-37), TackOD1 (39-125), CPxCG_zf (86-125)","Zn_ribbon_TFIIS, Zn_ribbon_RPB9, DUF7351, DZR, DUF7838, Zn_Ribbon_TF, DUF7836, TackOD1, CPxCG_zf","Ogr_Delta (0.01), IBR (0.012), DmmA-like_C (0.013), DUF7568 (0.016), Zn_ribbon_3 (0.016), Zn_ribbon_4 (0.017), Cas12f1-like_TNB (0.023), Lar_restr_allev (0.028), RUBY_RBDX (0.038), TRAF6_Z2 (0.054), IBR_1 (0.077), DUF7340 (0.081), GpA_ATPase (0.11), Nop10p (0.12), DUF7129 (0.13), Zn_ribbon_9 (0.13), DUF3797 (0.15), OapC (0.15), Zn_ribbon_6 (0.18), HypA (0.24), Zn_ribbon_8 (0.24), C1_1 (0.27), zf-C2HC_3 (0.32), zf-ChsH2 (0.4), zf-C2H2_3rep (0.44), DpnI (0.62), GATA (0.72), Rubredoxin (0.77), CpXC (0.8), Zn_ribbon_NUD (1.1), Zn_ribbon_Nudix (1.2), Ribosomal_S27e (1.5), Baculo_LEF5_C (2), ADK_lid (2.2), HVO_0758 (2.5), Zn_ribbon_IS1595 (2.9), DUF7685 (2.9), zinc_ribbon_6 (3.1), zf-C2H2_4 (3.5), Zn_ribbon_TFIIB (4.7), Zn_ribbon_RRN7 (5.1), zf-Tbcl_FmdE (5.3), Zn_Ribbon_1 (5.9), Zn_ribbon_Elf1 (7.1), DUF7837 (7.9), DUF983 (8.2), zf-C2HE (9.4)",0.176,0.176,804.86,NA,0,0
"49","Q6C7M4","YFAS1_YARLI",-0.041393847,"FungalRV, PredGPI","Fasciclin (96-234)","Fasciclin",NA,0.151,0.26,1783.74,"AIWVM, GVFMV, ISIFAGYL, LVTTF, VTLLALASFVYA, YTVVL",6,0
"50","73917073","sp",-0.045832281,"FungalRV, PredGPI","ATG27 (4-272)","ATG27","DUF6766 (0.057), FixP_N (3)",0.178,0.178,2575.13,NA,0,0
"51","Q6FIW0","ATG27_CANGA",-0.045832281,"FungalRV, PredGPI","ATG27 (4-272)","ATG27","DUF6766 (0.057), FixP_N (3)",0.178,0.26,2575.13,"LVTTIW, VMLGQVVALAMASSAVAL, WFTWLFVYAILFTVIYLMVVS",3,0
"52","124393","sp",-0.046619276,"FungalRV, SignalP, PredGPI",NA,NA,"ZapC_C (0.18)",0.2,0.2,11.54,NA,0,0
"53","Q6BM18","ATG27_DEBHA",-0.060155321,"FungalRV, PredGPI","ATG27 (4-280)","ATG27","DUF2165 (0.048)",0.128,0.24,3946.98,"FVSLL, ITIVY, NYIYLISAALGLIGGV, VTWYIGIC, WFTWIFIFLVLFLSIYIV",5,0
"54","128907","sp",-0.066936084,"FungalRV, SignalP, PredGPI",NA,NA,NA,0.259,0.259,272.61,NA,0,0
"55","56757623","sp",-0.071227843,"FungalRV, PredGPI","Asp (80-470), TAXi_N (81-299), gag-asp_proteas (86-147), gag-asp_proteas (148-242), Asp_protease_2 (83-143), Asp_protease_2 (348-388)","Asp, TAXi_N, gag-asp_proteas, Asp_protease_2","DUF968 (0.32)",0.26,0.26,2745.73,NA,0,0
"56","Q6FQE3","EDC1_CANGA",-0.074499567,"FungalRV, SignalP, PredGPI","PNRC (332-352)","PNRC","AROS (0.25)",0.156,0.3,14.74,NA,0,0
"57","Q10357","CCS1_SCHPO",-0.10021606,"FungalRV, SignalP, PredGPI",NA,NA,NA,0.195,0.34,718.12,"SLVTLF, VSILY, WIGHCFVL, YTGLVTI",4,0.209
"58","1353025","sp",-0.1094306,"FungalRV, PredGPI","PIR1-like_C (143-217), PIR (65-81)","PIR1-like_C, PIR","TPP_enzyme_C (0.027)",0.247,0.247,460.96,NA,0,0
"59","Q5ALP1","EDC1_CANAL",-0.12513479,"FungalRV, SignalP, PredGPI","PNRC (229-248)","PNRC",NA,0.242,0.4,1.18,NA,0,0
"60","73622239","sp",-0.13345907,"FungalRV, PredGPI","Lipase_3 (273-335)","Lipase_3","Abhydrolase_6 (0.011), Hydrolase_4 (0.13), UPF0227 (0.23), Abhydrolase_5 (0.23), DUF6446 (0.52)",0.252,0.252,1786.83,NA,0,0.209
"61","Q12163","NBP2_YEAST",-0.13895505,"FungalRV, SignalP, PredGPI","SH3_1 (116-163), SH3_9 (117-167), SH3_2 (114-169)","SH3_1, SH3_9, SH3_2","Nanovirus_C8 (0.025), Bflower_2 (0.045), UPF1_1B_dom (0.1), BDHCT_assoc (0.21)",0.14,0.2,926.05,"AVALY, FVSYI, FYLTHLIT, IVFISY, TIGYISI",5,0
"62","128575","sp",-0.14427131,"FungalRV, SignalP, PredGPI","Nsp1_C (620-737), SHIPPO-rpt (309-331), SHIPPO-rpt (404-426)","Nsp1_C, SHIPPO-rpt","DrmE_C (0.025), WelO5 (0.065), DUF5742 (0.16), WXG100 (0.68), DUF16 (1.1), CLZ (3.1), DUF2935 (5.5), Ax_dynein_light (7.9)",0.231,0.231,20.23,NA,0,0.361
"63","P32342","SRP21_YEAST",-0.16361526,"FungalRV, SignalP, PredGPI","SRP9-21 (3-78)","SRP9-21",NA,0.192,0.32,807.77,"IVGLATLIV",1,0
"64","Q7Z892","PYRD1_SACKL",-0.16366074,"FungalRV, SignalP, PredGPI","DHO_dh (4-296), FMN_dh (227-313)","DHO_dh, FMN_dh","CTD11 (0.14), Polysacc_deac_1 (0.2), DUF885 (0.24)",0.134,0.24,890.07,"ILTKVFEFF, LAINFL, LFFSVAG",3,0
"65","O59774","YPS1_SCHPO",-0.18114839,"FungalRV, PredGPI","Asp (66-411), TAXi_N (67-257)","Asp, TAXi_N",NA,0.209,0.46,6183.54,"AALIFQF, AYLGIV, FGITL, HYAVSIYSVQFLNSTFF, ISLLVIGQV, IVLGLLFF, IWILIFFSFI, LLLGAV, LSAMVIMMMSAVFLGLGI, SISYTVAI, VLALDFVAK, VVYSY, YTWLTYYNVMAF, YTYYTTTL",14,0
"66","P37370","VRP1_YEAST",-0.18355026,"FungalRV, SignalP, PredGPI","WH2 (27-54), WH2 (84-113)","WH2",NA,0.218,0.4,13.67,NA,0,0.12
"67","P09007","SRD1_YEAST",-0.18772304,"FungalRV, SignalP, PredGPI","GATA (168-203)","GATA","zf_Tbcl_Rhp7 (0.1)",0.176,0.34,38.21,NA,0,0
"68","476061","emb",-0.18810818,"FungalRV, SignalP, PredGPI","Vac_ImportDeg (122-347)","Vac_ImportDeg",NA,0.166,0.166,498.15,"GFYYIVH, VIVTS",2,0
"69","74606321","sp",-0.18811799,"FungalRV, SignalP, PredGPI","Fzo_mitofusin (42-127)","Fzo_mitofusin","LOH1CR12 (0.16), FlaC_arch (0.18), Nuf2_DHR10-like (0.23), Prominin (0.35), ALMT (2.2), HAUS6_N (2.3), DUF1664 (3.1), DUF6277 (5.8), ING (8)",0.242,0.242,706.83,NA,0,0
"70","Q6CQV5","VAB2_KLULA",-0.18811799,"FungalRV, SignalP, PredGPI","Fzo_mitofusin (42-127)","Fzo_mitofusin","LOH1CR12 (0.16), FlaC_arch (0.18), Nuf2_DHR10-like (0.23), Prominin (0.35), ALMT (2.2), HAUS6_N (2.3), DUF1664 (3.1), DUF6277 (5.8), ING (8)",0.242,0.38,706.83,"SFLFYG, VAIIYS",2,0
"71","1050787","emb",-0.20915286,"FungalRV, SignalP, PredGPI",NA,NA,NA,0.145,0.145,337.82,"FWIGT, VGVLLS",2,0
"72","223634670","sp",-0.20979902,"FungalRV, SignalP, PredGPI","PPI_Ypi1 (29-97)","PPI_Ypi1",NA,0.265,0.265,9.27,NA,0,0
"73","Q75E95","DAD1_ASHGO",-0.2156194,"FungalRV, SignalP, PredGPI","DASH_Dad1 (19-73)","DASH_Dad1",NA,0.149,0.18,30.26,NA,0,0
"74","O74522","YQKA_SCHPO",-0.23943141,"FungalRV, SignalP, PredGPI","LisH (36-62)","LisH","LisH_PAC1 (0.017)",0.205,0.36,294.9,"WFNIFWDVFSARV",1,0
"75","74624848","sp",-0.24056486,"FungalRV, SignalP, PredGPI","FIT (49-191), FIT (181-232)","FIT","DUF3951 (0.23)",0.192,0.192,7124.8,NA,0,0
"76","Q9HGM4","SCS3_SCHPO",-0.24056486,"FungalRV, SignalP, PredGPI","FIT (49-191), FIT (181-232)","FIT","DUF3951 (0.23)",0.192,0.28,7124.8,"FSFIL, ITSYF, IYATTLLLGSIYSIYV, LINLIFV, VFLLTHSSLFML, VLFGLLGLWWWMLFVTASFY, WFWTSLVYFYHAW, WSIVYVFS, YIVATLWWMFVTQWFI",9,0
"77","Q06325","YPS7_YEAST",-0.26634609,"FungalRV","Asp (55-442)","Asp","Cas_NE0113 (0.049)",0.248,0.44,4762.89,"CFLTLYA, IASLLLLSIFSILIV, IYIVS, IYMAM, STIIQIAVQIAATYV, TCLILWYLWLISTFQL, VLAVG, YFLSLL, YINLV, YSLWL",10,0.027
"78","2131183","pir",-0.26784283,"FungalRV, PredGPI","Asparaginase (34-228), Asparaginase_C (248-356)","Asparaginase, Asparaginase_C","PRAI (0.037)",0.171,0.171,1713.3,"ILLQLCLY, TLLLSLFVAM, VFSGVY, VIILYSY, YLGYF",5,0
"79","456151","gb",-0.26851745,"FungalRV, SignalP, PredGPI",NA,NA,NA,0.182,0.182,811.93,"FTGTFV, SYLFLFCFW",2,0
"80","487080","pir",-0.27456458,"FungalRV, SignalP, PredGPI","dUTPase (16-146), DCD (17-120)","dUTPase, DCD","Nup188_SH3-like (0.037)",0.163,0.163,484.06,"QIVVV, VAQLIL, YTGEVKVVLFN",3,0
"81","51701460","sp",-0.29183249,"FungalRV, SignalP, PredGPI","Linker_histone (11-83), Linker_histone (146-219)","Linker_histone","BrkDBD (0.012), DUF6465 (0.014), RYDR_Jsol (0.17), DUF7081 (0.18), Podoplanin (0.28)",0.188,0.188,332.67,NA,0,0.148
"82","499001","emb",-0.3026499,"FungalRV, SignalP, PredGPI","MPM1 (70-237)","MPM1",NA,0.147,0.147,143.43,"FNLFL",1,0
"83","O13736","SLA1_SCHPO",-0.30494118,"FungalRV, SignalP, PredGPI","SHD1 (641-707), PH_SLA1 (346-438), SH3_1 (28-73), SH3_1 (86-131), SH3_1 (514-560), SH3_1 (834-859), SH3_9 (12-77), SH3_9 (87-135), SH3_9 (515-564), DUF1720 (992-1083), DUF1720 (1038-1118), DUF1720 (1118-1188), DUF1720 (1181-1256), SH3_2 (9-79), SH3_2 (84-136), SH3_2 (513-566), IRS (352-436)","SHD1, PH_SLA1, SH3_1, SH3_9, DUF1720, SH3_2, IRS","Molydop_binding (0.027), TAA-Trp-ring (1.5)",0.16,0.36,1218.86,"IIGIY, IVCLL, SIVLTFT, VLYSY, VVIVN, WILVGF",6,0.168
"84","1723241","sp",-0.31258424,"FungalRV, SignalP, PredGPI","Nsp1_C (407-520), Nucleoporin_FG (2-71), Nucleoporin_FG (309-412)","Nsp1_C, Nucleoporin_FG","DUF16 (0.043), Med21 (0.044), Spectrin_Anc-1_2 (0.47), FlaC_arch (5.8)",0.304,0.304,22.95,NA,0,0.132
"85","P28870","FKBP_CANAL",-0.31529085,"FungalRV, SignalP, PredGPI","FKBP_C (16-119)","FKBP_C",NA,0.129,0.18,7.33,NA,0,0
"86","74676085","sp",-0.3250026,"FungalRV, SignalP, PredGPI","Peptidase_C14 (129-420)","Peptidase_C14",NA,0.151,0.151,408.01,NA,0,0
"87","74645058","sp",-0.34814185,"FungalRV, PredGPI","Rax2 (130-252), Rax2 (668-766), Rax2 (877-1119), Rax2_3 (428-583), Rax2_2 (248-417)","Rax2, Rax2_3, Rax2_2","WD40_Prp19 (0.047), Kelch_KLHDC2_KLHL20_DRC7 (0.28)",0.204,0.204,4419.66,NA,0,0
"88","454255","emb",-0.35778402,"FungalRV, SignalP, PredGPI","Forkhead (460-543), FHA (300-374), Linker_histone (463-528)","Forkhead, FHA, Linker_histone",NA,0.182,0.182,2587.18,"FQSFTFYVQTLHAII, IFYNF, LNLILAAAVN, QLVILT, TIFAYA, VIAAILTQALAMTI",6,0
"89","A5DTX3","SEC31_LODEL",-0.37169247,"FungalRV, SignalP, PredGPI","Beta-prop_THOC3 (38-158), Beta-prop_THOC3 (165-350), WD40_CDC20-Fz (51-161), WD40_CDC20-Fz (157-356), Beta-prop_TEP1_2nd (27-214), Beta-prop_TEP1_2nd (211-329), Beta-prop_EIPR1 (33-162), Beta-prop_EIPR1 (157-287), Beta-prop_WDR3_1st (36-156), Beta-prop_WDR3_1st (179-336), WD40_WDHD1_1st (77-240), WD40_WDHD1_1st (224-308), Beta-prop_WDR36-Utp21_1st (80-153), Beta-prop_WDR36-Utp21_1st (158-289), WD40_Prp19 (58-257), WD40_Prp19 (254-377), Beta-prop_RIG_2nd (34-108), Beta-prop_RIG_2nd (82-165), Beta-prop_RIG_2nd (156-213), Beta-prop_RIG_2nd (201-322), Beta-prop_EML_2 (75-168), Beta-prop_EML_2 (122-318), WD40 (108-148), WD40 (162-194), WD40 (249-288), Beta-prop_EML (24-156), Beta-prop_EML (160-234), Beta-prop_EML (230-322), Beta-prop_CAF1B_HIR1 (52-242), Beta-prop_CAF1B_HIR1 (182-359), EIF3I (114-308), WDR55 (96-205), Beta-prop_VPS8 (99-154), WD40_Gbeta (121-293), WD40_Gbeta (246-345)","Beta-prop_THOC3, WD40_CDC20-Fz, Beta-prop_TEP1_2nd, Beta-prop_EIPR1, Beta-prop_WDR3_1st, WD40_WDHD1_1st, Beta-prop_WDR36-Utp21_1st, WD40_Prp19, Beta-prop_RIG_2nd, Beta-prop_EML_2, WD40, Beta-prop_EML, Beta-prop_CAF1B_HIR1, EIF3I, WDR55, Beta-prop_VPS8, WD40_Gbeta","MIOS_WD40 (0.028)",0.172,0.3,1606.69,"ALTSFV, ALVLAL, FVNLI, FYALAW, IALGISAFA, IANLW, IIVQTI, LVVVG, QIFVW, VILTW",10,0
"90","O36027","WSP1_SCHPO",-0.37840454,"FungalRV, SignalP, PredGPI","WH1 (17-126)","WH1","DCP1 (0.022), RPAP1_N (0.04), WH2 (0.062), Myo1_CA (0.1)",0.164,0.3,1058.54,"CWFKLVDVV, GALVLSY, IIAAAVV, VLSFIT",4,0.169
"91","P11655","SEC12_YEAST",-0.39358573,"FungalRV, SignalP, PredGPI","Beta-prop_THOC3 (79-353), WD40_Prp19 (161-237), WD40_Prp19 (249-358), WD40_MABP1-WDR62_2nd (112-341), Beta-prop_EML_2 (117-203), Beta-prop_EML_2 (198-357), WD40_WDHD1_1st (232-412), WD40 (300-337), EIF3I (134-335), WD40_CDC20-Fz (123-311), WD40_CDC20-Fz (176-355), WDR55 (256-340), ANAPC4_WD40 (159-227), ANAPC4_WD40 (272-354), RMC1_N (129-232), Beta-prop_WDR3_1st (248-351), Beta-prop_WDR36-Utp21_2nd (248-343)","Beta-prop_THOC3, WD40_Prp19, WD40_MABP1-WDR62_2nd, Beta-prop_EML_2, WD40_WDHD1_1st, WD40, EIF3I, WD40_CDC20-Fz, WDR55, ANAPC4_WD40, RMC1_N, Beta-prop_WDR3_1st, Beta-prop_WDR36-Utp21_2nd",NA,0.187,0.28,2862.73,"FFTNFILIVLLSYILQF, GIILVGC, LAVLA, LVYIS, SIALV, TLLVA, TVAAIA, TVLIAASL, VISTV, VVAYIT, YVASV",11,0
"92","74625426","sp",-0.3963935,"FungalRV, SignalP, PredGPI",NA,NA,NA,0.197,0.197,683.65,NA,0,0
"93","Q9P7S6","SNF30_SCHPO",-0.3963935,"FungalRV, SignalP, PredGPI",NA,NA,NA,0.197,0.36,683.65,"LAFVVSIA",1,0
"94","Q06449","PIN3_YEAST",-0.39787326,"FungalRV, SignalP, PredGPI","SH3_1 (60-105), SH3_9 (61-109), SH3_2 (58-111), TFIIA (35-205)","SH3_1, SH3_9, SH3_2, TFIIA","DUF2076 (0.16), DUF3292 (3)",0.135,0.18,10.33,NA,0,0
"95","1730804","sp",-0.39827536,"FungalRV, SignalP, PredGPI","AMPK1_CBM (6-93)","AMPK1_CBM","CBM53 (0.057)",0.164,0.164,318.66,NA,0,0
"96","1077135","pir",-0.41545181,"FungalRV","Cellulase (96-389)","Cellulase","KKLCAg1 (8)",0.174,0.174,2986,"FQTFL, ITIGGWLVT, LTLAIW, SFFFSAFLVLCL, SVCALAITIAALCA, TGWIFWNW, TTFVI, VVGIQIV",8,0
"97","2498781","sp",-0.41572351,"FungalRV","PLA2_B (101-588)","PLA2_B","IBR (0.049), SOG2 (0.27)",0.228,0.228,1938.51,NA,0,0.052
"98","Q2UHU9","CAPZA_ASPOR",-0.41610709,"FungalRV, SignalP, PredGPI","F-actin_cap_A (8-266)","F-actin_cap_A","Autotransporter (0.031)",0.143,0.24,655.63,"AVAILLVS",1,0
"99","Q9P6R1","VRP1_SCHPO",-0.42297889,"FungalRV, SignalP, PredGPI","WH2 (24-51)","WH2",NA,0.175,0.26,9.95,NA,0,0.104
"100","24636247","sp",-0.42828568,"FungalRV","Alpha-amylase (34-381), A_amylase_dom_C (411-494), Glyco_hydro_70 (72-154)","Alpha-amylase, A_amylase_dom_C, Glyco_hydro_70","DUF4825 (0.1)",0.179,0.179,6604.5,NA,0,0
"101","74655046","sp",-0.44649096,"FungalRV, SignalP, PredGPI","HLH (267-342)","HLH",NA,0.184,0.184,138.39,NA,0,0
"102","849175","gb",-0.44790982,"FungalRV, SignalP, PredGPI","Pyr_redox_2 (4-304), Pyr_redox (156-234), Pyr_redox_3 (50-287), GIDA (5-57), GIDA (156-233), FAD_binding_2 (5-51), FAD_binding_2 (33-305), Thi4 (1-54), NAD_binding_8 (8-57), HI0933_like (4-54), DAO (5-54), DAO (58-145), NAD_binding_7 (151-238), FAD_oxidored (5-116)","Pyr_redox_2, Pyr_redox, Pyr_redox_3, GIDA, FAD_binding_2, Thi4, NAD_binding_8, HI0933_like, DAO, NAD_binding_7, FAD_oxidored","FAD_binding_3 (0.02), Shikimate_DH (0.027), UCH_UBL1 (0.087), Lys_Orn_oxgnase (0.11)",0.147,0.147,925.58,"AAIYLA, AIILAT, ILYNTV, VFMLV, VSGLFYAIG",5,0
"103","Q6C1N1","EIF3D_YARLI",-0.45197582,"FungalRV, SignalP, PredGPI","eIF-3_zeta (3-527)","eIF-3_zeta",NA,0.126,0.24,395.04,"AIIAA, IIGVVS",2,0
"104","Q6BZF8","DYL1_DEBHA",-0.45301585,"FungalRV, SignalP, PredGPI","Dynein_light (7-90)","Dynein_light","DUF3646 (0.13), Ectatomin (0.28)",0.132,0.16,1788.6,"GFFTYFYIGQLAFLIF, LYGATWHVIV",2,0
"105","P10977","CARPV_CANAL",-0.4582436,"FungalRV, PredGPI","Asp (103-417), TAXi_N (104-262), Asp_protease_2 (107-215), Asp_protease_2 (289-348), gag-asp_proteas (107-190), gag-asp_proteas (298-346), PE-PGRS_C (92-251)","Asp, TAXi_N, Asp_protease_2, gag-asp_proteas, PE-PGRS_C","TAXi_C (0.049)",0.16,0.28,1200.47,"FGFYL, GLAFAF, LACFL, LSLSALTTVALALTSSLV, LTLTFAGYNF",5,0
"106","74644914","sp",-0.4595773,"FungalRV, SignalP, PredGPI","CHCH (93-126)","CHCH",NA,0.14,0.14,412.11,NA,0,0
"107","Q05809","YL218_YEAST",-0.4595773,"FungalRV, SignalP, PredGPI","CHCH (93-126)","CHCH",NA,0.14,0.16,412.11,"LLFSSFFS",1,0
"108","1749466","dbj",-0.4617106,"FungalRV, SignalP, PredGPI","Semialdhyde_dhC (158-336), Semialdhyde_dh (3-129), DXP_reductoisom (4-87)","Semialdhyde_dhC, Semialdhyde_dh, DXP_reductoisom","Sacchrp_dh_NADP (0.015), DapB_N (0.11)",0.13,0.13,1813.9,"AIYVF, ANLVIVS, FITLLS, IFDIKFVSLV, VLANYV",5,0
"109","P53195","COG7_YEAST",-0.46671532,"FungalRV, SignalP, PredGPI","LURAP (115-228)","LURAP","Med11 (0.015), MitMem_reg (0.11), LRS4 (0.29), Allexi_40kDa (0.58), DUF7365 (0.85), DUF948 (0.96), COG4_N (0.99)",0.215,0.34,569.75,"SLMLI, VVYYL",2,0
"110","74605122","sp",-0.49219861,"FungalRV, SignalP, PredGPI","Med2 (10-117), TFIIA (10-245)","Med2, TFIIA","PIP5K (0.013), RR_TM4-6 (0.027), T6SS_Tle1-like_cat (0.15), DDHD (0.27), Band_3_cyto (0.55), Neur_chan_memb (0.63), Peptidase_S49_N (0.83), Ig-CFAP74_2 (1), SLC12 (1.1), PFF1_TM (1.3), BTV_NS2 (1.4), Tim54 (2), V_ATPase_I (2.7), ALMT (6.1), DUF4175 (6.5), Piezo_TM25-28 (6.9)",0.118,0.118,82.61,NA,0,0.075
"111","74626838","sp",-0.50006545,"FungalRV, SignalP, PredGPI","zf-CCCH_4 (2-22), zf_CCCH_4 (4-22), Torus (1-39), zf-CCCH (1-19)","zf-CCCH_4, zf_CCCH_4, Torus, zf-CCCH","zf-CCCH_PARP12 (0.042), zf-CCCH_2 (0.29)",0.192,0.192,9.21,NA,0,0.069
"112","20178142","sp",-0.50067943,"FungalRV, SignalP, PredGPI","Sybindin (3-73), Sybindin (92-158), Sybindin (166-218), Sedlin_N (87-217)","Sybindin, Sedlin_N",NA,0.164,0.164,1843.46,NA,0,0
"113","Q03784","TRS23_YEAST",-0.50067943,"FungalRV, SignalP, PredGPI","Sybindin (3-73), Sybindin (92-158), Sybindin (166-218), Sedlin_N (87-217)","Sybindin, Sedlin_N",NA,0.164,0.26,1843.46,"FTMFIYQTLTGL, TILVIN, VYCLY, YLILASTLHGVFAIAS",4,0
"114","Q6CHN0","SLA1_YARLI",-0.50430076,"FungalRV, SignalP, PredGPI","SH3_1 (10-61), SH3_1 (74-120), SH3_1 (362-409), PH_SLA1 (250-339), SHD1 (464-530), SH3_9 (11-65), SH3_9 (75-123), SH3_9 (363-413), SH3_2 (8-67), SH3_2 (74-123), SH3_2 (360-415), SH3_2 (608-646), SH3_10 (64-120), SH3_10 (363-414)","SH3_1, PH_SLA1, SHD1, SH3_9, SH3_2, SH3_10","hSH3 (0.019), SAM_4 (0.15), TBCC (0.2)",0.172,0.34,1171.53,"AYALY, LLYLL, VIYAL, WFGFFL, WLLVC",5,0.198
"115","400839","sp",-0.5158675,"FungalRV, PredGPI","His_Phos_2 (59-405)","His_Phos_2","HTH_Card1 (0.18)",0.153,0.153,2199.33,NA,0,0
"116","P30574","CBPY_CANAL",-0.51723655,"FungalRV, PredGPI","Peptidase_S10 (132-538), Carbpep_Y_N (1-124)","Peptidase_S10, Carbpep_Y_N",NA,0.125,0.26,3532.14,"ASVIFL, FFYYFF, FICNWL, IISTI, LTGLFF, NLTSVLI, TLIATLALTATSTNALVV, VILWL, VLIYAG, VYAFLQLFF",10,0
"117","74676454","sp",-0.51892153,"FungalRV","SRP1_TIP1 (37-136)","SRP1_TIP1","Psg1 (0.19), DUF7081 (0.31)",0.25,0.25,1693.96,NA,0,0
"118","Q04925","YDR22_YEAST",-0.52344744,"FungalRV, SignalP, PredGPI","Svf1_C (269-415), Svf1 (76-267)","Svf1_C, Svf1","HNH (0.03)",0.157,0.28,1386.85,"LCGFVQLLYSTVMG, SVLAI, VTVTVWSIT, WNFLCF",4,0
"119","Q873Y3","PACC_CANDC",-0.52847862,"FungalRV, SignalP, PredGPI","zf-H2C2_2 (268-292), zf-C2H2 (251-275), zf-C2H2 (281-303), zf-C2H2_4 (281-304), Zap1_zf1 (215-241), Zap1_zf1 (251-272), Zap1_zf1 (284-303), FAM76 (276-392), zf-C2H2_6 (281-305)","zf-H2C2_2, zf-C2H2, zf-C2H2_4, Zap1_zf1, FAM76, zf-C2H2_6","C2CH-3rd_BIRD-IDD (0.04), FOXP-CC (0.2)",0.168,0.4,631.73,"MIHSVLVYL, MYVVNSIL",2,0.074
"120","Q9P372","SRP14_SCHPO",-0.53780989,"FungalRV, SignalP, PredGPI","SRP14 (3-85)","SRP14","CADH_Y-type_LIR (0.16)",0.198,0.24,54.28,"ISTVV",1,0
"121","172047306","sp",-0.53886592,"FungalRV, SignalP, PredGPI","G-patch (25-69), G-patch_2 (26-72)","G-patch, G-patch_2","Mitofilin (3.6)",0.096,0.096,44.1,NA,0,0
"122","6322945","ref",-0.54049006,"FungalRV, SignalP, PredGPI","SRP40_C (334-404)","SRP40_C",NA,0.517,0.517,0,NA,0,0.618
"123","A6S3W1","ROT1_BOTFB",-0.54184939,"FungalRV","Rot1 (29-262), NBCH_WD40 (68-132)","Rot1, NBCH_WD40",NA,0.201,0.3,2292.49,"LVWWAGVGLTIFGGAAYL, MFLAY, SVLIASAYLLSTV",3,0
"124","Q03088","SVL3_YEAST",-0.54191196,"FungalRV, SignalP, PredGPI","ApbA_C (209-339), Golgin_A5 (334-467)","ApbA_C, Golgin_A5","Vesi_VP2 (0.055)",0.2,0.38,3353.93,"ALVYHFI, FLYSVLSQF, GVITLLTTF, IIIMS, ILLLQTILLA, LISGLVTEIITVAK, LLIMF, LTSII, NILFYT, VNVFSILT",10,0.04
"125","A6QT51","SFH5_AJECN",-0.54459583,"FungalRV, SignalP, PredGPI","CRAL_TRIO (205-372), CRAL_TRIO_N (124-181)","CRAL_TRIO, CRAL_TRIO_N","CRAL_TRIO_2 (0.052)",0.143,0.28,1415.14,"ALMGWVFTAL, TVNVLI, VVFTWNIYGSV",3,0
"126","Q00310","KRE2_CANAL",-0.54468049,"FungalRV, PredGPI","Glyco_transf_15 (90-379)","Glyco_transf_15","DUF5874 (0.087)",0.107,0.16,1459.45,"ATFVTLA, FGIFALVLIGCGYILT, IAAALF, IGSLAFW, YAFTI",5,0
"127","Q10282","GBB_SCHPO",-0.55146776,"FungalRV, SignalP, PredGPI","WD40_Gbeta (1-302), Beta-prop_WDR3_1st (9-92), Beta-prop_WDR3_1st (34-219), Beta-prop_WDR3_1st (188-304), WD40 (14-49), WD40 (53-91), WD40 (99-133), WD40 (137-176), WD40 (180-218), WD40 (223-260), WD40 (264-302), WD40_CDC20-Fz (7-187), WD40_CDC20-Fz (59-301), Beta-prop_THOC3 (8-98), Beta-prop_THOC3 (105-304), WD40_Prp19 (8-121), WD40_Prp19 (103-302), Beta-prop_WDR5 (10-124), Beta-prop_WDR5 (98-252), Beta-prop_WDR5 (235-305), Beta-prop_EML_2 (6-63), Beta-prop_EML_2 (18-149), Beta-prop_EML_2 (150-304), WD40_WDHD1_1st (14-81), WD40_WDHD1_1st (105-199), WD40_WDHD1_1st (194-305), EIF3I (4-89), EIF3I (97-192), EIF3I (183-229), EIF3I (232-305), WDR55 (6-64), WDR55 (59-239), WDR55 (190-303), Beta-prop_WDR3_2nd (23-141), Beta-prop_WDR3_2nd (136-234), Beta-prop_WDR3_2nd (231-305), Beta-prop_TEP1_2nd (4-65), Beta-prop_TEP1_2nd (58-197), Beta-prop_TEP1_2nd (139-268), Beta-prop_TEP1_2nd (201-305), Beta-prop_WDR36-Utp21_2nd (7-93), Beta-prop_WDR36-Utp21_2nd (87-185), Beta-prop_WDR36-Utp21_2nd (178-304), Beta-prop_CAF1B_HIR1 (3-97), Beta-prop_CAF1B_HIR1 (101-144), Beta-prop_CAF1B_HIR1 (135-249), Beta-prop_CAF1B_HIR1 (229-305), Beta-prop_EML (9-181), Beta-prop_EML (124-270), Beta-prop_EML (219-305), Beta-prop_WDR36-Utp21_1st (27-171), Beta-prop_WDR36-Utp21_1st (170-303), Beta-prop_WDR90_POC16_2nd (33-97), Beta-prop_WDR90_POC16_2nd (99-168), Beta-prop_WDR90_POC16_2nd (161-254), Beta-prop_WDR90_POC16_2nd (227-302), WD40_MABP1-WDR62_2nd (6-134), WD40_MABP1-WDR62_2nd (107-206), WD40_MABP1-WDR62_2nd (200-303), NBCH_WD40 (78-174), NBCH_WD40 (255-304), Beta-prop_Aladin (4-112), Beta-prop_Aladin (96-214), Beta-prop_Aladin (214-304), Beta-prop_RIG_2nd (5-82), Beta-prop_RIG_2nd (100-168), Beta-prop_RIG_2nd (166-304), Beta-prop_TEP1_C (21-85), Beta-prop_TEP1_C (273-305), WD40_MABP1-WDR62_1st (9-94), WD40_MABP1-WDR62_1st (103-224), WD40_MABP1-WDR62_1st (226-304), Beta-prop_IFT122_1st (54-176), Beta-prop_IFT122_1st (224-305), Beta-prop_SPT8 (10-152), Beta-prop_SPT8 (135-210), WD40_RFWD3 (20-112), WD40_RFWD3 (101-244), Beta-prop_WDR75_1st (113-206), Beta-prop_WDR75_1st (239-304), ANAPC4_WD40 (221-281), Beta-prop_EIPR1 (91-175), Beta-prop_EIPR1 (115-191), Beta-prop_WDR19_1st (8-135), Beta-prop_WDR19_1st (217-305), Beta-prop_DCAF4 (101-210), Beta-prop_DCAF4 (219-305), Beta-prop_WDR41 (109-202), Beta-prop_WDR41 (188-305), Beta-prop_SCAP (99-184), Beta-prop_SCAP (196-305), Beta-prop_Vps41 (6-157), Beta-prop_Vps41 (232-304), Beta-prop_DCAF12 (35-156), Beta-prop_IFT140_1st (75-149), WDR90_beta-prop_4th (53-137), WD40_like (64-198), Beta-prop_NWD2_C (19-178), Beta-prop_HPS5 (216-304), Beta-prop_ACSF4 (161-305), Beta-prop_NOL10_N (188-291)","WD40_Gbeta, Beta-prop_WDR3_1st, WD40, WD40_CDC20-Fz, Beta-prop_THOC3, WD40_Prp19, Beta-prop_WDR5, Beta-prop_EML_2, WD40_WDHD1_1st, EIF3I, WDR55, Beta-prop_WDR3_2nd, Beta-prop_TEP1_2nd, Beta-prop_WDR36-Utp21_2nd, Beta-prop_CAF1B_HIR1, Beta-prop_EML, Beta-prop_WDR36-Utp21_1st, Beta-prop_WDR90_POC16_2nd, WD40_MABP1-WDR62_2nd, NBCH_WD40, Beta-prop_Aladin, Beta-prop_RIG_2nd, Beta-prop_TEP1_C, WD40_MABP1-WDR62_1st, Beta-prop_IFT122_1st, Beta-prop_SPT8, WD40_RFWD3, Beta-prop_WDR75_1st, ANAPC4_WD40, Beta-prop_EIPR1, Beta-prop_WDR19_1st, Beta-prop_DCAF4, Beta-prop_WDR41, Beta-prop_SCAP, Beta-prop_Vps41, Beta-prop_DCAF12, Beta-prop_IFT140_1st, WDR90_beta-prop_4th, WD40_like, Beta-prop_NWD2_C, Beta-prop_HPS5, Beta-prop_ACSF4, Beta-prop_NOL10_N","WD_LRWD1 (9e-04), Beta-prop_WDR75_2nd (0.034), KNTC1_N (0.035), B-prop_COPA_B_2nd (0.044), RCC1_2 (0.07), Ge1_WD40 (0.074), VID27 (0.27)",0.197,0.32,1527.67,"FCVVY, LLFIA, SVWIMTCAF, VLLVW",4,0
"128","730823","sp",-0.56150738,"FungalRV, SignalP, PredGPI","SRP14 (7-120)","SRP14","Lipocalin_9 (0.11)",0.178,0.178,6.69,NA,0,0
"129","P38985","SRP14_YEAST",-0.56150738,"FungalRV, SignalP, PredGPI","SRP14 (7-120)","SRP14","Lipocalin_9 (0.11)",0.178,0.28,6.69,NA,0,0
"130","Q6FJD5","NACA_CANGA",-0.5617405,"FungalRV, SignalP, PredGPI","NAC (17-72), UBA_HYPK (125-164)","NAC, UBA_HYPK",NA,0.091,0.12,243.3,"IVNAIMSL, NYVVFG",2,0
"131","Q6BRL3","BRO1_DEBHA",-0.56669969,"FungalRV, SignalP, PredGPI","BRO1 (5-444), ALIX_LYPXL_bnd (539-798)","BRO1, ALIX_LYPXL_bnd","DUF6277 (8.1)",0.171,0.34,2110.55,"ACVLFNLGALLSTYA, AWVATIHF, IAYLT, ILILN, LFGLI, LMLAQAQEVFVLKVI, LYAIL, MLFNV, YLLSIY",9,0.019
"132","P32521","PAN1_YEAST",-0.56971382,"FungalRV, SignalP, PredGPI","EH (266-362), EH (596-695), DUF1720 (120-196), DUF1720 (162-243), DUF1720 (374-453), DUF1720 (420-482), DUF1720 (468-531), DUF1720 (520-572), EF-hand_7 (271-332), EF-hand_7 (600-662), EF-hand_1 (603-631), EF-hand_1 (637-665), EF-hand_6 (603-632), EF-hand_6 (637-667), Cwf_Cwc_15 (992-1190)","EH, DUF1720, EF-hand_7, EF-hand_1, EF-hand_6, Cwf_Cwc_15",NA,0.17,0.32,715.91,"FALGMHLVY, IWTLC, LFYKIFETF, LSFITA",4,0.068
"133","Q08202","OPI10_YEAST",-0.5747779,"FungalRV, SignalP, PredGPI","Hikeshi-like_N (5-155), Hikeshi-like_C (190-242)","Hikeshi-like_N, Hikeshi-like_C","SBNO (0.11)",0.15,0.22,1324.07,"FAAIA, ITLFIL, LFGYL, LIIGISI, YIATVYF",5,0
"134","Q96UF2","G3P2_RHIRA",-0.57710802,"FungalRV, SignalP, PredGPI","Gp_dh_C (156-313), Gp_dh_N (3-104)","Gp_dh_C, Gp_dh_N","DapB_N (0.12)",0.13,0.22,1154.96,"FVCGV, ISVFS, LVSWY, VIDLLAYAAKV, VQVVAI, YMVYMF",6,0
"135","A6RJQ8","GMT_BOTFB",-0.58167416,"FungalRV, SignalP, PredGPI","EamA (51-187), EamA (213-359)","EamA",NA,0.166,0.26,11660.9,"ALFSFGLMVLSSVVAAWA, IAVSGLVFFA, ISILAYCLASISMTV, ISLLLVGMIYT, LILGMIYSGLATIFISYC, NFFYLAIQSVVCIIAIIIC, SVSAIFIGFVSGIVYAWA, TIFKNLTIIVIAYGEVLWF, VLFVCSFIF, YAWMGMNVFCTAAYVLS",10,0
"136","P53615","CAN_YEAST",-0.58243905,"FungalRV, SignalP, PredGPI","Pro_CA (52-209)","Pro_CA","Peptidase_S76 (0.053), DUF7660 (0.14)",0.154,0.22,771.17,"KATLEFAIICL, VYGLLY",2,0
"137","Q07362","PBP4_YEAST",-0.58763469,"FungalRV, SignalP, PredGPI",NA,NA,"Chp1-like_PIN (0.11), DivIVA (0.24)",0.249,0.34,0,NA,0,0.092
"138","Q07655","WHI4_YEAST",-0.59482756,"FungalRV, SignalP, PredGPI","RRM_1 (103-168), RRM_1 (535-609)","RRM_1","DUF7636 (0.21)",0.208,0.34,321.61,"CYCIFSLATGV, EKVVVV, SLLLL",3,0
"139","Q5AML6","CARA_CANAL",-0.59874814,"FungalRV, SignalP, PredGPI","GATase (221-400), CPSase_sm_chain (39-174), Peptidase_C26 (274-352)","GATase, CPSase_sm_chain, Peptidase_C26","DJ-1_PfpI (0.22)",0.149,0.3,418.78,"FLFDKF, IFGICLG, IHIAVL, ILCFT, LVSYL, QLLALA",6,0
"140","Q5BH63","SVF1_EMENI",-0.61120897,"FungalRV, SignalP, PredGPI","Svf1 (55-215), Svf1_C (217-365)","Svf1, Svf1_C",NA,0.176,0.26,1233.64,"LQVAIFN, TLVMVQIIYSNIA, VVYAL",3,0
"141","67641","pir",-0.61226693,"FungalRV, PredGPI","Peptidase_S8 (166-445), P_proprotein (505-590)","Peptidase_S8, P_proprotein","DUF6896 (0.056), DUF1180 (0.17), Peptidase_S8_N (0.17)",0.181,0.181,5538.11,"AGVVAAIV, AIYVFAS, AVMAVTY, IYSITIGAI, LAAGVYTLLL, VITIS, VQYLSILSAVGL, VTVTV, WTFMSVA, YFLTIFLIGATFLVLYFMFFM, YITLCFWWAFSTSALV",11,0.037
"142","P36156","GTO2_YEAST",-0.61381459,"FungalRV, SignalP, PredGPI","GST_C_2 (232-325), GST_N_2 (45-184)","GST_C_2, GST_N_2","GST_C (0.088), GST_N_3 (0.14), RabGap-TBC_2 (0.15)",0.135,0.2,1078.87,"FIHLWV, LTSVIGCSVVHW, LYTTVI, LYWNY, YWLYVSLA",5,0
"143","A7TT02","DRE2_VANPO",-0.61563026,"FungalRV, SignalP, PredGPI","CIAPIN1 (222-318), DRE2_N (6-135)","CIAPIN1, DRE2_N",NA,0.129,0.18,804.73,"LGLILI, LIYYL",2,0.046
"144","1722838","sp",-0.61572446,"FungalRV, SignalP, PredGPI","Beta-prop_THOC3 (8-149), Beta-prop_THOC3 (159-344), Sec31 (899-946), WD40_CDC20-Fz (55-345), Beta-prop_WDR3_1st (35-144), Beta-prop_WDR3_1st (174-351), Beta-prop_TEP1_2nd (11-216), Beta-prop_TEP1_2nd (219-303), WD40_Prp19 (54-258), WD40_Prp19 (252-351), Beta-prop_EML_2 (43-138), Beta-prop_EML_2 (163-351), WD40 (98-137), WD40 (246-286), Beta-prop_RIG_2nd (2-158), Beta-prop_RIG_2nd (154-208), Beta-prop_RIG_2nd (205-303), WD40_WDHD1_1st (37-275), WD40_WDHD1_1st (242-353), Beta-prop_CAF1B_HIR1 (48-163), Beta-prop_CAF1B_HIR1 (152-360), Beta-prop_EIPR1 (35-151), Beta-prop_EIPR1 (149-285), Beta-prop_WDR36-Utp21_1st (36-148), Beta-prop_WDR36-Utp21_1st (220-288), Beta-prop_WDR5 (12-200), Beta-prop_WDR5 (199-339), Beta-prop_EML (39-153), Beta-prop_EML (209-350), WDR55 (56-204), WDR55 (213-296), ANAPC4_WD40 (40-117), ANAPC4_WD40 (237-309), Beta-prop_HPS5 (61-215), Beta-prop_Aladin (57-232), Beta-prop_Aladin (161-288), Beta-prop_Aladin (205-322), WD40_Gbeta (37-254), WD40_Gbeta (246-339), Beta-prop_WDR3_2nd (28-332), Beta-prop_IFT140_1st (34-152), Beta-prop_IFT140_1st (154-301), Beta-prop_WDR19_1st (15-146), Beta-prop_WDR19_1st (164-372), SRA1 (1130-1272), EIF3I (27-142), EIF3I (100-302), Beta-prop_WDR90_POC16_2nd (60-137), Beta-prop_WDR90_POC16_2nd (265-346), TPR_Sec16 (514-749), WD40_MABP1-WDR62_2nd (69-286), WD40_MABP1-WDR62_2nd (173-332), Beta-prop_RIG_1st (25-199), Beta-prop_RIG_1st (201-352), Beta-prop_SPT8 (55-284), Beta-prop_DCAF4 (67-233), Beta-prop_DCAF4 (220-301), Beta-prop_WDR35_TULP_N (53-146), Beta-prop_DCAF12 (192-358)","Beta-prop_THOC3, Sec31, WD40_CDC20-Fz, Beta-prop_WDR3_1st, Beta-prop_TEP1_2nd, WD40_Prp19, Beta-prop_EML_2, WD40, Beta-prop_RIG_2nd, WD40_WDHD1_1st, Beta-prop_CAF1B_HIR1, Beta-prop_EIPR1, Beta-prop_WDR36-Utp21_1st, Beta-prop_WDR5, Beta-prop_EML, WDR55, ANAPC4_WD40, Beta-prop_HPS5, Beta-prop_Aladin, WD40_Gbeta, Beta-prop_WDR3_2nd, Beta-prop_IFT140_1st, Beta-prop_WDR19_1st, SRA1, EIF3I, Beta-prop_WDR90_POC16_2nd, TPR_Sec16, WD40_MABP1-WDR62_2nd, Beta-prop_RIG_1st, Beta-prop_SPT8, Beta-prop_DCAF4, Beta-prop_WDR35_TULP_N, Beta-prop_DCAF12","Prp18 (0.019), Beta-prop_TEP1_C (0.046), Beta-prop_SCAP (0.061), DUF7674 (0.2)",0.185,0.185,2004.18,NA,0,0.012
"145","P40529","AGE2_YEAST",-0.61916918,"FungalRV, SignalP, PredGPI","ArfGap (8-126)","ArfGap","DUF7573 (0.019), PSRP-3_Ycf65 (0.11), ALGX (0.17)",0.252,0.46,745.75,"WASWSLGVFICI",1,0
"146","Q08926","UIP4_YEAST",-0.6195805,"FungalRV, SignalP, PredGPI","AMPK1_CBM (2-95)","AMPK1_CBM","DUF5484 (0.26)",0.158,0.24,671.76,"FFGSWFSWLT, VTIVF",2,0
"147","A6ZP43","MCA1_YEAS7",-0.62202496,"FungalRV, SignalP, PredGPI","Peptidase_C14 (135-427)","Peptidase_C14",NA,0.109,0.2,792.23,"ALIIGINYI, IFNFLT, IVILT, LTALF, YLSLL",5,0.072
"148","O60184","CYC8_SCHPO",-0.62364898,"FungalRV, SignalP, PredGPI","TPR_1 (334-367), TPR_1 (368-401), TPR_1 (402-434), TPR_1 (438-471), TPR_1 (476-503), TPR_1 (512-545), TPR_1 (584-617), TPR_1 (618-650), TPR_1 (652-686), TPR_2 (334-367), TPR_2 (369-401), TPR_2 (402-434), TPR_2 (438-471), TPR_2 (475-504), TPR_2 (512-545), TPR_2 (584-617), TPR_2 (618-651), TPR_2 (652-686), TPR_8 (334-367), TPR_8 (402-430), TPR_8 (438-471), TPR_8 (512-545), TPR_8 (584-617), TPR_8 (618-650), TPR_17 (356-389), TPR_17 (390-422), TPR_17 (424-459), TPR_17 (534-569), TPR_17 (572-605), TPR_17 (606-639), TPR_17 (640-674), TPR_CcmH_CycH (330-434), TPR_CcmH_CycH (426-549), TPR_CcmH_CycH (546-614), TPR_CcmH_CycH (611-655), TPR_CcmH_CycH (651-705), TPR_14 (334-377), TPR_14 (368-411), TPR_14 (402-446), TPR_14 (438-478), TPR_14 (512-555), TPR_14 (584-627), TPR_14 (623-661), TPR_14 (652-696), TPR_12 (334-365), TPR_12 (366-434), TPR_12 (400-470), TPR_12 (474-507), TPR_12 (510-582), TPR_12 (562-613), TPR_12 (582-649), TPR_12 (646-685), TPR_16 (372-438), TPR_16 (479-546), TPR_16 (565-618), TPR_16 (622-687), TPR_19 (348-411), TPR_19 (412-478), TPR_19 (522-560), TPR_19 (567-621), TPR_19 (629-696), TPR_11 (375-416), TPR_11 (513-560), TPR_11 (591-632), TPR_11 (627-664), TPR_11 (666-690), TPR_7 (404-439), TPR_7 (514-547), TPR_7 (586-619), TPR_6 (513-545), TPR_6 (585-614), TPR_6 (623-649), TPR_9 (340-408), TPR_9 (408-481), TPR_9 (590-654), TPR_9 (624-697), ANAPC3 (562-644), ARM_TT21_C (348-480), ARM_TT21_C (478-620), ARM_TT21_C (565-695), TPR_Slam (337-386), TPR_Slam (354-437), TPR_15 (299-507), TPR_15 (575-679), ARM_TT21_5th (368-479), ARM_TT21_5th (513-617), ARM_TT21_N (507-620), ARM_TT21_N (554-681), ARM_TT21_4th (588-721), ChAPs (307-427), ChAPs (517-651), TPR_EMC2 (516-646), Suf (350-442), TPR_MalT (398-448)","TPR_1, TPR_2, TPR_8, TPR_17, TPR_CcmH_CycH, TPR_14, TPR_12, TPR_16, TPR_19, TPR_11, TPR_7, TPR_6, TPR_9, ANAPC3, ARM_TT21_C, TPR_Slam, TPR_15, ARM_TT21_5th, ARM_TT21_N, ARM_TT21_4th, ChAPs, TPR_EMC2, Suf, TPR_MalT","TPR-S (0.011), HAT_PRP39_C (0.037), PPTA (0.074), BTAD (0.098), TPR_21 (0.6), HEAT_Nup120 (1.6), HAT_Syf1_M (3.4), SNAP (3.6), TPR_10 (9.3)",0.162,0.44,2152.75,"IYFQI, LAIQYL, LGIIY, LWYGIGILY, MLQIATIL, SWYLIG, TFWCSIGVLYYQI, VSTIV",8,0.033
"149","1703459","sp",-0.62443705,"FungalRV, SignalP, PredGPI","Aft1_HRA (152-234), bZIP_1 (470-532), bZIP_2 (467-524), Aft1_OSA (57-104)","Aft1_HRA, bZIP_1, bZIP_2, Aft1_OSA","Aft1_HRR (0.023), Rab11-FIP3 (0.53)",0.214,0.214,232.19,NA,0,0
"150","Q6BLG4","ALB1_DEBHA",-0.62978585,"FungalRV, SignalP, PredGPI","Alb1 (1-109)","Alb1",NA,0.173,0.28,339.81,"TGVII, VLWAAV",2,0
"151","Q9UQW6","THIL_SCHPO",-0.63198585,"FungalRV, SignalP, PredGPI","Thiolase_N (6-265), Thiolase_C (272-394), Thiolase_C_1 (282-338), Thiolase_C_1 (339-391), ketoacyl-synt (79-132)","Thiolase_N, Thiolase_C, Thiolase_C_1, ketoacyl-synt","Ketoacyl-synt_C (0.037)",0.122,0.18,2235.43,"AFSVVAVAN, IICTLAYILA, SALVLMS, SSIVI, VYIVSAV",5,0
"152","A6ZS83","NRM1_YEAS7",-0.63315295,"FungalRV, SignalP, PredGPI","Whi5 (103-127)","Whi5",NA,0.261,0.42,62.27,"LAIANI",1,0
"153","14588903","emb",-0.63358995,"FungalRV, SignalP, PredGPI","ATP_transf (194-309), Ap4A_phos_N (2-172), DUF4922 (79-163), DUF4931_N (51-167)","ATP_transf, Ap4A_phos_N, DUF4922, DUF4931_N","HIT (0.016)",0.137,0.137,1078.25,"ALTFF, FVTFQ, LLAMCYISIL, LLTAY",4,0
"154","P53849","GIS2_YEAST",-0.63414447,"FungalRV, SignalP, PredGPI","zf-CCHC (4-21), zf-CCHC (23-40), zf-CCHC (47-64), zf-CCHC (65-82), zf-CCHC (92-109), zf-CCHC (116-133), zf-CCHC (135-152), zf-CCHC_4 (3-21), zf-CCHC_4 (22-40), zf-CCHC_4 (46-64), zf-CCHC_4 (64-82), zf-CCHC_4 (90-109), zf-CCHC_4 (115-133), zf-CCHC_4 (134-152), zf-CCHC_5 (3-23), zf-CCHC_5 (21-40), zf-CCHC_5 (47-65), zf-CCHC_5 (63-91), zf-CCHC_5 (93-110), zf-CCHC_5 (114-134), zf-CCHC_3 (43-66), zf-CCHC_3 (64-92), zf-CCHC_3 (89-115), zf-CCHC_3 (113-138)","zf-CCHC, zf-CCHC_4, zf-CCHC_5, zf-CCHC_3","zf-C2H2_10 (0.015), zf-CCHC_2 (0.028), CdsD_PD1 (0.028), Znf_SCAND3 (5.9)",0.124,0.18,0,NA,0,0
"155","2118150","pir",-0.63780439,"FungalRV, SignalP, PredGPI","Proteasome (27-215), Proteasome_A_N (4-26), DUF7382 (190-226)","Proteasome, Proteasome_A_N, DUF7382","Phage_CP76 (0.023), MurD-like_N (0.084), YqzH (0.24)",0.157,0.157,572.02,"ALSIF, FGVSTLIAGF, VVLSFS",3,0.059
"156","Q9C1W8","PPN1_SCHPO",-0.63783779,"FungalRV, PredGPI","Metallophos (47-318)","Metallophos","RDD1 (0.075), AP3D1 (6.9)",0.132,0.22,2672.33,"FILWT, IAYTYLWHAYIG, IIVGQLY, IVSAI, LAAISINTLYL, VITVAVLFVQSTWASFAF",6,0.028
"157","1149546","emb",-0.63989985,"FungalRV, SignalP, PredGPI","DUF2722 (1-345)","DUF2722",NA,0.203,0.203,99.24,"VSVAL",1,0
"158","422132","pir",-0.64163878,"FungalRV, SignalP, PredGPI","GDA1_CD39 (84-518)","GDA1_CD39",NA,0.145,0.145,3595.44,"FAIGAFAVIMLILLI, ILSAV, IYIFSYFY, VFAWITTNYLLG, VNSVLV, YVIMI",6,0
"159","205829280","sp",-0.64996358,"FungalRV, SignalP, PredGPI","EH (317-409), EH (657-756), DUF1720 (210-294), DUF1720 (425-492), DUF1720 (468-503), DUF1720 (493-552), DUF1720 (540-590), DUF1720 (557-634), EF-hand_7 (322-384), EF-hand_7 (661-723), EF-hand_1 (698-726), EF-hand_6 (664-693), EF-hand_6 (698-729)","EH, DUF1720, EF-hand_7, EF-hand_1, EF-hand_6","Collagen (0.05)",0.176,0.176,593.01,NA,0,0.147
"160","A7TSV7","PAN1_VANPO",-0.64996358,"FungalRV, SignalP, PredGPI","EH (317-409), EH (657-756), DUF1720 (210-294), DUF1720 (425-492), DUF1720 (468-503), DUF1720 (493-552), DUF1720 (540-590), DUF1720 (557-634), EF-hand_7 (322-384), EF-hand_7 (661-723), EF-hand_1 (698-726), EF-hand_6 (664-693), EF-hand_6 (698-729)","EH, DUF1720, EF-hand_7, EF-hand_1, EF-hand_6","Collagen (0.05)",0.176,0.4,593.01,"IWTLC, LFYKIFETY, LSFITA, VASAVV, VTTAV",5,0.147
"161","P39704","ERP2_YEAST",-0.65135293,"FungalRV, PredGPI","EMP24_GP25L (31-208)","EMP24_GP25L","DUF4307 (0.46), CfaA_B_C (3.9)",0.163,0.2,2839.71,"LTWLSILIIIIIAVISIAQVLLI, SFFIVLILALVNSVA",2,0.107
"162","68180","pir",-0.65854879,"FungalRV, SignalP, PredGPI","SAM_decarbox (25-393)","SAM_decarbox",NA,0.149,0.149,1466.88,"FSMTFFT, IWFFP, LFQIV, LSWAF, SLFVF, TTTLFCL, VLLHILNVF, WIEILKLV, YHLFYM, YYYTLHV",10,0
"163","205829275","sp",-0.66188586,"FungalRV, SignalP, PredGPI","EH (81-173), EH (488-587), DUF1720 (4-71), DUF1720 (207-285), DUF1720 (269-327), DUF1720 (312-406), DUF1720 (384-468), WH2 (1471-1498), EF-hand_1 (529-557), EF-hand_6 (496-526), EF-hand_7 (492-563)","EH, DUF1720, WH2, EF-hand_1, EF-hand_6, EF-hand_7","EF-hand_8 (0.14), Pox_A_type_inc (0.21), FlgN (1.4), Seryl_tRNA_N (8.1)",0.163,0.163,498.52,NA,0,0.17
"164","A5DVD6","PAN1_LODEL",-0.66188586,"FungalRV, SignalP, PredGPI","EH (81-173), EH (488-587), DUF1720 (4-71), DUF1720 (207-285), DUF1720 (269-327), DUF1720 (312-406), DUF1720 (384-468), WH2 (1471-1498), EF-hand_1 (529-557), EF-hand_6 (496-526), EF-hand_7 (492-563)","EH, DUF1720, WH2, EF-hand_1, EF-hand_6, EF-hand_7","EF-hand_8 (0.14), Pox_A_type_inc (0.21), FlgN (1.4), Seryl_tRNA_N (8.1)",0.163,0.38,498.52,"FAVAMHLIY, LANLLF, LSFIT, VALNVFT, VTWAI",5,0.17
"165","Q6BML9","ARP6_DEBHA",-0.66583102,"FungalRV, SignalP, PredGPI","Actin (2-405)","Actin","Salactin (0.27)",0.154,0.3,705.24,"FTLVV, GLIYV, IITVG, IIYQNVYW, QYFVI, VLINTI",6,0
"166","Q6CQX9","PAN1_KLULA",-0.66767045,"FungalRV, SignalP, PredGPI","EH (195-289), EH (490-589), EF-hand_7 (200-262), EF-hand_7 (494-556), EF-hand_1 (497-525), EF-hand_1 (531-559), EF-hand_6 (497-526), EF-hand_6 (531-561), DUF1720 (117-198), DUF1720 (413-477)","EH, EF-hand_7, EF-hand_1, EF-hand_6, DUF1720","DUF4407 (4.6)",0.162,0.34,1326.38,"FALAMYLVNSVL, FIISW, LFYKIFETY, LSFITT",4,0.054
"167","Q06315","SKG3_YEAST",-0.66999574,"FungalRV, SignalP, PredGPI","PH_26 (241-400), PH (93-221)","PH_26, PH","PPV_E1_N (0.011), PH_9 (0.17)",0.209,0.38,2305.01,"AFYLY, ALYAV, IIKLEGFVSF, IMTTVV, IVQVL, IVTLLSA, IYYLQV, VLLGTQL, VLVVSTTL, YHYGIFLIL",10,0
"168","453186","emb",-0.67337935,"FungalRV, SignalP, PredGPI","Sacchrp_dh_C (123-438), Sacchrp_dh_NADP (5-119), Shikimate_DH (1-87), NAD_binding_10 (9-146), F420_oxidored (4-103), GFO_IDH_MocA (3-100)","Sacchrp_dh_C, Sacchrp_dh_NADP, Shikimate_DH, NAD_binding_10, F420_oxidored, GFO_IDH_MocA","NAD_binding_3 (0.022), 3Beta_HSD (0.036), Epimerase (0.042)",0.132,0.132,1386.92,"ILSGFAWLGLFS, VAIATKFVLD, VLLAL, VLLLGSGFVA, VVISL, YAFVC, YGIYL",7,0
"169","O94564","YGD6_SCHPO",-0.67498829,"FungalRV, SignalP, PredGPI","ADH_zinc_N (176-309), ADH_N (29-134), ADH_zinc_N_2 (208-343), Glu_dehyd_C (145-345), AlaDh_PNT_C (150-237), NAD_binding_7 (162-263)","ADH_zinc_N, ADH_N, ADH_zinc_N_2, Glu_dehyd_C, AlaDh_PNT_C, NAD_binding_7",NA,0.113,0.22,1559.6,"IFVGSVSMF, MISMIGFVA, NVLVLGTGGVSTFALQFALAAG, VVCNFFT",4,0
"170","74609567","sp",-0.67820232,"FungalRV, SignalP, PredGPI","Whi5 (150-174), AP1AR (105-280)","Whi5, AP1AR","W02B3_4_N (0.15)",0.232,0.232,492.45,NA,0,0
"171","Q6FQJ4","NRM1_CANGA",-0.67820232,"FungalRV, SignalP, PredGPI","Whi5 (150-174), AP1AR (105-280)","Whi5, AP1AR","W02B3_4_N (0.15)",0.232,0.4,492.45,"SLIFLYS",1,0
"172","Q75AA5","NTF2_ASHGO",-0.68138061,"FungalRV, SignalP, PredGPI","NTF2 (8-121), NXF_NTF2 (8-44), NXF_NTF2 (40-122), DUF4518 (1-111)","NTF2, NXF_NTF2, DUF4518","DUF4440 (0.23), INTS7_HB (0.25)",0.136,0.18,483.86,"SYYVF, VLVMIT",2,0
"173","P38682","GLO3_YEAST",-0.68263982,"FungalRV, SignalP, PredGPI","ArfGap (16-133)","ArfGap",NA,0.193,0.4,191.56,"FGVMLCI",1,0
"174","4379","emb",-0.68302871,"FungalRV, SignalP, PredGPI","RNA_pol_Rpc34 (4-317), MarR_2 (24-69), MarR_2 (86-141), DnaD_N (8-74), DnaD_N (76-158)","RNA_pol_Rpc34, MarR_2, DnaD_N","HTH_27 (0.018), Rrf2 (0.11), TFIIE_alpha (0.15), HTH_36 (0.2)",0.136,0.136,1371.83,"EFINSLLTIVWRF, FSIFNYF, IYMLYSL, LVYSYI",4,0
"175","A7TH19","EIF3I_VANPO",-0.6862341,"FungalRV, SignalP, PredGPI","EIF3I (1-331), Beta-prop_THOC3 (9-269), Beta-prop_THOC3 (291-346), WD40 (2-38), WD40 (42-80), WD40 (145-181), WD40 (185-223), WD40 (282-320), Beta-prop_WDR3_1st (2-127), Beta-prop_WDR3_1st (135-244), WD40_Prp19 (4-152), WD40_Prp19 (140-279), WD40_Prp19 (273-346), WD40_WDHD1_1st (4-198), WD40_WDHD1_1st (187-248), WD40_WDHD1_1st (261-343), Beta-prop_WDR3_2nd (4-86), Beta-prop_WDR3_2nd (126-252), Beta-prop_EML_2 (5-60), Beta-prop_EML_2 (55-234), WD40_CDC20-Fz (2-142), WD40_CDC20-Fz (135-277), Beta-prop_WDR5 (4-128), Beta-prop_WDR5 (145-324), Beta-prop_WDR36-Utp21_2nd (4-125), Beta-prop_WDR36-Utp21_2nd (134-254), WD40_Gbeta (4-120), WD40_Gbeta (156-335), WDR55 (4-94), WDR55 (54-160), WDR55 (161-285), Beta-prop_TEP1_2nd (3-108), Beta-prop_TEP1_2nd (131-263), Beta-prop_CAF1B_HIR1 (2-97), Beta-prop_CAF1B_HIR1 (92-253), WD40_MABP1-WDR62_2nd (40-110), WD40_MABP1-WDR62_2nd (122-250), Beta-prop_WDR36-Utp21_1st (5-220), Beta-prop_Aladin (4-135), Beta-prop_Aladin (130-259), ANAPC4_WD40 (120-206), Beta-prop_WDR75_1st (19-115), Beta-prop_WDR75_1st (158-312), WD40_RFWD3 (141-264), Beta-prop_EML (4-162), Beta-prop_EML (133-257), WDR90_beta-prop_4th (3-61), WDR90_beta-prop_4th (57-199), Beta-prop_RIG_2nd (179-257), Beta-prop_WDR41 (15-92), Beta-prop_WDR41 (127-265), WD40_MABP1-WDR62_1st (135-240), Beta-prop_TEP1_C (51-116), NBCH_WD40 (2-136), NBCH_WD40 (153-265), Beta-prop_WDR35_TULP_N (120-249), Beta-prop_WDR19_1st (68-236), Beta-prop_WDR90_POC16_2nd (17-137), Beta-prop_WDR90_POC16_2nd (59-207), Beta-prop_SCAP (3-116), Beta-prop_VPS8 (144-245), Beta-prop_ACSF4 (143-277), Beta-prop_NUP159_NUP214 (133-202), Beta-prop_SPT8 (137-230), Beta-prop_IFT140_1st (107-234)","EIF3I, Beta-prop_THOC3, WD40, Beta-prop_WDR3_1st, WD40_Prp19, WD40_WDHD1_1st, Beta-prop_WDR3_2nd, Beta-prop_EML_2, WD40_CDC20-Fz, Beta-prop_WDR5, Beta-prop_WDR36-Utp21_2nd, WD40_Gbeta, WDR55, Beta-prop_TEP1_2nd, Beta-prop_CAF1B_HIR1, WD40_MABP1-WDR62_2nd, Beta-prop_WDR36-Utp21_1st, Beta-prop_Aladin, ANAPC4_WD40, Beta-prop_WDR75_1st, WD40_RFWD3, Beta-prop_EML, WDR90_beta-prop_4th, Beta-prop_RIG_2nd, Beta-prop_WDR41, WD40_MABP1-WDR62_1st, Beta-prop_TEP1_C, NBCH_WD40, Beta-prop_WDR35_TULP_N, Beta-prop_WDR19_1st, Beta-prop_WDR90_POC16_2nd, Beta-prop_SCAP, Beta-prop_VPS8, Beta-prop_ACSF4, Beta-prop_NUP159_NUP214, Beta-prop_SPT8, Beta-prop_IFT140_1st","Beta-prop_Vps41 (0.013), Beta-prop_IFT122_1st (0.014), Beta-prop_NWD2_C (0.019), SGL (0.028), COPI_C (0.033), DUF5018 (0.095), Beta-prop_HPS5 (0.1), Dumpy_DPY (0.33)",0.153,0.24,1353.71,"FVILGG, ILVIN, IMLVG, LNYVAV, SVASVWYSI, TYFIT, YILAVL",7,0
"176","71109","pir",-0.69169208,"FungalRV, SignalP, PredGPI","Ribosomal_L6 (12-85), Ribosomal_L6 (97-178), Cmr7b-like (124-190)","Ribosomal_L6, Cmr7b-like","DUF7398 (0.11)",0.105,0.105,148.4,"NVNIV, VTVSI",2,0
"177","A6S3N2","SFH5_BOTFB",-0.6921059,"FungalRV, SignalP, PredGPI","CRAL_TRIO (404-557), CRAL_TRIO_N (307-365)","CRAL_TRIO, CRAL_TRIO_N","Gp5_trimer_C (0.026), SOG2 (0.69)",0.159,0.38,1880.63,"IFLSA, LVMGWVFTAM, SVIFL, TSIVL, VITWNIYGAV, WGIVL, YLNVSFL",7,0.131
"178","Q74ZP5","TVP23_ASHGO",-0.69362425,"FungalRV, SignalP, PredGPI","DUF846 (15-160)","DUF846",NA,0.154,0.2,3372.31,"ALWALFGVLCVL, LFTFQTFF, LFWISTYA, LQFISLFLVLFAAGLT, LVLSL, WFVSYTSHFLIITILLLAVDFYLTK",6,0
"179","2131182","pir",-0.69563751,"FungalRV, SignalP, PredGPI","RRM_Nup35 (257-399), Nup35_RRM_2 (269-303)","RRM_Nup35, Nup35_RRM_2","RBD_DEAH11 (0.12)",0.188,0.188,620.82,"LSAIIVFG",1,0
"180","82896","pir",-0.69965438,"FungalRV, SignalP, PredGPI","Allantoicase (31-185), Allantoicase (204-343)","Allantoicase",NA,0.111,0.111,461.07,"FFSLA, FIEKIIV, WAVIQL, YDWVIIKMGVAA",4,0
"181","O14015","MU108_SCHPO",-0.70307863,"FungalRV, SignalP, PredGPI",NA,NA,"Tim54 (0.27)",0.2,0.3,6.32,NA,0,0.22
"182","P34222","PTH2_YEAST",-0.70621588,"FungalRV, SignalP, PredGPI","PTH2 (94-214)","PTH2","Astro_capsid_p (0.011), DUF6779 (0.062), DNA_pol_phi (0.28)",0.173,0.34,1880.09,"ISLGVNAAVI, ITSFLM, MALVI, YTIALWATFTAISFAVGY",4,0.093
"183","74605158","sp",-0.70911214,"FungalRV, SignalP, PredGPI",NA,NA,NA,0.189,0.189,40.05,NA,0,0.037
"184","Q6FKL3","ROT1_CANGA",-0.71686188,"FungalRV","Rot1 (23-260)","Rot1",NA,0.183,0.32,2901.33,"IFNAAFVWYTSFFLVGAGSLIFI, LYLAY, SLLFALLSVAGLVAG, VYTLQLY",4,0
"185","52783241","sp",-0.71769701,"FungalRV, SignalP, PredGPI","Rad52_Rad22 (29-181), DSRM_RDM1 (60-153)","Rad52_Rad22, DSRM_RDM1","FlgT_N (0.11)",0.148,0.148,122.38,NA,0,0.03
"186","1835684","gb",-0.72103831,"FungalRV, SignalP, PredGPI","ThiF (3-437), UBA_E1_SCCH (183-267), UBA_E1_SCCH (225-363), UAE_UbL (452-535)","ThiF, UBA_E1_SCCH, UAE_UbL","Polysacc_synt_2 (0.12), T4_y05I_C (6.5)",0.142,0.142,1827.71,"FLFNQLFA, FVATAA, FVVLI, GIVIL, IHCIVWA, SIILFS, TSLVTII",7,0
"187","1723846","sp",-0.72414758,"FungalRV, SignalP, PredGPI","SCA7 (213-280), zf_C2H2_13 (59-100)","SCA7, zf_C2H2_13","DZR_2 (0.14), TBPIP_C (0.16)",0.164,0.164,556.93,NA,0,0.078
"188","Q9UTH8","SFP1_SCHPO",-0.7312509,"FungalRV, SignalP, PredGPI","zf-C2H2 (350-375), zf-C2H2 (399-422), zf-C2H2_jaz (355-372), zf-C2H2_jaz (398-419), zf-H2C2_2 (344-363), zf-H2C2_2 (389-410), zf-C2H2_4 (350-373), zf-C2H2_4 (399-422)","zf-C2H2, zf-C2H2_jaz, zf-H2C2_2, zf-C2H2_4","ZNF512_zf-C2H2 (0.18), Relaxase_C (0.2), zf-C2H2_aberr (0.27), zf-C2HE (0.31), C2H2-zf_KIN17 (0.63), Zf-C2H2_ZNF451_C (3.6), zf-C2H2_6 (9.4), FOXP-CC (9.6)",0.181,0.34,255.95,"SNLVVV",1,0
"189","Q6FM94","VTS1_CANGA",-0.73247018,"FungalRV, SignalP, PredGPI","SAM_2 (470-532), SAM_1 (476-528)","SAM_2, SAM_1",NA,0.237,0.42,317.77,"AFTIV, IISVL",2,0.029
"190","1362455","pir",-0.73415442,"FungalRV, SignalP, PredGPI","RNase_H (185-346), Cauli_VI (6-49), Cauli_VI (107-153)","RNase_H, Cauli_VI","RVT_3 (0.022), DUF416 (0.12), PilM_2 (0.14)",0.158,0.158,11.7,NA,0,0
"191","74591477","sp",-0.73674484,"FungalRV, SignalP, PredGPI","Fip1 (159-201), Serglycin (16-94)","Fip1, Serglycin","TFIIA (2.9)",0.147,0.147,276.42,NA,0,0.233
"192","1078574","pir",-0.74163174,"FungalRV, SignalP, PredGPI","Aldedh (29-498)","Aldedh","LuxC (0.026)",0.13,0.13,1541.66,"FGVVAQI, LASAVFT, LGLFI, TSLSLLYFATLI, VVVVS, WVANGIFF",6,0
"193","74583483","sp",-0.74368244,"FungalRV, SignalP, PredGPI","Fumble (20-355)","Fumble","YflT (0.23)",0.161,0.161,1856.2,NA,0,0
"194","Q04430","PANK_YEAST",-0.74368244,"FungalRV, SignalP, PredGPI","Fumble (20-355)","Fumble","YflT (0.23)",0.161,0.22,1856.2,"KFYDL, LMFYTI, SLLFAIS, TLSYAINFW, TLWGLLSLIT, YLLVNIG",6,0
"195","Q7RVQ8","PACC_NEUCR",-0.74578009,"FungalRV, SignalP, PredGPI","Zap1_zf1 (95-121), Zap1_zf1 (131-152), Zap1_zf1 (163-183), zf-C2H2 (95-120), zf-C2H2 (161-183), zf-H2C2_2 (148-172), zf-C2H2_4 (161-184)","Zap1_zf1, zf-C2H2, zf-H2C2_2, zf-C2H2_4","FOXP-CC (0.055), zf-C2H2_6 (0.074), zf-C2H2_jaz (0.45), zf-C2H2_8 (1.1), DUF629 (7.1)",0.192,0.5,10.05,NA,0,0.061
"196","Q6CPW4","MSS11_KLULA",-0.74686006,"FungalRV, SignalP, PredGPI","LisH (53-79)","LisH",NA,0.135,0.28,719.39,"LLYAHIYNYLV",1,0.095
"197","P38865","CTR2_YEAST",-0.74919816,"FungalRV, SignalP, PredGPI","Ctr (61-129), Ctr (107-173)","Ctr","DUF2070 (0.14), Fzo_mitofusin (1.9)",0.164,0.22,3640.45,"GLILSCLAIFGLAYLYEYLK, ILYGLQVGFSFMLMLVFMTYNGWLMLAVVC, MLFSWSYKNTCVVFEWWHIK",3,0
"198","A6ZRG7","CA120_YEAS7",-0.75526295,"FungalRV, SignalP, PredGPI","PH_26 (224-382), PH (76-204)","PH_26, PH","PH_9 (0.21)",0.169,0.34,1237.3,"ILTLL, MATIVEAKALYAV, NALVVSTTL, VFIMP, VYGVLLGTQLALW",5,0.015
"199","Q755L7","SVF1_ASHGO",-0.75898117,"FungalRV, SignalP, PredGPI","Svf1_C (217-381), Svf1 (56-215)","Svf1_C, Svf1","NTCP5_P3_N (0.075)",0.174,0.3,1184.71,"FAQIIY, GTVVV, IVSGVV, SVLSVTI, TATFYFTQI, VSIGIL, YSVMILAL",7,0
"200","Q59ZV5","EIF3G_CANAL",-0.76239588,"FungalRV, SignalP, PredGPI","eIF3g (19-145), RRM_1 (199-270), RRM_5 (171-279), IPK (91-209)","eIF3g, RRM_1, RRM_5, IPK","RRM_PARP14_3 (0.041), CFSR (0.086), zf-CCCH_7 (0.12)",0.143,0.2,480.46,"GFAYVSFAT, TVITF",2,0
"201","Q9URB4","ALF_CANAL",-0.7647902,"FungalRV, SignalP, PredGPI","F_bP_aldolase (16-358)","F_bP_aldolase",NA,0.106,0.16,1057.51,"FSIAAAF, LYLVF, TVFAVY, TVVAAL, YAYLTGI",5,0
"202","473137","emb",-0.7696612,"FungalRV, SignalP, PredGPI","PUL (467-713), PFU (332-443), WD40 (3-40), WD40 (89-125), WD40 (127-166), WD40 (168-206), WD40 (210-247), WD40 (253-288), Beta-prop_WDR3_1st (2-167), Beta-prop_WDR3_1st (165-289), WD40_Prp19 (3-79), WD40_Prp19 (51-148), WD40_Prp19 (125-358), Beta-prop_THOC3 (2-214), Beta-prop_THOC3 (178-369), Beta-prop_TEP1_2nd (2-61), Beta-prop_TEP1_2nd (57-274), Beta-prop_WDR5 (4-147), Beta-prop_WDR5 (128-297), WD40_WDHD1_1st (3-53), WD40_WDHD1_1st (48-129), WD40_WDHD1_1st (134-263), WD40_WDHD1_1st (230-323), Beta-prop_WDR3_2nd (2-46), Beta-prop_WDR3_2nd (77-194), Beta-prop_WDR3_2nd (172-253), WD40_Gbeta (3-125), WD40_Gbeta (128-250), EIF3I (49-134), EIF3I (91-191), EIF3I (166-220), EIF3I (217-388), Beta-prop_WDR41 (5-134), Beta-prop_WDR41 (172-221), Beta-prop_WDR41 (215-272), WD40_CDC20-Fz (54-169), WD40_CDC20-Fz (141-242), WD40_CDC20-Fz (230-324), Beta-prop_TEP1_C (12-74), Beta-prop_TEP1_C (98-130), Beta-prop_TEP1_C (139-175), Beta-prop_TEP1_C (178-231), Beta-prop_TEP1_C (219-260), WDR55 (3-87), WDR55 (96-318), Beta-prop_WDR36-Utp21_2nd (3-133), Beta-prop_WDR36-Utp21_2nd (126-314), Beta-prop_EML_2 (20-140), Beta-prop_EML_2 (145-362), Beta-prop_CAF1B_HIR1 (2-81), Beta-prop_CAF1B_HIR1 (91-170), Beta-prop_CAF1B_HIR1 (137-263), Beta-prop_EML (133-215), Beta-prop_EML (206-319), Beta-prop_WDR75_1st (4-72), Beta-prop_WDR75_1st (186-296), Beta-prop_WDR90_POC16_2nd (20-119), Beta-prop_WDR90_POC16_2nd (129-247), WD40_MABP1-WDR62_2nd (130-184), WD40_MABP1-WDR62_2nd (180-228), WD40_MABP1-WDR62_2nd (226-268), NBCH_WD40 (85-256), Beta-prop_EIPR1 (127-165), Beta-prop_EIPR1 (171-246), WD40_like (145-222), WD40_like (219-314), Beta-prop_WDR36-Utp21_1st (81-168), Beta-prop_WDR36-Utp21_1st (113-229), Beta-prop_WDR36-Utp21_1st (170-293), BBS2_Mid (139-248), BBS2_Mid (261-317), Beta-prop_DCAF4 (159-272), Beta-prop_IFT122_1st (124-201), Beta-prop_IFT122_1st (170-302), WD40_RFWD3 (167-242), WDR90_beta-prop_4th (15-81), WDR90_beta-prop_4th (226-300), Beta-prop_DCAF12 (7-60), Beta-prop_DCAF12 (57-138), ANAPC4_WD40 (147-231), Beta-prop_SCAP (2-139), Beta-prop_SCAP (135-259)","PUL, PFU, WD40, Beta-prop_WDR3_1st, WD40_Prp19, Beta-prop_THOC3, Beta-prop_TEP1_2nd, Beta-prop_WDR5, WD40_WDHD1_1st, Beta-prop_WDR3_2nd, WD40_Gbeta, EIF3I, Beta-prop_WDR41, WD40_CDC20-Fz, Beta-prop_TEP1_C, WDR55, Beta-prop_WDR36-Utp21_2nd, Beta-prop_EML_2, Beta-prop_CAF1B_HIR1, Beta-prop_EML, Beta-prop_WDR75_1st, Beta-prop_WDR90_POC16_2nd, WD40_MABP1-WDR62_2nd, NBCH_WD40, Beta-prop_EIPR1, WD40_like, Beta-prop_WDR36-Utp21_1st, BBS2_Mid, Beta-prop_DCAF4, Beta-prop_IFT122_1st, WD40_RFWD3, WDR90_beta-prop_4th, Beta-prop_DCAF12, ANAPC4_WD40, Beta-prop_SCAP","Beta-prop_IP5PC_F (0.27)",0.152,0.152,3621.31,"AISIWS, ITLTMLTV, LAIAVSTLIFNYSALVT, LLLFGG, LLLSFANTI, LTVAY, LYTLI, QIVVV, SFVYCI, TIFNGIV, VTWLA, VVQFIL, WLGTVVYT",13,0
"203","Q6CBS9","ATG27_YARLI",-0.77045304,"FungalRV, PredGPI","ATG27 (3-272), CIMR (7-95), CIMR (133-190)","ATG27, CIMR","DUF7248 (1.8), DUF2897 (5.1)",0.12,0.2,3021.38,"AIIGYMAVAVAAA, TIVCGLGYIL, WFTWLFIIIVLGVAVYII",3,0
"204","Q9UTK2","RM19_SCHPO",-0.77512034,"FungalRV, SignalP, PredGPI","Ribosomal_L11_N (9-67), Ribosomal_L11 (72-142)","Ribosomal_L11_N, Ribosomal_L11",NA,0.208,0.28,136.08,"TFTFTI",1,0
"205","O94619","YBKA_SCHPO",-0.77771123,"FungalRV, SignalP, PredGPI","SSDP (156-685), LisH (40-66)","SSDP, LisH","RRG7 (0.046)",0.198,0.46,354.81,"LLLVS, LWFGLF, WWNVFW, YIYDYLIK",4,0
"206","Q03103","ERO1_YEAST",-0.7788104,"FungalRV, PredGPI","ERO1 (65-413)","ERO1",NA,0.13,0.24,1912.16,"AIATLCLTAFT, FFNIL, FIGVA, IWSTIY, LIALLQTF, VLEAFRFIY, VTNMYFNYAVVA, YATALKILFEI",8,0
"207","O94289","LUB1_SCHPO",-0.78159643,"FungalRV, SignalP, PredGPI","PFU (327-437), PUL (459-708), WD40 (4-41), WD40 (88-125), WD40 (127-164), WD40 (166-202), WD40 (205-243), WD40 (245-282), Beta-prop_WDR3_1st (1-165), Beta-prop_WDR3_1st (157-283), Beta-prop_THOC3 (13-132), Beta-prop_THOC3 (97-188), Beta-prop_THOC3 (187-311), Beta-prop_WDR3_2nd (87-166), Beta-prop_WDR3_2nd (143-248), WD40_Prp19 (2-91), WD40_Prp19 (70-163), WD40_Prp19 (97-204), WD40_Prp19 (189-308), Beta-prop_TEP1_2nd (10-186), Beta-prop_TEP1_2nd (167-257), Beta-prop_TEP1_2nd (258-316), Beta-prop_WDR5 (3-137), Beta-prop_WDR5 (128-307), Beta-prop_WDR41 (130-171), Beta-prop_WDR41 (166-250), Beta-prop_WDR41 (214-261), Beta-prop_WDR41 (251-297), WD40_Gbeta (4-207), WD40_Gbeta (190-289), WD40_WDHD1_1st (1-56), WD40_WDHD1_1st (98-185), WD40_WDHD1_1st (139-211), WD40_WDHD1_1st (211-311), WD40_CDC20-Fz (1-72), WD40_CDC20-Fz (25-174), WD40_CDC20-Fz (147-257), Beta-prop_CAF1B_HIR1 (2-79), Beta-prop_CAF1B_HIR1 (83-186), Beta-prop_CAF1B_HIR1 (188-311), Beta-prop_TEP1_C (97-134), Beta-prop_TEP1_C (136-172), Beta-prop_TEP1_C (214-282), WDR55 (6-204), WDR55 (164-302), EIF3I (9-89), EIF3I (92-182), EIF3I (188-364), Beta-prop_EML (8-89), Beta-prop_EML (94-188), Beta-prop_EML (178-257), Beta-prop_IFT122_1st (114-202), Beta-prop_IFT122_1st (196-277), Beta-prop_EML_2 (104-253), Beta-prop_EML_2 (187-311), Beta-prop_WDR36-Utp21_2nd (2-134), Beta-prop_WDR36-Utp21_2nd (133-299), WD40_MABP1-WDR62_2nd (95-251), Beta-prop_WDR90_POC16_2nd (222-310), BBS2_Mid (140-209), BBS2_Mid (217-293), Beta-prop_WDR75_1st (188-264), Beta-prop_SCAP (94-207), Beta-prop_SCAP (167-250), Beta-prop_WDR36-Utp21_1st (113-211), Beta-prop_WDR36-Utp21_1st (167-243), NBCH_WD40 (58-149), NBCH_WD40 (104-181), Beta-prop_RIG_2nd (188-319)","PFU, PUL, WD40, Beta-prop_WDR3_1st, Beta-prop_THOC3, Beta-prop_WDR3_2nd, WD40_Prp19, Beta-prop_TEP1_2nd, Beta-prop_WDR5, Beta-prop_WDR41, WD40_Gbeta, WD40_WDHD1_1st, WD40_CDC20-Fz, Beta-prop_CAF1B_HIR1, Beta-prop_TEP1_C, WDR55, EIF3I, Beta-prop_EML, Beta-prop_IFT122_1st, Beta-prop_EML_2, Beta-prop_WDR36-Utp21_2nd, WD40_MABP1-WDR62_2nd, Beta-prop_WDR90_POC16_2nd, BBS2_Mid, Beta-prop_WDR75_1st, Beta-prop_SCAP, Beta-prop_WDR36-Utp21_1st, NBCH_WD40, Beta-prop_RIG_2nd","Beta-prop_DCAF12 (2e-04), Beta-prop_Vps41 (0.032), HEAT_GCN1_C (0.098)",0.154,0.26,3946.15,"FVRIFTVD, IAFATLAMNLSILLIQL, IFLEVFSRVV, INVMLAL, LLSILFSFL, SVWAVLAL, SYYLF, TSFVYSLTYIH",8,0
"208","2131173","pir",-0.78246993,"FungalRV, SignalP, PredGPI","ACPS (132-238), AASDHPPT_N (34-119)","ACPS, AASDHPPT_N",NA,0.147,0.147,2312.85,"CTIFTYLWSL, IVTIC, LLQLFGCSIVT, LYNISLSTLI, WAGIFVV, YVAMFLV",6,0
"209","Q04739","GAL83_YEAST",-0.78412,"FungalRV, SignalP, PredGPI","AMPK1_CBM (162-249), AMPKBI (343-415)","AMPK1_CBM, AMPKBI",NA,0.141,0.24,264.88,"LAYTF, LCVASIV, YVTQILY",3,0
"210","A6R989","URM1_AJECN",-0.79284799,"FungalRV, SignalP, PredGPI","Urm1 (17-121), ThiS (43-121)","Urm1, ThiS","DUF3865 (0.15), DUF4916 (0.16), FerA (0.22)",0.198,0.36,653.65,"LLTITV, NILFVSTL",2,0
"211","O94510","AGN2_SCHPO",-0.79328412,"FungalRV, SignalP, PredGPI","Glyco_hydro_71 (13-406)","Glyco_hydro_71",NA,0.185,0.32,3310.54,"AGINIFF, FVLNF, LFQILNGTTVIA, LQFLLYLNL, LYVTY, NVSFIV, SVVLYNFNFC, VISVISFA, VVVGTFL, YVQVLTW",10,0
"212","P22217","TRX1_YEAST",-0.79599808,"FungalRV, SignalP, PredGPI","Thioredoxin (2-101), Thioredoxin_2 (14-99), Thioredoxin_9 (2-103), Thioredoxin_8 (17-57), Thioredoxin_8 (48-84), AhpC-TSA (3-101), Redoxin (3-72), DIM1 (1-99), Thioredoxin_7 (3-79), OST3_OST6 (8-98)","Thioredoxin, Thioredoxin_2, Thioredoxin_9, Thioredoxin_8, AhpC-TSA, Redoxin, DIM1, Thioredoxin_7, OST3_OST6","Phosducin (0.031), TraF (0.067), HyaE (0.17), BrxC (0.17)",0.078,0.12,703.94,"KLVVVDFYATWC, TLLLF",2,0
"213","P53738","TR112_YEAST",-0.80016692,"FungalRV, SignalP, PredGPI","Trm112p (2-124)","Trm112p","RUBY_RBDX (0.22)",0.119,0.18,626.38,"AVLTVAA, FLLNIV",2,0
"214","P39008","POP2_YEAST",-0.80119086,"FungalRV, SignalP, PredGPI","CAF1 (163-287), CAF1 (285-391)","CAF1","Mob1_phocein (0.042), ResT-TelK_cat (0.22), Cwp8_D3 (0.23), SLT_L (0.61)",0.118,0.26,1720.18,"FSIFTT, FVGTLA, FYDLNLVYKII, LGFLINILM, NYLFV, SLLMLLSFC, VIYGI, VLAVG, VTWITY",9,0
"215","O74933","UAP1_CANAL",-0.80268962,"FungalRV, SignalP, PredGPI","UDPGP (48-464)","UDPGP","DUF5388 (0.23)",0.121,0.28,2291.08,"IFIGFAIA, IHMYCV, IINWYIMT, LISTV, QVIFFN, VAVLLMA, VGLIVL",7,0
"216","Q08831","VTS1_YEAST",-0.80497613,"FungalRV, SignalP, PredGPI","SAM_2 (448-510)","SAM_2","SAM_1 (0.019), YusW (0.17)",0.226,0.42,558.03,"AFGIVI, ILSIL",2,0
"217","6319598","ref",-0.8062842,"FungalRV, SignalP, PredGPI","bL31_N (43-102), Ribosomal_L31 (55-125), SPOUT_MTase (106-196)","bL31_N, Ribosomal_L31, SPOUT_MTase","YqzE (0.015)",0.179,0.179,108.45,"TFCSLLML",1,0
"218","2498764","sp",-0.80713052,"FungalRV, SignalP, PredGPI","Pex14_N (9-54), CR6_interact (79-229), DUF445 (93-262)","Pex14_N, CR6_interact, DUF445","Methyltransf_14 (0.13), RepB_primase_C (0.18), DUF7605 (0.39), DUF1664 (1), FUT8_N_cat (1.1), ZapG-like (1.2), DUF2664 (1.9), SLC12 (2.2), RAC_head (2.9), TMEM120A-B (4.7), Allexi_40kDa (5.3)",0.162,0.162,783.29,NA,0,0
"219","74582014","sp",-0.8118187,"FungalRV, SignalP, PredGPI","Cyclin (287-384)","Cyclin","Cyclin_N (0.22)",0.215,0.215,2009,NA,0,0
"220","Q6BNL1","PAN1_DEBHA",-0.81367221,"FungalRV, SignalP, PredGPI","EH (124-218), EH (476-575), DUF1720 (1-63), DUF1720 (41-109), DUF1720 (234-301), DUF1720 (291-346), DUF1720 (339-403), DUF1720 (397-466), EF-hand_1 (165-193), EF-hand_1 (517-545), EF-hand_7 (129-190), EF-hand_7 (480-542), EF-hand_6 (165-196), EF-hand_6 (517-548), WH2 (1417-1438)","EH, DUF1720, EF-hand_1, EF-hand_7, EF-hand_6, WH2","Aquarius_N_1st (0.012), EF-hand_8 (0.04), DUF3287 (0.084)",0.159,0.3,1547.94,"FALALHLC, FAVAMHLVY, LASLLF, LSFITAA, VAINIF, YVALM",6,0.09
"221","74619001","sp",-0.81559231,"FungalRV, SignalP, PredGPI","G-patch (25-77)","G-patch","G-patch_2 (0.014), Red1 (0.037)",0.163,0.163,121.32,NA,0,0.108
"222","Q9C2N1","VIB1_NEUCR",-0.81632272,"FungalRV, SignalP, PredGPI","NDT80_PhoG (175-340)","NDT80_PhoG",NA,0.188,0.34,183.57,"IVAQAVAL",1,0
"223","Q6C4R5","SPC3_YARLI",-0.81872679,"FungalRV, SignalP, PredGPI","SPC22 (1-184)","SPC22",NA,0.135,0.18,2542.54,"LVFAYLTATY, TVLSIIAAIVFVVSYIQLVVA",2,0
"224","Q0UR95","RSSA_PHANO",-0.8192328,"FungalRV, SignalP, PredGPI","Ribosomal_S2 (20-119), Ribosomal_S2 (114-186), 40S_SA_C (205-301)","Ribosomal_S2, 40S_SA_C",NA,0.123,0.28,1932.48,"AIGLVWWMLA, ICVIS, IVLAARIIVAID, LIIVT, VNVINV",5,0
"225","P78978","PACC_YARLI",-0.82306642,"FungalRV, SignalP, PredGPI","zf-C2H2 (147-171), zf-C2H2 (182-206), zf-C2H2 (212-234), zf-C2H2_4 (146-167), zf-C2H2_4 (212-235), Zap1_zf1 (146-172), Zap1_zf1 (182-191), Zap1_zf1 (214-234), zf-H2C2_2 (199-223), zf-C2H2_jaz (211-235), zf-C2H2_6 (212-236)","zf-C2H2, zf-C2H2_4, Zap1_zf1, zf-H2C2_2, zf-C2H2_jaz, zf-C2H2_6","C2CH-3rd_BIRD-IDD (0.035), zf-C2HE (0.094), FOXP-CC (0.11), Cnd1_N (0.17), zf_ZIC (0.4), zf-C2H2_16 (1.9)",0.171,0.38,123.74,"VVSYL",1,0
"226","1168610","sp",-0.8239427,"FungalRV, SignalP, PredGPI","zf-H2C2_2 (586-604), zf-H2C2_2 (607-632), zf-H2C2_2 (635-660), zf-H2C2_2 (663-690), zf-C2H2 (593-615), zf-C2H2 (621-643), zf-C2H2 (649-671), zf-C2H2 (677-702), zf-C2H2_4 (593-616), zf-C2H2_4 (621-644), zf-C2H2_4 (649-672), zf-C2H2_4 (677-702), zf-C2H2_6 (592-616), zf-C2H2_6 (621-646), zf-C2H2_6 (649-674), zf-C2H2_jaz (592-616), zf-C2H2_jaz (648-672), C2CH-3rd_BIRD-IDD (620-642), C2CH-3rd_BIRD-IDD (648-670), zf-Di19 (619-673), zf-met (649-672)","zf-H2C2_2, zf-C2H2, zf-C2H2_4, zf-C2H2_6, zf-C2H2_jaz, C2CH-3rd_BIRD-IDD, zf-Di19, zf-met","DUF5810 (0.83), zf-BED (2.2)",0.184,0.184,532.25,NA,0,0.023
"227","Q12449","AHA1_YEAST",-0.82639747,"FungalRV, SignalP, PredGPI","Aha1_N (13-150), AHSA1 (223-345)","Aha1_N, AHSA1","DUF515 (0.083), bPH_8 (0.11)",0.166,0.36,1346.53,"LTFGFGAV, VISLFDLKITVLI",2,0
"228","558258","emb",-0.82780764,"FungalRV, SignalP, PredGPI",NA,NA,NA,0.176,0.176,546.41,"FTHYL, LFALS, TALFTV, TVTISYCF, YTFGVY",5,0
"229","485487","pir",-0.83236374,"FungalRV, SignalP, PredGPI","Homoserine_dh (151-353), NAD_binding_3 (12-143)","Homoserine_dh, NAD_binding_3","DUF5101 (0.16)",0.164,0.164,2830.37,"AYIAGFYT, FSGTLSYIF, IISFL, PVILV, STITYNLVLLA, VVNVAVIGAGVVGSAFL",6,0
"230","539351","pir",-0.83522729,"FungalRV, SignalP, PredGPI","Med18 (3-96), Med18 (86-299)","Med18","DUF5349 (0.025)",0.173,0.173,1811.21,"LCTVW, LGYVFEFQYLTIGVKFFM, LLISTLTTI",3,0
"231","Q6C994","KAR5_YARLI",-0.83653251,"FungalRV, SignalP, PredGPI","Tht1 (2-390)","Tht1","DCD_C (0.029), Phage_Mu_Gam (0.091), T6SS_VgrG3-like_C (0.093), DUF1664 (0.096), ERM_helical (0.3), FliD_C (0.33), COG6_N (0.58), LOH1CR12 (0.93), CPG4 (1.2), PMC2NT (1.3), Nucleoprot-TPR (1.9), DUF948 (1.9), Exonuc_VII_L (2.6), hAT-like_RNase-H (2.7), Occludin_ELL (3.2), FANCL_d1 (3.3), BLOC1_2 (3.5), Fib_alpha (9.4)",0.172,0.28,3886.66,"AFQLASFIIMI, AVVSL, FIGGIYTSIGLVMGSMLGVLVM, LLVLA, LVAAL, LVNGVVSIFS, SLTILV, TALTLIVS, VSLAVGLAVC",9,0
"232","74701377","sp",-0.84673385,"FungalRV, SignalP, PredGPI","JAB (56-172), CSN5_C (262-387), Prok-JAB (64-187)","JAB, CSN5_C, Prok-JAB","DUF6547 (0.067)",0.175,0.175,864.17,NA,0,0
"233","Q4P804","CSN5_USTMA",-0.84673385,"FungalRV, SignalP, PredGPI","JAB (56-172), CSN5_C (262-387), Prok-JAB (64-187)","JAB, CSN5_C, Prok-JAB","DUF6547 (0.067)",0.175,0.28,864.17,"FVAIVI, ISAVALI, TLYVM, VVGWY",4,0
"234","Q5AZB4","NCB5R_EMENI",-0.85271529,"FungalRV, SignalP, PredGPI","FAD_binding_6 (68-168), NAD_binding_1 (178-290), NAD_binding_6 (173-243), NAD_binding_6 (261-293), FAD_binding_9 (85-166)","FAD_binding_6, NAD_binding_1, NAD_binding_6, FAD_binding_9","DUF4176 (0.18)",0.112,0.18,2342.82,"FAVALAAGFVAW, IYYVL, LIFANV, SALLVVGTFIL",4,0
"235","P38804","SDO1L_YEAST",-0.85477875,"FungalRV, SignalP, PredGPI","SBDS_N (3-99)","SBDS_N",NA,0.144,0.16,414.1,"LIVFAA",1,0
"236","130137","sp",-0.85883686,"FungalRV, SignalP, PredGPI","CBFB_NFYA (8-64)","CBFB_NFYA","SOG2 (7.3)",0.234,0.234,7,NA,0,0
"237","458897","gb",-0.85973796,"FungalRV, SignalP, PredGPI","Enolase_C (144-434), Enolase_N (3-134), MR_MLE_C (271-409)","Enolase_C, Enolase_N, MR_MLE_C","MAAL_C (0.093)",0.114,0.114,988.57,"AILGV, FLNVL, LVVGL, VIAAAFV, WGVMV",5,0
"238","P17898","CPT1_YEAST",-0.85980555,"FungalRV, SignalP, PredGPI","CDP-OH_P_transf (45-240)","CDP-OH_P_transf","DUF6713 (0.89)",0.148,0.26,13006.49,"FFAYFSSIFTLVLI, FISLALILSIGFSVAFVV, GIIVLCISFIAVGIY, IVSALVWMGLGLTLAI, IYALSI, LVTLLGFCFIIFNVLTTLYY, TIQLVLYAFMVYVL, TVHLMYAFCTGALIFNIVTA, WTYFSYAIGLFLYQTF, YTYMTIFSQFAILCSFYLST",10,0
"239","6320713","ref",-0.86335752,"FungalRV, SignalP, PredGPI","PSP1 (653-765)","PSP1",NA,0.151,0.151,2336.34,"GLVLIQ, IWLCA, LNLALFINFL, LTFYYVC, LVLVAL, LVLVV",6,0
"240","Q03825","MSS11_YEAST",-0.86429802,"FungalRV, SignalP, PredGPI","LisH (53-79)","LisH","SR-25 (0.56)",0.165,0.36,12.59,NA,0,0.049
"241","625409","pir",-0.86497661,"FungalRV, PredGPI","Glyco_hydro_15 (90-540)","Glyco_hydro_15","DUF3775 (0.055), LMP (0.14)",0.146,0.146,3146.9,"AVLMNGTVVY, FFTLLVQLSAV, GVVIA, IAILKIIDYI, LLGMLSVGFGFAWAL, WVLATCTASTTLYQLIY, YFYQWI",7,0
"242","P32336","NUD1_YEAST",-0.865024,"FungalRV, SignalP, PredGPI","LRR_4 (520-564), LRR_4 (566-613), LRR_4 (621-662), LRR_4 (767-809), LRR_4 (792-847), LRR_8 (480-520), LRR_8 (517-555), LRR_8 (559-599), LRR_8 (602-654), LRR_8 (742-804), LRR_9 (498-566), LRR_9 (619-688), LRR_9 (740-827), LRR_6 (564-581), LRR_6 (620-635), LRR_1 (567-587), LRR_1 (588-608), LRR_1 (621-641), LRR_1 (643-662), LRR_1 (793-810)","LRR_4, LRR_8, LRR_9, LRR_6, LRR_1","LRR_LRWD1 (2.4)",0.19,0.34,921.19,"ALATLWL, LISILT, LVSIV, LYSLTIANV, NVLVLNL, VVGGWLTV, VVQLFC",7,0
"243","Q5KDR4","PRP46_CRYNE",-0.86940508,"FungalRV, SignalP, PredGPI","Beta-prop_WDR3_1st (169-295), Beta-prop_WDR3_1st (257-379), Beta-prop_WDR3_1st (370-435), Beta-prop_WDR3_1st (438-472), WD40 (172-210), WD40 (214-252), WD40 (256-294), WD40 (298-336), WD40 (340-379), WD40 (383-420), WD40 (435-470), Beta-prop_THOC3 (135-261), Beta-prop_THOC3 (299-473), WD40_Prp19 (173-267), WD40_Prp19 (263-374), WD40_Prp19 (438-473), Beta-prop_WDR5 (173-348), Beta-prop_WDR5 (344-473), Beta-prop_WDR3_2nd (161-301), Beta-prop_WDR3_2nd (295-427), Beta-prop_WDR3_2nd (409-473), WD40_CDC20-Fz (157-243), WD40_CDC20-Fz (230-469), WD40_WDHD1_1st (143-267), WD40_WDHD1_1st (265-354), WD40_WDHD1_1st (341-473), WD40_Gbeta (171-238), WD40_Gbeta (234-319), WD40_Gbeta (303-472), WDR55 (184-345), WDR55 (339-435), Beta-prop_WDR90_POC16_2nd (178-264), Beta-prop_WDR90_POC16_2nd (242-319), Beta-prop_WDR90_POC16_2nd (271-381), Beta-prop_WDR90_POC16_2nd (315-427), Beta-prop_WDR36-Utp21_2nd (169-219), Beta-prop_WDR36-Utp21_2nd (217-382), Beta-prop_TEP1_2nd (146-277), Beta-prop_TEP1_2nd (274-364), Beta-prop_TEP1_2nd (317-400), Beta-prop_TEP1_2nd (365-472), Beta-prop_EML_2 (185-224), Beta-prop_EML_2 (227-267), Beta-prop_EML_2 (269-311), Beta-prop_EML_2 (313-375), Beta-prop_EML_2 (353-473), EIF3I (176-235), EIF3I (216-305), EIF3I (298-370), EIF3I (365-436), Beta-prop_CAF1B_HIR1 (169-219), Beta-prop_CAF1B_HIR1 (215-303), Beta-prop_CAF1B_HIR1 (299-379), Beta-prop_WDR36-Utp21_1st (178-254), Beta-prop_WDR36-Utp21_1st (246-380), Beta-prop_WDR36-Utp21_1st (387-470), Beta-prop_WDR41 (147-292), Beta-prop_WDR41 (285-388), Beta-prop_EML (176-260), Beta-prop_EML (258-473), Beta-prop_WDR75_1st (188-282), Beta-prop_WDR75_1st (279-363), Beta-prop_WDR75_1st (338-408), Beta-prop_WDR75_1st (368-431), WD40_MABP1-WDR62_2nd (170-253), WD40_MABP1-WDR62_2nd (254-473), Beta-prop_TEP1_C (223-278), Beta-prop_TEP1_C (265-303), Beta-prop_TEP1_C (307-373), Beta-prop_SCAP (174-265), Beta-prop_SCAP (273-376), Beta-prop_SCAP (374-438), Beta-prop_SPT8 (181-370), Beta-prop_DCAF4 (206-306), Beta-prop_DCAF4 (296-373), Beta-prop_EIPR1 (169-251), Beta-prop_EIPR1 (213-335), WD40_MABP1-WDR62_1st (169-264), WD40_MABP1-WDR62_1st (260-379), WD40_MABP1-WDR62_1st (322-419), WD40_RFWD3 (174-314), Beta-prop_IFT140_1st (238-353), Beta-prop_IFT140_1st (338-426), Beta-prop_IFT122_1st (180-287), Beta-prop_IFT122_1st (271-438), Beta-prop_IFT122_1st (392-473), Beta-prop_RIG_2nd (297-366), NBCH_WD40 (225-303), NBCH_WD40 (301-436), KNTC1_N (180-266), Beta-prop_DCAF12 (239-380), Beta-prop_DCAF12 (345-429), WDR90_beta-prop_4th (226-376), ANAPC4_WD40 (272-366), Beta-prop_ACSF4 (185-469), Beta-prop_WDR75_2nd (194-262), Beta-prop_Aladin (181-375), Beta-prop_Nup120_160 (210-265), Beta-prop_NOL10_N (184-352), WDR54 (164-274)","Beta-prop_WDR3_1st, WD40, Beta-prop_THOC3, WD40_Prp19, Beta-prop_WDR5, Beta-prop_WDR3_2nd, WD40_CDC20-Fz, WD40_WDHD1_1st, WD40_Gbeta, WDR55, Beta-prop_WDR90_POC16_2nd, Beta-prop_WDR36-Utp21_2nd, Beta-prop_TEP1_2nd, Beta-prop_EML_2, EIF3I, Beta-prop_CAF1B_HIR1, Beta-prop_WDR36-Utp21_1st, Beta-prop_WDR41, Beta-prop_EML, Beta-prop_WDR75_1st, WD40_MABP1-WDR62_2nd, Beta-prop_TEP1_C, Beta-prop_SCAP, Beta-prop_SPT8, Beta-prop_DCAF4, Beta-prop_EIPR1, WD40_MABP1-WDR62_1st, WD40_RFWD3, Beta-prop_IFT140_1st, Beta-prop_IFT122_1st, Beta-prop_RIG_2nd, NBCH_WD40, KNTC1_N, Beta-prop_DCAF12, WDR90_beta-prop_4th, ANAPC4_WD40, Beta-prop_ACSF4, Beta-prop_WDR75_2nd, Beta-prop_Aladin, Beta-prop_Nup120_160, Beta-prop_NOL10_N, WDR54","Beta-prop_HPS5 (0.016), WD40_like (0.028), WD_LRWD1 (0.038), Beta-prop_RIG_1st (0.093), Beta-prop_Vps41 (0.098), Beta-prop_IFT140_2nd (0.14)",0.167,0.26,434.43,"FCSTF, IFTLT, IFVNNFV, VIKIWDL, VLVTG, VVYGA",6,0
"244","P14306","CPYI_YEAST",-0.87174032,"FungalRV, SignalP, PredGPI","PBP (43-214)","PBP",NA,0.155,0.22,903.35,"LFTLVMT, LVASNFFYA, YVFLLY",3,0
"245","Q6CMG6","UBC6_KLULA",-0.87767396,"FungalRV, SignalP, PredGPI","UQ_con (9-148)","UQ_con","RWD (0.12), Proton_antipo_C (0.13)",0.135,0.28,2406.1,"AWSVVTILNGLLSFM, SLLCLILAIAIFFVGLIM",2,0
"246","Q6CLZ6","PNG1_KLULA",-0.878931,"FungalRV, SignalP, PredGPI","Transglut_core (135-230), Rad4 (205-330)","Transglut_core, Rad4","PAW (0.14)",0.144,0.26,1549.98,"AWYSVVL, FFSWC, IYALA, SYVLAFS, WCNVFTLIL",5,0
"247","6729856","pdb",-0.87994881,"FungalRV, SignalP, PredGPI","Pyrophosphatase (46-228)","Pyrophosphatase",NA,0.111,0.111,732.79,"ALGIMALL, IFNMVV, WFFIS",3,0
"248","Q4P821","COX19_USTMA",-0.88001871,"FungalRV, SignalP, PredGPI","CHCH (30-64)","CHCH","NDUF_B7 (0.012), CX9C (0.068), HTH_71 (0.17), Pet191_N (0.24), Cmc1 (0.27), COX6B (0.42), COX17 (1)",0.173,0.28,0,NA,0,0
"249","626570","pir",-0.88086165,"FungalRV, SignalP, PredGPI","Pterin_4a (11-114)","Pterin_4a",NA,0.175,0.175,260.04,"TTWAFLT",1,0
"250","2133051","pir",-0.88254624,"FungalRV, SignalP, PredGPI","Ribosomal_L12 (49-82), Ribosomal_L12 (127-194), Ribosomal_L12_N (53-102), Ribosomal_L12_N (138-168)","Ribosomal_L12, Ribosomal_L12_N",NA,0.186,0.186,207.16,"LLGLSLV, TVFTV",2,0
"251","166989535","sp",-0.88293314,"FungalRV, SignalP, PredGPI","PROPPIN (8-172), PROPPIN (259-387), PROPPIN (502-556), Beta-prop_THOC3 (257-340), Beta-prop_THOC3 (336-403), WD40_Prp19 (233-317), WD40_Prp19 (261-387), WD40 (282-317), WD40 (327-365), Beta-prop_EML_2 (241-387), Beta-prop_WDR3_1st (235-387), WD40_CDC20-Fz (45-182), WD40_CDC20-Fz (225-383), Beta-prop_WDR36-Utp21_1st (8-149), Beta-prop_WDR36-Utp21_1st (266-376), Beta-prop_WDR36-Utp21_2nd (243-374), WD40_MABP1-WDR62_2nd (211-332), ANAPC4_WD40 (267-340), ANAPC4_WD40 (324-381), WD40_WDHD1_1st (232-337), WD40_WDHD1_1st (317-382), WDR55 (228-402), Beta-prop_WDR3_2nd (250-364), Beta-prop_WDR3_2nd (312-391), Beta-prop_EML (226-319), Beta-prop_EML (308-382), EIF3I (198-332), EIF3I (288-408), Beta-prop_Vps41 (268-379), Beta-prop_WDR90_POC16_2nd (266-318), Beta-prop_VPS8 (263-378), Beta-prop_HPS5 (247-397), WD40_MABP1-WDR62_1st (258-374), Beta-prop_IFT122_2nd (259-376), Beta-prop_WDR5 (256-383), Beta-prop_Aladin (274-378), Beta-prop_TEP1_2nd (271-324)","PROPPIN, Beta-prop_THOC3, WD40_Prp19, WD40, Beta-prop_EML_2, Beta-prop_WDR3_1st, WD40_CDC20-Fz, Beta-prop_WDR36-Utp21_1st, Beta-prop_WDR36-Utp21_2nd, WD40_MABP1-WDR62_2nd, ANAPC4_WD40, WD40_WDHD1_1st, WDR55, Beta-prop_WDR3_2nd, Beta-prop_EML, EIF3I, Beta-prop_Vps41, Beta-prop_WDR90_POC16_2nd, Beta-prop_VPS8, Beta-prop_HPS5, WD40_MABP1-WDR62_1st, Beta-prop_IFT122_2nd, Beta-prop_WDR5, Beta-prop_Aladin, Beta-prop_TEP1_2nd","Beta-prop_IFT140_1st (0.021), RMC1_N (0.022), Beta-prop_CAF1B_HIR1 (0.025), Beta-prop_IFT80_2nd (0.033), Beta-prop_IP5PC_F (0.17), DUF7915 (1.7)",0.211,0.211,1790.31,NA,0,0
"252","A7TPY4","ATG18_VANPO",-0.88293314,"FungalRV, SignalP, PredGPI","PROPPIN (8-172), PROPPIN (259-387), PROPPIN (502-556), Beta-prop_THOC3 (257-340), Beta-prop_THOC3 (336-403), WD40_Prp19 (233-317), WD40_Prp19 (261-387), WD40 (282-317), WD40 (327-365), Beta-prop_EML_2 (241-387), Beta-prop_WDR3_1st (235-387), WD40_CDC20-Fz (45-182), WD40_CDC20-Fz (225-383), Beta-prop_WDR36-Utp21_1st (8-149), Beta-prop_WDR36-Utp21_1st (266-376), Beta-prop_WDR36-Utp21_2nd (243-374), WD40_MABP1-WDR62_2nd (211-332), ANAPC4_WD40 (267-340), ANAPC4_WD40 (324-381), WD40_WDHD1_1st (232-337), WD40_WDHD1_1st (317-382), WDR55 (228-402), Beta-prop_WDR3_2nd (250-364), Beta-prop_WDR3_2nd (312-391), Beta-prop_EML (226-319), Beta-prop_EML (308-382), EIF3I (198-332), EIF3I (288-408), Beta-prop_Vps41 (268-379), Beta-prop_WDR90_POC16_2nd (266-318), Beta-prop_VPS8 (263-378), Beta-prop_HPS5 (247-397), WD40_MABP1-WDR62_1st (258-374), Beta-prop_IFT122_2nd (259-376), Beta-prop_WDR5 (256-383), Beta-prop_Aladin (274-378), Beta-prop_TEP1_2nd (271-324)","PROPPIN, Beta-prop_THOC3, WD40_Prp19, WD40, Beta-prop_EML_2, Beta-prop_WDR3_1st, WD40_CDC20-Fz, Beta-prop_WDR36-Utp21_1st, Beta-prop_WDR36-Utp21_2nd, WD40_MABP1-WDR62_2nd, ANAPC4_WD40, WD40_WDHD1_1st, WDR55, Beta-prop_WDR3_2nd, Beta-prop_EML, EIF3I, Beta-prop_Vps41, Beta-prop_WDR90_POC16_2nd, Beta-prop_VPS8, Beta-prop_HPS5, WD40_MABP1-WDR62_1st, Beta-prop_IFT122_2nd, Beta-prop_WDR5, Beta-prop_Aladin, Beta-prop_TEP1_2nd","Beta-prop_IFT140_1st (0.021), RMC1_N (0.022), Beta-prop_CAF1B_HIR1 (0.025), Beta-prop_IFT80_2nd (0.033), Beta-prop_IP5PC_F (0.17), DUF7915 (1.7)",0.211,0.34,1790.31,"IAALTLSF, LVVLLRDQIYIY, MLFSTSLLAVVGL, TYSII, VASIL, VYSLAF",6,0
"253","1346645","sp",-0.88465214,"FungalRV, SignalP, PredGPI","Nucleoporin_FG (1-123), Nucleoporin_FG (158-220), Nucleoporin_FG (214-291), Nucleoporin_FG (283-364), Nucleoporin_FG (349-442), Nucleoporin_FG (424-500), Nucleoporin_FG (443-535), Nucleoporin_FG (523-607), Nucleoporin_FG (560-651), Nucleoporin_FG (604-700), Nucleoporin_FG (653-763), Nucleoporin2 (967-1111), Nup98_GLEBS (135-161)","Nucleoporin_FG, Nucleoporin2, Nup98_GLEBS",NA,0.192,0.192,1259.52,NA,0,0.206
"254","2498849","sp",-0.88801818,"FungalRV, SignalP, PredGPI","RPA_C (167-270), tRNA_anti-codon (80-150), RMI2 (48-156)","RPA_C, tRNA_anti-codon, RMI2","UPF0147 (0.21)",0.129,0.129,652.96,NA,0,0
"255","189043799","sp",-0.88960878,"FungalRV","Rot1 (32-270)","Rot1",NA,0.158,0.158,2232.71,NA,0,0
"256","A6RBY1","ROT1_AJECN",-0.88960878,"FungalRV","Rot1 (32-270)","Rot1",NA,0.158,0.22,2232.71,"AFVVA, LLFLS, LWWVGLIMTSVGSLALIY, MYLAF, VFTGSAFY",5,0
"257","Q9USS2","PPK29_SCHPO",-0.88971577,"FungalRV, SignalP, PredGPI","Pkinase (25-299), PK_Tyr_Ser-Thr (25-299)","Pkinase, PK_Tyr_Ser-Thr","Kinase-like (0.05)",0.213,0.36,2164.45,"FSHVYLVQ, ILLLM, MWALGVLLY, VASFLT, VIIALL, VLKIISDIV, VLLSFNTF, VVSYI",8,0
"258","3023372","sp",-0.89129105,"FungalRV, SignalP, PredGPI","Pheromone (1-75)","Pheromone","DUF6964 (0.11)",0.197,0.197,254.31,NA,0,0
"259","P36041","EAP1_YEAST",-0.89246081,"FungalRV, SignalP, PredGPI","Eap1 (137-452), DUF4686 (176-261)","Eap1, DUF4686","GCV_H (0.12)",0.16,0.36,64.32,"LMSFF",1,0
"260","A6ZTT3","VEL1_YEAS7",-0.89778968,"FungalRV, PredGPI","Vel1p (6-206)","Vel1p",NA,0.184,0.22,1784.54,"FASVILS, FITGL, LIFTTNI, SFLSIFTFFSVLISVA",4,0
"261","12407246","dbj",-0.89853848,"FungalRV, SignalP, PredGPI","BRCT (1-72), BRCT (111-207), BRCT (322-405), BRCT_2 (2-76), BRCT_2 (114-219), BRCT_2 (325-418), PTCB-BRCT (7-70), PTCB-BRCT (446-492), BRCT_3 (141-219)","BRCT, BRCT_2, PTCB-BRCT, BRCT_3","RTT107_BRCT_5 (0.48)",0.173,0.173,2105.83,"CAFII, FLNVTITGF, FLSTI, FNIFI, ILLINLAA, ISIFVT, IYQLWL, LFTQFYI, RFDIIFIDIKAI, STLIF, VNVLVVGS",11,0
"262","Q12221","PUF2_YEAST",-0.89875188,"FungalRV, SignalP, PredGPI","PUF (580-612), PUF (617-647), PUF (659-677), PUF (688-718), RRM_1 (337-390), PUF_NOP9 (548-626), PUF_NOP9 (677-719)","PUF, RRM_1, PUF_NOP9","NOA36 (6.8)",0.191,0.48,2711.99,"IIHAIF, ILFQIL, LAIVML, LLTITSLIIVL, SHFWTIV, TLLITWLL, YVIQGI",7,0.043
"263","2144771","pir",-0.89999587,"FungalRV, SignalP, PredGPI","Ribosomal_60s (20-105)","Ribosomal_60s","WRNPLPNID (0.047)",0.104,0.104,617.86,"ALSYAALILA, LLTLT, LLVNFS",3,0
"264","Q07551","KAR_YEAST",-0.9042164,"FungalRV, SignalP, PredGPI","Aldo_ket_red (21-288)","Aldo_ket_red","Peptidase_C8 (0.014), DUF7443 (0.13)",0.119,0.2,833.81,"AIAIIG, AIFLT, IVYAL",3,0
"265","172695","gb",-0.90421719,"FungalRV, SignalP, PredGPI","Med22 (8-117)","Med22",NA,0.165,0.165,654.68,"ILSVKLAELI, LAVATTSVMMV, LLILT",3,0
"266","Q8SWI4","SWP3_ENCCU",-0.90433926,"FungalRV",NA,NA,"New_glue (2.2), TFIIF_alpha (4.1)",0.226,0.38,2512.38,"LYFLAVMGVV, SLVALGAVATTALFSIV",2,0
"267","B2WKU1","MOC2A_PYRTR",-0.90607846,"FungalRV, SignalP, PredGPI","ThiS (13-93)","ThiS",NA,0.129,0.18,951.26,"FSILYFAAASTF, VFTML",2,0
"268","Q9P931","PGM_EMENI",-0.90668893,"FungalRV, SignalP, PredGPI","PGM1_C_vert_fung (419-553), PGM_PMM_I (13-155), PGM_PMM_III (296-417), PGM_PMM_II (184-292), PGM_PMM_IV (440-526)","PGM1_C_vert_fung, PGM_PMM_I, PGM_PMM_III, PGM_PMM_II, PGM_PMM_IV",NA,0.137,0.26,2522.8,"AFLVIG, FFCNLF, GVWAIVAWLNVIAGVA, ILLTA, LAIIA, LALELLKF, LIAAL, SFLTSIFLS",8,0
"269","2276354","emb",-0.90855629,"FungalRV, SignalP, PredGPI","adh_short (7-194), adh_short_C2 (13-243), SDR (1-239), KR (7-179)","adh_short, adh_short_C2, SDR, KR","DUF1776 (0.052), BMC (0.066), Eno-Rase_NADH_b (0.077), LZ3wCH (0.13), TLC (0.32)",0.13,0.13,1687.56,"ALSFLAL, GTIVIVSS, IMSVAV, INMLVM, KLFDINFFSVVETVKY, VILLTG",6,0
"270","2119126","pir",-0.91581852,"FungalRV, SignalP, PredGPI","Ribosomal_L37e (2-54), DZR_2 (8-53), SelR (2-84)","Ribosomal_L37e, DZR_2, SelR","DZR (0.016), Zn_ribbon_3 (0.047), zf-RING_5 (0.068), HypA (0.18), zf-Mss51 (0.23), Zn_Ribbon_1 (0.3), zn-ribbon_14 (0.74), DUF1258 (0.83)",0.216,0.216,0,NA,0,0
"271","171853","gb",-0.91675988,"FungalRV, SignalP, PredGPI","Nucleoside_tran (180-510)","Nucleoside_tran","DUF4131 (0.2), Pox_Ag35 (0.89)",0.162,0.162,11724.19,"FSTISSMLFNIYLA, IIVFTVMCFFTILHFLLP, ILLYFFTTTLVVTICVVMF, IMAIANVF, LALGSIISYVFVFII, LCYMLLQFLFGVT, LFLMFTAIT, LIFTLWNL, LSYITFFAIGIGLLW, SLVLFALAFI, TFIYSLL, WFNFMFIMMLVVIS, YLVLSIFTTFVVTLVFP",13,0
"272","Q5ADN8","HUT1_CANAL",-0.91909238,"FungalRV, SignalP, PredGPI","UAA (24-354), EamA (58-190), EamA (205-350), TPT (54-189), TPT (204-350)","UAA, EamA, TPT",NA,0.162,0.4,12553.26,"ALTLIICVCGLYGTFLTWSIL, FAICGAIGQVFIFIIL, FMILISITSSI, FSIFFT, IIINLIQALFASIIGFIYNYV, IILITATVT, MLSMILSVILFG, SLLNLFIFIWTSLYTIIF, TLLGLTYLIGSMIL, VMIVHFIFY, WVGVGLVFGGIGL, YLAYLLA, YLVAGLVTLGVILFTMA",13,0
"273","1907168","emb",-0.92153514,"FungalRV, SignalP, PredGPI","tRNA-synt_2 (134-486), tRNA_anti-codon (34-114)","tRNA-synt_2, tRNA_anti-codon","Tox-MPTase4 (0.094), Myb_DNA-bind_4 (0.099), SrpI-like (0.23)",0.161,0.161,1416.53,"AFTFL, FISYLY, FQFMLYF, ILALSL, WYVSL, YLSAIL",6,0
"274","50400301","sp",-0.92376054,"FungalRV, SignalP, PredGPI","DER1 (30-248)","DER1",NA,0.185,0.185,7385.22,NA,0,0
"275","Q12743","DFM1_YEAST",-0.92376054,"FungalRV, SignalP, PredGPI","DER1 (30-248)","DER1",NA,0.185,0.32,7385.22,"AYYLCFCILAITTATTIIY, FVISLIGFTTGYLYTCL, LIQLFISFVF, LYSIY, TLFTLAIVMTIVG, VQIMFYGL, VVLTSGFISCITYTWSI, WWFTSLYA, WYFIYVWNLTF",9,0
"276","456147","gb",-0.92571051,"FungalRV, SignalP, PredGPI",NA,NA,NA,0.173,0.173,3265.54,"ALFSLAI, SFIFISNSFALVF, TFALTIIAIFS, YLKLEIMVIISYLKYV, YLLLT",5,0
"277","466171","sp",-0.92753673,"FungalRV, SignalP, PredGPI","Ras (10-171), Roc (10-124), Arf (4-173), GTP_EFTU (8-172), RsgA_GTPase (8-42), RsgA_GTPase (83-178), MMR_HSR1 (10-122), SRPRB (7-143), Gtr1_RagA (10-137), FeoB_N (9-165)","Ras, Roc, Arf, GTP_EFTU, RsgA_GTPase, MMR_HSR1, SRPRB, Gtr1_RagA, FeoB_N","AAA (0.014), LANC_like (0.044), AAA_16 (0.045), Septin (0.058), AAA_29 (0.067), ABC_tran (0.07), AAA_22 (0.076), AAA_5 (0.09), AAA_7 (0.093), TniB (0.18), AAA_25 (0.19)",0.167,0.167,616.24,NA,0,0
"278","473135","emb",-0.92909136,"FungalRV, SignalP, PredGPI","Hydantoinase_B (747-1284), Hydantoinase_A (242-536), Hydant_A_N (7-223), Hydant_A_N (320-363), Hydant_A_C (546-732)","Hydantoinase_B, Hydantoinase_A, Hydant_A_N, Hydant_A_C",NA,0.143,0.143,3238.6,"AILYCL, ILLSIFS, LATIL, LIFYVAS, SIAIAFL, SLMIL, TVTAGIII, VAYGFI, VDTAVF, VTASIL, VTDVILKTFNVM, YSSILSAYGIFLA",12,0
"279","2131237","pir",-0.94912627,"FungalRV, SignalP, PredGPI","RNA_pol_I_A49 (33-404)","RNA_pol_I_A49","Parvo_coat (0.18)",0.145,0.145,3169.66,"ILCYILAIIMHL, ILVDGILSRFTVI, LQLLYYLSLLLGVY, VAVGSFF, VLGAIV, VVSLF, YVVGLF",7,0
"280","O74848","MU146_SCHPO",-0.9506444,"FungalRV, SignalP, PredGPI",NA,NA,NA,0.212,0.36,989.36,"AFGVL, LLHYIFFS, SLLLLRLEFLLT",3,0
"281","Q12411","MPC70_YEAST",-0.95308566,"FungalRV, SignalP, PredGPI",NA,NA,"Rod_CreS (5.2), Rab11-FIP3 (6.7)",0.197,0.46,1400.27,"LLYFYQELVTKKIIDVIYKCFI, YSLLLVSNILTC",2,0.03
"282","P23637","ERF3_PICPI",-0.95547466,"FungalRV, SignalP, PredGPI","GTP_EFTU (316-538), GTP-eEF1A_C (638-738), GTP_EFTU_D3 (632-741), GTP_EFTU_D2 (559-627)","GTP_EFTU, GTP-eEF1A_C, GTP_EFTU_D3, GTP_EFTU_D2","ERM_C (0.041)",0.123,0.22,2825.73,"GWYLSWIM, IAIVELKSIL, IIAVL, LLFLTGAV, LVVVI, MSIIFMG, VGVLVIS",7,0.17
"283","417039","sp",-0.95645577,"FungalRV, SignalP, PredGPI",NA,NA,NA,0.213,0.213,1073.88,NA,0,0
"284","P28321","YJU3_YEAST",-0.95669256,"FungalRV, SignalP, PredGPI","Hydrolase_4 (37-289), Abhydrolase_1 (41-288), Abhydrolase_6 (43-294), Peptidase_S9 (203-310), Abhydrolase_11 (39-167), DLH (205-307), Abhydrolase_2 (222-305), Chlorophyllase (6-177)","Hydrolase_4, Abhydrolase_1, Abhydrolase_6, Peptidase_S9, Abhydrolase_11, DLH, Abhydrolase_2, Chlorophyllase","PETase (0.01), Palm_thioest (0.073), Abhydrolase_3 (0.11), FSH1 (0.19)",0.105,0.16,166.11,"VLLIHGF",1,0
"285","2144537","pir",-0.95837542,"FungalRV, SignalP, PredGPI","IGPD (57-200)","IGPD",NA,0.118,0.118,319.08,"ALAVAI, WSLIV",2,0
"286","Q6BWH6","CWC27_DEBHA",-0.9587524,"FungalRV, SignalP, PredGPI","Pro_isomerase (11-158)","Pro_isomerase",NA,0.15,0.2,1094.26,"ILVQYF, IYNVV, LVGAV, SLFITL, VALIT, YVLFG",6,0
"287","74689588","sp",-0.96639791,"FungalRV, SignalP, PredGPI","EH (229-325), EH (572-671), DUF1720 (135-219), DUF1720 (416-485), DUF1720 (466-552), DUF1720 (1351-1399), EF-hand_1 (270-298), EF-hand_1 (613-641), EF-hand_7 (576-638)","EH, DUF1720, EF-hand_1, EF-hand_7","WH2 (0.038), EF-hand_6 (0.25), E3_binding (0.29), Borrelia_P83 (7.6)",0.15,0.15,1270.4,NA,0,0.197
"288","Q6C908","PAN1_YARLI",-0.96639791,"FungalRV, SignalP, PredGPI","EH (229-325), EH (572-671), DUF1720 (135-219), DUF1720 (416-485), DUF1720 (466-552), DUF1720 (1351-1399), EF-hand_1 (270-298), EF-hand_1 (613-641), EF-hand_7 (576-638)","EH, DUF1720, EF-hand_1, EF-hand_7","WH2 (0.038), EF-hand_6 (0.25), E3_binding (0.29), Borrelia_P83 (7.6)",0.15,0.38,1270.4,"AALAAF, FAVAMHLIY, FAVAMYLC, IFMAW, ITALL, ITLSAIW, LSFLT, VNWAIA",8,0.197
"289","Q524W4","ATG18_MAGGR",-0.96719071,"FungalRV, SignalP, PredGPI","PROPPIN (5-146), PROPPIN (161-287), PROPPIN (349-455), Beta-prop_EML_2 (2-69), Beta-prop_EML_2 (85-269), Beta-prop_THOC3 (164-275), WD40 (180-215), WD40 (223-263), Beta-prop_WDR3_1st (163-267), WD40_CDC20-Fz (3-142), WD40_CDC20-Fz (164-276), WD40_Prp19 (166-273), WD40_WDHD1_1st (164-271), Beta-prop_WDR36-Utp21_1st (163-268), Beta-prop_NUP159_NUP214 (1-161), Beta-prop_HPS5 (164-272), BCAS3_WD40 (167-319), WD40_MABP1-WDR62_2nd (167-271), ANAPC4_WD40 (197-266), Beta-prop_WDR19_1st (164-266), WDR55 (168-269), Beta-prop_Vps41 (165-259), Beta-prop_VPS8 (165-288), Beta-prop_WDR5 (164-266)","PROPPIN, Beta-prop_EML_2, Beta-prop_THOC3, WD40, Beta-prop_WDR3_1st, WD40_CDC20-Fz, WD40_Prp19, WD40_WDHD1_1st, Beta-prop_WDR36-Utp21_1st, Beta-prop_NUP159_NUP214, Beta-prop_HPS5, BCAS3_WD40, WD40_MABP1-WDR62_2nd, ANAPC4_WD40, Beta-prop_WDR19_1st, WDR55, Beta-prop_Vps41, Beta-prop_VPS8, Beta-prop_WDR5","Beta-prop_EML (0.012), Beta-prop_WDR36-Utp21_2nd (0.015), EIF3I (0.02), Beta-prop_RIC1_2nd (0.02), Hira (0.021), NBCH_WD40 (0.026), Beta-prop_WDR90_POC16_2nd (0.028), Beta-prop_WDR3_2nd (0.053), Beta-prop_Aladin (0.055), Beta-prop_IFT140_1st (0.057), Beta-prop_WDR35_TULP_N (0.068), Beta-prop_TEP1_2nd (0.084), WDR93 (0.094), Ge1_WD40 (0.11), Beta-prop_DCAF12 (0.17)",0.203,0.32,3646.62,"ATATLNFITF, AVLAV, FYVYNINM, LAVVL, MLFSTSLVALIL, MSLLFTIAT, VLIFDAITLKAVNVI, VMVVTS",8,0
"290","Q5APK0","PAN2_CANAL",-0.96746436,"FungalRV, SignalP, PredGPI","UCH_1 (544-898), PAN2_N (22-352), RNase_T (988-1158), UCH (544-921), WD40_CDC20-Fz (132-241), WD40_CDC20-Fz (291-365), Beta-prop_THOC3 (117-232), Beta-prop_THOC3 (240-363), WD40_Prp19 (110-236)","UCH_1, PAN2_N, RNase_T, UCH, WD40_CDC20-Fz, Beta-prop_THOC3, WD40_Prp19","ANAPC4_WD40 (0.16)",0.147,0.3,4560.19,"FLAYVML, FLLTTL, FLTIA, GWYLF, ILNYIY, ITTIITT, IVIMY, LNILTYL, LVAFI, LWLLLNLGVIFVG, NIIIIAST, TALLLY, TAVIYY, TIVNIT, VLTINV",15,0
"291","1907190","emb",-0.97051276,"FungalRV, SignalP, PredGPI","MBOAT (202-609)","MBOAT",NA,0.148,0.148,13530.16,"ATLFTFFLSAVF, FAFYNGYLW, FFMFCLF, FSGIYVFAWMFLGWIAI, GFTVLYMLTFYMIW, GYLFMFQLSQFVWTALS, IYVYYFDFNWVTRIFLFL, LAMFLCTFFVVFVHWLV, MAMFAIF, NVVFSFGVC, SIIMTLYLT, VCAIIGTIFLMMVTAQFFM, VLVYQI, WKWTGFVAVSIFELAF, YVSFFG",15,0
"292","626845","pir",-0.97220888,"FungalRV, SignalP, PredGPI","Pkinase (66-318), PK_Tyr_Ser-Thr (35-317)","Pkinase, PK_Tyr_Ser-Thr","APH (0.22)",0.178,0.178,4235,"FAQIYVVKFLEYL, FFSVF, HIVCV, IALLTQNIYV, IVKIMYDVALSI, IVQYF, IYQVLYHLC, LINLIIIMLA, SDIWALGVFLYKLLFFT, VLLLM",10,0.032
"293","O74962","PANK_SCHPO",-0.97535877,"FungalRV, SignalP, PredGPI","Fumble (61-388)","Fumble","Glucodextran_B (0.22)",0.159,0.28,2539.65,"ITLIA, LIMGLNYFVS, LLLAIS, LSFMIF, TLTYAIQYW, TLWGLLSLL, VMYYVC, VWLNL, YLGVFGAFM",9,0
"294","P32588","PUB1_YEAST",-0.97590345,"FungalRV, SignalP, PredGPI","RRM_1 (77-146), RRM_1 (164-234), RRM_1 (343-407), RRM_occluded (74-150), RRM_occluded (341-415), RRM_5 (47-170), RRM_5 (170-269), Nup35_RRM_2 (84-132), Nup35_RRM_2 (350-392), RRM_7 (161-230), RRM_7 (341-396), PHM7_cyt (101-160), PHM7_cyt (195-245)","RRM_1, RRM_occluded, RRM_5, Nup35_RRM_2, RRM_7, PHM7_cyt","RRM_MARF1 (0.029), DM9 (0.051), DbpA (0.11)",0.097,0.18,1252.27,"AAVCIVALA, FGFIL, FNLFV, GFVSFT, VLYVGNL, VNYAFV",6,0.044
"295","P01123","YPT1_YEAST",-0.97634827,"FungalRV, SignalP, PredGPI","Ras (10-171), Roc (10-124), Arf (2-173), GTP_EFTU (8-175), MMR_HSR1 (10-122), Gtr1_RagA (10-156), RsgA_GTPase (8-42), SRPRB (7-126)","Ras, Roc, Arf, GTP_EFTU, MMR_HSR1, Gtr1_RagA, RsgA_GTPase, SRPRB","AAA_7 (0.015), Septin (0.031), ABC_tran (0.034), AAA_29 (0.096), AAA_5 (0.11), AAA (0.15), AAA_16 (0.17)",0.16,0.22,998.82,"AFLTMA, GIIIVY, YDYLFKLLLIG",3,0
"296","836813","dbj",-0.98281031,"FungalRV, SignalP, PredGPI","Pkinase (23-276), PK_Tyr_Ser-Thr (23-273), Pkinase_fungal (123-205), ABC1 (34-182), Kinase-like (118-237)","Pkinase, PK_Tyr_Ser-Thr, Pkinase_fungal, ABC1, Kinase-like",NA,0.202,0.202,1351.43,"ANVLIT, FGVVY, FIALCL, IQFLA, TSLWIIM, YIGVIMRELLVAL",6,0.056
"297","P15705","STI1_YEAST",-0.98368393,"FungalRV, SignalP, PredGPI","TPR_1 (5-38), TPR_1 (41-72), TPR_1 (74-107), TPR_1 (266-294), TPR_1 (295-324), TPR_1 (336-368), TPR_1 (401-429), TPR_1 (430-463), STI1-HOP_DP (138-193), STI1-HOP_DP (527-581), TPR_2 (5-38), TPR_2 (40-73), TPR_2 (74-107), TPR_2 (266-294), TPR_2 (295-326), TPR_2 (336-368), TPR_2 (396-429), TPR_2 (430-463), TPR_11 (12-37), TPR_11 (49-88), TPR_11 (85-110), TPR_11 (269-304), TPR_11 (302-324), TPR_11 (343-364), TPR_11 (403-443), TPR_11 (445-474), TPR_12 (4-72), TPR_12 (74-111), TPR_12 (293-365), TPR_16 (9-72), TPR_16 (75-131), TPR_16 (266-328), TPR_16 (400-462), TPR_16 (446-498), TPR_8 (8-38), TPR_8 (41-72), TPR_8 (74-107), TPR_8 (336-365), TPR_14 (5-44), TPR_14 (74-114), TPR_14 (295-333), TPR_14 (431-473), TPR_BSK1_C (3-78), TPR_BSK1_C (370-471), TPR_19 (15-62), TPR_19 (84-122), TPR_19 (272-333), TPR_19 (445-503), TPR_17 (63-95), TPR_17 (418-451), TPR_17 (453-485), TPR_9 (404-490), TPR_7 (13-42), TPR_7 (77-109), TPR_7 (338-370), TPR_10 (76-103), ANAPC3 (17-100), ANAPC3 (267-321), TPR_6 (340-369), ARM_TT21_N (12-94), ARM_TT21_N (346-484), Iml2-TPR_39 (9-125), UBQLN1 (118-189), UBQLN1 (526-569), TPR_CcmH_CycH (67-137)","TPR_1, STI1-HOP_DP, TPR_2, TPR_11, TPR_12, TPR_16, TPR_8, TPR_14, TPR_BSK1_C, TPR_19, TPR_17, TPR_9, TPR_7, TPR_10, ANAPC3, TPR_6, ARM_TT21_N, Iml2-TPR_39, UBQLN1, TPR_CcmH_CycH","DUF2379 (0.011), ARM_TT21_2nd (0.013), XPC-binding (0.12), TPR_20 (0.14), RNPP_C (0.15), TPR-S (0.17), Internalin_N (0.17), ARM_TT21_C (0.27), DUF5847 (0.48), MAS20 (0.5), ARM_TT21_4th (1.5), DUF5113 (3.1), SHNi-TPR (3.4), Sel1 (9.2)",0.115,0.3,619.79,"LMTIMATLMGV, TLIAAGII",2,0
"298","2132654","pir",-0.98497488,"FungalRV, SignalP, PredGPI","VPS13_VAB (1912-2485), VPS13_N (1-1242), VPS13_M (536-1071), VPS13_M (1076-1905), VPS13_C (3014-3119), NTP_transf_6 (47-152)","VPS13_VAB, VPS13_N, VPS13_M, VPS13_C, NTP_transf_6",NA,0.146,0.146,9655.23,"ALVIVNY, AVNVIF, EWFKYIAACVI, FIFYQ, FILIG, FLLMSV, FTMVL, FVYQI, IAIAV, IALTLY, IGLLFNI, IGQFLV, ILGVCV, IMTVAANNVGIFLF, INFSIF, IVVSASMTI, LAMLIF, LATLVLSA, LAVIVSM, LLGMTVFYHVHFIT, LLKIEILLDKATIFI, LLTLNSLCLYW, LLYINM, LTYLL, MILAMDYLVSL, SLYYVHMFAMTL, STLVI, SVLTLMNYAMLTFT, TAIGFL, TALILLA, TQIVVSF, TYVNIFNY, VTLLI",33,0
"299","595544","gb",-0.98612064,"FungalRV, SignalP, PredGPI","Cyclin_N (76-206)","Cyclin_N",NA,0.233,0.233,2691.82,"IFLFQ, LGAIML, MRFLIFDFIMYCH, SLIALGAINLI, STLFLTFTIL, YQLLSLTALWI",6,0
"300","O74411","MEU10_SCHPO",-0.98671941,"FungalRV, PredGPI","Recep_L_domain (46-149), Recep_L_domain (114-174), Recep_L_domain (149-206), Recep_L_domain (244-308), LRR_5 (37-153), LRR_5 (182-305)","Recep_L_domain, LRR_5","ENCP4 (0.035)",0.183,0.26,3271.87,"FLGFL, FYLFTSFTAWSVVIAG, FYVSY, LVTFFLVLVSGFAHL, SLFFIG, TFMIA, TMVIV, YLASVALTSI",8,0
"301","1907198","emb",-0.99708702,"FungalRV, SignalP, PredGPI","WD40_Prp19 (19-175), WD40_Prp19 (137-324), WD40_Prp19 (245-455), WD40_Prp19 (321-517), WD40_Prp19 (444-629), Beta-prop_WDR3_1st (18-142), Beta-prop_WDR3_1st (99-224), Beta-prop_WDR3_1st (241-416), Beta-prop_WDR3_1st (301-451), Beta-prop_WDR3_1st (407-544), Beta-prop_WDR3_1st (505-643), Beta-prop_THOC3 (7-140), Beta-prop_THOC3 (145-228), Beta-prop_THOC3 (235-342), Beta-prop_THOC3 (325-470), Beta-prop_THOC3 (430-577), WD40 (87-123), WD40 (137-174), WD40 (183-219), WD40 (250-288), WD40 (335-373), WD40 (377-415), WD40 (420-459), WD40 (463-501), WD40_WDHD1_1st (15-186), WD40_WDHD1_1st (147-342), WD40_WDHD1_1st (188-383), WD40_WDHD1_1st (349-433), WD40_WDHD1_1st (429-627), Beta-prop_EML_2 (31-185), Beta-prop_EML_2 (175-220), Beta-prop_EML_2 (241-336), Beta-prop_EML_2 (322-421), Beta-prop_EML_2 (399-508), Beta-prop_EML_2 (489-629), WD40_CDC20-Fz (15-143), WD40_CDC20-Fz (80-237), WD40_CDC20-Fz (238-500), WD40_CDC20-Fz (504-582), Beta-prop_WDR36-Utp21_2nd (36-180), Beta-prop_WDR36-Utp21_2nd (175-225), Beta-prop_WDR36-Utp21_2nd (241-340), Beta-prop_WDR36-Utp21_2nd (326-384), Beta-prop_WDR36-Utp21_2nd (383-557), WDR55 (53-239), WDR55 (257-507), WDR55 (376-561), WDR55 (509-639), Beta-prop_WDR5 (20-125), Beta-prop_WDR5 (90-225), Beta-prop_WDR5 (223-335), Beta-prop_WDR5 (295-428), Beta-prop_WDR5 (419-564), Beta-prop_WDR3_2nd (15-223), Beta-prop_WDR3_2nd (247-336), Beta-prop_WDR3_2nd (328-465), Beta-prop_WDR3_2nd (453-509), Beta-prop_WDR3_2nd (503-627), Beta-prop_WDR90_POC16_2nd (87-143), Beta-prop_WDR90_POC16_2nd (135-219), Beta-prop_WDR90_POC16_2nd (247-345), Beta-prop_WDR90_POC16_2nd (339-411), Beta-prop_WDR90_POC16_2nd (405-533), Beta-prop_WDR90_POC16_2nd (483-570), ANAPC4_WD40 (30-107), ANAPC4_WD40 (236-313), ANAPC4_WD40 (308-398), ANAPC4_WD40 (412-484), ANAPC4_WD40 (488-565), ANAPC4_WD40 (557-626), EIF3I (16-120), EIF3I (137-225), EIF3I (328-384), EIF3I (380-470), EIF3I (442-642), Beta-prop_WDR36-Utp21_1st (63-221), Beta-prop_WDR36-Utp21_1st (247-372), Beta-prop_WDR36-Utp21_1st (357-503), Beta-prop_WDR36-Utp21_1st (506-639), WD40_Gbeta (126-226), WD40_Gbeta (326-501), Beta-prop_TEP1_2nd (83-224), Beta-prop_TEP1_2nd (237-396), Beta-prop_TEP1_2nd (287-441), Beta-prop_TEP1_2nd (398-563), WD40_MABP1-WDR62_2nd (155-220), WD40_MABP1-WDR62_2nd (232-303), WD40_MABP1-WDR62_2nd (295-431), WD40_MABP1-WDR62_2nd (403-502), WD40_MABP1-WDR62_2nd (504-608), Beta-prop_CAF1B_HIR1 (88-277), Beta-prop_CAF1B_HIR1 (330-432), Beta-prop_CAF1B_HIR1 (432-514), Beta-prop_CAF1B_HIR1 (456-636), Beta-prop_EML (81-238), Beta-prop_EML (252-356), Beta-prop_EML (330-431), Beta-prop_EML (423-642), Utp12 (746-851), Beta-prop_Aladin (131-227), Beta-prop_Aladin (253-439), Beta-prop_Aladin (420-603), Beta-prop_WDR75_1st (153-223), Beta-prop_WDR75_1st (312-384), Beta-prop_WDR75_1st (377-446), Beta-prop_WDR75_1st (441-536), WD40_MABP1-WDR62_1st (12-140), WD40_MABP1-WDR62_1st (136-225), WD40_MABP1-WDR62_1st (335-424), WD40_MABP1-WDR62_1st (417-553), Beta-prop_HPS5 (55-190), Beta-prop_HPS5 (256-406), Beta-prop_HPS5 (421-561), Beta-prop_RIG_2nd (20-211), Beta-prop_RIG_2nd (239-382), Beta-prop_RIG_2nd (378-449), Beta-prop_RIG_2nd (484-561), NBCH_WD40 (184-255), NBCH_WD40 (332-380), NBCH_WD40 (375-438), NBCH_WD40 (425-518), Beta-prop_Vps41 (36-115), Beta-prop_Vps41 (244-348), Beta-prop_Vps41 (356-449), Beta-prop_Vps41 (451-515), Beta-prop_IFT140_1st (231-341), Beta-prop_IFT140_1st (320-418), Beta-prop_IFT140_1st (422-516), Beta-prop_IFT122_1st (14-132), Beta-prop_IFT122_1st (339-461), Beta-prop_IFT122_1st (420-509), Beta-prop_VPS8 (245-313), Beta-prop_VPS8 (309-470), Beta-prop_WDR19_1st (273-415), Beta-prop_WDR19_1st (433-594), Beta-prop_WDR35_TULP_N (133-231), Beta-prop_WDR35_TULP_N (252-418), Beta-prop_WDR35_TULP_N (459-629), eIF2A (238-375), eIF2A (415-518), Beta-prop_TEP1_C (344-397), Beta-prop_TEP1_C (386-453), Beta-prop_TEP1_C (472-542), Beta-prop_WDR41 (331-449), Beta-prop_WDR41 (438-524), Beta-prop_ACSF4 (414-565), Beta-prop_SCAP (352-427), Beta-prop_SCAP (435-556), WDR90_beta-prop_4th (304-423), Beta-prop_SPT8 (292-413), Beta-prop_SPT8 (428-610), PROPPIN (272-431), PROPPIN (430-558), Beta-prop_DCAF4 (330-389), Beta-prop_DCAF4 (381-483), WD40_RFWD3 (428-501), WD40_RFWD3 (470-558), WD40_like (346-439), Ge1_WD40 (317-377), Beta-prop_Nup120_160 (195-385), Nbas_N (255-389), Nbas_N (470-559), Beta-prop_WDR19_2nd (32-122), Beta-prop_WDR75_2nd (118-225), Beta-prop_WDR75_2nd (144-310), Beta-prop_DCAF12 (182-303), Beta-prop_ELP1_2nd (182-408), Beta-prop_EIPR1 (332-414), PEP5_VPS11_N (130-313), WDR54 (416-520), Cytochrom_D1 (353-471), DUF7899 (506-604)","WD40_Prp19, Beta-prop_WDR3_1st, Beta-prop_THOC3, WD40, WD40_WDHD1_1st, Beta-prop_EML_2, WD40_CDC20-Fz, Beta-prop_WDR36-Utp21_2nd, WDR55, Beta-prop_WDR5, Beta-prop_WDR3_2nd, Beta-prop_WDR90_POC16_2nd, ANAPC4_WD40, EIF3I, Beta-prop_WDR36-Utp21_1st, WD40_Gbeta, Beta-prop_TEP1_2nd, WD40_MABP1-WDR62_2nd, Beta-prop_CAF1B_HIR1, Beta-prop_EML, Utp12, Beta-prop_Aladin, Beta-prop_WDR75_1st, WD40_MABP1-WDR62_1st, Beta-prop_HPS5, Beta-prop_RIG_2nd, NBCH_WD40, Beta-prop_Vps41, Beta-prop_IFT140_1st, Beta-prop_IFT122_1st, Beta-prop_VPS8, Beta-prop_WDR19_1st, Beta-prop_WDR35_TULP_N, eIF2A, Beta-prop_TEP1_C, Beta-prop_WDR41, Beta-prop_ACSF4, Beta-prop_SCAP, WDR90_beta-prop_4th, Beta-prop_SPT8, PROPPIN, Beta-prop_DCAF4, WD40_RFWD3, WD40_like, Ge1_WD40, Beta-prop_Nup120_160, Nbas_N, Beta-prop_WDR19_2nd, Beta-prop_WDR75_2nd, Beta-prop_DCAF12, Beta-prop_ELP1_2nd, Beta-prop_EIPR1, PEP5_VPS11_N, WDR54, Cytochrom_D1, DUF7899","RMC1_N (3.8e-06), PD40 (0.015), WD_LRWD1 (0.021), Proteasome_A_N (0.025), KNTC1_N (0.028), Beta-prop_WDR11_1st (0.11), Beta-prop_pof12 (5.7)",0.15,0.15,2843.25,"FFTTIHYSF, FILTT, FLNALVMAF, FLVST, GAVFVWEFTK, IEFNLIWIKALL, ILKFIGDFAI, ILVNF, IWSIF, IYTVS, LFALA, LGQLLVY, LLAVGFT, LLIYS, TLLISI, VLALSM, YVMGAFF",17,0
"302","Q9UR06","MMF2_SCHPO",-0.99709943,"FungalRV, SignalP, PredGPI","Ribonuc_L-PSP (7-126)","Ribonuc_L-PSP",NA,0.127,0.16,312.98,"VNIFLT",1,0
"303","13624757","emb",-0.99727913,"FungalRV, SignalP, PredGPI","Mcl1_mid (415-704), WD40_WDHD1_1st (9-296), Beta-prop_THOC3 (12-288), Beta-prop_EML_2 (58-178), Beta-prop_EML_2 (171-311), WD40_Prp19 (4-68), WD40_Prp19 (64-326), WD40 (4-40), WD40 (46-80), WD40 (86-123), WD40 (138-165), WD40 (220-258), WD40_CDC20-Fz (3-148), WD40_CDC20-Fz (87-228), WD40_CDC20-Fz (220-300), Ctf4_C (716-814), ANAPC4_WD40 (90-139), ANAPC4_WD40 (101-187), ANAPC4_WD40 (192-280), Beta-prop_WDR3_1st (3-96), Beta-prop_WDR3_1st (64-214), Beta-prop_WDR3_1st (175-274), Beta-prop_WDR3_1st (219-292), Beta-prop_WDR36-Utp21_2nd (4-170), Beta-prop_WDR36-Utp21_2nd (160-295), Beta-prop_RIG_2nd (124-270), Beta-prop_WDR35_TULP_N (46-217), Beta-prop_WDR35_TULP_N (210-297), Beta-prop_WDR19_1st (54-219), Beta-prop_WDR19_1st (223-297), WDR55 (3-123), WDR55 (76-214), WDR55 (135-328), Beta-prop_WDR90_POC16_2nd (60-185), Beta-prop_WDR90_POC16_2nd (179-294), Beta-prop_Aladin (73-182), Beta-prop_Aladin (218-297), EIF3I (10-224), Beta-prop_WDR3_2nd (5-89), Beta-prop_WDR3_2nd (97-216), Beta-prop_ACSF4 (98-299), Beta-prop_HPS5 (52-145), Beta-prop_HPS5 (131-280), Beta-prop_TEP1_2nd (5-92), Beta-prop_TEP1_2nd (200-275), Beta-prop_WDR5 (61-268), Beta-prop_WDR36-Utp21_1st (10-285), Beta-prop_IFT140_1st (128-272), WD40_MABP1-WDR62_2nd (50-225), Beta-prop_CAF1B_HIR1 (110-219), Beta-prop_CAF1B_HIR1 (216-328), B-prop_COPA_B_2nd (122-296), eIF2A (74-213), eIF2A (220-292), Beta-prop_NUP159_NUP214 (81-207), Beta-prop_NUP159_NUP214 (112-291), WDR90_beta-prop_4th (59-221), WDR90_beta-prop_4th (232-295), Beta-prop_IFT140_2nd (53-183), Beta-prop_Vps41 (49-138), Beta-prop_VPS8 (221-297), RAB3GAP2_N (500-557), Beta-prop_WDR75_1st (20-98), WD40_Gbeta (86-190)","Mcl1_mid, WD40_WDHD1_1st, Beta-prop_THOC3, Beta-prop_EML_2, WD40_Prp19, WD40, WD40_CDC20-Fz, Ctf4_C, ANAPC4_WD40, Beta-prop_WDR3_1st, Beta-prop_WDR36-Utp21_2nd, Beta-prop_RIG_2nd, Beta-prop_WDR35_TULP_N, Beta-prop_WDR19_1st, WDR55, Beta-prop_WDR90_POC16_2nd, Beta-prop_Aladin, EIF3I, Beta-prop_WDR3_2nd, Beta-prop_ACSF4, Beta-prop_HPS5, Beta-prop_TEP1_2nd, Beta-prop_WDR5, Beta-prop_WDR36-Utp21_1st, Beta-prop_IFT140_1st, WD40_MABP1-WDR62_2nd, Beta-prop_CAF1B_HIR1, B-prop_COPA_B_2nd, eIF2A, Beta-prop_NUP159_NUP214, WDR90_beta-prop_4th, Beta-prop_IFT140_2nd, Beta-prop_Vps41, Beta-prop_VPS8, RAB3GAP2_N, Beta-prop_WDR75_1st, WD40_Gbeta","CFAP43_N (0.029), RMC1_N (0.076), Beta-prop_SCAP (0.077), Beta-prop_TEP1_C (0.12), DUF2732 (0.3), Lsr2 (0.32)",0.169,0.169,4816.31,"FHCILL, FLAVS, FLLTV, FVSVI, GILIW, GILYFY, GVLLVLM, LFLTLL, LVYSI, TIITIA, VTISLSSSVVLVCTS, WIAIA, YLCLNLVGFIWTVQ, YSTVVALAW",14,0
"304","158514090","sp",-0.99793733,"FungalRV, SignalP, PredGPI","WD40_CDC20-Fz (74-156), WD40_CDC20-Fz (143-344), Beta-prop_THOC3 (85-165), Beta-prop_THOC3 (166-346), Beta-prop_WDR3_1st (39-166), Beta-prop_WDR3_1st (159-330), WD40_Prp19 (68-250), WD40_Prp19 (245-369), Beta-prop_TEP1_2nd (83-237), Beta-prop_TEP1_2nd (205-307), Beta-prop_RIG_2nd (83-212), Beta-prop_RIG_2nd (205-321), Beta-prop_EIPR1 (37-159), Beta-prop_EIPR1 (156-285), WD40 (247-286), WD40_WDHD1_1st (82-237), WD40_WDHD1_1st (224-324), Beta-prop_WDR36-Utp21_1st (85-162), Beta-prop_WDR36-Utp21_1st (172-287), Beta-prop_EML_2 (88-344), Beta-prop_EML (87-223), Beta-prop_EML (167-345), Beta-prop_WDR5 (72-248), Beta-prop_WDR5 (203-353), Beta-prop_CAF1B_HIR1 (100-245), Beta-prop_CAF1B_HIR1 (169-358), TPR_Sec16 (555-793), EIF3I (87-247), EIF3I (250-349), WDR55 (63-338), SRA1 (1106-1268), Beta-prop_WDR36-Utp21_2nd (158-334), Beta-prop_Aladin (101-251), WD40_Gbeta (243-344), MIOS_WD40 (118-249), MIOS_WD40 (235-289), Beta-prop_WDR19_1st (171-360), WD40_MABP1-WDR62_1st (173-289), WD40_MABP1-WDR62_2nd (170-344), Beta-prop_WDR35_TULP_N (161-238), Beta-prop_WDR35_TULP_N (242-304), Beta-prop_NUP159_NUP214 (85-205), Chorismate_bind (415-515)","WD40_CDC20-Fz, Beta-prop_THOC3, Beta-prop_WDR3_1st, WD40_Prp19, Beta-prop_TEP1_2nd, Beta-prop_RIG_2nd, Beta-prop_EIPR1, WD40, WD40_WDHD1_1st, Beta-prop_WDR36-Utp21_1st, Beta-prop_EML_2, Beta-prop_EML, Beta-prop_WDR5, Beta-prop_CAF1B_HIR1, TPR_Sec16, EIF3I, WDR55, SRA1, Beta-prop_WDR36-Utp21_2nd, Beta-prop_Aladin, WD40_Gbeta, MIOS_WD40, Beta-prop_WDR19_1st, WD40_MABP1-WDR62_1st, WD40_MABP1-WDR62_2nd, Beta-prop_WDR35_TULP_N, Beta-prop_NUP159_NUP214, Chorismate_bind","Beta-prop_IFT140_1st (0.014), Beta-prop_WDR90_POC16_2nd (0.034), ANAPC4_WD40 (0.045), Beta-prop_VPS8 (0.056), Prp18 (0.071), WDR90_beta-prop_4th (0.1), Sec16 (0.15), Beta-prop_WDR41 (0.22)",0.142,0.142,2185.05,NA,0,0
"305","1723244","sp",-0.99947075,"FungalRV, SignalP, PredGPI","DUF1720 (112-184), DUF1720 (185-263), DUF1720 (509-568), DUF1720 (547-614), DUF1720 (614-662), DUF1720 (642-690), DUF1720 (663-736), DUF1720 (690-803), EH (277-373), EH (817-916), WH2 (1745-1772), EF-hand_7 (821-883), EF-hand_6 (858-890), Wtap (968-1097)","DUF1720, EH, WH2, EF-hand_7, EF-hand_6, Wtap","EF-hand_1 (0.095), DUF1366 (0.37), DUF1664 (1.4), Lge1 (1.7), PUMA_CC (6.4)",0.146,0.146,1703.37,NA,0,0.229
"306","Q10172","PAN1_SCHPO",-0.99947075,"FungalRV, SignalP, PredGPI","DUF1720 (112-184), DUF1720 (185-263), DUF1720 (509-568), DUF1720 (547-614), DUF1720 (614-662), DUF1720 (642-690), DUF1720 (663-736), DUF1720 (690-803), EH (277-373), EH (817-916), WH2 (1745-1772), EF-hand_7 (821-883), EF-hand_6 (858-890), Wtap (968-1097)","DUF1720, EH, WH2, EF-hand_7, EF-hand_6, Wtap","EF-hand_1 (0.095), DUF1366 (0.37), DUF1664 (1.4), Lge1 (1.7), PUMA_CC (6.4)",0.146,0.28,1703.37,"FASFV, FAVALHLIY, FVLAMYLCNL, LVVNAL",4,0.229
"307","Q6CN59","ALB1_KLULA",-1.0026902,"FungalRV, SignalP, PredGPI","Alb1 (1-102)","Alb1",NA,0.162,0.26,12.57,NA,0,0
"308","1084809","pir",-1.003895,"FungalRV, PredGPI","Melibiase_2 (29-318), Melibiase_C (340-420), Melibiase_C (416-467), Melibiase (32-120)","Melibiase_2, Melibiase_C, Melibiase",NA,0.134,0.134,1723.29,"ASVIAI, FAFYFLTACISL, FLFGMY, IFYSL, LTFYW, VVALL",6,0
"309","927730","gb",-1.0048359,"FungalRV, SignalP, PredGPI","Pkinase (11-293), PH_PKH3_C (501-675), PK_Tyr_Ser-Thr (11-290), Kinase-like (92-281), ABC1 (86-188), APH (76-167), FTA2 (2-78), FTA2 (102-161)","Pkinase, PH_PKH3_C, PK_Tyr_Ser-Thr, Kinase-like, ABC1, APH, FTA2","RIO1 (0.051), TCAD9 (0.29)",0.178,0.178,3776.58,NA,0,0
"310","2132387","pir",-1.0049772,"FungalRV, SignalP, PredGPI","Flavoprotein (55-232)","Flavoprotein","BC10 (0.032)",0.178,0.178,789.81,"IVVAITGATGVAL, LLLVT, VAALA",3,0
"311","P45816","SEC14_YARLI",-1.0059662,"FungalRV, SignalP, PredGPI","CRAL_TRIO (103-265), CRAL_TRIO_N (27-77), CRAL_TRIO_2 (171-269)","CRAL_TRIO, CRAL_TRIO_N, CRAL_TRIO_2",NA,0.126,0.24,660.59,"FGFSTVFSVI, VYGFL",2,0.03
"312","P51978","TRXB_NEUCR",-1.0068652,"FungalRV, SignalP, PredGPI","Pyr_redox_2 (3-303), Pyr_redox_3 (48-286), Pyr_redox (4-32), Pyr_redox (154-234), DAO (4-53), DAO (57-135), DAO (154-208), NAD_binding_7 (147-230), Thi4 (1-54), GIDA (4-66), GIDA (154-195), HI0933_like (3-53), HI0933_like (153-231), FAD_oxidored (4-112), NAD_binding_8 (7-54), FAD_binding_3 (2-32), FAD_binding_3 (187-317), Lys_Orn_oxgnase (72-194), FAD_binding_2 (4-46)","Pyr_redox_2, Pyr_redox_3, Pyr_redox, DAO, NAD_binding_7, Thi4, GIDA, HI0933_like, FAD_oxidored, NAD_binding_8, FAD_binding_3, Lys_Orn_oxgnase, FAD_binding_2","Shikimate_DH (0.024), Trp_halogenase (0.047)",0.135,0.22,1093.23,"AAIYLA, GLFYAI, IILAT, LVVIGG, VTVLV, VVIIG",6,0
"313","26396947","sp",-1.0081555,"FungalRV, SignalP, PredGPI","Nup96 (1332-1626), Nucleoporin2 (793-939), Nucleoporin_FG (89-201), Nucleoporin_FG (218-295), Nucleoporin_FG (285-373), Nucleoporin_FG (425-509), Nucleoporin_FG (497-574), Nucleoporin_FG (534-620), Nucleoporin_FG (571-677), Nup98_GLEBS (192-221)","Nup96, Nucleoporin2, Nucleoporin_FG, Nup98_GLEBS",NA,0.204,0.204,3261.37,NA,0,0.134
"314","Q6FRT2","CCR4_CANGA",-1.0093124,"FungalRV, SignalP, PredGPI","Exo_endo_phos (541-848), LRR_4 (391-430), LRR_4 (437-477), LRR_14 (384-481), LRR_8 (391-448), LRR_8 (432-471), LRR_1 (391-412), LRR_1 (414-435), LRR_1 (437-458)","Exo_endo_phos, LRR_4, LRR_14, LRR_8, LRR_1","LRR_LRWD1 (0.038), LRR_Zer-1 (0.056), LRR_6 (0.3)",0.129,0.36,2328.78,"IMWLVTT, SFTGLIFYL, TFQVGVLL, VAIVM, YIWFSS, YLYFF",6,0
"315","74680173","sp",-1.0116053,"FungalRV, SignalP, PredGPI","Zn_ribbon_CSL (84-147), DnaJ (3-64)","Zn_ribbon_CSL, DnaJ",NA,0.154,0.154,306.16,NA,0,0
"316","Q5AD49","DPH4_CANAL",-1.0116053,"FungalRV, SignalP, PredGPI","Zn_ribbon_CSL (84-147), DnaJ (3-64)","Zn_ribbon_CSL, DnaJ",NA,0.154,0.2,306.16,"AFATLV, LWIQV",2,0
"317","A7E8B6","SLA1_SCLS1",-1.0117881,"FungalRV, SignalP, PredGPI","SH3_1 (8-60), SH3_1 (74-119), SH3_1 (399-447), SHD1 (536-602), SH3_9 (9-65), SH3_9 (75-123), SH3_9 (400-451), PH_SLA1 (280-376), SH3_2 (6-67), SH3_2 (72-125), SH3_2 (397-453), SH3_2 (681-735), SAM_4 (641-720), SH3_10 (65-123), SH3_10 (403-452), DUF1720 (1022-1095), DUF1720 (1088-1147)","SH3_1, SHD1, SH3_9, PH_SLA1, SH3_2, SAM_4, SH3_10, DUF1720","RNA_pol_Rpb5_C (0.12), DUF3104 (0.49)",0.121,0.24,1939,"GFLGVYSAVY, IFAGI, ILYVL, LGINIATGTILI, WFQFFL, WILVGF",6,0
"318","O43041","TRS23_SCHPO",-1.0123524,"FungalRV, SignalP, PredGPI","Sybindin (1-132), Sedlin_N (59-131)","Sybindin, Sedlin_N",NA,0.152,0.22,946.98,"ALIIIN, FVLFT, YLVLAGTI",3,0
"319","281278","pir",-1.0125755,"FungalRV, SignalP, PredGPI","LA-virus_coat (1-436), RdRP_4 (813-1294), RdRP_1 (1042-1303)","LA-virus_coat, RdRP_4, RdRP_1",NA,0.132,0.132,5508.8,"AAVATILAYVLTLS, AIWVG, ALQVI, AVTAI, FYTAA, IASMYTVLCAF, LAGVF, LAVLM, LAVSYY, LITNFAMF, LVFTYAMQVSVALNTGLY, LVVVG, TFMNTVLNWAYM, TYALYV, VALLM, VFVTAI, VMISL, VNFVLMMMS, YAVNVT, YYLMCVV",20,0
"320","730744","sp",-1.0125844,"FungalRV, SignalP, PredGPI","HSF_DNA-bind (87-188), Response_reg (379-489)","HSF_DNA-bind, Response_reg","Ets (0.084)",0.177,0.177,917.76,NA,0,0
"321","74588961","sp",-1.0142525,"FungalRV, SignalP, PredGPI",NA,NA,"LisH (0.014)",0.156,0.156,519.51,NA,0,0.231
"322","Q59N20","MSS11_CANAL",-1.0142525,"FungalRV, SignalP, PredGPI",NA,NA,"LisH (0.014)",0.156,0.36,519.51,"LLLAHLYNYF, VVNVVF, WWGLLWSI",3,0.231
"323","P50109","PSP2_YEAST",-1.0169193,"FungalRV, SignalP, PredGPI",NA,NA,NA,0.18,0.36,182.83,"ILNYWT, KVAFVELYT",2,0.039
"324","Q6FTX7","PEX21_CANGA",-1.017525,"FungalRV, SignalP, PredGPI","PEX18_PEX21_C (176-230)","PEX18_PEX21_C","IcmW (0.014), ParBc_2 (1.3)",0.147,0.24,11.44,NA,0,0
"325","463263","emb",-1.0182045,"FungalRV, SignalP, PredGPI","PPP4R2 (2-299)","PPP4R2",NA,0.134,0.134,693.02,"FVNAL, LFINL, MVAIAGITY",3,0
"326","P38819","ERP5_YEAST",-1.0202914,"FungalRV, PredGPI","EMP24_GP25L (21-207)","EMP24_GP25L","SduA_C (0.044), Asd-4 (0.053), DUF5775 (0.18)",0.137,0.24,2560.12,"IMTWSVFQLLILLGTCAF, IVHGICLLFAITQAVGAVHFYA",2,0
"327","456136","gb",-1.0205523,"FungalRV, SignalP, PredGPI","DUP (103-232)","DUP","DUF2914 (0.094)",0.134,0.134,4372.6,"AVILLVLIVTSILLLVFFY, IFGSYLSYWIY, ILLFSFC, TCMVVIAFS, YFLSLI, YHFYFVSF",6,0
"328","433630","emb",-1.02066,"FungalRV, SignalP, PredGPI","GAF (42-176), GAF_2 (49-174)","GAF, GAF_2","GAF_3 (0.052)",0.128,0.128,314.15,"INWAGFYVT, TLGVI",2,0
"329","320733","pir",-1.0247783,"FungalRV, SignalP, PredGPI","FAD_binding_2 (5-451), DAO (5-149), DAO (139-226), HI0933_like (4-73), HI0933_like (81-464), NAD_binding_8 (8-72), Thi4 (1-54), Thi4 (402-449), FAD_binding_3 (4-213), Pyr_redox_2 (4-236), FAD_oxidored (5-199), Lycopene_cycl (5-46), Lycopene_cycl (229-348), Pyr_redox_3 (7-93), Pyr_redox_3 (106-227), Amino_oxidase (13-71), MCRA (4-95), NAD_binding_9 (7-60), Pyr_redox (5-47)","FAD_binding_2, DAO, HI0933_like, NAD_binding_8, Thi4, FAD_binding_3, Pyr_redox_2, FAD_oxidored, Lycopene_cycl, Pyr_redox_3, Amino_oxidase, MCRA, NAD_binding_9, Pyr_redox","GIDA (0.035)",0.132,0.132,1501.1,"ALLVM, ISAVVY, TVVFIG, VVTAAI, VVVIGTGLAGLA",5,0
"330","2497199","sp",-1.0278304,"FungalRV","Glyco_hydro_76 (36-403)","Glyco_hydro_76","Glyco_hydro_88 (0.012)",0.151,0.151,3198.28,NA,0,0
"331","P17555","CAP_YEAST",-1.0293224,"FungalRV, SignalP, PredGPI","CAP_C (368-524), CAP_N (81-240), CAP_N-CM (14-69), CR_prot_dom_plant (271-314)","CAP_C, CAP_N, CAP_N-CM, CR_prot_dom_plant",NA,0.169,0.3,1057.2,"FLASF, IGAVF, LFSWVAV, VLVQI, YFAYLSALS",5,0
"332","Q6FNU4","SEC31_CANGA",-1.0320811,"FungalRV, SignalP, PredGPI","Sec31 (892-941), Beta-prop_THOC3 (61-149), Beta-prop_THOC3 (160-258), Beta-prop_THOC3 (250-369), WD40_CDC20-Fz (3-152), WD40_CDC20-Fz (158-254), WD40_CDC20-Fz (228-343), Beta-prop_RIG_2nd (2-162), Beta-prop_RIG_2nd (155-208), Beta-prop_RIG_2nd (194-327), Beta-prop_WDR3_1st (40-204), Beta-prop_WDR3_1st (173-318), WD40_Prp19 (56-262), WD40_Prp19 (259-396), Beta-prop_EML_2 (33-147), Beta-prop_EML_2 (155-316), Beta-prop_EIPR1 (36-136), Beta-prop_EIPR1 (141-291), Beta-prop_TEP1_2nd (11-217), Beta-prop_TEP1_2nd (176-308), WD40_WDHD1_1st (39-258), WD40_WDHD1_1st (249-362), Beta-prop_WDR5 (24-196), Beta-prop_WDR5 (213-339), WDR55 (56-206), Beta-prop_Aladin (56-211), Beta-prop_Aladin (204-332), WD40 (98-137), WD40 (247-292), Beta-prop_EML (21-149), Beta-prop_EML (206-359), SRA1 (1136-1280), Beta-prop_WDR36-Utp21_1st (37-150), Beta-prop_WDR36-Utp21_1st (154-237), Beta-prop_WDR36-Utp21_1st (223-293), ANAPC4_WD40 (40-119), WD40_MABP1-WDR62_2nd (50-141), WD40_MABP1-WDR62_2nd (163-317), EIF3I (40-163), EIF3I (156-306), EIF3I (257-438), Beta-prop_HPS5 (54-215), Prp18 (1188-1273), Beta-prop_WDR90_POC16_2nd (56-137), WD40_Gbeta (26-257), WD40_Gbeta (250-350), Beta-prop_WDR35_TULP_N (57-144)","Sec31, Beta-prop_THOC3, WD40_CDC20-Fz, Beta-prop_RIG_2nd, Beta-prop_WDR3_1st, WD40_Prp19, Beta-prop_EML_2, Beta-prop_EIPR1, Beta-prop_TEP1_2nd, WD40_WDHD1_1st, Beta-prop_WDR5, WDR55, Beta-prop_Aladin, WD40, Beta-prop_EML, SRA1, Beta-prop_WDR36-Utp21_1st, ANAPC4_WD40, WD40_MABP1-WDR62_2nd, EIF3I, Beta-prop_HPS5, Prp18, Beta-prop_WDR90_POC16_2nd, WD40_Gbeta, Beta-prop_WDR35_TULP_N","WD40_RFWD3 (0.013), RMC1_N (0.11)",0.163,0.28,2945.92,"AFVVAVT, ALVIYIAAGSL, FTILSNFV, IATVWL, LALLFL, LFAFATL, LILVW, LISKFLEFINI",8,0.02
"333","626096","pir",-1.0328892,"FungalRV, SignalP, PredGPI","Trehalase (192-750), Trehalase_Ca-bi (135-164), MGH1-like_GH (329-737)","Trehalase, Trehalase_Ca-bi, MGH1-like_GH","WW (0.14)",0.121,0.121,2501.64,"CAYLATI, FGWVNTSYLLGL, GFFFYY, IAFVI, LLALA, MALLVF, TTFWSLWAGL, WLYMITKSFVDYNGMVV, YLMALGLI",9,0
"334","Q03735","NAB6_YEAST",-1.0330275,"FungalRV, SignalP, PredGPI","Nab6_mRNP_bdg (199-560), RRM (60-111), RRM_1 (776-829)","Nab6_mRNP_bdg, RRM, RRM_1","RRM_YTH1 (0.14)",0.171,0.36,2826.16,"CWINFM, FYVSL, ICFVTFI, IGVSVY, LISLAVTIG, LSILISFLT, TFMYAANIL, YAVLTFLNISMAI",8,0.019
"335","6433994","emb",-1.0332643,"FungalRV, SignalP, PredGPI","Nrd1-Seb1_dom2 (476-532), CID (5-143), RRM_1 (408-472)","Nrd1-Seb1_dom2, CID, RRM_1",NA,0.166,0.166,905.43,"ALAAFA, FVASVY, ITLMNVLA, LGALYIL, TWLVTA",5,0
"336","1835686","gb",-1.0365612,"FungalRV, SignalP, PredGPI","UFD1_N1 (21-120), UFD1_N2 (121-199)","UFD1_N1, UFD1_N2",NA,0.139,0.139,54,"SICVI",1,0
"337","P38636","ATX1_YEAST",-1.0366035,"FungalRV, SignalP, PredGPI","HMA (8-66)","HMA",NA,0.137,0.16,74.19,"FNVVMT",1,0
"338","P38011","GBLP_YEAST",-1.0391189,"FungalRV, SignalP, PredGPI","Beta-prop_WDR3_1st (3-136), Beta-prop_WDR3_1st (94-189), Beta-prop_WDR3_1st (137-315), WD40 (7-46), WD40 (55-93), WD40 (97-135), WD40 (138-182), WD40 (186-224), WD40 (228-264), WD40 (282-314), Beta-prop_THOC3 (2-255), Beta-prop_THOC3 (286-319), WD40_WDHD1_1st (8-55), WD40_WDHD1_1st (51-104), WD40_WDHD1_1st (64-260), WD40_WDHD1_1st (160-319), WD40_Prp19 (3-105), WD40_Prp19 (86-319), WD40_CDC20-Fz (3-223), WD40_CDC20-Fz (60-265), WD40_CDC20-Fz (260-319), Beta-prop_WDR3_2nd (9-99), Beta-prop_WDR3_2nd (94-230), Beta-prop_WDR3_2nd (224-316), Beta-prop_WDR36-Utp21_2nd (50-105), Beta-prop_WDR36-Utp21_2nd (98-276), Beta-prop_WDR36-Utp21_2nd (157-310), Beta-prop_WDR5 (8-164), Beta-prop_WDR5 (143-248), Beta-prop_WDR5 (232-319), WD40_Gbeta (5-81), WD40_Gbeta (57-166), WD40_Gbeta (161-319), Beta-prop_TEP1_2nd (2-183), Beta-prop_TEP1_2nd (182-259), Beta-prop_EML_2 (51-157), Beta-prop_EML_2 (161-269), Beta-prop_EML_2 (199-319), EIF3I (9-59), EIF3I (57-168), EIF3I (142-319), WDR55 (31-191), WDR55 (163-227), WDR55 (231-319), Beta-prop_CAF1B_HIR1 (1-104), Beta-prop_CAF1B_HIR1 (50-145), Beta-prop_CAF1B_HIR1 (98-162), Beta-prop_CAF1B_HIR1 (146-245), Beta-prop_CAF1B_HIR1 (285-319), WD40_MABP1-WDR62_2nd (2-183), WD40_MABP1-WDR62_2nd (184-274), Beta-prop_WDR90_POC16_2nd (3-93), Beta-prop_WDR90_POC16_2nd (29-127), Beta-prop_WDR90_POC16_2nd (93-173), Beta-prop_WDR90_POC16_2nd (161-217), Beta-prop_WDR90_POC16_2nd (208-319), Beta-prop_SPT8 (52-132), Beta-prop_SPT8 (107-218), Beta-prop_SPT8 (278-319), Beta-prop_WDR41 (49-139), Beta-prop_WDR41 (113-203), Beta-prop_WDR41 (186-248), Beta-prop_WDR36-Utp21_1st (50-137), Beta-prop_WDR36-Utp21_1st (167-315), Beta-prop_TEP1_C (64-114), Beta-prop_TEP1_C (106-165), Beta-prop_TEP1_C (147-207), Beta-prop_TEP1_C (195-265), Beta-prop_Aladin (3-107), Beta-prop_Aladin (101-234), Beta-prop_Aladin (195-319), NBCH_WD40 (51-104), NBCH_WD40 (71-145), NBCH_WD40 (103-272), Beta-prop_WDR75_1st (54-123), Beta-prop_WDR75_1st (72-139), Beta-prop_WDR75_1st (110-190), Beta-prop_WDR75_1st (184-308), ANAPC4_WD40 (186-248), ANAPC4_WD40 (205-275), ANAPC4_WD40 (243-319), Beta-prop_EIPR1 (4-92), Beta-prop_EIPR1 (96-181), Beta-prop_EML (68-244), Beta-prop_IFT122_1st (58-162), Beta-prop_IFT122_1st (159-316), Beta-prop_SCAP (9-124), Beta-prop_SCAP (114-242), WD40_MABP1-WDR62_1st (60-192), WD40_MABP1-WDR62_1st (191-271), WDR90_beta-prop_4th (238-319), Beta-prop_Vps41 (88-185), Beta-prop_Vps41 (181-251), Beta-prop_WDR75_2nd (4-113), Beta-prop_WDR75_2nd (140-265), Beta-prop_NUP159_NUP214 (12-172), Beta-prop_NUP159_NUP214 (147-311), Beta-prop_Nup120_160 (46-104), Beta-prop_DCAF4 (24-159), Beta-prop_DCAF4 (142-250), Ge1_WD40 (147-235), Beta-prop_ACSF4 (15-251), Beta-prop_IFT140_1st (76-172), Beta-prop_IFT140_1st (168-238), Beta-prop_IFT140_1st (233-317), Beta-prop_NWD2_C (51-144), Beta-prop_NWD2_C (105-270), eIF2A (161-278), KNTC1_N (98-194), KNTC1_N (166-242), Beta-prop_RIG_2nd (163-243), Beta-prop_RIG_2nd (206-269), WD40_RFWD3 (195-264), Beta-prop_DCAF12 (5-62), Beta-prop_DCAF12 (101-143), Beta-prop_HPS5 (166-236), Beta-prop_HPS5 (226-319), WD40_like (108-271), DUF7165 (195-318)","Beta-prop_WDR3_1st, WD40, Beta-prop_THOC3, WD40_WDHD1_1st, WD40_Prp19, WD40_CDC20-Fz, Beta-prop_WDR3_2nd, Beta-prop_WDR36-Utp21_2nd, Beta-prop_WDR5, WD40_Gbeta, Beta-prop_TEP1_2nd, Beta-prop_EML_2, EIF3I, WDR55, Beta-prop_CAF1B_HIR1, WD40_MABP1-WDR62_2nd, Beta-prop_WDR90_POC16_2nd, Beta-prop_SPT8, Beta-prop_WDR41, Beta-prop_WDR36-Utp21_1st, Beta-prop_TEP1_C, Beta-prop_Aladin, NBCH_WD40, Beta-prop_WDR75_1st, ANAPC4_WD40, Beta-prop_EIPR1, Beta-prop_EML, Beta-prop_IFT122_1st, Beta-prop_SCAP, WD40_MABP1-WDR62_1st, WDR90_beta-prop_4th, Beta-prop_Vps41, Beta-prop_WDR75_2nd, Beta-prop_NUP159_NUP214, Beta-prop_Nup120_160, Beta-prop_DCAF4, Ge1_WD40, Beta-prop_ACSF4, Beta-prop_IFT140_1st, Beta-prop_NWD2_C, eIF2A, KNTC1_N, Beta-prop_RIG_2nd, WD40_RFWD3, Beta-prop_DCAF12, Beta-prop_HPS5, WD40_like, DUF7165","Beta-prop_VPS8 (0.01), DUF5710 (0.13)",0.16,0.22,478.29,"IMLWNLA, LATLL, VFSLAF, VTIIS, VWQVMTA, YWLAAA",6,0
"339","731660","sp",-1.0406855,"FungalRV, SignalP, PredGPI","Med6 (9-195)","Med6",NA,0.176,0.176,369.05,NA,0,0
"340","3527","emb",-1.0491193,"FungalRV, SignalP, PredGPI","PAP_NTPase (8-201), PAP_central (206-351), PAP_RNA-bind (353-531), NTP_transf_2 (69-161), MTPAP-like_central (27-160)","PAP_NTPase, PAP_central, PAP_RNA-bind, NTP_transf_2, MTPAP-like_central","Polbeta (0.013)",0.113,0.113,1845.04,"AYLSTMYIGL, FFIILS, FFTVF, GVAWAMLVA, LLVMKLEVLAGI, TLVVVP, VYANIF",7,0
"341","9755328","ref",-1.0511852,"FungalRV, SignalP, PredGPI","R3H (27-85)","R3H",NA,0.177,0.177,748.71,"IVSFI, SCVILF",2,0
"342","2144431","pir",-1.0531409,"FungalRV, SignalP, PredGPI","RNA_pol_Rpb1_1 (11-340), RNA_pol_Rpb1_5 (807-1397), RNA_pol_Rpb1_2 (342-507), RNA_pol_Rpb1_6 (873-1056), RNA_pol_Rpb1_3 (510-669), RNA_pol_Rpb1_7 (1141-1274), RNA_pol_Rpb1_4 (693-800), RNA_pol_Rpb1_R (1530-1549), RNA_pol_Rpb1_R (1543-1556), RNA_pol_Rpb1_R (1550-1563), RNA_pol_Rpb1_R (1557-1570), RNA_pol_Rpb1_R (1564-1577), RNA_pol_Rpb1_R (1571-1584), RNA_pol_Rpb1_R (1578-1591), RNA_pol_Rpb1_R (1585-1598), RNA_pol_Rpb1_R (1592-1605), RNA_pol_Rpb1_R (1599-1612), RNA_pol_Rpb1_R (1606-1619), RNA_pol_Rpb1_R (1613-1626), RNA_pol_Rpb1_R (1620-1633), RNA_pol_Rpb1_R (1627-1640), RNA_pol_Rpb1_R (1634-1647), RNA_pol_Rpb1_R (1641-1654), RNA_pol_Rpb1_R (1648-1661), RNA_pol_Rpb1_R (1655-1668), RNA_pol_Rpb1_R (1662-1675), RNA_pol_Rpb1_R (1669-1682), RNA_pol_Rpb1_R (1676-1689), RNA_pol_Rpb1_R (1683-1696), RNA_pol_Rpb1_R (1690-1703), RNA_pol_Rpb1_R (1697-1710), RNA_pol_Rpb1_R (1704-1717), RNA_pol_Rpb1_R (1711-1720)","RNA_pol_Rpb1_1, RNA_pol_Rpb1_5, RNA_pol_Rpb1_2, RNA_pol_Rpb1_6, RNA_pol_Rpb1_3, RNA_pol_Rpb1_7, RNA_pol_Rpb1_4, RNA_pol_Rpb1_R","NAC (1.2)",0.16,0.16,4481.9,"AVTLFCCLL, FAAIWTLC, IAFGFV, IIFGVV, ILNIF, IVLGV, LFVIW, LIHVVT, LQVLL, LREVFV, LTVYL, MALLV, MVGVLA, NLLVL, VFHVGFIA, VIQFIY, VLNMLYW, VQFGLF, VVNFWLL, VYNVIA, WMILTC",21,0.119
"343","Q6C3D7","STE20_YARLI",-1.0550234,"FungalRV, SignalP, PredGPI","Pkinase (844-1095), PK_Tyr_Ser-Thr (845-1093), PBD (387-445), ABC1 (912-1000), Kinase-like (871-1038), Pkinase_fungal (930-1024)","Pkinase, PK_Tyr_Ser-Thr, PBD, ABC1, Kinase-like, Pkinase_fungal","APH (0.029), Spt20_SEP (4.3)",0.188,0.42,2412.01,"AFLAWALQVSA, ALSTIF, ALYLIAT, FITSSFFFFSFF, IMAFY, IVNFI, LWVVM, VFTAY, VLLSM",9,0.013
"344","P25045","LCB1_YEAST",-1.0556318,"FungalRV, SignalP, PredGPI","Aminotran_1_2 (145-545)","Aminotran_1_2",NA,0.152,0.3,4183.87,"AFIVTTSSYLWYYFNLVLT, ALINYNVLIT, FIVSYI, FSIGVL, IGLILYGIIYYLS, SYVIVTS, TVYYFN, VSAVL",8,0
"345","O14113","YEJI_SCHPO",-1.0612844,"FungalRV, SignalP, PredGPI","SDE2 (83-186), Sde2_N_Ubi_yeast (4-82)","SDE2, Sde2_N_Ubi_yeast","CDRT4 (4.8)",0.183,0.34,21.46,NA,0,0
"346","558256","emb",-1.0619069,"FungalRV, SignalP, PredGPI",NA,NA,NA,0.185,0.185,1645.95,"ALFMLGCTFIIH, SFFIGFGGV, SFLNLFTM",3,0
"347","473133","emb",-1.0677961,"FungalRV, SignalP, PredGPI","Sugar_tr (125-563), MFS_1 (143-508)","Sugar_tr, MFS_1","MgtE (7.2)",0.119,0.119,12205.41,"AILGAGFMLYFCVFGVWGI, AVTVIVVVTNIGAI, GAVIFGLWT, GLFFSAYAMGFIFAIIFY, GLLIACT, ILFWFSIFL, ILLIFW, ITWGLGLVLFV, VMAILTGSVFIFTFACVFVG, YFFMGYFAWLSAAWAFFCVSVSV, YITCLFLFVIAQL, YWLLFAYLVVLLV",12,0
"348","O60175","OPI10_SCHPO",-1.0711349,"FungalRV, SignalP, PredGPI","Hikeshi-like_N (5-121), Hikeshi-like_C (129-196)","Hikeshi-like_N, Hikeshi-like_C","Ribophorin_II_2nd (0.32)",0.14,0.26,1088.99,"FQFLGYLT, FVFQL, ILTNLYNFLASFAT, IVVFLL, VGITAMLGI",5,0
"349","Q75A30","SEC31_ASHGO",-1.0722305,"FungalRV, SignalP, PredGPI","Sec31 (891-940), Beta-prop_THOC3 (6-140), Beta-prop_THOC3 (153-248), Beta-prop_THOC3 (226-379), WD40_CDC20-Fz (37-141), WD40_CDC20-Fz (147-340), Beta-prop_WDR3_1st (36-140), Beta-prop_WDR3_1st (167-331), WD40_Prp19 (27-164), WD40_Prp19 (57-251), WD40_Prp19 (245-345), Beta-prop_RIG_2nd (84-144), Beta-prop_RIG_2nd (146-201), Beta-prop_RIG_2nd (201-297), WD40_WDHD1_1st (51-162), WD40_WDHD1_1st (152-312), Beta-prop_EML_2 (9-142), Beta-prop_EML_2 (148-302), Beta-prop_EML_2 (211-334), Beta-prop_WDR36-Utp21_1st (38-141), Beta-prop_WDR36-Utp21_1st (148-229), Beta-prop_WDR36-Utp21_1st (218-280), Beta-prop_EML (11-209), Beta-prop_EML (202-355), WD40 (93-132), WD40 (240-279), Beta-prop_CAF1B_HIR1 (89-142), Beta-prop_CAF1B_HIR1 (152-351), SRA1 (1094-1232), Beta-prop_TEP1_2nd (86-210), Beta-prop_TEP1_2nd (117-296), Beta-prop_EIPR1 (148-278), ANAPC4_WD40 (13-114), ANAPC4_WD40 (130-213), TPR_Sec16 (501-723), Beta-prop_WDR5 (55-192), Beta-prop_WDR5 (199-332), WDR55 (55-290), Beta-prop_Aladin (190-325), WD40_Gbeta (201-334), Beta-prop_WDR19_1st (36-135), Beta-prop_WDR19_1st (157-367), EIF3I (31-139), EIF3I (117-296), Beta-prop_DCAF12 (186-338), Beta-prop_WDR36-Utp21_2nd (23-138)","Sec31, Beta-prop_THOC3, WD40_CDC20-Fz, Beta-prop_WDR3_1st, WD40_Prp19, Beta-prop_RIG_2nd, WD40_WDHD1_1st, Beta-prop_EML_2, Beta-prop_WDR36-Utp21_1st, Beta-prop_EML, WD40, Beta-prop_CAF1B_HIR1, SRA1, Beta-prop_TEP1_2nd, Beta-prop_EIPR1, ANAPC4_WD40, TPR_Sec16, Beta-prop_WDR5, WDR55, Beta-prop_Aladin, WD40_Gbeta, Beta-prop_WDR19_1st, EIF3I, Beta-prop_DCAF12, Beta-prop_WDR36-Utp21_2nd","Prp18 (0.025), TPR_GEMI5 (0.053), DUF4930 (0.13), LIN37 (0.52)",0.152,0.32,2182.67,"FTVLSAYI, ILFTHI, IVMAI, KFLEFV, LHTIVALL, SLVIAL, TLYLA, VILVW",8,0
"350","P53080","EDC1_YEAST",-1.0754301,"FungalRV, SignalP, PredGPI","PNRC (153-174)","PNRC","Presenilin (7.6)",0.189,0.24,0,NA,0,0.097
"351","Q06608","PDXH_YEAST",-1.0783667,"FungalRV, SignalP, PredGPI","PNPOx_N (7-187), CREG_beta-barrel (9-187)","PNPOx_N, CREG_beta-barrel","Pyrid_ox_like (0.031), L_biotic_typeA (0.19)",0.14,0.22,1216.96,"VALLF, VALMNYIY, YIIFV",3,0
"352","A7TDL7","NRM1_VANPO",-1.0803051,"FungalRV, SignalP, PredGPI","Whi5 (100-124)","Whi5",NA,0.214,0.36,162.53,"LISLFT",1,0
"353","18181874","dbj",-1.0809842,"FungalRV, SignalP, PredGPI","NAD_kinase_C (301-428), NAD_kinase (130-261), DAGK_cat (176-262)","NAD_kinase_C, NAD_kinase, DAGK_cat",NA,0.155,0.155,2408.61,"FITIC, GTVLFVSSIF, LMIVTKLNDVSLYFLT, LVVTL, VTVYV",5,0
"354","Q6CHK0","VTS1_YARLI",-1.0814546,"FungalRV, SignalP, PredGPI","Vts1 (126-169), SAM_2 (364-426), SAM_1 (366-426)","Vts1, SAM_2, SAM_1","SAM_Ribosomal_mS41 (0.013), US29 (0.04), SAM_3 (0.22)",0.185,0.38,856.44,"FFITVL, TAALYALL",2,0
"355","66631","pir",-1.0818345,"FungalRV, SignalP, PredGPI","EPSP_synthase (409-865), DHquinase_I (1078-1298), DHQ_synthase (71-185), SKI (897-1064), DHQS_C (186-366), Shikimate_dh_N (1311-1393), SDH_C (1556-1585), Shikimate_DH (1420-1515), AAA_14 (887-962), Fe-ADH_2 (17-146), AAA_33 (891-959)","EPSP_synthase, DHquinase_I, DHQ_synthase, SKI, DHQS_C, Shikimate_dh_N, SDH_C, Shikimate_DH, AAA_14, Fe-ADH_2, AAA_33","Zeta_toxin (0.04), 6PF2K (0.059), nSTAND3 (0.091), Sacchrp_dh_NADP (0.096), THF_DHG_CYH (0.16), Alg17C_C (2.7)",0.141,0.141,7480.18,"AFLTACVVAAI, AGLVIG, ALILAALG, ASLFLNVV, FIGAFW, FLTSLAALV, FVLVDIKWL, IIFTV, ILAMA, ILVAY, LAFAAM, LFVVG, LLAMV, LLTYVV, MIGFVASTFM, MLTAV, SAFVCLTF, SVVIIGM, TIVFL, TVMVAIG, VAMSFSLLAGMV, VDVVKFVGTAV, VTLALVG, YFGIL, YIATITGV, YIVLT, YVSSIL",27,0
"356","499003","emb",-1.0834088,"FungalRV, SignalP, PredGPI","CBFD_NFYB_HMF (18-91)","CBFD_NFYB_HMF",NA,0.144,0.144,835.62,"AFVATAFA, FFVQVLT, VYSAYVV",3,0
"357","Q6FPQ7","PAN1_CANGA",-1.0896227,"FungalRV, SignalP, PredGPI","EH (202-298), EH (565-663), DUF1720 (122-205), DUF1720 (307-374), DUF1720 (346-402), DUF1720 (387-445), DUF1720 (435-500), DUF1720 (493-563), EF-hand_1 (605-633), EF-hand_7 (207-268), EF-hand_7 (570-630), EF-hand_6 (605-635)","EH, DUF1720, EF-hand_1, EF-hand_7, EF-hand_6","E3_binding (0.22), DUF3915 (3.4)",0.162,0.3,1030.03,"FALGMHLVY, FVLTL, GLLYVS, LSFITA, SLFYKIFETF, TLFVEIYKV",6,0.167
"358","1835722","gb",-1.0930342,"FungalRV, SignalP, PredGPI","TAFII28 (126-209), TAFII28 (296-321)","TAFII28","NDNF (0.12)",0.13,0.13,1012.36,"IIELAMIVK, ILTIANYF, LTFSII, VFLQAV",4,0.043
"359","O13598","YNI8_SCHPO",-1.0985337,"FungalRV, SignalP, PredGPI","WW (9-41)","WW",NA,0.093,0.22,243.26,"CYFYVN",1,0.216
"360","1352194","sp",-1.0997683,"FungalRV, SignalP, PredGPI","STE (45-154)","STE","DUF7082 (0.14)",0.174,0.174,1887.1,NA,0,0
"361","Q5AI80","VTS1_CANAL",-1.1035445,"FungalRV, SignalP, PredGPI","SAM_2 (612-673)","SAM_2","SAM_1 (0.017), MbeB_N (0.027)",0.215,0.44,728.62,"ILLTF, LIVFSNWI",2,0.024
"362","626787","pir",-1.1036892,"FungalRV, SignalP, PredGPI","PI3_PI4_kinase (1641-1848), PI3Ka (1347-1544), PI4K_N (716-995), PI4K_N (1054-1339)","PI3_PI4_kinase, PI3Ka, PI4K_N",NA,0.158,0.158,14012.33,"AGYSVISYLLQF, AIVASASLLNFFT, AIVSTIY, ATLYW, AWFNFVI, CIAVLSVSMI, FFFNV, FGFIF, FSFLLTIAY, GIISTYF, GLLSLVGFINAFI, IATNVWLTIIT, IELLTFQLTKFMI, ILLQSYI, ILNYFLAS, IMFLAAAVLL, LFLQL, LILDTAKISVLFSHQIIWNMLANCY, LLLCL, LLLFATLVLNAS, LSLTLI, LSLYTLL, LTEFSLLLKFF, LYFMYL, MATALLILG, SDFLLKIF, SFILQFSIYSL, SITALTISILT, TLAINLL, TLLYFS, VAATTTIASY, VAHLLLVEVCYCWMR, VILNSL, VLALQLISLF, VLVGLVA, VNLAFFYV",36,0.008
"363","74590508","sp",-1.1041507,"FungalRV, SignalP, PredGPI","Sgf11 (95-126)","Sgf11","CpG_bind_C (0.027)",0.214,0.214,1319.41,NA,0,0
"364","558251","emb",-1.10644,"FungalRV, SignalP, PredGPI","Beta-prop_Vps41 (101-500), TPR_Vps41 (551-914), Clathrin (753-899), WD40 (145-179), Beta-prop_THOC3 (106-211), WD40_CDC20-Fz (101-245), Vps39_1 (801-905), WD40_WDHD1_1st (106-223)","Beta-prop_Vps41, TPR_Vps41, Clathrin, WD40, Beta-prop_THOC3, WD40_CDC20-Fz, Vps39_1, WD40_WDHD1_1st","Beta-prop_EML_2 (0.04), EIF3I (0.045), DUF4668 (0.17), Beta-prop_IFT122_1st (0.2), DUF3246 (0.33), PBP1_TM (2.6)",0.141,0.141,4310.66,"ALSLII, FTVSMLITGLASF, ILFCYLIKFLDT, IMGIY, IQTIF, ISVARIYEIF, LILWM, LIYLWG, LVHLYL, NILVII, TFFAFG, VLHYFL, VVIGWGSNIWLF",13,0
"365","Q4P6V4","RPIA_USTMA",-1.1127402,"FungalRV, SignalP, PredGPI","Rib_5-P_isom_A (84-260)","Rib_5-P_isom_A","DeoRC (0.028)",0.112,0.24,547,"FVVVA, LLTGVL",2,0
"366","Q2GLX8","SFH5_CHAGB",-1.1156787,"FungalRV, SignalP, PredGPI","CRAL_TRIO (271-421), CRAL_TRIO_N (136-222)","CRAL_TRIO, CRAL_TRIO_N","CRAL_TRIO_2 (0.037)",0.122,0.22,1443.24,"AIMGFVYAFM, IWLGLL, VFTWNIYG",3,0.037
"367","P40208","GID8_YEAST",-1.1166978,"FungalRV, SignalP, PredGPI","CTLH (130-319), CTLH (349-444)","CTLH",NA,0.156,0.24,1923.81,"FILNLIQY, FKLLLLNLIE, IAVFN, LAMTLLL, LLLNYFVSMAY, LWCWC",6,0
"368","101418","pir",-1.1170687,"FungalRV, SignalP, PredGPI","Iso_dh (38-365)","Iso_dh",NA,0.171,0.171,1138.34,"AVLSTIA, LFVNVA, TALLLSSVMML, YTVSFI",4,0
"369","14588923","emb",-1.1220529,"FungalRV, SignalP, PredGPI","PLDc (177-203), PLDc (419-457), PLDc_2 (77-228), PLDc_2 (384-487)","PLDc, PLDc_2",NA,0.159,0.159,2143.24,"AISWTFTAGYFNI, ALIIT, AYLYL, FITVIG, FSTLV, IFIASLYL, ILSLLSTIT, VSFLL",8,0.054
"370","6319685","ref",-1.1224212,"FungalRV, SignalP, PredGPI","Amidase (34-449), CT_A_B (1103-1381), CPSase_L_D2 (747-952), AH_C (493-620), Biotin_carb_N (632-741), CT_C_D (1436-1659), Biotin_carb_C (967-1072), Biotin_lipoyl (1758-1831), Dala_Dala_lig_C (753-924), ATP-grasp (752-925), ATP-grasp_3 (748-927), ATP-grasp_5 (742-876)","Amidase, CT_A_B, CPSase_L_D2, AH_C, Biotin_carb_N, CT_C_D, Biotin_carb_C, Biotin_lipoyl, Dala_Dala_lig_C, ATP-grasp, ATP-grasp_3, ATP-grasp_5","RimK (0.031), ATP-grasp_2 (0.04), NQRA_N (0.055)",0.13,0.13,3537.88,"AGITFV, AWISLIS, CLISLV, CVSIFALNL, ELLKVLVAY, FMVLGLG, GLLII, IVAVI, LFGAFISM, LLITS, MYMCIYA, SVAVYS, TIGIV, TVIAIT, TVISII, TVLIA, YVYSLGAI",17,0
"371","205829939","sp",-1.1238857,"FungalRV, SignalP, PredGPI","SH3_1 (9-62), SH3_1 (75-124), SH3_1 (359-407), SHD1 (488-554), SH3_9 (10-66), SH3_9 (76-128), SH3_9 (360-411), PH_SLA1 (251-338), SH3_2 (7-68), SH3_2 (73-130), SH3_2 (357-413), SAM_4 (649-730), SH3_10 (68-125), SH3_10 (361-410)","SH3_1, SHD1, SH3_9, PH_SLA1, SH3_2, SAM_4, SH3_10","DUF3104 (0.1), SIN1_PH (0.72)",0.169,0.169,961.91,NA,0,0.133
"372","A6ZKU1","SLA1_YEAS7",-1.1238857,"FungalRV, SignalP, PredGPI","SH3_1 (9-62), SH3_1 (75-124), SH3_1 (359-407), SHD1 (488-554), SH3_9 (10-66), SH3_9 (76-128), SH3_9 (360-411), PH_SLA1 (251-338), SH3_2 (7-68), SH3_2 (73-130), SH3_2 (357-413), SAM_4 (649-730), SH3_10 (68-125), SH3_10 (361-410)","SH3_1, SHD1, SH3_9, PH_SLA1, SH3_2, SAM_4, SH3_10","DUF3104 (0.1), SIN1_PH (0.72)",0.169,0.32,961.91,"AVYAY, IAVAA, LLYLL, TVFLGIY, WWMCQLV",5,0.133
"373","558259","emb",-1.1253319,"FungalRV, SignalP, PredGPI","SecE (26-80)","SecE",NA,0.05,0.05,1097.49,"AVGIGFIAVGIIGYAI",1,0.188
"374","Q01766","HAL1_YEAST",-1.1264872,"FungalRV, SignalP, PredGPI",NA,NA,"DUF4884 (0.056)",0.187,0.26,908.06,"GVFLVYS, ISYVL, LVSSVI, TYVGILNV",4,0
"375","640008","emb",-1.1267069,"FungalRV, SignalP, PredGPI",NA,NA,NA,0.078,0.078,2117.09,"FFSSVL, GILNLMF, IKLLLYSELALLVFWCV, LLFFNF, LLSLLAL, LVSVLL",6,0
"376","O14103","ROT1_SCHPO",-1.1289268,"FungalRV","Rot1 (30-228)","Rot1",NA,0.151,0.2,3432.82,"AIYII, HLLYQIGLFTCLWLTQYV, MFLAY, TIWWVGLGLIAIGSIGYLVV",4,0
"377","P39825","PROF_SCHPO",-1.1342176,"FungalRV, SignalP, PredGPI","Profilin (1-127)","Profilin",NA,0.134,0.16,513.88,"IICVAT, LCILV, MFGTGIILA",3,0
"378","Q12191","BUG1_YEAST",-1.1378603,"FungalRV, SignalP, PredGPI",NA,NA,"DUF3450 (0.017), OTU1_UBXL (0.17), SOAR (0.73)",0.161,0.28,143.44,"FLTTI, LIAAV",2,0
"379","2131159","pir",-1.140451,"FungalRV, SignalP, PredGPI","Aconitase (14-471), Aconitase_C (545-672)","Aconitase, Aconitase_C",NA,0.122,0.122,1888.52,"AVAYW, ILVVT, LAFGI, LILYIIGLIGT, SFLLYI, VLATQTII",6,0
"380","2132390","pir",-1.144551,"FungalRV, SignalP, PredGPI","PS_Dcarbxylase (871-1080), C2 (17-92), C2 (494-602)","PS_Dcarbxylase, C2","Herpes_capsid (0.26)",0.164,0.164,3868.17,"AMGVVFMHIGAI, EWLRIIVYD, FAFSIKVVD, FIVISF, IGAMMVGSILLTC, IIQVMLYL, ILLGF, LITHFAICTF, STIIIIIP, SYLYL, VCFVTTNTFY",11,0
"381","74691919","sp",-1.14759,"FungalRV, SignalP, PredGPI",NA,NA,NA,0.15,0.15,3112.03,NA,0,0
"382","Q750C9","TSC3_ASHGO",-1.14759,"FungalRV, SignalP, PredGPI",NA,NA,NA,0.15,0.16,3112.03,"FCLHVFFLVVFTLSLFGLL, VLSLYWATVGYMAYAA, VYKFFESLYWMYYIH",3,0
"383","539105","pir",-1.1476778,"FungalRV, SignalP, PredGPI","RNA_pol_Rbc25 (83-211), SHS2_Rpb7-N (8-64)","RNA_pol_Rbc25, SHS2_Rpb7-N",NA,0.099,0.099,785.13,"AYALL, IVTGWI, LVSWW, VGLCITIY, VSLLGIF, YINVTF",6,0
"384","2276365","emb",-1.1486213,"FungalRV, SignalP, PredGPI","PDT (6-197)","PDT","ACT (0.024)",0.139,0.139,4047.91,"AVFEVFAAHKVVITNLVV, FNLLV, ITGTIVAI, LIFALKFILICFLAVLEAL, PWTYIYFV, SLLQFYL",6,0
"385","2133106","pir",-1.153058,"FungalRV, SignalP, PredGPI","Myb_DNA-bind_7 (410-496), Myb_DNA-binding (417-461)","Myb_DNA-bind_7, Myb_DNA-binding","Myb_DNA-bind_6 (0.053)",0.136,0.136,29.08,NA,0,0
"386","Q99188","RGS2_YEAST",-1.1532852,"FungalRV, SignalP, PredGPI","RGS (38-160)","RGS","FDF (0.41)",0.194,0.46,272.21,"VLCAISHVMGLLM, YIKYIAVD",2,0.117
"387","2494690","sp",-1.1535326,"FungalRV, SignalP, PredGPI","GATA (663-697), GATA_AreA (87-114)","GATA, GATA_AreA","DUF7573 (0.14)",0.206,0.206,31.06,NA,0,0.016
"388","Q05015","FSH2_YEAST",-1.1552037,"FungalRV, SignalP, PredGPI","FSH1 (1-215), Abhydrolase_2 (87-222), Abhydrolase_1 (3-37), Abhydrolase_1 (91-159), Abhydrolase_1 (140-206)","FSH1, Abhydrolase_2, Abhydrolase_1","Hydrolase_4 (0.097), Esterase_PHB (0.28)",0.117,0.2,638.21,"FAGIVGF, FFMAVSGF, VLAWL",3,0
"389","P40004","YEA4_YEAST",-1.1596933,"FungalRV, SignalP, PredGPI","UAA (3-327), TPT (167-324), DUF2304 (98-198)","UAA, TPT, DUF2304","EamA (0.99), DUF2254 (4.1)",0.155,0.22,10048.33,"AFALVFG, ALTLSITLLV, CFGTVITMFTCWLL, FISLLLSV, IFYSHFL, ILSTLFLTIGAIIASLF, LFLFS, LHVYVITVVLFYIS, LITFCQFLFVTC, LTFIFGICILVLSSFT, TLLLFNVLTQYFCV, YTGYIGVYLVFFGAFIYSL",12,0
"390","P40561","SGN1_YEAST",-1.1678843,"FungalRV, SignalP, PredGPI","RRM_1 (66-135), RRM_occluded (63-141)","RRM_1, RRM_occluded","RRM_7 (0.017), Nup35_RRM_2 (0.085), RBD_DEAH11 (0.19)",0.136,0.26,112.27,"ITLLY",1,0
"391","Q9HDZ6","DAM1_SCHPO",-1.1696129,"FungalRV, SignalP, PredGPI","DASH_Dam1 (28-88)","DASH_Dam1","FlgK_D1 (0.016), DASH_Dad4 (0.23)",0.174,0.24,160.28,"SFLYGLQI",1,0.097
"392","1084643","pir",-1.1712548,"FungalRV, SignalP, PredGPI","Peptidase_M16_M (432-713), Peptidase_M16_C (246-428), Peptidase_M16_C (716-898), Peptidase_M16 (84-222), PqqF-like_C_4 (819-917)","Peptidase_M16_M, Peptidase_M16_C, Peptidase_M16, PqqF-like_C_4",NA,0.14,0.14,2551.71,"LFAQLI, LIILLT, NAFFAV, QLGYVVFSS, VIVLIFQYI, YIYLSF, YTAAIYL",7,0
"393","3529","emb",-1.1746367,"FungalRV, SignalP, PredGPI","APS_kinase (23-175), AAA_33 (27-156), KTI12 (26-183), AAA_29 (5-56), AAA_18 (27-181)","APS_kinase, AAA_33, KTI12, AAA_29, AAA_18","CbiA (0.04), PRK (0.085), CPT (0.09), NPHP3_N (0.094), ABC_tran (0.12), STN (0.16)",0.119,0.119,759.14,"AGLKFIEIFV, AISITSFI, CTIWLTGL",3,0
"394","74605736","sp",-1.1751999,"FungalRV, SignalP, PredGPI","PEX18_PEX21_C (198-265)","PEX18_PEX21_C",NA,0.196,0.196,144.23,NA,0,0
"395","Q6CN41","PEX21_KLULA",-1.1751999,"FungalRV, SignalP, PredGPI","PEX18_PEX21_C (198-265)","PEX18_PEX21_C",NA,0.196,0.32,144.23,"MAAVVA",1,0
"396","Q9UUK0","PDXH_SCHPO",-1.176597,"FungalRV, SignalP, PredGPI","PNPOx_N (11-172)","PNPOx_N",NA,0.184,0.26,582.04,"LMTFTY, SLYTLLY, VSLLV",3,0
"397","Q6CWN7","LOT5_KLULA",-1.176895,"FungalRV, SignalP, PredGPI","Voldacs (83-248)","Voldacs",NA,0.12,0.22,1337.75,"LFVLNTCVLIWF, LMIAI",2,0.05
"398","1230658","gb",-1.1784351,"FungalRV, SignalP, PredGPI","Pyridoxal_deC (141-484), DegT_DnrJ_EryC1 (218-348), Aminotran_5 (195-520), SepSecS (209-357)","Pyridoxal_deC, DegT_DnrJ_EryC1, Aminotran_5, SepSecS","FLYWCH_u (0.26)",0.126,0.126,4556.01,"AAYYF, AIVVGCWATMV, FAQFMILTINELKIAI, LGSFIVSFM, LIVGFLDALYKL, LLLACLS, TILLVG, VVSMVL, YLFVIFCYKLISNFFYLL",9,0
"399","539107","pir",-1.1803527,"FungalRV, SignalP, PredGPI","AAA_6 (1758-2081), DHC_N2 (1221-1626), DYN1_lid (2223-2358), AAA_9 (3377-3597), DHC_N1 (219-767), AAA_8 (2730-2989), AAA_7 (2053-2132), AAA_7 (2381-2562), DYN_lid (2574-2666), AAA_5 (1792-1916), AAA_5 (2069-2210), AAA_5 (2413-2553), MT (3014-3352), AAA_lid_11 (3926-4041), AAA_22 (1785-1883), AAA_22 (2063-2155), AAA_22 (2408-2511), Dynein_heavy (3783-3896), AAA (1792-1882), AAA (2070-2145), AAA (2414-2558), AAA_14 (199-297), AAA_14 (2410-2515), AAA_14 (2753-2861), AAA_lid_1 (2595-2689), AAA_lid_1 (3931-4018), AAA_16 (2401-2484), AAA_30 (2058-2112), AAA_30 (2401-2458), nSTAND3 (2054-2113), nSTAND3 (2397-2463), AAA_18 (1793-1901), AAA_18 (2414-2472), NPHP3_N (2050-2157), NPHP3_N (2394-2461), AAA_19 (2061-2112), ResIII (2043-2152), Zeta_toxin (2051-2160), AAA_24 (1788-1855), AAA_33 (2414-2464)","AAA_6, DHC_N2, DYN1_lid, AAA_9, DHC_N1, AAA_8, AAA_7, DYN_lid, AAA_5, MT, AAA_lid_11, AAA_22, Dynein_heavy, AAA, AAA_14, AAA_lid_1, AAA_16, AAA_30, nSTAND3, AAA_18, NPHP3_N, AAA_19, ResIII, Zeta_toxin, AAA_24, AAA_33","RNA_helicase (8.2e-05), TsaE (0.0023), ABC_tran (0.0033), AAA_28 (0.027), IstB_IS21 (0.031), FtsK_SpoIIIE (0.032), Mg_chelatase (0.042), NACHT (0.043), DEAD (0.049), DUF536 (0.06), Dynein_AAA_lid (0.067), GvpD_P-loop (0.08), AAA_25 (0.24)",0.134,0.134,25742.55,"AAILYLG, ALILVG, ATWKTVIDAMAIF, AVLTMIGVLS, AVVNILIHF, CGLLWFST, FASVYL, FFSLA, FGSVVIIQ, FHWFYGISIGQFLS, FIQTI, FITGV, FLGLY, FLNIL, FQFFLGLL, FVAWL, FVVLM, FYFLG, GVWSVYCTFLLSWFHALIT, HFVYI, HIATIVYG, IEVVVSKYIFQAILLSAQVMWT, IFSML, IINWM, ILLLEIK, ILSAL, ILWLLY, ISYFLNV, ITVII, IVHFL, IWVVF, IYEIYYKAIF, LASII, LEVVAKLCAHVF, LFTSIL, LGLLL, LHVVFTIC, LIQTFFSL, LLLIGFATLT, LLTIY, LLVGITQI, LLYALA, LRYLWDYVT, LSYLV, LSYTFYTNIFL, LTYMAF, LVHILGV, LWAYEAWRIF, LYQWV, MIMAMTMFCLYKFDI, MITVISNY, MLVIL, NLIISIIL, NLVLFC, NVVYVIDTKVLT, SIIFL, SLLFSGLL, STLLII, SWILYVS, TAVFITL, TCLII, TIVTI, TLFVFLF, TLTFNSLVI, TVLLSFL, VCLSVLT, VFLHWL, VFTQF, VITLLI, VKIVMEAVCAILGYQ, VLSAV, VMVLNLTLNEILLTKII, VNLLI, VQFYWL, VQLAVHLI, VQTVWLLLQQILI, VVGINF, VVLFL, VVLINFL, VVVVFN, VYTAI, WFLVL, WILLQ, YISAL, YRFIDYLVTL, YSTIVIAN",86,0
"400","O74375","TVP18_SCHPO",-1.1831772,"FungalRV, SignalP, PredGPI","Cg6151-P (30-141)","Cg6151-P","DUF373 (1)",0.195,0.3,3964.31,"LVYFIFSVVTFLSCIFMAT, VLLIFI, WLGILSIFLCIILGIVNLFHVTLVVLF",3,0
"401","2133153","pir",-1.1849693,"FungalRV, SignalP, PredGPI","Med21 (1-131), Med9 (45-106), Death_TNFRSF11B (57-101)","Med21, Med9, Death_TNFRSF11B","DUF2200 (0.075), Spore_III_AB (0.25), STAT_alpha (0.51)",0.129,0.129,15.66,NA,0,0.136
"402","Q758Y4","VTS1_ASHGO",-1.1857853,"FungalRV, SignalP, PredGPI","SAM_2 (416-477), SAM_1 (421-474)","SAM_2, SAM_1","Herpes_UL69 (0.21)",0.233,0.42,290.95,"AFAIV, IMVNF",2,0
"403","P84149","MEX67_CANAL",-1.1862303,"FungalRV, SignalP, PredGPI","NXF_NTF2 (309-500), RRM_9 (37-107), TAP_C (569-615), LRR_NXF1-5 (130-276), LRR_4 (186-230), LRR_4 (210-256), LRR_9 (175-284)","NXF_NTF2, RRM_9, TAP_C, LRR_NXF1-5, LRR_4, LRR_9","LRR_8 (0.016), LRR_1 (0.022), Viral_P18 (0.048), HTH_57 (0.059)",0.175,0.32,1339.22,"FLRELILFN, IMITL, LLVKILLET, LMILY, LVVLS, TFVVIP, VIVSNYSV, VLIANL",8,0
"404","626843","pir",-1.1905611,"FungalRV, PredGPI","Peptidase_S10 (83-494)","Peptidase_S10","Crisp (5.8)",0.128,0.128,3431.11,"AYIFL, FFYWFF, FTGLLF, IILWL, IVATAY, LFTTFIS, NLTSVMI, SMIFL, VFTGFLFT, VLIYAG, YICNWL, YLNLVFVLQLLI",12,0
"405","P40070","LSM4_YEAST",-1.1907191,"FungalRV, SignalP, PredGPI","LSM (5-81), SM-ATX (3-77)","LSM, SM-ATX",NA,0.144,0.22,120.8,"LYLLT",1,0.155
"406","Q12520","HUT1_YEAST",-1.1913915,"FungalRV, SignalP, PredGPI","UAA (7-328), TPT (35-151), TPT (171-323), EamA (38-152), EamA (205-323), Nuc_sug_transp (73-274), Nuc_sug_transp (261-339)","UAA, TPT, EamA, Nuc_sug_transp","Mhr1 (0.15), Orf78 (0.37)",0.139,0.22,11741.37,"CFIFYTL, FGSLVLIMITVT, GFGLLFSSLFL, LMFTLNLFVILWNILYFIVI, LMLISFT, LVICAIGIYATFLTWALV, MVSMILSIIVFG, VISLIQASVAMMMGYLYL, VLLVHLLLY, VVALLVSLGVTIFTIG, VWGYLMLYSFC, WVGMFIVFGGITW, YLTYMLA",13,0
"407","2146822","pir",-1.1930948,"FungalRV, SignalP, PredGPI","GDC-P (69-511), GDC-P (523-810), GcvP2_C (849-970), Cys_Met_Meta_PP (184-339)","GDC-P, GcvP2_C, Cys_Met_Meta_PP","Beta_elim_lyase (0.031)",0.144,0.144,2538.78,"AAFFAVI, FNINLFAV, FSSVIAML, IFSLTSILANAI, ILFVN, LAAVMIT, LITSL, LLSVA, LMALTLL, MLLSFNI",10,0
"408","Q9C1A4","PACC_TRIRU",-1.1951016,"FungalRV, SignalP, PredGPI","Zap1_zf1 (84-110), Zap1_zf1 (120-141), Zap1_zf1 (152-172), zf-H2C2_2 (137-161), zf-C2H2 (120-144), zf-C2H2 (150-172), zf-C2H2_4 (150-173), zf-C2H2_6 (150-174)","Zap1_zf1, zf-H2C2_2, zf-C2H2, zf-C2H2_4, zf-C2H2_6","zf-C2H2_jaz (0.018), C2CH-3rd_BIRD-IDD (0.11), zf-C2HE (0.17), zf-TRAF (5.4)",0.165,0.44,326.78,"AAAAV, VYYAV",2,0.037
"409","1077011","pir",-1.1958494,"FungalRV, SignalP, PredGPI","AMP_deaminase (156-803), A_deaminase (618-762)","AMP_deaminase, A_deaminase",NA,0.126,0.126,2762.01,"ALFLTY, FVQYLYYL, LASWVI, LVSAYLLA, WNLYYLL, YSYYLYYLYSNVA",6,0
"410","101694","pir",-1.2005609,"FungalRV, SignalP, PredGPI","Peptidase_C1_2 (33-479), Peptidase_C1 (77-139), Peptidase_C1 (383-448)","Peptidase_C1_2, Peptidase_C1","UvrA_DNA-bind (0.19)",0.145,0.145,2113.57,"AVIYLNV, AYLFFY, CWLFAAT, FQIVV, LMSLFM, LVQYLLA, LYVMT, MFLNLV, SIIVTL, VFNTVVST",10,0
"411","A7TMC5","ATG23_VANPO",-1.2032787,"FungalRV, SignalP, PredGPI",NA,NA,"Myb_DNA-bind_5 (1.6)",0.145,0.3,492.45,"FLILSNI, LLELVKF, LNSIIINY",3,0.057
"412","Q4PG71","LSM6_USTMA",-1.2067812,"FungalRV, SignalP, PredGPI","LSM (17-82), SM-ATX (17-82)","LSM, SM-ATX","LSM14 (0.025)",0.082,0.08,421.9,"VMYITAL",1,0
"413","P38042","CDC27_YEAST",-1.2074768,"FungalRV, SignalP, PredGPI","TPR_2 (540-573), TPR_2 (574-607), TPR_2 (608-639), TPR_2 (644-675), TPR_2 (677-709), TPR_2 (710-742), TPR_1 (154-187), TPR_1 (540-573), TPR_1 (574-607), TPR_1 (608-641), TPR_1 (647-675), TPR_1 (710-734), TPR_8 (154-186), TPR_8 (540-573), TPR_8 (574-607), TPR_8 (608-641), TPR_8 (649-675), TPR_8 (678-709), TPR_8 (710-742), ANAPC3 (39-126), ANAPC3 (535-634), ANAPC3 (654-736), TPR_11 (547-582), TPR_11 (589-622), TPR_11 (617-656), TPR_11 (683-724), TPR_16 (578-641), TPR_16 (680-743), TPR_17 (536-561), TPR_17 (562-595), TPR_17 (596-628), TPR_17 (698-731), TPR_CcmH_CycH (526-642), TPR_CcmH_CycH (689-756), TPR_14 (540-583), TPR_14 (576-617), TPR_14 (609-646), TPR_14 (648-685), TPR_14 (679-719), TPR_19 (550-579), TPR_19 (587-641), TPR_19 (659-746), TPR_12 (539-606), TPR_12 (574-639), TPR_12 (675-742), TPR_6 (546-572), TPR_6 (609-639), TPR_6 (678-709), TPR_9 (580-643), TPR_9 (656-746), TPR_7 (610-638), TPR_15 (505-672), TPR_15 (670-751), TPR_20 (690-746), ARM_TT21_5th (474-577), ARM_TT21_5th (585-687), TPR_10 (609-638), DUF7017 (546-641)","TPR_2, TPR_1, TPR_8, ANAPC3, TPR_11, TPR_16, TPR_17, TPR_CcmH_CycH, TPR_14, TPR_19, TPR_12, TPR_6, TPR_9, TPR_7, TPR_15, TPR_20, ARM_TT21_5th, TPR_10, DUF7017","T7SS_EccA1_N (0.0013), BTAD (0.036), ARM_TT21_C (0.043), TPR_Slam (0.1), HrpB1_HrpK (0.19), SRP_TPR_like (0.2), CSG2 (0.26)",0.165,0.34,4664.53,"AILTLLSIINVFS, ALLYF, AVYLYALSLFL, FAYAYTL, IFSTLLW, IMYNFALIL, LSTII, LTVAM, VNVVLICC, YHLGIAYIFG",10,0
"414","Q04947","RTN1_YEAST",-1.21271,"FungalRV, SignalP, PredGPI","Reticulon (20-178)","Reticulon",NA,0.163,0.28,3228.7,"AVALFL, FFSWFSIWTIVFVA, LITFFLKVAYTILFTTGSIEFVSKLF, SLLALLIL",4,0
"415","1363697","pir",-1.2137907,"FungalRV, SignalP, PredGPI","Ufd2P_core (217-865), U-box (881-953)","Ufd2P_core, U-box",NA,0.122,0.122,6966.44,"AAVAI, AFINYITGIVS, ALTTVYINL, CFFLTLTYLHYGL, FISAVA, FLSQII, FMSNITLLLV, FTTMVL, LMYTIM, LTFLL, LVIGYGVVAS, LVNKNLLYALLDFYVIV, LVQLLSV, MISYFAHIA, TLLLYQ, VFDFICGASTFLIRVV, VIYNNVLTIFELFVTFK, VVIDRLFFIV, YSISIIL",19,0
"416","O74478","PGM2_SCHPO",-1.2170546,"FungalRV, SignalP, PredGPI","PGM_PMM_I (44-186), PGM_PMM_II (210-320), PGM_PMM_III (326-452), PGM_PMM_IV (497-567)","PGM_PMM_I, PGM_PMM_II, PGM_PMM_III, PGM_PMM_IV",NA,0.129,0.32,3049.77,"CILAYFIF, CLTVI, FAVGLL, FIGLAY, FVTSAL, FYVLSTTVSSAMV, ISYVLAT, LGVVIG, LTAAVFL, VIMTI, VMITA, VNALITFLHLL, YMVGSIV",13,0
"417","B3LRX9","ENOPH_YEAS1",-1.2177879,"FungalRV, SignalP, PredGPI","Hydrolase (5-198)","Hydrolase","HAD_2 (0.017)",0.115,0.18,555.63,"LLFGYV, VFIYS, VLFLS",3,0
"418","6321552","ref",-1.2189766,"FungalRV, SignalP, PredGPI","SH2_2 (1224-1437), YqgF (744-895), HHH_7 (897-1000), HTH_44 (336-446), Spt6_S1 (1119-1209), Tex_central_region (540-725), SPT6_acidic (38-128), SH2 (1258-1339), HHH_9 (1014-1093)","SH2_2, YqgF, HHH_7, HTH_44, Spt6_S1, Tex_central_region, SPT6_acidic, SH2, HHH_9","Tex_YqgF (0.072), RGS (0.24)",0.112,0.112,3413.21,"AIIAVYV, DVVKFI, FIYAY, FSKYYLADVVLTA, GWFYLMF, IVNLVSV, KVIYIDY, LVITW, SVYYFSLN, TGYFLVNY, TIFMNSAGFLYISWN",11,0.011
"419","481383","pir",-1.2197221,"FungalRV, SignalP, PredGPI","YEATS (27-109), pYEATS (41-106), BET (179-241)","YEATS, pYEATS, BET",NA,0.143,0.143,776.88,"ISVFLL, LVGVVQMV, TIFDKVIYHL",3,0
"420","O60200","MDM35_YEAST",-1.2199702,"FungalRV, SignalP, PredGPI","UPF0203 (7-75), UCR_hinge (5-64)","UPF0203, UCR_hinge","Cmc1 (0.025), PaREP1 (0.048), PAZ_2 (0.12)",0.116,0.18,141.36,"WYAYTTCVNAALV",1,0
"421","P42058","ALTA7_ALTAL",-1.2203909,"FungalRV, SignalP, PredGPI","FMN_red (3-150), Flavodoxin_1 (7-139), Flavodoxin_2 (3-142)","FMN_red, Flavodoxin_1, Flavodoxin_2","Flavodoxin_5 (0.023)",0.113,0.22,850.44,"IAIVYYSMY, YAGVFVST",2,0
"422","P48445","BPL1_YEAST",-1.2207721,"FungalRV, SignalP, PredGPI","BPL_N (1-280), BPL_LplA_LipB (386-553)","BPL_N, BPL_LplA_LipB","HI0933_like_1st (0.03)",0.141,0.3,2343.13,"AAVVLCTV, GAVFV, GVFIGFCA, IGSLLLY, ISVVFVQYLSMLAY, NVLVY, YGLLIA, YYAVSTVNV",8,0
"423","626632","pir",-1.2256991,"FungalRV, SignalP, PredGPI","Abhydrolase_1 (114-366), Abhydrolase_6 (116-371), Hydrolase_4 (112-278), Thioesterase (113-237), VirJ (186-265)","Abhydrolase_1, Abhydrolase_6, Hydrolase_4, Thioesterase, VirJ","PGAP1 (0.01), Lipase_3 (0.022), Mbeg1-like (0.032), Abhydrolase_2 (0.078), PAF-AH_p_II (0.1), DUF676 (0.11)",0.16,0.16,2701.54,"AIMAL, FIKDFVSLLNYWF, ILGITML, LLILAG, PIFIFH, TAITLI, VSVILIG, YQLVVFQ",8,0
"424","Q5APA2","TVP23_CANAL",-1.2279578,"FungalRV, SignalP, PredGPI","DUF846 (72-237)","DUF846","Clr2_transil (0.076)",0.161,0.32,5308.22,"IALLFYIFF, IVTYIFGTIVI, LQFLYLLFIIVATSL, TFILHFIVLILLVA, VAWVVLGVLAVL, VFWLLLYG",6,0
"425","189082131","sp",-1.2287485,"FungalRV, SignalP, PredGPI","Gal-bind_lectin (8-129)","Gal-bind_lectin","Thioredoxin_15 (0.16)",0.127,0.127,860.01,NA,0,0
"426","1279688","emb",-1.2338925,"FungalRV, SignalP, PredGPI","Pkinase (440-716), PK_Tyr_Ser-Thr (440-714), ABC1 (535-605), FTA2 (429-502), FTA2 (536-585), APH (442-530), APH (540-586)","Pkinase, PK_Tyr_Ser-Thr, ABC1, FTA2, APH","DUF7774 (0.1), LPD34 (0.11)",0.164,0.164,1499.87,"CIIYQMIY, GLLYLIM, ILKIIDFGI, LISQIYF, LLAIM, MLLCIKVVHDAGIV, MTLTNIF, NFVLV, NIITVN, VIQLL, VLSSTFL",11,0
"427","Q2GSX8","PABP_CHAGB",-1.235066,"FungalRV, SignalP, PredGPI","RRM_1 (67-137), RRM_1 (155-224), RRM_1 (248-317), RRM_1 (351-391), RRM_1 (423-465), MLLE (683-748), RRM_5 (35-153), RRM_5 (144-242), RRM_occluded (246-324), RRM_occluded (350-386), RRM_7 (152-237), RRM_7 (349-481), RBD_DEAH11 (259-323), RBD_DEAH11 (408-471), RRM_Nup35 (64-138), RRM_Nup35 (163-239), RRM_MARF1 (152-237), RRM_MARF1 (418-475), YflT (291-388), RBD_RDR6 (169-225), PABC_AtC3H46 (696-746)","RRM_1, MLLE, RRM_5, RRM_occluded, RRM_7, RBD_DEAH11, RRM_Nup35, RRM_MARF1, YflT, RBD_RDR6, PABC_AtC3H46","CbiG_mid (0.021), Nup35_RRM_2 (0.022), DUF7373 (0.034), OB_RNB (0.077), RRM_YTH1 (0.13)",0.079,0.24,739.31,"FGFVCF, FGFVNFTT, FLAAI, LYVALA",4,0.06
"428","473139","emb",-1.2360191,"FungalRV, SignalP, PredGPI","IGPS (217-482), GATase (15-200), Peptidase_C26 (78-183), QRPTase_C (368-476), TIM (416-482)","IGPS, GATase, Peptidase_C26, QRPTase_C, TIM","LDcluster4 (0.093), His_biosynth (0.15), RimM (0.21), FMN_dh (0.3)",0.128,0.128,1718.7,"AVVLA, FYTVLS, HVVLI, IIMGV, TVLLIV, VLLIALSGITT",6,0
"429","P27895","CIN8_YEAST",-1.2365011,"FungalRV, SignalP, PredGPI","Kinesin (42-244), Kinesin (272-477), Microtub_bd (30-192)","Kinesin, Microtub_bd","HalX (0.023), Enterotoxin_b (0.036), DUF2730 (8.3)",0.17,0.38,2469.03,"AISLL, ALIATI, CTVLVYGMT, FFNVVIEKI, FIMKDILV, LFLQL, LNITVAV, TIFTITLY, VINALV, VLLKLFDTL, VLTLM",11,0
"430","P78774","ARPC1_SCHPO",-1.2367263,"FungalRV, SignalP, PredGPI","Beta-prop_THOC3 (4-164), Beta-prop_THOC3 (204-273), WD40 (45-83), WD40 (137-173), WD40 (197-231), Beta-prop_EML_2 (12-84), Beta-prop_EML_2 (64-188), Beta-prop_EML_2 (194-283), WD40_Prp19 (15-231), WD40_Prp19 (171-270), WD40_CDC20-Fz (15-183), Beta-prop_WDR3_1st (12-89), Beta-prop_WDR3_1st (87-180), ANAPC4_WD40 (106-186), WD40_WDHD1_1st (9-87), WD40_WDHD1_1st (85-171), Beta-prop_Aladin (43-246), Beta-prop_RIG_2nd (6-94), Beta-prop_RIG_2nd (81-145), Beta-prop_RIG_2nd (139-180), Beta-prop_CAF1B_HIR1 (11-94), Beta-prop_IFT140_1st (24-124), Beta-prop_IFT140_1st (96-187), Beta-prop_WDR19_1st (17-175), Beta-prop_WDR3_2nd (15-89), Beta-prop_HPS5 (16-176), Beta-prop_HPS5 (195-301), Beta-prop_TEP1_2nd (19-101), WDR55 (11-93), Beta-prop_WDR5 (15-96)","Beta-prop_THOC3, WD40, Beta-prop_EML_2, WD40_Prp19, WD40_CDC20-Fz, Beta-prop_WDR3_1st, ANAPC4_WD40, WD40_WDHD1_1st, Beta-prop_Aladin, Beta-prop_RIG_2nd, Beta-prop_CAF1B_HIR1, Beta-prop_IFT140_1st, Beta-prop_WDR19_1st, Beta-prop_WDR3_2nd, Beta-prop_HPS5, Beta-prop_TEP1_2nd, WDR55, Beta-prop_WDR5","EIF3I (0.011), Rax2 (0.014), WD40_Gbeta (0.015), WD40_MABP1-WDR62_2nd (0.016), Beta-prop_WDR35_TULP_N (0.019), DPPIV_N (0.027), Beta-prop_NUP159_NUP214 (0.042), RMC1_N (0.044), eIF2A (0.056), Beta-prop_WDR90_POC16_2nd (0.15)",0.18,0.32,1773.47,"AYVLSAYV, IVTCV, TLVLL, VISVCYF, VLLAA, VVLWT",6,0
"431","422175","pir",-1.238224,"FungalRV, SignalP, PredGPI","Proteasome (26-207), Pr_beta_C (222-257)","Proteasome, Pr_beta_C","GHMP_kinases_N (0.14)",0.149,0.149,931.77,"GVVIAA, IGAYLIVAGV, LAAMAVL",3,0
"432","73919289","sp",-1.2404418,"FungalRV, SignalP, PredGPI","SPC22 (1-182)","SPC22","BAF250_C (0.14)",0.159,0.159,2458.29,NA,0,0
"433","Q6CRY8","SCP3_KLULA",-1.2404418,"FungalRV, SignalP, PredGPI","SPC22 (1-182)","SPC22","BAF250_C (0.14)",0.159,0.2,2458.29,"CSFLVIALIAATSWLQLV, VFAYVTA, WFGFLI",3,0
"434","6321026","ref",-1.2443994,"FungalRV, SignalP, PredGPI","E1_dh (109-405), DXP_synthase_N (205-314)","E1_dh, DXP_synthase_N","KRTAP7 (0.092)",0.129,0.129,472.87,"IITSY, ILAVYQA, LSILF",3,0
"435","539300","pir",-1.2478736,"FungalRV, SignalP, PredGPI","NifU (157-225), Nfu_N (24-117), CdaS_N (198-253)","NifU, Nfu_N, CdaS_N","AGRB_N (0.11)",0.133,0.133,74.97,"IFYLN, VIQIM",2,0
"436","O94401","YQF8_SCHPO",-1.248353,"FungalRV, PredGPI","Lectin_leg-like (24-250), Lectin_legB (38-137), Lectin_legB (162-256), Lectin_L-type_dom (41-243)","Lectin_leg-like, Lectin_legB, Lectin_L-type_dom","HNH_2 (0.036), DUF6773 (0.064)",0.147,0.28,3977.34,"GIFLT, IASIL, LAFFLAA, LIILLLSLIVIFSIFAL, LTTFMSF, VFGFT, VFLLGIFGFVLGALA, VLFQF, YGIFI",9,0
"437","487066","pir",-1.2488843,"FungalRV, SignalP, PredGPI","ELFV_dehydrog (714-986), GDH_2nd (163-380), GDH2_N (35-99), Bac_GDH_CD (502-978), ELFV_dehydrog_N (563-660)","ELFV_dehydrog, GDH_2nd, GDH2_N, Bac_GDH_CD, ELFV_dehydrog_N","Cadherin_2 (0.18)",0.126,0.126,3753.72,"AIYAHIGAIFINHFV, FFVSV, GVILL, IIIFSVYL, LLVAY, LTFVY, LVSFW, TFVAFSQYV, VLLSSYLSSTFVY, YGIFFVVG, YLAIL",11,0
"438","Q03233","ADD37_YEAST",-1.2503968,"FungalRV, SignalP, PredGPI",NA,NA,"SEC-C (0.18)",0.162,0.26,270.41,"TVLFSI, VLSQIF",2,0
"439","Q753U4","EDC1_ASHGO",-1.2532395,"FungalRV, SignalP, PredGPI",NA,NA,"Zn_finger_prot (0.05), PNRC (0.39), PT (1.5)",0.177,0.28,2.89,NA,0,0
"440","117936","sp",-1.2534515,"FungalRV, SignalP, PredGPI","TPR_1 (46-79), TPR_1 (80-113), TPR_1 (114-147), TPR_1 (150-183), TPR_1 (188-214), TPR_1 (224-257), TPR_1 (277-295), TPR_1 (296-329), TPR_1 (330-362), TPR_1 (364-398), TPR_2 (80-113), TPR_2 (114-146), TPR_2 (150-183), TPR_2 (187-214), TPR_2 (224-257), TPR_2 (296-329), TPR_2 (330-363), TPR_2 (364-398), TPR_8 (80-113), TPR_8 (114-142), TPR_8 (150-183), TPR_8 (225-257), TPR_8 (296-329), TPR_8 (331-362), TPR_17 (68-101), TPR_17 (102-134), TPR_17 (172-208), TPR_17 (246-282), TPR_17 (284-316), TPR_17 (318-351), TPR_17 (352-386), TPR_14 (46-89), TPR_14 (80-123), TPR_14 (224-265), TPR_14 (267-305), TPR_14 (335-373), TPR_14 (364-408), TPR_11 (87-128), TPR_11 (279-307), TPR_11 (303-344), TPR_11 (339-376), TPR_11 (378-405), TPR_12 (44-109), TPR_12 (112-182), TPR_12 (185-214), TPR_12 (225-294), TPR_12 (294-361), TPR_12 (359-395), TPR_16 (50-93), TPR_16 (84-149), TPR_16 (155-220), TPR_16 (272-330), TPR_16 (334-398), TPR_7 (82-116), TPR_7 (189-213), TPR_7 (226-257), TPR_7 (335-361), TPR_CcmH_CycH (7-151), TPR_CcmH_CycH (143-259), TPR_CcmH_CycH (284-332), TPR_CcmH_CycH (323-371), TPR_CcmH_CycH (364-424), TPR_9 (86-146), TPR_9 (120-193), TPR_9 (185-223), TPR_9 (193-264), TPR_9 (273-332), TPR_9 (336-413), PPTA (278-307), PPTA (346-377), TPR_19 (91-152), TPR_19 (162-225), TPR_19 (234-268), TPR_19 (273-333), TPR_19 (340-408), HAT_PRP39_N (30-155), HAT_PRP39_N (283-400), ARM_TT21_C (7-156), ARM_TT21_C (286-386), TPR_10 (79-110), TPR_10 (229-252)","TPR_1, TPR_2, TPR_8, TPR_17, TPR_14, TPR_11, TPR_12, TPR_16, TPR_7, TPR_CcmH_CycH, TPR_9, PPTA, TPR_19, HAT_PRP39_N, ARM_TT21_C, TPR_10","TPR_6 (0.066), TopoV_HHH (0.84)",0.133,0.133,1756.06,NA,0,0
"441","Q02948","VPS30_YEAST",-1.2573499,"FungalRV, SignalP, PredGPI","APG6 (317-535), APG6_N (180-314)","APG6, APG6_N",NA,0.162,0.38,1236.79,"LGQLILLLATI, SFVFL, VFNIL, WLLAFS",4,0
"442","Q5AJ82","END3_CANAL",-1.2584477,"FungalRV, SignalP, PredGPI","EH (4-104), EH (132-230), End3 (274-388), EF-hand_1 (44-72), EF-hand_7 (4-70), EF-hand_8 (22-70)","EH, End3, EF-hand_1, EF-hand_7, EF-hand_8","EF-hand_6 (0.016), TBCC_N (0.033), MutS_III (0.1), YidB (0.12), Fib_alpha (0.33), FAM76 (0.62), EF-hand_15 (1.4), Exonuc_VII_L (2.4), Nucleoprot-TPR (3.6), FlaC_arch (5.4), TMEM120A-B (7.3)",0.147,0.24,1472.09,"FCIIMRLIFDVIN, QTLVFLHIL",2,0
"443","456138","gb",-1.2587436,"FungalRV, SignalP, PredGPI","Carn_acyltransf (7-637)","Carn_acyltransf",NA,0.157,0.157,4178.64,"AFVQQVFQVAYFALYG, ATVVLNV, FGIGYII, HLYALYCLWNQWY, ILSFA, LKLIDSALFVVCL, LQLIVT, LYSIIM, SVSVVVS, VVAMYRGQFYWFDVL",10,0
"444","Q75EI3","VMA21_ASHGO",-1.264984,"FungalRV, SignalP, PredGPI","VMA21 (8-61)","VMA21","CNNM (0.044), DUF7472 (0.22), Wzz (0.88)",0.156,0.18,2702.83,"LAALAANVVLFAYVIMAF, LMFFTLAMVS, VLTFFVS",3,0
"445","498996","emb",-1.270172,"FungalRV, SignalP, PredGPI","AMP_deaminase (212-730), AMP_deaminase (720-883)","AMP_deaminase",NA,0.135,0.135,5043.89,"ATMIQYLFYLF, FAYII, FYLLAKVFLEF, IIGLQFFLSN, NIYLI, SVAASIYLL, TVAHYMYYIY, VCNLL, YLAEIFIKYVIHIL, YYYYT",10,0
"446","3305","emb",-1.2707471,"FungalRV, SignalP, PredGPI","AcetylCoA_hydro (12-230), AcetylCoA_hyd_C (331-482), CitF (304-471)","AcetylCoA_hydro, AcetylCoA_hyd_C, CitF","CoA_trans (0.027)",0.105,0.105,697.91,"FITVS, LTVWT, LTYGFY, VVAIV",4,0
"447","630100","pir",-1.2721464,"FungalRV, SignalP, PredGPI","DDE_1 (198-406), HTH_Tnp_Tc5 (72-138)","DDE_1, HTH_Tnp_Tc5","HTH_32 (0.13)",0.17,0.17,808.02,"FNYLTLL, IWIVL, VATVML, VSTLI",4,0
"448","101496","pir",-1.2768562,"FungalRV, SignalP, PredGPI","DUF1744 (1528-1920), POL2_thumb (988-1165), DNA_pol_B_exo1 (240-442), zf-DPOE (2158-2215), DNA_pol_B (801-1120), DNA_pol_B_exo2 (347-491), RNase_H_2 (340-466), zf_DPOE_2 (2091-2135)","DUF1744, POL2_thumb, DNA_pol_B_exo1, zf-DPOE, DNA_pol_B, DNA_pol_B_exo2, RNase_H_2, zf_DPOE_2","NAPRTase_C (0.08), Cytochrom_c3_2 (0.21), zf-DNA_Pol (0.33), Cytochrome_C7 (1.9)",0.121,0.121,7502.4,"AVATYYLYM, DIFKVFL, FFSLF, FIFSLCTI, FVYFTDISKLY, GFFTIF, GFLIT, IFSCV, IIDVLYAR, IMMISYMI, IWCIL, LCHVMLL, LGSTIVYA, LLIWM, LLKIFEL, LLQLV, LQFLLLL, LTVNTILTSALI, MIVLY, MLLMVQ, NIVLWWN, STVVY, TITILVL, TYFFTL, VAIFS, VAKYYGFDILLSCI, VFVTIN, VILNSFYGYVM, VISTF, VLGVF, VVMAF, WMMIIL, YAVFN, YCFFI, YFFIAC, YVGWLNY",36,0.01
"449","1256848","gb",-1.2817716,"FungalRV, SignalP, PredGPI","Fungal_trans (214-473), Zn_clus (42-79)","Fungal_trans, Zn_clus","ROQ_II (0.11)",0.171,0.171,7032.73,"ATIYMIYSAILAI, ELYYLLKVW, FLNFL, IYWGCYIA, LAIIQTLLCLAFY, LIAILFG, LIVLSRITEIF, LSLFF, LVFAIAALGSLISY, MAWYLSGLAF, TFLSAFF, TIAYVWFHYYIVLISY, YLFIH",13,0
"450","731735","sp",-1.2848992,"FungalRV, SignalP, PredGPI","ANTH (3-271), ENTH (1-101)","ANTH, ENTH","TBPIP (1.7)",0.146,0.146,2584.46,NA,0,0
"451","P38856","AP18A_YEAST",-1.2848992,"FungalRV, SignalP, PredGPI","ANTH (3-271), ENTH (1-101)","ANTH, ENTH","TBPIP (1.7)",0.146,0.28,2587.94,"DTAWTIVYKSLLVVHLMI, IITLL, LIIFGFKLLIQDLLALY",3,0
"452","2498763","sp",-1.2897497,"FungalRV, SignalP, PredGPI","Peroxin-13_N (110-250), SH3_1 (283-336), SH3_9 (284-340), SH3_2 (281-342)","Peroxin-13_N, SH3_1, SH3_9, SH3_2","Pex2_Pex12 (0.028), KAP_NTPase (0.21)",0.161,0.161,2113.54,NA,0,0.213
"453","Q5B4E7","PPID_EMENI",-1.2903877,"FungalRV, SignalP, PredGPI","Pro_isomerase (10-173), TPR_1 (309-342), TPR_2 (215-248), TPR_2 (309-342)","Pro_isomerase, TPR_1, TPR_2","TPR_8 (0.015), TPR_12 (0.018), TPR_9 (0.039), TPR_14 (0.54), TPR_11 (3.8)",0.11,0.18,355.19,"FFITT, TWATYAL",2,0
"454","6324190","ref",-1.291509,"FungalRV, SignalP, PredGPI","THOC2_N (29-656), Tho2 (937-1117), Tho2 (1107-1192), Thoc2 (658-732)","THOC2_N, Tho2, Thoc2","DUF3938 (0.21)",0.15,0.15,11137.06,"AISLV, ALFSSFFIFMAF, ATALMIT, FAYDVLQFVLLLRLTY, FITEGYKFFIALL, GFVNFYSIW, IIAVSILKELIITVGGI, IILLLYTLNL, ILLFG, ILVTGIS, IQLVYTTL, ISNIITYIL, IYLSII, LFTTFWRLSLYDI, LGLFFT, LLIHGC, LSIFIAGLA, LTSFFT, LVVYTT, MFIAVS, MIAANIISFNL, QLVALLILAYY, SYVFYYS, TLLWSFIELIKHCL, VILNV, VLYVS",26,0
"455","Q6BSL1","VTS1_DEBHA",-1.3017599,"FungalRV, SignalP, PredGPI","SAM_2 (514-574)","SAM_2","SAM_1 (0.083)",0.166,0.34,1072.58,"ILLTF, LIVFCNWI, VSFGVL",3,0.035
"456","Q12241","VAM3_YEAST",-1.303042,"FungalRV, SignalP, PredGPI","SNARE (226-278), Syntaxin_2 (26-179), Syntaxin_2 (192-268), Synaptobrevin (196-283)","SNARE, Syntaxin_2, Synaptobrevin","Prominin (0.012), Rx_N (0.013), GIT1_C (0.064), Peptidase_C10 (0.069), DUF2207_C (0.1), Phage_GPO (0.78), Spectrin_1st_PEPL (2.2), Hemagglutinin (2.8), FlgK_D1 (7), DUF1664 (8.5), Orf78 (8.7), Acetyltransf_16 (9.7)",0.148,0.22,1804.77,"VTLIIIIVVCMVVLLAVL",1,0
"457","P38736","GOS1_YEAST",-1.3099453,"FungalRV, SignalP, PredGPI","V-SNARE_C (136-201)","V-SNARE_C","NADH_dehy_S2_C (0.029), Sec20 (0.048), WXG100 (0.07), COG3_N (0.12), U3snoRNP10 (0.16), BLOC1_2 (0.34), STX6_10_61_N (0.46), DUF745 (0.89)",0.193,0.32,1850.46,"AFVLATITTLCILFLFFT, LLFSV",2,0
"458","456154","gb",-1.3113427,"FungalRV, SignalP, PredGPI",NA,NA,NA,0.101,0.101,1262.86,"CFTLI, CTGIVW, ITFGSIYV, ITTIYLW, SYLSFFIGI",5,0
"459","1292890","emb",-1.3137637,"FungalRV, SignalP, PredGPI","MDD_C (194-382), MVD-like_N (10-180), GHMP_kinases_N (80-165)","MDD_C, MVD-like_N, GHMP_kinases_N",NA,0.174,0.174,2598.08,"ACVLVVS, AGFAALVSAIA, AVLYYLA, FATFA, LFAFIY, LFGGYVAW, TIVAYTF, VILTQV",8,0
"460","558261","emb",-1.3187776,"FungalRV, SignalP, PredGPI","Slu7 (165-377), zf-CCHC (120-137)","Slu7, zf-CCHC","zf-CCHC_4 (0.034)",0.113,0.113,31.72,NA,0,0
"461","1078596","pir",-1.3255778,"FungalRV, SignalP, PredGPI","Pyridoxal_deC (63-419)","Pyridoxal_deC",NA,0.13,0.13,1756.56,"LAQLLIV, LASFVNTF, LFVARAFSFELL, LGWVLW, MLLALA, TIGCFVILGTTYT, VVHQYFNFVSL",7,0
"462","Q6BMM5","CCR4_DEBHA",-1.3312763,"FungalRV, SignalP, PredGPI","Exo_endo_phos (485-795), LRR_8 (315-369), LRR_8 (357-415), LRR_4 (335-376), LRR_4 (381-422), LRR_14 (324-378), LRR_14 (374-424), LRR_1 (335-356), LRR_1 (358-379), LRR_1 (381-402), LRR_LRWD1 (301-429), LRR_6 (355-371)","Exo_endo_phos, LRR_8, LRR_4, LRR_14, LRR_1, LRR_LRWD1, LRR_6",NA,0.118,0.24,2281.86,"IANLV, ILFVNT, IVSAL, LIAYL, LLFLGI, LQVGILL, NIALITYF, TVSLI, VYQLF, YIWYS, YLYLF",11,0.142
"463","6322666","ref",-1.3323752,"FungalRV, SignalP, PredGPI","Fas1-AflB-like_hel (727-1074), Acyl_transf_1 (1663-2037), FAS_meander (1130-1273), FAS1_thioest_ins (1423-1520), FAS_N (5-133), MaoC_dehydratas (1522-1650), SAT (158-413), FAS1_DH_region (1283-1406), MFE-2_hydrat-2_N (1290-1414), FAS_AT_central (337-400)","Fas1-AflB-like_hel, Acyl_transf_1, FAS_meander, FAS1_thioest_ins, FAS_N, MaoC_dehydratas, SAT, FAS1_DH_region, MFE-2_hydrat-2_N, FAS_AT_central","NMO (0.035)",0.136,0.136,7786.71,"AITVLFFIGV, ALQYVV, FAIVVGW, FLGYVSSLV, GLVTAVAIA, IMLIFG, IQFLTIG, LIGVIQLAHYVVTA, LVEVVFYR, LYQTYHVLVGDLIKF, QLVAIFG, SFFVSV, SFLCSFIT, TASFFIAS, TFGINLIYV, TVTNVLNFI, TVVTLS, VIVAGTL, VTSSFFY, VTTFVFT, VVGTL, VVSTTAVI, VVVLT, WFATV",24,0.012
"464","1149544","emb",-1.3326971,"FungalRV, SignalP, PredGPI","PRA1 (13-156)","PRA1","DUF7649 (0.096), DUF2516 (6.9)",0.152,0.152,3032.75,"ISTLLWLIGASAVSVF, IYTLLTNLLLLFVIVLVVAGIVGI, LYTGLVCVA",3,0
"465","A5DW14","PABP_LODEL",-1.3346627,"FungalRV, SignalP, PredGPI","RRM_1 (69-139), RRM_1 (157-226), RRM_1 (250-319), RRM_1 (353-422), MLLE (570-639), RBD_DEAH11 (229-325), RBD_DEAH11 (340-428), RRM_5 (40-157), RRM_7 (154-237), YflT (293-378), RRM_occluded (250-327), RRM_MARF1 (278-332), RRM_MARF1 (351-432), RBD_RDR6 (169-231), Nup35_RRM_2 (260-305), RRM_3 (157-246), RRM_3 (250-344)","RRM_1, MLLE, RBD_DEAH11, RRM_5, RRM_7, YflT, RRM_occluded, RRM_MARF1, RBD_RDR6, Nup35_RRM_2, RRM_3","RRM_YTH1 (0.012), OB_RNB (0.043), RBD_DGKtheta (0.068), CbiG_mid (0.085), SET_assoc (0.11), DUF4523 (0.21), DUF3928 (3.1)",0.098,0.38,831.46,"CFGFVHY, FGFVCF, FGFVNF, ITSIYL, LAALIA, LYVALA, VNLFV",7,0.033
"466","849169","gb",-1.3355399,"FungalRV, SignalP, PredGPI","Pkinase (60-366), PK_Tyr_Ser-Thr (60-297), Haspin_kinase (34-229), ABC1 (140-221)","Pkinase, PK_Tyr_Ser-Thr, Haspin_kinase, ABC1","Seadorna_VP7 (0.12)",0.122,0.122,1121.22,"ANILI, IIKLIEMVY, IIVSV, IWGVGCVFA, VYGCTVF, YTSVVVT",6,0.073
"467","140459","sp",-1.338745,"FungalRV, SignalP, PredGPI","Gpr1_Fun34_YaaH (71-277)","Gpr1_Fun34_YaaH","DUF2530 (8.1)",0.117,0.117,7752.06,NA,0,0
"468","P25613","ADY2_YEAST",-1.338745,"FungalRV, SignalP, PredGPI","Gpr1_Fun34_YaaH (71-277)","Gpr1_Fun34_YaaH","DUF2530 (8.1)",0.117,0.18,7752.06,"ALGFYLLGWAIFTFGLTVC, GVLGVVVAFIAWYNAYAGV, LGLSAFALTTFVLSMF, TVMFFLLFFLLALTFLLLSI, VVVGCAMFYGGLVQLIAGIW, YGGFWLSFAAIYI, YIYIG",7,0
"469","Q4PHA8","BRO1_USTMA",-1.342162,"FungalRV, SignalP, PredGPI","BRO1 (9-399), ALIX_LYPXL_bnd (468-779)","BRO1, ALIX_LYPXL_bnd",NA,0.131,0.24,2185.48,"ASIIFNIAATLSSL, FAAAL, ISQVLVL, LLTTF, SALVAIVN, SWAYLIQV, VQLLV, VVKCLVGITLAQASEVFL",8,0
"470","602889","emb",-1.3424425,"FungalRV, SignalP, PredGPI","KH_1 (45-109), KH_1 (158-223), KH_1 (260-328), KH_KhpA-B (35-75), KH_KhpA-B (133-195), KH_2 (52-99), KH_2 (144-222), KH_2 (255-320), KH-I_KHDC4-BBP (51-88), KH-I_KHDC4-BBP (166-193)","KH_1, KH_KhpA-B, KH_2, KH-I_KHDC4-BBP","ABC_tran_CTD (1.3)",0.147,0.147,931.35,"ITNVLI, LLLSL, LYVGAIIG, YYFHFL",4,0
"471","Q6CEJ6","CCR4_YARLI",-1.3498102,"FungalRV, SignalP, PredGPI","Exo_endo_phos (344-668), LRR_8 (157-212), LRR_8 (200-258), LRR_4 (178-218), LRR_4 (223-267), LRR_14 (177-268), LRR_1 (178-199), LRR_1 (201-222), LRR_LRWD1 (178-267)","Exo_endo_phos, LRR_8, LRR_4, LRR_14, LRR_1, LRR_LRWD1","YqfQ (7.5)",0.145,0.3,2110.92,"CAIFY, LIQVALLL, NIALIALL, VYSLF, YEFLLKLYI, YLFAF, YVWYS",7,0
"472","P41893","PPAL_SCHPO",-1.3501247,"FungalRV, SignalP, PredGPI","LMWPc (7-152)","LMWPc",NA,0.115,0.16,692.01,"IQVLFVCLG, VMLFG, YIFAM",3,0
"473","O74333","NCE2_SCHPO",-1.351167,"FungalRV, SignalP, PredGPI","MARVEL (8-147)","MARVEL",NA,0.109,0.2,6154.78,"FSVAVGSFAILTFFLTAV, FVNWVFALTGGCCIAVAI, LCFFLWFMFGLYVASFIVQIFI, VFTWVFRTFQLAIDTIVLALASALV, WLIAFY",5,0
"474","Q96UG9","GLNA_CRYNE",-1.352232,"FungalRV, SignalP, PredGPI","Gln-synt_C (109-285), Gln-synt_C (293-355), Gln-synt_N (25-102)","Gln-synt_C, Gln-synt_N",NA,0.101,0.18,699.9,"ANILVLC, VTAILV",2,0
"475","6322891","ref",-1.3525822,"FungalRV, SignalP, PredGPI","TsaD (88-386), HypF_C_2 (224-386)","TsaD, HypF_C_2",NA,0.102,0.102,2414.19,"AYIYLL, LFAMLV, QVLIVGGV, SVVIAA, VIAYS, VICFT, VTIFT, VVLYVS, YYIALGL",9,0
"476","6323598","ref",-1.3567872,"FungalRV, SignalP, PredGPI","Rrn11 (173-383)","Rrn11",NA,0.16,0.16,2156.04,"FAITYLWSSLI, IFATLI, IVTLT, LWGIGV, VWFIYASCHLL",5,0
"477","603247","gb",-1.3580829,"FungalRV, SignalP, PredGPI","FAD-oxidase_C (243-495), FAD_binding_4 (68-206)","FAD-oxidase_C, FAD_binding_4",NA,0.109,0.109,2475.36,"ALNAVFFGI, FYVLI, IVLSL, LFIGA, LTAFL, LYSVSAAVT, TIGVVTGVSIVAAA",7,0
"478","1070506","pir",-1.358177,"FungalRV, SignalP, PredGPI","UvrD-helicase (15-301), UvrD_C (307-736), AAA_19 (18-286), UvrD_C_2 (643-668), UvrD_C_2 (704-732), AAA_11 (14-185), AAA_30 (14-128)","UvrD-helicase, UvrD_C, AAA_19, UvrD_C_2, AAA_11, AAA_30","NAT10_TcmA_helicase (0.019), DEAD (0.028), Bestrophin-like (0.068)",0.143,0.143,4889.59,"AAALF, AILASLL, ALGYFYQIY, FAILV, FVTISTI, IIVTTFT, LLIGTFHSICL, LLMYTF, LMFLFA, MFFVA, SIYAF, VAYLIL, VVFIP, YFLALLS, YLLYLSNTVTV, YSTIILV",16,0.045
"479","6322877","ref",-1.3587569,"FungalRV, SignalP, PredGPI","RPC5 (64-282)","RPC5",NA,0.096,0.096,470.4,"TLVAL, YAAFV",2,0
"480","Q5KE13","BRO1_CRYNE",-1.3626564,"FungalRV, SignalP, PredGPI","BRO1 (7-392), ALIX_LYPXL_bnd (435-754)","BRO1, ALIX_LYPXL_bnd","DUF416 (0.1), LRIM1_dimer (0.83)",0.137,0.34,2304.35,"IIHLISSIL, MLTYI, MLVAQV, NWLYVLQI, SFIYTFVAA, SNLLLL, VIAASY, VVHLLIGIMMA",8,0.017
"481","558246","emb",-1.3637529,"FungalRV, SignalP, PredGPI","Metallophos (44-239)","Metallophos","8TM_micro (0.17)",0.097,0.097,1758.08,"IIASL, LLTLF, LSLGAII, LVTVWS, SFLLLLCY, SIFCVH, VAAVL, VYGFY, YIFLG",9,0
"482","9627982","ref",-1.3689414,"FungalRV, SignalP, PredGPI","RdRP_4 (188-654)","RdRP_4","GT-D (0.018), Peptidase_Mx1 (0.023)",0.132,0.132,2856.39,"ALLAMML, AWISVY, LFIMA, LTTFFNTAL, THVTFFTYL, VFAGI, VFISLVLNY, VSNLVMVVS, WLAVL, YTAFL",10,0
"483","82995","pir",-1.3694073,"FungalRV, SignalP, PredGPI","RNA_pol_L (53-325), RNA_pol_A_bac (83-229)","RNA_pol_L, RNA_pol_A_bac",NA,0.116,0.116,895.7,"FIFNV, TIVLSLNV, YVYFFN",3,0
"484","P39743","RV167_YEAST",-1.371684,"FungalRV, SignalP, PredGPI","BAR (6-247), SH3_1 (427-474), SH3_9 (428-478), SH3_2 (426-479)","BAR, SH3_1, SH3_9, SH3_2","DUF1419 (0.23), Spectrin (2.9), DUF755 (3.2)",0.124,0.22,1745.64,"IITYI, ILFSL, LFVSFYFMQLNIFYTLY",3,0.037
"485","Q7SAT8","PAN1_NEUCR",-1.3856275,"FungalRV, SignalP, PredGPI","EH (240-335), EH (509-606), DUF1720 (16-83), DUF1720 (84-152), DUF1720 (145-227), DUF1720 (350-421), DUF1720 (422-488), WH2 (1502-1524), EF-hand_1 (281-309), EF-hand_1 (550-578), EF-hand_7 (249-307), EF-hand_7 (517-583)","EH, DUF1720, WH2, EF-hand_1, EF-hand_7","EF-hand_6 (0.045)",0.123,0.32,1601.45,"AAAIV, AAALASILFGT, FALAMYLCNL, FAVAMHLIY, IWTLA, LSFITA",6,0.131
"486","P53845","YIF1_YEAST",-1.387957,"FungalRV, SignalP, PredGPI","YIF1 (60-314)","YIF1",NA,0.121,0.18,6085.23,"FSLVELLCYVGYKF, FYLFIAFGVFLL, IMGLVTYILIWN, LILAQLLTNV, TLAFVCLDLLILKLGLYLLI, YFLFVYGFIWQNVLMWLM",6,0
"487","Q6CY29","VTS1_KLULA",-1.3929996,"FungalRV, SignalP, PredGPI","SAM_2 (385-446), SAM_1 (389-443)","SAM_2, SAM_1",NA,0.203,0.38,127.47,"AFSIV, VMVNF",2,0
"488","P34237","CASP_YEAST",-1.4000563,"FungalRV, SignalP, PredGPI","CASP_C (408-638), CUX1_N (1-115), FapA (176-289), FapA (347-482)","CASP_C, CUX1_N, FapA","FUSC (0.037), DUF6026 (0.78), SlyX (5.2), Rab11-FIP3 (9.3)",0.149,0.28,1578.92,"MVFLFYCIGLHGLVFMMSMYVI",1,0.024
"489","558253","emb",-1.4131741,"FungalRV, SignalP, PredGPI","Stn1 (4-268), Stn1_C (318-490)","Stn1, Stn1_C",NA,0.138,0.138,2008.86,"FVGIGY, IHLIGCIIGL, LIGLTLHVY, LMLILLGL, SVVTSLASFLF, YIFFQL",6,0
"490","Q08954","YP199_YEAST",-1.4165764,"FungalRV, SignalP, PredGPI","DUF1771 (26-89), Smr (97-173)","DUF1771, Smr","DUF7667 (0.12), CD225 (0.56)",0.096,0.14,699.78,"GVLVL, LNVIV, LYVKEALFIL, TLTSIF, VVVGT",5,0
"491","459260","emb",-1.4168782,"FungalRV, SignalP, PredGPI","Sec39 (2-141)","Sec39","HPF1 (0.093)",0.093,0.093,1417.25,"IIVLQMSILG, LLFGIY, WLTFYQM",3,0
"492","854590","emb",-1.4181298,"FungalRV, SignalP, PredGPI","ILVD_EDD_N (55-378), ILV_EDD_C (390-581)","ILVD_EDD_N, ILV_EDD_C",NA,0.133,0.133,1848.26,"AITYVVAT, AVLHLVAVA, IMVYG, IVSAF, TVVVI, VALLT, YSYIIT",7,0
"493","539088","pir",-1.4199814,"FungalRV, PredGPI","Pkinase (674-980), Ribonuc_2-5A (986-1113), PK_Tyr_Ser-Thr (674-874), PK_Tyr_Ser-Thr (889-977), Kdo (751-848)","Pkinase, Ribonuc_2-5A, PK_Tyr_Ser-Thr, Kdo","Sporozoite_P67 (0.16), Beta-prop_ACSF4 (0.17), PQQ_2 (0.21)",0.146,0.146,6747.41,"FLYIAL, GIIVGLF, GTVVF, IFSMGCVFYYILS, IIWSI, ILIAA, IYYFN, LLIGVYMIV, LSWFAL, LVYRIIETGVFLLLFLIFCAIL, LYVLLS, MLVLTLLVCVFSSIIS, NMIVIGKTIFELGI, TIMYTINML, TNIVV",15,0
"494","Q6BSS8","APTH1_DEBHA",-1.4215161,"FungalRV, SignalP, PredGPI","Abhydrolase_2 (6-230), FSH1 (14-214), Hydrolase_4 (78-166), Hydrolase_4 (156-218), DLH (83-224), Abhydrolase_6 (21-211), Abhydrolase_1 (19-50), Abhydrolase_1 (108-179), Peptidase_S9 (149-232), Cutinase (86-166)","Abhydrolase_2, FSH1, Hydrolase_4, DLH, Abhydrolase_6, Abhydrolase_1, Peptidase_S9, Cutinase","Lipase_3 (0.062), PTS_EIIC (0.084), Palm_thioest (0.16), BD-FAE (0.17)",0.108,0.14,1648.8,"AAVSLATVALLDFKVGGVVALS, IIIGGF, SAIIFVH",3,0
"495","630041","pir",-1.4231404,"FungalRV, SignalP, PredGPI","dCMP_cyt_deam_1 (161-279), MafB19-deam (161-297)","dCMP_cyt_deam_1, MafB19-deam","Bd3614-deam (0.068), APOBEC4_like (0.087), Cupredoxin_1 (0.12), SNAD4 (0.17), Holin_BhlA (0.31)",0.125,0.125,723.21,"FFVHLSI, SVIFLEKLSLL, VGCVIV",3,0
"496","Q9P6K1","SFT2_SCHPO",-1.425619,"FungalRV, SignalP, PredGPI","Got1 (68-179)","Got1","DUF4436 (0.055), DUF2070 (5.6)",0.204,0.32,5891.64,"FVLLWTMGSLLAVLGFAIVQGFV, ILSIVFGVLHILSFVAYLIAF, ITLSYFVTLLATIIATI, YMLFGICLLGSLACYAIACF",4,0
"497","Q7SAN9","BRO1_NEUCR",-1.4265024,"FungalRV, SignalP, PredGPI","BRO1 (6-393), ALIX_LYPXL_bnd (432-750)","BRO1, ALIX_LYPXL_bnd","DUF416 (0.023), DUF1539 (0.25), LPD5 (2.4), DUF4407 (6.5), FlaC_arch (7.3)",0.125,0.3,2559.16,"ASIIFNISAVLS, IFEKVWLSVVQI, ISFTWF, ISQILIL, ISTIL, LTVTF, MFTYI, TLISIMLA",8,0
"498","Q4I174","CFD1_GIBZE",-1.4319922,"FungalRV, SignalP, PredGPI","ParA (5-292), CbiA (10-198), AAA_31 (7-64), MipZ (8-65), ArsA_ATPase (8-64), CBP_BcsQ (8-172), AAA_25 (5-50), MeaB (5-54), nSTAND_NTPase5 (3-64)","ParA, CbiA, AAA_31, MipZ, ArsA_ATPase, CBP_BcsQ, AAA_25, MeaB, nSTAND_NTPase5","AAA_26 (0.023), AAA_16 (0.025), nSTAND3 (0.028), Zeta_toxin (0.056), APS_kinase (0.087), Fer4_NifH (0.1), CLP1_P (0.11), SRP54 (0.15), RsgA_GTPase (0.21)",0.171,0.26,1338.63,"FIALL, IILVLS, VAGAVVVT, VLVNV",4,0
"499","6320199","ref",-1.4322532,"FungalRV, SignalP, PredGPI","Med2 (27-157)","Med2",NA,0.167,0.167,45.22,"LTVCF",1,0.118
"500","Q75AA0","PAN1_ASHGO",-1.4331352,"FungalRV, SignalP, PredGPI","EH (89-183), EH (423-522), EF-hand_1 (430-449), EF-hand_1 (464-492), DUF1720 (193-243), DUF1720 (216-295), DUF1720 (347-427), EF-hand_6 (430-459), EF-hand_6 (464-493), EF-hand_7 (419-489)","EH, EF-hand_1, DUF1720, EF-hand_6, EF-hand_7","DUF4407 (0.017), EF-hand_8 (0.074), TECR_N (0.23)",0.164,0.44,1198.23,"FAVGMHLIY, FQLGLIWTLC, ISTFIY, LFYNIF, LSFLTA",5,0.086
"501","P32360","ERG2_USTMA",-1.4338644,"FungalRV, SignalP, PredGPI","ERG2_Sigma1R (26-240)","ERG2_Sigma1R",NA,0.129,0.2,3421.15,"SMFII, SSFYIF, TFGITVWITA, WIIVSAALVGFCALIAAL, YLIFFG",5,0
"502","408956","gb",-1.4397716,"FungalRV, SignalP, PredGPI","FAT (1461-1845), PI3_PI4_kinase (2118-2368), mTOR_dom (659-823), mTOR_dom (827-986), FRB_dom (1952-2050), HEAT_EZ (226-279), HEAT_EZ (724-778), HEAT_EZ (770-820), HEAT_EZ (807-864), FATC (2439-2470), TPR_IMB1 (334-476), TPR_IMB1 (632-865), TPR_IMB1 (922-1175), HEAT_2 (633-717), HEAT_2 (749-862), HEAT_ATR (1855-1953), TOR1L1_N (64-215), TOR1L1_N (211-303), TOR1L1_N (692-816), TPR_IPO5 (709-834), TPR_IPO5 (891-999), HEAT (752-781), HEAT (793-824), HEAT_GCN1_C (229-305), HEAT_GCN1_C (696-809), HEAT_GCN1_C (778-871), Vac14_Fab1_bd (726-818), HEAT_EF3_N (685-845), ARM_ARMC5 (731-863), ARM_ARMC5 (879-1024), HEAT_ECM29 (685-791), TPR_CAND1 (205-303), TPR_CAND1 (702-818), IFRD (706-861)","FAT, PI3_PI4_kinase, mTOR_dom, FRB_dom, HEAT_EZ, FATC, TPR_IMB1, HEAT_2, HEAT_ATR, TOR1L1_N, TPR_IPO5, HEAT, HEAT_GCN1_C, Vac14_Fab1_bd, HEAT_EF3_N, ARM_ARMC5, HEAT_ECM29, TPR_CAND1, IFRD","TPR_DNAAF5 (0.014), HrpB1_HrpK (0.037), PSME4_C (0.11), ARM_TT21_4th (0.32)",0.127,0.127,16722.93,"AAIGIL, AALLIITALA, AIITI, AILYL, ALSII, AYSVIV, EYYTTVVIHCLLKI, FGGVVI, FHVLI, FSLVEFVRIVALSYI, FYFQQLCSLIIIV, HASLLVYKEILFL, IALLM, IFYCIG, IIIQAF, ILGSYLLATHF, IYYNVF, KLASISLFDLLV, LAVMSMTGYILGL, LCIAL, LFNTAFACVWT, LFSVIS, LLAITIA, LLFTAL, LLGILVNIL, LLQKIEVFTYAL, LLTLLFNFGGI, LMAIL, LQITLVSVI, LQIWI, LTLTLFLVIL, LTVAI, QILISI, SLLCTLI, SLVMQLFGLVNTLL, TAVIQAIMHIF, TLISFYAYT, TVTLIGILGAI, VAVLW, VGAVLSI, VIMNTLSLLLIQMGTSFAIFI, YISVM, YIWATGAY, YLLYQYL",44,0
"503","A7TGR0","JJJ2_VANPO",-1.4490823,"FungalRV, SignalP, PredGPI","DnaJ (7-68)","DnaJ",NA,0.16,0.24,170.52,"ELFKVVV, LILAT, YYSVL",3,0
"504","1420654","emb",-1.4496201,"FungalRV, SignalP, PredGPI","SWIB (122-193), DEK_C (3-55)","SWIB, DEK_C","PL28 (0.086), RbpA (0.1), Fuz_longin_3 (0.18)",0.162,0.162,69.13,"LWAYI",1,0
"505","283295","pir",-1.4505476,"FungalRV, SignalP, PredGPI","Rrn6_beta-prop (175-501), Rrn6_HB (554-745), Rrn6_K-rich (768-893)","Rrn6_beta-prop, Rrn6_HB, Rrn6_K-rich",NA,0.153,0.153,4564.51,"IIAYAS, ILLTSREIIIVGA, ILLVAFVYSM, IVKDIIWSLA, LDIFYNKLLQCWVLV, LHIVV, LLHLFL, LVVDFLVKL, NLVGIIT, SVLNIAVLT, VTFIGF, VYYYALS",12,0
"506","6322012","ref",-1.4506622,"FungalRV, SignalP, PredGPI","IMPDH (36-512), CBS (114-173), CBS (180-236), FMN_dh (233-403), NMO (59-147), NMO (344-413), His_biosynth (259-399)","IMPDH, CBS, FMN_dh, NMO, His_biosynth","ThiG (0.14)",0.141,0.141,1670.07,"LLVKAGLDVVIL, LVGVIT, MATFMALLGGIGFI, VIAGNVV, VLVAQ, VSGAVV",6,0
"507","A6RQZ9","EIF3H_BOTFB",-1.4510696,"FungalRV, SignalP, PredGPI","eIF3h_C (150-366), JAB (10-138)","eIF3h_C, JAB","CueP (0.072)",0.158,0.3,827.44,"FMAAY, LLTSFL, TVALV, VQVEALVVMKIV",4,0
"508","473138","emb",-1.4519571,"FungalRV, SignalP, PredGPI","Syja_N (56-342)","Syja_N",NA,0.114,0.114,5410.1,"IHVFSFL, IHYVYF, IVLGLIT, IVYVQ, KLVDVGFLVV, LFLGGF, LLYFAGASIVLALS, MIICAALTVLGATIFFP, STFYFSYTY, VIYGYA, VVQSVLAQWVLQ, YAIIANTV, YLVNLV",13,0
"509","1749530","dbj",-1.4527021,"FungalRV, SignalP, PredGPI","6PGD (199-494), NAD_binding_2 (24-194)","6PGD, NAD_binding_2",NA,0.108,0.108,1014.77,"FGLIGLAVM, GILFVGS, IALMW, VCILLV",4,0
"510","Q7S986","G6PI_NEUCR",-1.4550451,"FungalRV, SignalP, PredGPI","PGI (63-552)","PGI",NA,0.137,0.3,3716.78,"AVYHVA, FFQLV, FILAA, FVALST, IINIG, LGALIVYY, TTLFLIAS, VLGGILSVWYSNFY, YSVWSAIGLSVALYVGY",9,0
"511","A5DXA0","NST1_LODEL",-1.4594997,"FungalRV, SignalP, PredGPI","NST1 (92-185), NST1 (197-389)","NST1",NA,0.16,0.38,806.45,"ISATFL, LFLIQVI, LMAIFS",3,0.107
"512","542338","pir",-1.4610642,"FungalRV, SignalP, PredGPI","PS_Dcarbxylase (183-267), PS_Dcarbxylase (295-493), NADH_oxidored (154-199)","PS_Dcarbxylase, NADH_oxidored","Peptidase_M23 (0.1)",0.138,0.138,4097.54,"ILQVGII, LFFAVIYL, LFVLN, LYSFLFGVNL, STVVLCF, VALLG, WLFFCYST, WVVLTSFTIVLGTILLVS",8,0
"513","419879","pir",-1.4643474,"FungalRV, SignalP, PredGPI","Ribosomal_L50 (134-240)","Ribosomal_L50",NA,0.149,0.149,95.39,"FMSWF, NIYVVN",2,0
"514","836718","dbj",-1.4657428,"FungalRV, SignalP, PredGPI","RNA_pol (855-1351), RPOL_N (415-731)","RNA_pol, RPOL_N","ACDC (0.075), Stonustoxin_helical (0.45)",0.138,0.138,3702.14,"AFSIL, FMSSVIWT, GLLIFW, LIASV, LQTVFI, MCVITILELLKL, MVTTVSLF, SVLISMLIQVA, TLAIMI, VFSAI, VMQLWSLL, VMTNVYGVTYVGATFQI, VVSQVW, YLTLI",14,0.014
"515","Q59QH6","SPC19_CANAL",-1.4671495,"FungalRV, SignalP, PredGPI","DASH_Spc19 (15-174), Cast (2-109), Herpes_UL6 (8-172)","DASH_Spc19, Cast, Herpes_UL6","DUF4349 (0.084), Sigma54_AID (0.13), Band_7 (0.13), ATG16 (0.17), Gal4_dimer (0.39), GrpE (0.65), TMF_DNA_bd (0.79), FapA (1.4), DUF1664 (1.7), Prefoldin (2.5), DUF4140 (2.7), DUF3847 (2.7), Nuf2_DHR10-like (3.4), DUF5320 (6.1), SlyX (6.2), Occludin_ELL (7.8), SPAM (9.8)",0.126,0.2,0.85,NA,0,0
"516","5328","emb",-1.4684774,"FungalRV, SignalP, PredGPI","Glutaredoxin (19-85), Thioredoxin_3 (15-99)","Glutaredoxin, Thioredoxin_3","GST_N_2 (0.036), DSBA (0.045), Thioredoxin_4 (0.098), Thioredoxin_2 (0.13)",0.073,0.073,544.11,"IFVAS, VLVLQL",2,0
"517","Q5AL10","COX19_CANAL",-1.4766217,"FungalRV, SignalP, PredGPI","CHCH (30-67)","CHCH","Cmc1 (0.089), COX17 (0.38), Pet191_N (0.64)",0.165,0.22,570.24,"LFSFFIG",1,0
"518","6324437","ref",-1.4794724,"FungalRV, SignalP, PredGPI","Med7 (10-203), CagA_N (80-208)","Med7, CagA_N","DUF5617 (0.018), SRA1 (0.072), RICTOR_M (0.082), DUF7022 (0.085)",0.14,0.14,570.52,"LLKSLLLNYLELIGVLSI, SLIMLL, TILVNI",3,0
"519","Q02795","OSTD_YEAST",-1.4800827,"FungalRV, PredGPI","Ribophorin_II_C (184-285)","Ribophorin_II_C","DUF2140 (0.065), DUF2207_C (2.5)",0.143,0.2,4790.28,"ATLILA, GVTAVYFLGFIATIVGF, IAVIFVLIIFITILSLIVTWL, TLAALVSCISFVLAYVA",4,0
"520","6319848","ref",-1.4800966,"FungalRV, SignalP, PredGPI","Ribosomal_L32p (72-130)","Ribosomal_L32p","KH_KRR1_2nd (0.046), Zn_ribbon_3 (0.067), DZR_2 (0.075)",0.093,0.093,49.27,NA,0,0
"521","417770","sp",-1.481591,"FungalRV, SignalP, PredGPI","zf-C2H2_aberr (581-629), zf-C2H2_aberr (651-683), zf-C2H2 (598-623), zf-C2H2 (659-683), zf-C2H2_4 (598-621), zf-C2H2_4 (659-681)","zf-C2H2_aberr, zf-C2H2, zf-C2H2_4","ZNF512_zf-C2H2 (0.015), zf-C2H2_jaz (0.033), PBP1_TM (0.065), BING4CT (0.078), zf-H2C2_2 (0.081), zf-C2HE (0.1), zf-met (0.17), SDA1_dom (1.8), DNA_pol_phi (3.9), C2H2-zf_KIN17 (5.7), zf-C2H2_7th_ZNF462 (9.2)",0.206,0.206,127.95,NA,0,0.072
"522","2118149","pir",-1.4926033,"FungalRV, SignalP, PredGPI","Proteasome (29-216), Proteasome_A_N (6-28)","Proteasome, Proteasome_A_N",NA,0.132,0.132,1302,"AVLVAL, LSIAIVG, YGVGLLIIGY",3,0
"523","A5DSN2","SFH5_LODEL",-1.4962115,"FungalRV, SignalP, PredGPI","CRAL_TRIO (230-376), IMUP (203-259)","CRAL_TRIO, IMUP","CRAL_TRIO_N (0.17)",0.161,0.42,1341.38,"EILLKFLA, LIMGWVFTFF, VITQF, VITWNLY",4,0
"524","849201","gb",-1.4967245,"FungalRV, SignalP, PredGPI","TPP_enzyme_N (25-153), TPP_enzyme_M (244-383), TPP_enzyme_C (443-606)","TPP_enzyme_N, TPP_enzyme_M, TPP_enzyme_C",NA,0.126,0.126,716.69,"CLITTYGV, GFFLSIGM, ITSWIY, VIIWN, VLHIVGV",5,0
"525","473141","emb",-1.4989257,"FungalRV, SignalP, PredGPI","AMP-binding (79-514)","AMP-binding","AMP-binding_C (0.011)",0.112,0.112,3116.02,"AFYWNGILGY, FFSIVL, ICVYA, IFLGCI, IFWSAYS, ILAAV, LACIMY, LIWVM, LLCGIVFF, TIMIGVAAVW, TWLYY, VFGWI, VVLTHYNIVSGI, VVTAY",14,0
"526","O74555","BBP_SCHPO",-1.4989588,"FungalRV, SignalP, PredGPI","SF1-HH (69-181), KH-I_KHDC4-BBP (196-276), zf-CCHC (309-326), zf-CCHC (334-351), KH_1 (198-273), zf-CCHC_3 (305-331), zf-CCHC_3 (330-369), zf-CCHC_6 (310-334), zf-CCHC_6 (333-364), zf-CCHC_4 (308-326), zf-CCHC_4 (331-351), Lin-28A-like_zf-CCHC_2 (335-361)","SF1-HH, KH-I_KHDC4-BBP, zf-CCHC, KH_1, zf-CCHC_3, zf-CCHC_6, zf-CCHC_4, Lin-28A-like_zf-CCHC_2","Zn_ribbon_3 (0.13), FUR (0.18), zf-CCHC_2 (1.5)",0.135,0.32,523.43,"INFIGLLI",1,0
"527","O93938","AQY2_YEAST",-1.5056454,"FungalRV, SignalP, PredGPI","MIP (43-265), TraA (117-221)","MIP, TraA","2TM (7.5), ABC2_membrane_3 (7.6)",0.118,0.16,6159.01,"CVVMWF, FIAAV, GTFMFLWCAYVICNVA, IGISLFMA, LIMIALGFGFSVMFSIWCFA, LLGAFLAWSVWQLLQIL, MFGTAVLCLTVLMTAV, VLFTNA, YHWIYWI",9,0
"528","2132401","pir",-1.5058019,"FungalRV, SignalP, PredGPI","PDT (42-261)","PDT","LANA1_DNA-bd (0.14)",0.144,0.144,985.52,"LLTFT, LVDVLNILKI, VVFSY, WRYLFFIEYY",4,0
"529","74591338","sp",-1.5064753,"FungalRV, SignalP, PredGPI","Alb1 (1-106), Inhibitor_I69 (74-147)","Alb1, Inhibitor_I69","TraT (0.043), DUF5677 (0.13)",0.203,0.203,296.19,NA,0,0
"530","1070439","pir",-1.5079141,"FungalRV, SignalP, PredGPI","E1_dh (250-576), OxoGdeHyase_C (860-1011), Transket_pyr (644-857), 2-oxogl_dehyd_N (42-82)","E1_dh, OxoGdeHyase_C, Transket_pyr, 2-oxogl_dehyd_N","Cdh1_DBD_1 (0.055)",0.14,0.14,1897.36,"ALAFGTLVL, ALGVLL, AVTFIFNLAA, IVLGMA, LALFFS, LVLLS, VNLSLV, WVWNLF, YLVMW",9,0
"531","473131","emb",-1.5145754,"FungalRV, SignalP, PredGPI","DUP (94-195), DUP (282-379)","DUP","Myb_DNA-bind_8 (0.081)",0.111,0.111,4538.53,"AFILFLACIYVSW, FTWMFYEFFKCFTF, FTWVL, GFLLMV, LCILVSCLVGIFL, QFLSTII, TWLLLLLLMW, WFFNHFFY, YFFFNA",9,0
"532","Q4PCS5","KAD1_USTMA",-1.5156387,"FungalRV, SignalP, PredGPI","ADK (53-242), AAA_17 (54-192), ADK_lid (178-213), AAA_18 (51-191)","ADK, AAA_17, ADK_lid, AAA_18","Thymidylate_kin (0.013), AAA_33 (0.015), AAA_5 (0.025), AAA (0.028), Zeta_toxin (0.2)",0.158,0.34,337.01,"IMVSMI, VVWQSIQAIF",2,0
"533","1362425","pir",-1.5189653,"FungalRV, SignalP, PredGPI","Mre11_DNA_bind (291-474), Metallophos (9-245)","Mre11_DNA_bind, Metallophos",NA,0.142,0.142,1140.98,"ILITT, LALYGLAAV, LGSLL, VMMLA, WFNLMCV, YVFILDIKY",6,0.026
"534","Q9HGM9","DNJC7_SCHPO",-1.523498,"FungalRV, SignalP, PredGPI","TPR_2 (23-56), TPR_2 (144-176), TPR_2 (177-210), TPR_2 (227-256), TPR_2 (261-294), TPR_2 (296-328), TPR_1 (23-55), TPR_1 (59-79), TPR_1 (177-210), TPR_1 (227-256), TPR_1 (261-294), TPR_1 (296-328), DnaJ (349-411), TPR_11 (30-73), TPR_11 (168-191), TPR_11 (184-210), TPR_11 (230-275), TPR_11 (302-335), TPR_12 (21-89), TPR_12 (142-209), TPR_12 (222-281), TPR_12 (259-327), TPR_14 (23-66), TPR_14 (143-186), TPR_14 (177-218), TPR_14 (227-264), TPR_14 (295-337), TPR_16 (27-91), TPR_16 (147-210), TPR_16 (227-294), TPR_19 (33-79), TPR_19 (153-220), TPR_19 (233-282), TPR_19 (305-347), TPR_BSK1_C (5-98), TPR_BSK1_C (190-302), TPR_8 (28-54), TPR_8 (146-176), TPR_8 (177-210), TPR_8 (261-294), ANAPC3 (137-203), ANAPC3 (235-320), TPR_9 (150-221), TPR_9 (267-339), TPR_7 (27-58), ARM_TT21_N (111-251), ARM_TT21_N (230-315), TPR_6 (28-52), TPR_6 (146-176), TPR_6 (178-209), ARM_TT21_C (20-102), ARM_TT21_C (82-218), TPR_MalT (145-323), ARM_TT21_2nd (141-192), TPR_15 (142-217), TPR_15 (263-369), TPR_17 (168-198), TPR_17 (245-282), TPR_CcmH_CycH (112-213), ARM_TT21_5th (145-227), ARM_TT21_5th (231-323), NatA_aux_su (84-211), DUF4192 (150-223), TPR_10 (260-290), MIT (32-52), MIT (228-252), TPR_Slam (171-234), TPR_Slam (226-282)","TPR_2, TPR_1, DnaJ, TPR_11, TPR_12, TPR_14, TPR_16, TPR_19, TPR_BSK1_C, TPR_8, ANAPC3, TPR_9, TPR_7, ARM_TT21_N, TPR_6, ARM_TT21_C, TPR_MalT, ARM_TT21_2nd, TPR_15, TPR_17, TPR_CcmH_CycH, ARM_TT21_5th, NatA_aux_su, DUF4192, TPR_10, MIT, TPR_Slam","ARM_TT21_4th (0.038), Alkyl_sulf_dimr (0.041), Fis1_TPR_C (0.19), DUF2524 (4.9), TPR_3 (5.6)",0.097,0.14,488.22,"ALAIYYS, AQVYIFQ, LALVY",3,0.063
"535","3790255","emb",-1.5236194,"FungalRV, SignalP, PredGPI","RNA_pol_L (18-256), RNA_pol_A_bac (48-177)","RNA_pol_L, RNA_pol_A_bac",NA,0.118,0.118,563.21,"FVLTNTSLAV, LAVLV",2,0
"536","2347176","gb",-1.5266425,"FungalRV, SignalP, PredGPI","Ribosomal_S4e (95-169), 40S_S4_C (212-259), RS4NT (3-39), S4 (42-90), KOW (177-211)","Ribosomal_S4e, 40S_S4_C, RS4NT, S4, KOW","DUF4224 (0.067), dCache_2 (0.19)",0.084,0.084,994.61,"LIVFL, LNNVFVIG, LVYVT",3,0
"537","67365","pir",-1.5297546,"FungalRV, SignalP, PredGPI","Endonuclease_NS (55-290)","Endonuclease_NS",NA,0.106,0.106,1025.7,"FFKLIVAE, GLTYLLL, IAVAAFV, ILLSGLVGL",4,0
"538","1778059","gb",-1.536859,"FungalRV, SignalP, PredGPI","Tfb2 (12-406), Tfb2_C (439-506), Helicase_C_3 (335-412)","Tfb2, Tfb2_C, Helicase_C_3","bPH_7 (0.061), DUF4369 (0.12)",0.135,0.135,3841.62,"FFIMAMVF, FGVVV, FVNMVL, IGVLLW, IIAYL, ILHFMV, LALMLT, LQIAVLSLFV, LWTLLLQYL, VLHFIFMLGAL, VLNLL, YGLVF",12,0
"539","1749634","dbj",-1.5541564,"FungalRV, SignalP, PredGPI","PDH_C (135-238)","PDH_C","PDH_N (0.016)",0.131,0.131,3685.71,"AAFLTMGLAW, FLIAAFCVY, FVVAV, LFRLWVGVSEYVF, LSILAIV, SVVYLSA, VVALY, VYAGLAIL, YILYSV",9,0
"540","730272","sp",-1.5560072,"FungalRV, SignalP, PredGPI","WD40 (94-133), WD40 (163-203), WD40 (209-249), WD40 (272-312), WD40 (332-372), Beta-prop_THOC3 (39-98), Beta-prop_THOC3 (92-267), Beta-prop_THOC3 (267-343), WD40_CDC20-Fz (18-160), WD40_CDC20-Fz (160-330), Beta-prop_EIPR1 (29-148), Beta-prop_EIPR1 (163-311), Beta-prop_EIPR1 (267-337), Beta-prop_WDR5 (58-172), Beta-prop_WDR5 (161-275), Beta-prop_WDR5 (270-353), Beta-prop_RIG_2nd (12-104), Beta-prop_RIG_2nd (90-151), Beta-prop_RIG_2nd (148-228), Beta-prop_RIG_2nd (255-348), WD40_Prp19 (59-252), WD40_Prp19 (268-346), Beta-prop_WDR3_1st (50-250), Beta-prop_WDR3_1st (279-349), WD40_WDHD1_1st (63-167), WD40_WDHD1_1st (175-373), Beta-prop_EML_2 (10-250), Beta-prop_EML_2 (280-374), WD40_RFWD3 (52-145), WD40_RFWD3 (154-266), WD40_RFWD3 (271-329), Beta-prop_TEP1_2nd (39-133), Beta-prop_TEP1_2nd (71-162), Beta-prop_TEP1_2nd (217-320), Beta-prop_WDR3_2nd (50-164), Beta-prop_WDR3_2nd (159-270), Beta-prop_CAF1B_HIR1 (221-373), WDR55 (37-155), WDR55 (163-265), Beta-prop_WDR36-Utp21_1st (31-133), Beta-prop_WDR75_1st (69-144), Beta-prop_TEP1_C (287-317), Beta-prop_EML (35-180), NBCH_WD40 (158-316)","WD40, Beta-prop_THOC3, WD40_CDC20-Fz, Beta-prop_EIPR1, Beta-prop_WDR5, Beta-prop_RIG_2nd, WD40_Prp19, Beta-prop_WDR3_1st, WD40_WDHD1_1st, Beta-prop_EML_2, WD40_RFWD3, Beta-prop_TEP1_2nd, Beta-prop_WDR3_2nd, Beta-prop_CAF1B_HIR1, WDR55, Beta-prop_WDR36-Utp21_1st, Beta-prop_WDR75_1st, Beta-prop_TEP1_C, Beta-prop_EML, NBCH_WD40","Beta-prop_WDR36-Utp21_2nd (0.00021), Beta-prop_Aladin (0.028), WD40_MABP1-WDR62_2nd (0.041), Beta-prop_WDR90_POC16_2nd (0.073)",0.147,0.147,404.63,NA,0,0
"541","P39108","PEX7_YEAST",-1.5560072,"FungalRV, SignalP, PredGPI","WD40 (94-133), WD40 (163-203), WD40 (209-249), WD40 (272-312), WD40 (332-372), Beta-prop_THOC3 (39-98), Beta-prop_THOC3 (92-267), Beta-prop_THOC3 (267-343), WD40_CDC20-Fz (18-160), WD40_CDC20-Fz (160-330), Beta-prop_EIPR1 (29-148), Beta-prop_EIPR1 (163-311), Beta-prop_EIPR1 (267-337), Beta-prop_WDR5 (58-172), Beta-prop_WDR5 (161-275), Beta-prop_WDR5 (270-353), Beta-prop_RIG_2nd (12-104), Beta-prop_RIG_2nd (90-151), Beta-prop_RIG_2nd (148-228), Beta-prop_RIG_2nd (255-348), WD40_Prp19 (59-252), WD40_Prp19 (268-346), Beta-prop_WDR3_1st (50-250), Beta-prop_WDR3_1st (279-349), WD40_WDHD1_1st (63-167), WD40_WDHD1_1st (175-373), Beta-prop_EML_2 (10-250), Beta-prop_EML_2 (280-374), WD40_RFWD3 (52-145), WD40_RFWD3 (154-266), WD40_RFWD3 (271-329), Beta-prop_TEP1_2nd (39-133), Beta-prop_TEP1_2nd (71-162), Beta-prop_TEP1_2nd (217-320), Beta-prop_WDR3_2nd (50-164), Beta-prop_WDR3_2nd (159-270), Beta-prop_CAF1B_HIR1 (221-373), WDR55 (37-155), WDR55 (163-265), Beta-prop_WDR36-Utp21_1st (31-133), Beta-prop_WDR75_1st (69-144), Beta-prop_TEP1_C (287-317), Beta-prop_EML (35-180), NBCH_WD40 (158-316)","WD40, Beta-prop_THOC3, WD40_CDC20-Fz, Beta-prop_EIPR1, Beta-prop_WDR5, Beta-prop_RIG_2nd, WD40_Prp19, Beta-prop_WDR3_1st, WD40_WDHD1_1st, Beta-prop_EML_2, WD40_RFWD3, Beta-prop_TEP1_2nd, Beta-prop_WDR3_2nd, Beta-prop_CAF1B_HIR1, WDR55, Beta-prop_WDR36-Utp21_1st, Beta-prop_WDR75_1st, Beta-prop_TEP1_C, Beta-prop_EML, NBCH_WD40","Beta-prop_WDR36-Utp21_2nd (0.00021), Beta-prop_Aladin (0.028), WD40_MABP1-WDR62_2nd (0.041), Beta-prop_WDR90_POC16_2nd (0.073)",0.147,0.26,404.63,"KLFILEI, LFVWNGL, LNAIIL, YVVAT",4,0
"542","2131421","pir",-1.5570219,"FungalRV, SignalP, PredGPI","HIT (21-118), DcpS_C (13-122)","HIT, DcpS_C",NA,0.129,0.129,421.69,"IYFSKFLVTEQVFY, YTYALV",2,0
"543","2118314","pir",-1.5576209,"FungalRV, SignalP, PredGPI","ALAD (18-337)","ALAD",NA,0.094,0.094,1060.84,"LAAVAV, LIITYL, LYIIC, SVILFG, TFVLSYA, VVDLKTIAF",6,0
"544","101276","pir",-1.5596811,"FungalRV, SignalP, PredGPI","Metallophos (4-235), DBR1 (291-401)","Metallophos, DBR1","Usg (0.016), Metallophos_2 (0.15)",0.096,0.096,1576.3,"FINNLVIC, FISYY, IFYMGYSNVIWF, LLIILG, TIFIG, VTWQLL",6,0
"545","2133050","pir",-1.5613235,"FungalRV, SignalP, PredGPI","Ribosomal_L11_N (10-68), Ribosomal_L11 (73-156)","Ribosomal_L11_N, Ribosomal_L11",NA,0.108,0.108,336.35,"VLITI",1,0
"546","322950","pir",-1.5637972,"FungalRV, SignalP, PredGPI","TFIIB (76-167), TFIIB (171-265), BRF1 (463-596), Zn_Ribbon_TF (2-46), BRF2-like_C_cyclin_rpt (163-276), Cyclin_N (87-166), Cyclin_N (181-272)","TFIIB, BRF1, Zn_Ribbon_TF, BRF2-like_C_cyclin_rpt, Cyclin_N","ORC6_2nd (0.069)",0.128,0.128,1436.64,"AFQWY, IAGACILLA, IVAVS, IWIGL, VIASCLYVA, VLFYL, VSVYSIGATFL",7,0
"547","P40484","MOB1_YEAST",-1.5652021,"FungalRV, SignalP, PredGPI","Mob1_phocein (132-304)","Mob1_phocein",NA,0.127,0.22,640.2,"HFCLFA, VYAHIY, WLAVHCV, YLWAF",4,0
"548","A6R7X5","PAN1_AJECN",-1.569664,"FungalRV, SignalP, PredGPI","EH (169-263), EH (449-546), WH2 (1446-1473), DUF1720 (289-365), DUF1720 (358-434), DUF1720 (554-590), EF-hand_7 (176-235), EF-hand_7 (453-515), EF-hand_1 (490-518)","EH, WH2, DUF1720, EF-hand_7, EF-hand_1",NA,0.137,0.32,1433.19,"AAAAIV, AVTAVT, FALAMYLCNL, FAVAMHLIY, IISFA, LASILFGT, LSFITA, NIWVLS",8,0.011
"549","1077420","pir",-1.5699599,"FungalRV, SignalP, PredGPI","Aldo_ket_red (31-342)","Aldo_ket_red",NA,0.125,0.125,2090.13,"AWVVSAANYYAT, ILYIHWW, IVIAT, SVTAIAIAYV, VLYLGVS",5,0
"550","602387","gb",-1.5702734,"FungalRV, SignalP, PredGPI","TPP_enzyme_N (3-119), TPP_enzyme_M (195-327), TPP_enzyme_C (392-540)","TPP_enzyme_N, TPP_enzyme_M, TPP_enzyme_C","Fe-ADH (0.18)",0.125,0.125,4092.69,"ALKIADIVLVLGA, FFVNTI, IAFAW, IFIQF, ILIVIG, LALVIVVM, LLVIAG, LSVTALV, TILVT, TSVINVII, TVFGIV, VLLIVG, VVQLIL",13,0
"551","320790","pir",-1.5713151,"FungalRV, SignalP, PredGPI","THF_DHG_CYH (8-121), THF_DHG_CYH_C (132-221), THF_DHG_CYH_C (219-315)","THF_DHG_CYH, THF_DHG_CYH_C",NA,0.097,0.097,1578.99,"IMVYF, LAALLA, LAIVKILEFL, LLVGFLA, VTIAMLL",5,0
"552","1071879","pir",-1.5743372,"FungalRV, SignalP, PredGPI","AdoHcyase (7-148), AdoHcyase (143-448), AdoHcyase_NAD (194-355), 2-Hacid_dh_C (195-318), TrkA_N (219-272), KARI_N (213-287)","AdoHcyase, AdoHcyase_NAD, 2-Hacid_dh_C, TrkA_N, KARI_N","Oxidored_nitro (0.029), Urocanase (0.12)",0.096,0.096,1663.51,"IAGCLHMTIQTAVLI, IGQVFVTTT, ISLAAF, LNLIL, VAVVAGY, VILLA, VLAQIALF",7,0
"553","Q6CCV4","DRE2_YARLI",-1.5794934,"FungalRV, SignalP, PredGPI","CIAPIN1 (179-274), DRE2_N (1-116)","CIAPIN1, DRE2_N",NA,0.139,0.24,196.95,"NLLVF, SVVTL",2,0.057
"554","1050793","emb",-1.5878588,"FungalRV, SignalP, PredGPI",NA,NA,"Transglut_i_TM (0.17), Hypoth_Ymh (0.25)",0.145,0.145,5531.17,"AFELFVKVSTILIYLAY, FIIEIVGYWKFA, NIIVFYS, TFLRNLFILDYFIGLILF, TTLIAY, TVYMVTAGFFFVLCLLFTVI",6,0
"555","Q08689","NAT5_YEAST",-1.5947193,"FungalRV, SignalP, PredGPI","Acetyltransf_1 (19-147), Acetyltransf_7 (59-149), Acetyltransf_10 (40-161)","Acetyltransf_1, Acetyltransf_7, Acetyltransf_10","DUF6999 (0.02), Vps26 (0.022)",0.091,0.14,414.87,"AFFSALFA, NVFVYLP",2,0
"556","602896","emb",-1.6022316,"FungalRV, SignalP, PredGPI","MCM (480-703), MCM_OB (305-434), MCM_lid (761-845), MCM2_N (49-194), MCM_N (208-299), Mg_chelatase (585-691), AAA_5 (538-666), AAA_3 (538-668), Sigma54_activat (526-659)","MCM, MCM_OB, MCM_lid, MCM2_N, MCM_N, Mg_chelatase, AAA_5, AAA_3, Sigma54_activat","AAA (0.014), AAA_30 (0.089), SelR (0.091), AAA_16 (0.11), bpMoxR (0.12)",0.12,0.12,3661.04,"AIKVVVDSFV, AILALFLA, ALVLA, FAIYTLG, ILCVV, INVLLLG, IVTTL, KIFDLV, LATFVV, VFATII, VILLA",11,0.017
"557","74609804","sp",-1.6026581,"FungalRV, SignalP, PredGPI","Gal11_ABD1 (190-273), Med15_fungi (509-621), KIX_2 (2-83)","Gal11_ABD1, Med15_fungi, KIX_2","Imm-NTF2 (0.24)",0.153,0.153,1151.07,NA,0,0.031
"558","1077046","pir",-1.6065751,"FungalRV, SignalP, PredGPI","CK_II_beta (37-221)","CK_II_beta",NA,0.116,0.116,947.03,"FSYVVQYIV, YIITI",2,0
"559","Q6C4W5","PFA3_YARLI",-1.6066785,"FungalRV, SignalP, PredGPI","DHHC (122-259)","DHHC",NA,0.09,0.26,6365.14,"FQLVM, ISVNVMILMVLALVFAIAVGTFA, LVVNFLIIWACWVHAWLVCW, VYGVAGVAIGIMCNVLYL, WCFIG, WFATAIG, WWMWL, YFVLFLWYVTILCFFCL",8,0
"560","6323884","ref",-1.6105927,"FungalRV, SignalP, PredGPI","RrnaAD (11-316)","RrnaAD",NA,0.12,0.12,856.78,"FFYGF, FIYLT, FLTVANVT, LIAIS, LIMQWLSCI",5,0
"561","2119108","pir",-1.6127702,"FungalRV, SignalP, PredGPI","Ribosomal_L5 (7-60), Ribosomal_L5_C (64-162)","Ribosomal_L5, Ribosomal_L5_C","HTH_ABP1_N (0.2)",0.121,0.121,781.08,"FYVVM, IAVHVTV, LVLNISV",3,0
"562","P14120","RL30_YEAST",-1.6137594,"FungalRV, SignalP, PredGPI","Ribosomal_L7Ae (8-102)","Ribosomal_L7Ae",NA,0.162,0.18,1177.23,"LALVI, LIIIAA, VGVVSIL, YYAML",4,0
"563","78099785","sp",-1.6245045,"FungalRV, SignalP, PredGPI","Med3 (3-397), Arteri_env (19-159)","Med3, Arteri_env","DUF1664 (0.1), DUF1139 (0.17)",0.161,0.161,167.99,NA,0,0
"564","630261","pir",-1.6308445,"FungalRV, SignalP, PredGPI","Pkinase (104-355), PK_Tyr_Ser-Thr (104-352), Kinase-like (181-343)","Pkinase, PK_Tyr_Ser-Thr, Kinase-like","YrbL-PhoP_reg (0.02), Pkinase_fungal (0.023), ABC1 (0.027), FTA2 (0.043), Slowpoke_C (0.14), Kdo (0.15), RavZ_cat (0.24), CTSRT (0.61)",0.106,0.106,1012.98,"AWALGVLAF, FGWSI, ILIGFNNVI, RVYLLMEYLV",4,0
"565","1077197","pir",-1.6320537,"FungalRV, SignalP, PredGPI","Ribosomal_S13 (4-110)","Ribosomal_S13","NFACT_N (0.015), IMS_HHH (0.015)",0.133,0.133,332.32,"LWSCIFG",1,0
"566","P43682","SFT1_YEAST",-1.6345461,"FungalRV, SignalP, PredGPI",NA,NA,"CoV_S2 (0.056), Synaptobrevin (0.099), Herpes_UL73 (0.13)",0.206,0.26,1361.82,"MVGLALLIFFILYTLFKLF",1,0
"567","626865","pir",-1.6417204,"FungalRV, SignalP, PredGPI","ADH_zinc_N (160-291), ADH_zinc_N_2 (192-330), ADH_N (34-133)","ADH_zinc_N, ADH_zinc_N_2, ADH_N","PAC1 (0.14), ADH_N_2 (0.23)",0.12,0.12,2199.6,"FFGLV, LYAAGLLQVLTALSFT, VFVSF, YVLLFAAAGGVGLILN",4,0
"568","O94348","YIP1_SCHPO",-1.6474524,"FungalRV, SignalP, PredGPI","Yip1 (76-222)","Yip1",NA,0.128,0.2,5903.66,"FGYIYGIALLGSLSLHFVL, IAGYALAALACIWCTYAASAMFVGILQV, IALFYGVFAVITVFS, ILFCLLFSTFLSL, LVVIAFF, WLAAF",6,0
"569","Q9UUK3","YLO3_SCHPO",-1.650614,"FungalRV, SignalP, PredGPI","OTU (191-316)","OTU","Connexin43 (1.7), ketoacyl-synt (3.9), HI0933_like (7.5)",0.123,0.24,309.01,"LAYYYT, LCIAYYQHLF, LFASI",3,0
"570","1084847","pir",-1.6580202,"FungalRV, SignalP, PredGPI","Acyltransferase (68-157), Acyltransferase (214-292)","Acyltransferase",NA,0.136,0.136,8221.03,"AIGFLASFFMAIGVV, DVIATWKILI, GIIMF, IGLCILFSLA, ILYSIATWLLYNIFHCFF, IYVFSGSYISCVIVTYSALIVG, LGLVFF, LLYIFWSVLITYYL, LVLSLT, TLMVVQTI, VAIMAL, VFILA, VIFVA, VSFLIA",14,0
"571","1749514","dbj",-1.6678857,"FungalRV, SignalP, PredGPI","ELFV_dehydrog (187-447), ELFV_dehydrog_N (42-170)","ELFV_dehydrog, ELFV_dehydrog_N","NAD_binding_7 (0.022), YdfZ (0.24)",0.116,0.116,1207.27,"IGVTGFVVMHMF, TGYGVVYYV",2,0
"572","74605881","sp",-1.6685267,"FungalRV, SignalP, PredGPI","Med3 (8-229), Med3 (219-317)","Med3","BLOC1_2 (0.024), DASH_Dam1 (0.086), SOAR (0.1), GCP_N_terminal (0.13), COG3_N (0.13), DUF3107 (0.17), DUF1664 (0.18)",0.173,0.173,62.67,NA,0,0
"573","395241","emb",-1.6746411,"FungalRV, SignalP, PredGPI","Orn_Arg_deC_N (92-325), Orn_DAP_Arg_deC (87-439)","Orn_Arg_deC_N, Orn_DAP_Arg_deC",NA,0.129,0.129,1166.54,"VLSLLA, YFVATAFTLASHVI",2,0
"574","626143","pir",-1.6791992,"FungalRV, SignalP, PredGPI","DHHA2 (245-391), DHH (30-199)","DHHA2, DHH","TcpS (0.055)",0.111,0.111,2401.96,"LLMGAILI, LVILG, SLVFNYWY, VLVLLTSW, VMYVL, VVGII, VVMNI",7,0
"575","2132969","pir",-1.6812533,"FungalRV, SignalP, PredGPI","Pyr_redox_2 (18-347), Pyr_redox_dim (368-483), Pyr_redox (192-272), FAD_oxidored (19-169), Thi4 (5-186), HI0933_like (18-61), HI0933_like (72-180), HI0933_like (191-232), Pyr_redox_3 (21-56), Pyr_redox_3 (134-318), AlaDh_PNT_C (3-57), AlaDh_PNT_C (186-289), NAD_binding_8 (22-58), NAD_binding_8 (195-251), FAD_binding_2 (19-58), DAO (19-87), DAO (192-231), FAD_binding_3 (17-54), FAD_binding_3 (192-243), 3HCDH_N (192-266), GIDA (19-183), GIDA (192-264), TrkA_N (193-249)","Pyr_redox_2, Pyr_redox_dim, Pyr_redox, FAD_oxidored, Thi4, HI0933_like, Pyr_redox_3, AlaDh_PNT_C, NAD_binding_8, FAD_binding_2, DAO, FAD_binding_3, 3HCDH_N, GIDA, TrkA_N","Lys_Orn_oxgnase (0.031), XdhC_C (0.032), NAD_Gly3P_dh_N (0.062), Lycopene_cycl (0.09), 2-Hacid_dh_C (0.097), UDPG_MGDP_dh_N (0.19)",0.12,0.12,1918.75,"FIKVLID, FIVEAKYIVVATGSAVI, GIAFLL, IACIF, VLMVSI",5,0
"576","2498840","sp",-1.6960066,"FungalRV, SignalP, PredGPI","Troponin (42-179)","Troponin","Seryl_tRNA_N (0.018), ADDB_N (0.02), CLZ (0.024), FlaC_arch (0.035), DUF7653 (0.13), Sec10_N (0.22), Laminin_II (0.32), AMP-binding_C_2 (0.51), V_ATPase_I (0.52), XhlA (0.61), CT398_CC (0.96), DUF724 (1.1), Snapin_Pallidin (1.5), LOH1CR12 (2.6), Spore_III_AB (3.6), DUF5798 (5.7), DUF6626 (6.7), MRPL52 (7.8), YabA (9.4), DUF1664 (9.6)",0.183,0.183,69.51,NA,0,0
"577","2131939","pir",-1.6977506,"FungalRV, SignalP, PredGPI","Fe_hyd_lg_C (95-420)","Fe_hyd_lg_C","WDR55 (0.14)",0.147,0.147,687.82,"GFLIYT, IIAAA, IVTML, YAYQYVTAV",4,0
"578","O13800","RDL1_SCHPO",-1.7028203,"FungalRV, SignalP, PredGPI",NA,NA,NA,0.17,0.3,2056.27,"LAVYLSTSLVYI, NLMLYWIL, QLFLLL",3,0
"579","74692247","sp",-1.7071821,"FungalRV, SignalP, PredGPI",NA,NA,NA,0.099,0.099,1849.06,NA,0,0
"580","Q9P7Y3","PKR1_SCHPO",-1.7089817,"FungalRV, SignalP, PredGPI","Pkr1 (1-73), FAM176 (29-132), TraG_N (18-118)","Pkr1, FAM176, TraG_N","Ctr (0.017), TMEM62_C (0.025), NADH5_C (0.032), DUF4834 (0.037), Kei1 (0.094), DUF4131 (1.3)",0.189,0.28,2807.25,"LILFFLAICLWLSLTWFLV, VACGALVAVFLGLYI",2,0
"581","626927","pir",-1.7103834,"FungalRV, SignalP","Peptidase_S24 (16-131), Peptidase_S26 (7-87)","Peptidase_S24, Peptidase_S26","Rep_fac-A_3 (0.14), DUF4761 (0.17)",0.084,0.084,3289.34,"FALLGMLGLSALL, ILFLW, IVGTV, IVVVLS, LGYITIWIS, LLNVCFLFASAYMFWQGLAIA",6,0
"582","14588899","emb",-1.7111964,"FungalRV, SignalP, PredGPI","PALP (1-317)","PALP","Asparaginase_C (0.015)",0.131,0.131,1038.67,"IVIIIAC, LGTAVI, QVIVSGAYW",3,0
"583","Q05785","ENT2_YEAST",-1.7142747,"FungalRV, SignalP, PredGPI","ENTH (16-139)","ENTH",NA,0.109,0.26,369.73,"CVLWC, LVSLL, NFYVI, SLTVLDYLVRF",4,0.217
"584","O74423","ENT1_SCHPO",-1.7264314,"FungalRV, SignalP, PredGPI","ENTH (19-142), DUF1720 (284-356), DUF1720 (469-533), DUF1720 (513-593), DUF3432 (306-378), DUF3432 (399-453), ANTH (21-170), UIM (260-274)","ENTH, DUF1720, DUF3432, ANTH, UIM","VHS (0.048), UIM_2 (0.32), Prion_octapep (1)",0.14,0.26,831.94,"FSALAYNL, NIYIITTLREFVYV",2,0.302
"585","1071980","pir",-1.7347972,"FungalRV, SignalP, PredGPI","Ribosomal_S25 (4-104), FtsK_gamma (42-105)","Ribosomal_S25, FtsK_gamma","HTH_CodY (0.04), EAP30 (0.055)",0.111,0.111,632.7,"YVSVSVLV",1,0
"586","539367","pir",-1.736835,"FungalRV, SignalP, PredGPI","Sdh_cyt (71-195)","Sdh_cyt",NA,0.177,0.177,3896.17,"FAYLFAIHY, ISLVLMGLGFYLFTILFGVS, LTWYLS, TGYALIGFTAVLGTYLLT",4,0
"587","P40509","COPE_YEAST",-1.73803,"FungalRV, SignalP, PredGPI","Coatomer_E (2-293), ARM_TT21_N (3-50), ARM_TT21_N (70-231)","Coatomer_E, ARM_TT21_N","TPR_2 (0.036), TPR_19 (0.038), TPR_17 (0.068), ANAPC3 (0.26), HJURP_C (0.31), TPR_1 (0.31), TPR_14 (0.55)",0.132,0.22,1164.25,"ITLALM, KVLDLYVQFL, LLLLAI, LYLLATAQAIL, TLLFY",5,0
"588","83014","pir",-1.7381772,"FungalRV, SignalP, PredGPI","XRN_M (313-500), XRN_M (483-877), XRN_N (1-254)","XRN_M, XRN_N",NA,0.101,0.101,4868.03,"AFFYFA, FLWLHINVL, ILLDIWKVVLP, LIFLGLAT, LLTAV, LQVII, MLLAVF, MVKCYIEGVAWVLMYYY, TTLIL, VLLIS, VLVMAV, WVFMCFFC",12,0
"589","456945","gb",-1.7452278,"FungalRV, SignalP, PredGPI","TPR_2 (8-40), TPR_2 (41-64), TPR_2 (75-107), TPR_2 (109-142), TPR_17 (29-62), TPR_17 (97-130), TPR_19 (18-60), TPR_19 (92-175), TPR_9 (47-115), TPR_9 (83-135), TPR_9 (117-166), TPR_16 (11-74), TPR_16 (82-143), TPR_16 (113-169), ARM_TT21_5th (6-75), ARM_TT21_5th (79-169), TPR_11 (15-55), TPR_11 (117-155), TPR_12 (118-173), TPR_1 (78-107), TPR_14 (5-50), TPR_14 (109-152), TPR_8 (110-142), TPR_CcmH_CycH (4-76), TPR_CcmH_CycH (69-173), TPR_6 (110-136), Alkyl_sulf_dimr (5-74)","TPR_2, TPR_17, TPR_19, TPR_9, TPR_16, ARM_TT21_5th, TPR_11, TPR_12, TPR_1, TPR_14, TPR_8, TPR_CcmH_CycH, TPR_6, Alkyl_sulf_dimr","TPR_15 (0.016), ANAPC3 (0.033), TPR_BSK1_C (0.047), TPR_MalT (0.077), DUF7017 (0.15), TPR_10 (1.3)",0.062,0.062,1773.47,"LAILYV, SWFLAAYL, WEFWKIVAILSA",3,0
"590","74610965","sp",-1.7463715,"FungalRV, SignalP, PredGPI","Med3 (13-481)","Med3","FAM60A (9.7)",0.133,0.133,87.65,NA,0,0.064
"591","P40994","ARF3_YEAST",-1.7504944,"FungalRV, SignalP, PredGPI","Arf (5-178), Roc (19-129), G-alpha (3-45), G-alpha (39-153), SRPRB (15-152), Ras (19-154), Gtr1_RagA (19-153), MMR_HSR1 (19-127)","Arf, Roc, G-alpha, SRPRB, Ras, Gtr1_RagA, MMR_HSR1","6PF2K (0.14)",0.12,0.18,1444.03,"ATTALIFVI, ILMLGL, VVLLVWA",3,0
"592","798900","emb",-1.753317,"FungalRV, SignalP, PredGPI","URO-D (7-359)","URO-D",NA,0.075,0.075,942.45,"AAIIF, MIVFA, VVAGAQILQVF, WTLMVYMT, YIVNF",5,0
"593","P22804","BET1_YEAST",-1.7536937,"FungalRV, SignalP, PredGPI","Use1 (7-141)","Use1","HTH_8 (0.08), YbfN (0.25), Sec20 (0.3)",0.197,0.28,1729.1,"TWLIIFFMVGVLFFWVWI",1,0
"594","83445","pir",-1.7713356,"FungalRV, SignalP, PredGPI","DEAD_2 (71-257), HBB (270-415), HBB (428-491), Helicase_C_2 (526-700), DEAD (22-112), DEAD (183-258), ResIII (15-117), ResIII (166-253)","DEAD_2, HBB, Helicase_C_2, DEAD, ResIII","AAA_22 (0.14), DUF5667 (0.14), nSTAND_NTPase5 (0.16)",0.123,0.123,4494.02,"AILLSVA, FLLII, FSSVIITS, FVSFL, GMVVFFP, GVMVLA, IATFATLIST, LSLLV, MISLCNIIIYSYHYLL, SIVIF, TVLMI, TVSLLSLTIAY, VLHVI",13,0
"595","558262","emb",-1.7723396,"FungalRV, SignalP, PredGPI","SPX (1-53), SPX (82-140)","SPX",NA,0.118,0.118,259.18,"VNLFVSL",1,0
"596","1403562","emb",-1.772584,"FungalRV, SignalP, PredGPI","ABC_membrane_2 (194-467), ABC_tran (630-777), SMC_N (626-660), SMC_N (694-826), AAA_23 (618-696)","ABC_membrane_2, ABC_tran, SMC_N, AAA_23","AAA_16 (0.25)",0.12,0.12,8050.5,"IFTLLSVL, ILLVSLFLSGVTLFSGVT, IVMSTLAT, LGCWFLIAV, LVQILVEVKL, LYVVL, NFLLLTAQIFFLVM, SLLIL, TVGVAGIFVNYFITGFIL, VGLTYL, VIDLIFFSVYLR, WLSLFVA, YLFNLL, YTWSGLGYVFA",14,0.017
"597","O94183","NPC2_ASPOR",-1.7732581,"FungalRV, PredGPI","E1_DerP2_DerF2 (44-169), TRP_N (43-167)","E1_DerP2_DerF2, TRP_N","CopC (0.062), NAR2 (0.14), Alph_Pro_TM (0.2), DUF1091 (0.24), RbmA-like_FnIII (0.29)",0.131,0.2,1944.23,"AYVLLEVKYGLITLV, FLSTAAALLVCL",2,0
"598","101298","pir",-1.7826499,"FungalRV, SignalP, PredGPI","RNA_pol_Rpb8 (7-146), RNA_pol_RpbG (6-73), RNA_pol_RpbG (86-146)","RNA_pol_Rpb8, RNA_pol_RpbG",NA,0.144,0.144,1347.28,"AYLLI, LIAVYYSFGGLLM, LTVTIA, YVMYGTAY",4,0
"599","Q9P7G3","YK45_SCHPO",-1.7826587,"FungalRV, SignalP","Tmemb_14 (6-96)","Tmemb_14",NA,0.158,0.18,2554.73,"ALVLSFLLTVGGLIGYL, MILTVLGVISTWYFY",2,0
"600","P47064","AP3S_YEAST",-1.7953921,"FungalRV, SignalP, PredGPI","Clat_adaptor_s (1-160)","Clat_adaptor_s","TLN1-like_RS (0.11)",0.134,0.18,1438.87,"IHAVLIF, IVASV, YATLYFTFIV",3,0
"601","1907135","emb",-1.7979995,"FungalRV, SignalP, PredGPI","ACT_AHAS_ss (80-147), ALS_ss_C (215-281), ACT (78-144), ACT_5 (86-148)","ACT_AHAS_ss, ALS_ss_C, ACT, ACT_5","KOW5_SPT5 (0.15)",0.165,0.165,354.87,"MTIVL, VSSII, VYAVL",3,0
"602","189028943","sp",-1.8072529,"FungalRV, SignalP, PredGPI","LisH (61-87)","LisH","FtsJ (0.14)",0.16,0.16,588.39,NA,0,0.243
"603","A7TIN6","MSS11_VANPO",-1.8072529,"FungalRV, SignalP, PredGPI","LisH (61-87)","LisH","FtsJ (0.14)",0.16,0.42,588.39,"FNIMV, LLYAHIYNYLL",2,0.243
"604","2118114","pir",-1.8143406,"FungalRV, SignalP, PredGPI","AAA_2 (203-327), AAA_2 (605-769), AAA_lid_9 (344-451), ClpB_D2-small (775-857), AAA (208-341), AAA (610-744), Clp_N (18-48), Clp_N (99-149), AAA_5 (207-343), AAA_5 (609-749), Sigma54_activat (186-332), Sigma54_activat (581-740), AAA_16 (185-313), AAA_22 (202-324), AAA_22 (605-716), TniB (190-345), TIP49 (165-255), TIP49 (556-652), AAA_24 (606-717), AAA_7 (191-304), Mg_chelatase (576-660), Zeta_toxin (593-665), nSTAND3 (195-247), NACHT (207-253), AAA_3 (610-736), Torsin (559-643), ATPase_2 (187-308)","AAA_2, AAA_lid_9, ClpB_D2-small, AAA, Clp_N, AAA_5, Sigma54_activat, AAA_16, AAA_22, TniB, TIP49, AAA_24, AAA_7, Mg_chelatase, Zeta_toxin, nSTAND3, NACHT, AAA_3, Torsin, ATPase_2","nSTAND6 (0.012), AAA_19 (0.018), AAA_33 (0.03), PEPCK_ATP (0.049), TsaE (0.06), Roc (0.067), RNA_helicase (0.2), ABC_tran (0.66), AAA_18 (1.3)",0.1,0.1,4434.34,"ALTILTLA, ASFLFLGLS, CIVIMTS, IHILAAFI, ILFALF, ISSIVIFN, TLIVLFI, TVNVVL, VAGFLFN, VLTVMLQ, YSVLLF",11,0
"605","457164","dbj",-1.8201922,"FungalRV, SignalP, PredGPI","Ribosomal_S3_C (105-188), KH_2 (20-96)","Ribosomal_S3_C, KH_2",NA,0.092,0.092,824.42,"AVTII, LTLLV, TIVLYA",3,0
"606","68008","pir",-1.8275428,"FungalRV, SignalP, PredGPI","OMPdecase (30-251)","OMPdecase","DUF2508 (0.25)",0.109,0.109,1438.11,"FVIGFIAQ, IIIVG, LFNIM, LLMLA, YNFLLF",5,0
"607","2144430","pir",-1.8278846,"FungalRV, SignalP, PredGPI","Thymidylate_kin (10-196), AAA_18 (8-111)","Thymidylate_kin, AAA_18","KTI12 (0.025), DUF7020 (0.03), HMW1C_N (0.036), 6PF2K (0.064)",0.111,0.111,545.58,"ALIWQIV, IHLLF, LTLFLS, YVYSGVAY",4,0
"608","74675927","sp",-1.8297375,"FungalRV, SignalP, PredGPI","TPR_1 (83-116), TPR_1 (117-150), TPR_1 (151-184), SGTA_dimer (2-63), TPR_2 (83-116), TPR_2 (117-150), TPR_2 (151-184), TPR_8 (89-116), TPR_8 (118-150), TPR_8 (151-184), TPR_17 (105-138), TPR_17 (140-171), TPR_11 (90-131), TPR_11 (125-165), TPR_11 (158-186), TPR_19 (93-138), TPR_19 (142-194), TPR_12 (55-115), TPR_12 (116-183), TPR_9 (90-145), TPR_9 (140-195), TPR_14 (90-126), TPR_14 (119-160), TPR_14 (151-194), TPR_16 (58-117), TPR_16 (122-185), TPR_BSK1_C (62-155), TPR_CcmH_CycH (140-210), TPR_6 (89-116), TPR_10 (118-146), TPR_7 (94-118), SHNi-TPR (94-112), NatA_aux_su (60-151)","TPR_1, SGTA_dimer, TPR_2, TPR_8, TPR_17, TPR_11, TPR_19, TPR_12, TPR_9, TPR_14, TPR_16, TPR_BSK1_C, TPR_CcmH_CycH, TPR_6, TPR_10, TPR_7, SHNi-TPR, NatA_aux_su","TPR_15 (0.026), BTAD (0.03), TPR-S (0.036), DUF4404 (0.056), TPR_leprecan (0.092), Caskin-tail (0.094), Alkyl_sulf_dimr (0.14), Wzy_C_2 (0.15), TPR_4 (0.22), MIT (2.7)",0.104,0.104,393.99,NA,0,0.05
"609","O13797","SGT2_SCHPO",-1.8297375,"FungalRV, SignalP, PredGPI","TPR_1 (83-116), TPR_1 (117-150), TPR_1 (151-184), SGTA_dimer (2-63), TPR_2 (83-116), TPR_2 (117-150), TPR_2 (151-184), TPR_8 (89-116), TPR_8 (118-150), TPR_8 (151-184), TPR_17 (105-138), TPR_17 (140-171), TPR_11 (90-131), TPR_11 (125-165), TPR_11 (158-186), TPR_19 (93-138), TPR_19 (142-194), TPR_12 (55-115), TPR_12 (116-183), TPR_9 (90-145), TPR_9 (140-195), TPR_14 (90-126), TPR_14 (119-160), TPR_14 (151-194), TPR_16 (58-117), TPR_16 (122-185), TPR_BSK1_C (62-155), TPR_CcmH_CycH (140-210), TPR_6 (89-116), TPR_10 (118-146), TPR_7 (94-118), SHNi-TPR (94-112), NatA_aux_su (60-151)","TPR_1, SGTA_dimer, TPR_2, TPR_8, TPR_17, TPR_11, TPR_19, TPR_12, TPR_9, TPR_14, TPR_16, TPR_BSK1_C, TPR_CcmH_CycH, TPR_6, TPR_10, TPR_7, SHNi-TPR, NatA_aux_su","TPR_15 (0.026), BTAD (0.03), TPR-S (0.036), DUF4404 (0.056), TPR_leprecan (0.092), Caskin-tail (0.094), Alkyl_sulf_dimr (0.14), Wzy_C_2 (0.15), TPR_4 (0.22), MIT (2.7)",0.104,0.18,393.99,"LVAAF, VTAAII",2,0.05
"610","1078339","pir",-1.8343888,"FungalRV, SignalP, PredGPI","Ribosomal_S28e (5-66)","Ribosomal_S28e",NA,0.149,0.149,194.31,"ILVLM",1,0
"611","1403547","emb",-1.8421116,"FungalRV, SignalP, PredGPI","STIMATE (93-226)","STIMATE","DUF2208 (0.074), TssO (7)",0.114,0.114,5487.17,"FQVFLVMFVFP, ILWLCLYII, LAYWFA, LFAITA, LLIFIVGLGVMKFCVFLILNYL, MIVWSY, VSLFVQTLMGMTAVIVLLV, WYFLNLLL",8,0
"612","320697","pir",-1.8432317,"FungalRV, SignalP, PredGPI","Ribosomal_L29 (7-61)","Ribosomal_L29","MRP-L47 (0.18), FAM167 (0.26)",0.1,0.1,743.75,"IACVLTVI",1,0
"613","Q9P7Q0","YLY5_SCHPO",-1.8630554,"FungalRV, SignalP, PredGPI","GDT1 (28-102), GDT1 (180-254), Mntp (49-132), Mntp (200-258)","GDT1, Mntp","Lzipper-MIP1 (0.071), Reticulon (7.8)",0.137,0.2,7644.7,"AFIKAFALIFVSEL, IATIVMSA, ILGGTLFLIFGV, SFIVTALLAYQ, SISMII, VFFGSYLALFFMTSFAVLV, VFIGVNIGHMLCTMVAVIV, VLFFGGIVFMIFGILYIF",8,0
"614","P69852","HSK3_YEAST",-1.8767054,"FungalRV, SignalP, PredGPI","DASH_Hsk3 (6-52)","DASH_Hsk3","Phage_scaffold (0.02), TolA_bind_tri (0.03), DUF5798 (0.074), Spectrin_SYNE1_2 (0.097), IFP_35_N (0.14), DASH_Spc34 (0.21), Nlig-Ia (0.23)",0.101,0.12,807.37,"SWLIGSYIYYM",1,0
"615","Q6CHP1","MKAR_YARLI",-1.8819863,"FungalRV, SignalP, PredGPI","adh_short (77-284), adh_short_C2 (83-305), KR (77-167), KR (178-259), Polysacc_synt_2 (79-213)","adh_short, adh_short_C2, KR, Polysacc_synt_2",NA,0.147,0.26,3788.02,"ALLHWWIAQTVGVF, AWAVVTG, FNVFLIS, FVTATL, IIAIN, LILTM, LSIIAVFLLAIGLFHVALKVVSYVAVLLDVFV, LVVSYLVTSAM, SVSILI",9,0
"616","7493888","pir",-1.8902014,"FungalRV, SignalP, PredGPI","CHCH (30-64), Cmc1 (18-83)","CHCH, Cmc1",NA,0.116,0.116,67.99,"LVLMSNL",1,0
"617","Q5K9Y1","CHS7_CRYNE",-1.898862,"FungalRV, SignalP, PredGPI","Chs7 (8-287)","Chs7",NA,0.111,0.26,10264.29,"AALVV, ATCILHIAALVMATIMLLHV, CVCVLIYFISQMLLVV, GVFFSTLAFLFAVMMVY, ISSLVVGAVCF, IVLFFYMYIWV, LLFMAGFYIAGVLLLVTFSVTI, MSLWFL, TVGLFITYLV, WFAAIYAGSVGALYWCLLLNGFVGF",10,0
"618","2133095","pir",-1.9055593,"FungalRV, SignalP, PredGPI","Ribosomal_L36 (56-93)","Ribosomal_L36","Crust_neurohorm (0.073)",0.129,0.129,41.84,NA,0,0
"619","6323759","ref",-1.9176663,"FungalRV, SignalP, PredGPI","Med11 (23-125), Baculo_PEP_C (22-124)","Med11, Baculo_PEP_C","Tup_N (0.043), zf-CCCH_6 (0.061), Bacillus_HBL (0.12), DUF4015 (0.15), DUF1664 (0.2), DASH_Dad3 (0.22), DUF2564 (0.26), Fzo_mitofusin (0.64), FapA (0.75)",0.137,0.137,442.11,"VTFIFG",1,0
"620","O59707","YN4A_SCHPO",-1.9442562,"FungalRV, SignalP, PredGPI","PRELI (15-170)","PRELI","IP_trans (0.043)",0.147,0.24,97.17,"LTLLT",1,0
"621","6323180","ref",-1.9450597,"FungalRV, SignalP, PredGPI","NUDIX (37-202)","NUDIX","Nudt16-like (0.027), CBM30 (0.2)",0.097,0.097,1335.88,"AVIILLFIG, LWGLTCKILFDVSCI, MVCFLY",3,0
"622","558247","emb",-1.9581989,"FungalRV, SignalP, PredGPI","ATPase (18-186), Rad51 (16-198)","ATPase, Rad51","ATPase_2 (0.031), DnaB_C (0.06), AAA_25 (0.31)",0.143,0.143,2249.29,"IAIVFNL, KLVIID, LILIFTVMT, LVANI, QLLYFFQNLF, STIIVLN, YIVKFDF",7,0
"623","P52871","SC6B2_YEAST",-1.9613324,"FungalRV, SignalP, PredGPI","Sec61_beta (42-82)","Sec61_beta",NA,0.182,0.24,1629.66,"SLVVLFLSVGFIFSVIAL",1,0
"624","279647","pir",-1.9623698,"FungalRV, SignalP, PredGPI","Ribosomal_L30_N (8-79), Ribosomal_L30 (84-134)","Ribosomal_L30_N, Ribosomal_L30","Trans_reg_dom (0.8), DUF724 (3.8)",0.086,0.086,521.02,"LVFVV",1,0
"625","626885","pir",-1.9629317,"FungalRV, SignalP, PredGPI","Ribosomal_L32e (14-121)","Ribosomal_L32e",NA,0.123,0.123,442.74,"TFLVANV, VVILA",2,0
"626","456148","gb",-1.969116,"FungalRV, SignalP, PredGPI",NA,NA,NA,0.189,0.189,93.16,"ILTLQV",1,0
"627","71156","pir",-1.97248,"FungalRV, SignalP, PredGPI","Ribosomal_60s (17-109)","Ribosomal_60s","TrmB (0.013), MCM_C (0.045), PheRS_DBD2 (0.11), DUF6414 (0.22)",0.091,0.091,756.37,"YLAAYLLLV",1,0
"628","320696","pir",-1.9832678,"FungalRV, SignalP, PredGPI","MRP-L28 (1-143)","MRP-L28","Arteri_GP4 (0.12)",0.143,0.143,198.93,"VSGTTVFI",1,0
"629","1420665","emb",-1.9855635,"FungalRV, SignalP, PredGPI","RGS (164-255)","RGS","HAT_PRP39_N (0.23)",0.131,0.131,5699.98,"FGLLWLGIGFWIGYVLIFLAY, FTLGCYCIV, IVYSWFGVT, LTYQFL, LWCLLLVVGATAAFTVIF, LWTFYTFLS, MILAVF, VALIV",8,0
"630","456141","gb",-2.0249742,"FungalRV, SignalP, PredGPI","Ank_2 (20-129), Ank_2 (56-150), Ank_2 (165-239), Ank (96-129), Ank (196-228), Ank_4 (56-117), Ank_4 (170-217), Ank_4 (201-231), Ank_3 (96-126), Ank_3 (196-224), Ank_5 (84-133), Ank_5 (186-231)","Ank_2, Ank, Ank_4, Ank_3, Ank_5","TPR_WDR11 (0.042)",0.129,0.129,696.76,"IVAFLL, VIKEIV, VLHLMLHYAV",3,0
"631","1724030","sp",-2.0341848,"FungalRV, SignalP, PredGPI","Yip1 (89-246)","Yip1",NA,0.149,0.149,4036.18,NA,0,0
"632","P53039","YIP1_YEAST",-2.0341848,"FungalRV, SignalP, PredGPI","Yip1 (89-246)","Yip1",NA,0.149,0.22,5286.91,"FGYIYGVALFGTISL, LCFLSLLGIF, LIFFLLFGLFLLMA, LLIFYSVFALMVIF, TASILGYCF, TGYVVSVLFVIWSTWT",6,0
"633","231767","sp",-2.0390669,"FungalRV, SignalP, PredGPI","Chitin_synth_1 (1-159)","Chitin_synth_1",NA,0.101,0.101,1392.26,NA,0,0
"634","Q9P794","RU1C_SCHPO",-2.0441727,"FungalRV, SignalP, PredGPI","zf-U1 (1-38)","zf-U1",NA,0.132,0.28,33.95,NA,0,0.148
"635","1077206","pir",-2.0638236,"FungalRV, SignalP, PredGPI","Ribosomal_L13 (3-110)","Ribosomal_L13","MSP7_C (0.14)",0.111,0.111,60.26,"PVVVI",1,0
"636","1071988","pir",-2.0638807,"FungalRV, SignalP, PredGPI","Ribosomal_L17 (19-127), Mrpl_C (129-238)","Ribosomal_L17, Mrpl_C",NA,0.134,0.134,148.04,"MWLLV",1,0
"637","473136","emb",-2.0734019,"FungalRV, SignalP, PredGPI","FoP_duplication (138-203), RRM_1 (66-132), RRM_PARP14_3 (63-140)","FoP_duplication, RRM_1, RRM_PARP14_3",NA,0.108,0.108,6.25,NA,0,0
"638","603324","gb",-2.0868382,"FungalRV, SignalP, PredGPI","PALP (72-368), Thr_dehydrat_C (383-480), Thr_dehydrat_C (485-574), TTHA0829-like_ACT (392-430)","PALP, Thr_dehydrat_C, TTHA0829-like_ACT","Ala_racemase_C (0.14)",0.122,0.122,1521.76,"AYIYTSFSVV, LIAGI, QVVLYG, VFMLVT",4,0
"639","1078342","pir",-2.0982552,"FungalRV, SignalP, PredGPI","Ribosomal_L28 (70-129)","Ribosomal_L28",NA,0.105,0.105,41.85,"KFVELF",1,0
"640","1778061","gb",-2.1127029,"FungalRV, SignalP, PredGPI","MAT1 (63-260), zf-C3HC4_5 (10-60), zf-C3HC4_2 (12-56), zf-C3HC4 (13-56), zf-RING_2 (11-59), Perilipin (84-252), zf-RING_5 (12-61)","MAT1, zf-C3HC4_5, zf-C3HC4_2, zf-C3HC4, zf-RING_2, Perilipin, zf-RING_5","TRAF3_RING (0.011), zf-RING_UBOX (0.012), zf-C3HC4_3 (0.017), zf-RING_4 (0.018), zf-RING_16 (0.021), Flavi_NS1 (0.22), Exonuc_VII_L (0.52), DUF948 (0.81), FliS (0.95), EFL1 (1.9), Prok-RING_4 (4.7), Com_YlbF (6.1), DUF3797 (6.8), FlpD (9.9)",0.089,0.089,30.26,NA,0,0
"641","558260","emb",-2.251365,"FungalRV, SignalP, PredGPI","Nop52 (1-277), TAN (3-54)","Nop52, TAN","INTS1_INTS2-bd (0.12), KaiA (4.3), iSTAND (5.5), Vpu (6.2)",0.097,0.097,1980.7,"FWKVMCFEWFNI, GLYYAMWFS, VIAIF, YLLLI",4,0
"642","Q6CRX0","BOS1_KLULA",-2.3365502,"FungalRV, SignalP, PredGPI","V-SNARE_C (157-222), Sec20 (163-246)","V-SNARE_C, Sec20","SYNE3 (0.03), Lebercilin (0.086), STX6_10_61_N (0.34), Spectrin_3 (0.37), TPR_ANAPC2 (0.49), Sec10_N (0.86), KxDL (1.8), Cor1 (5), Sigma70_ner (7.5), Ax_dynein_light (9.2)",0.117,0.2,2291.06,"AIATTLVSF, LIFYIGLLLLILGIYFVL",2,0.06
"643","1084846","pir",-2.3433634,"FungalRV, SignalP, PredGPI","Ribosomal_L31e (6-87)","Ribosomal_L31e",NA,0.071,0.071,278.17,"LFSYV, LQTVVV, VLVASA",3,0
"644","626909","pir",-2.3726389,"FungalRV, SignalP, PredGPI","Ribosomal_L37 (25-104)","Ribosomal_L37",NA,0.133,0.133,152.32,"WLWSVL",1,0
"645","1256898","gb",-2.3944689,"FungalRV, SignalP, PredGPI",NA,NA,NA,0.135,0.135,857.49,"ILGYY, IVLTL, TFFWCLS, TLLWCTALA, WVAIY",5,0
"646","Q6BVA7","SAR1_DEBHA",-2.39705,"FungalRV, SignalP, PredGPI","Arf (7-190), G-alpha (15-43), G-alpha (40-144), SRPRB (18-150), Ras (22-157), Roc (22-132), MMR_HSR1 (22-130), Gtr1_RagA (22-171)","Arf, G-alpha, SRPRB, Ras, Roc, MMR_HSR1, Gtr1_RagA","GTP_EFTU (0.038)",0.111,0.18,1859.2,"FLILG, GIVFLV, LLFLGL, VFMVSVVM, VLASLGLW",5,0
"647","558244","emb",-2.3986311,"FungalRV, SignalP, PredGPI",NA,NA,"ACP53EA (0.037)",0.124,0.124,1036.16,"LYLLLARVFEI",1,0.154
"648","P38374","YSY6_YEAST",-2.4489343,"FungalRV, SignalP","RAMP4 (3-64)","RAMP4","DUF3649 (0.24)",0.092,0.1,1113.08,"TWLGILLFLLVGGGVLQLISYI",1,0
"649","O14183","MU114_SCHPO",-2.5131149,"FungalRV, SignalP, PredGPI",NA,NA,NA,0.113,0.16,810.05,"TALLYFV, WMQISLIL",2,0
"650","456135","gb",-2.7225559,"FungalRV, SignalP, PredGPI",NA,NA,NA,0.115,0.115,315.53,"FCVLHIC, YFSFL",2,0
"651","1077573","pir",-2.9918252,"FungalRV, SignalP, PredGPI","Ribosomal_L34 (62-105)","Ribosomal_L34",NA,0.2,0.2,49.34,NA,0,0
